{"source": "user", "pair_id": 28, "item1": {"segmentation": [[101.45935111262088, 151.95135043315778, 163.29050450144393, 161.4638355698998, 229.4022762018009, 163.3663325972482, 287.4284355359272, 161.93945982673688, 326.90524885340653, 161.4638355698998, 349.5642857142867, 159.78015873015875, 377.98055596848513, 176.99111045042324, 392.6198412698425, 215.33571428571457, 403.0365079365092, 253.5301587301592, 405.1198412698425, 275.7523809523815, 407.20317460317585, 292.41904761904823, 419.70317460317597, 300.7523809523816, 421.18749505342305, 306.44178868223185, 406.78306292045903, 321.4002374356945, 396.81076375148393, 330.81851998417096, 385.45342303126233, 338.020736050653, 380.19026513652545, 337.7437277404037, 363.8467748318163, 343.8379105658885, 359.41464186782736, 338.2977443609023, 356.36755045508494, 330.26450336367236, 356.09054214483564, 325.27835377918484, 350.8273842500988, 323.3392956074397, 351.935417491096, 345.22295211713504, 351.6584091808467, 371.8157499010686, 351.49738012852185, 424.6572417202178, 351.9579009959861, 444.3166939200242, 349.4605024528019, 463.0471829939056, 350.2929686338633, 472.204310985581, 350.2635536208944, 507.10629204590424, 346.3854372774041, 519.2946576968737, 341.9533043134152, 525.6658488326078, 345.27740403640684, 534.2531064503364, 348.32449544914925, 542.840364068065, 354.41867827463403, 558.6298377522755, 322.2857142857143, 576.6857142857143, 270.8571428571429, 597.9428571428572, 235.20000000000002, 610.9714285714286, 189.25714285714287, 619.2, 158.4, 618.5142857142857, 144.0, 595.8857142857144, 137.82857142857142, 553.3714285714286, 137.99192718638707, 539.643213296399, 130.23569449940643, 518.3135734072023, 124.69552829442028, 497.5379501385042, 121.6484368816779, 480.9174515235457, 116.66228729719035, 476.4853185595568, 115.2772457459438, 439.9202216066481, 112.50716264345071, 436.3191135734071, 112.78417095370003, 410.2803324099721, 111.80352733686065, 393.64444444444416, 107.7911816578483, 379.138271604938, 104.18392857142852, 357.4031249999996, 101.37142857142851, 336.08888888888833, 99.25811504185798, 318.55684580070215, 92.45282203618687, 323.28274372130704, 94.34318120442884, 328.1976775587362, 93.77607345395626, 337.27140156629764, 90.7514987847691, 343.69862273832035, 88.48306778287873, 351.44909532811243, 85.45849311369159, 356.3640291655415, 79.78741560896567, 357.3092087496625, 72.41501485282198, 355.60788549824474, 62.86077097505663, 351.59183673469397, 56.119770827463064, 348.0777683854608, 51.76225749559073, 344.5749559082893, 45.89805996472652, 338.40211640211646, 37.68548250019314, 332.87305879626047, 37.68548250019314, 326.1667310515336, 40.930479796028735, 317.29707177624965, 40.06514718380591, 301.5047516031831, 42.661145020474386, 284.4144325117823, 43.95914393880862, 274.4631074712198, 48.025308947108265, 237.63519525457207, 51.8315373208107, 219.6421156697969, 56.81269841269846, 196.50793650793594, 75.43546933176577, 175.64099549284657, 89.15289045659436, 160.82618067803168]], "scale": 3, "viewpoint": 1, "zoom_in": 1, "landmarks": [210, 201, 2, 172, 181, 2, 167, 210, 2, 154, 248, 2, 287, 232, 2, 263, 238, 2, 102, 154, 2, 56, 212, 2, 44, 289, 2, 40, 312, 2, 38, 332, 2, 85, 357, 2, 89, 346, 2, 93, 338, 2, 92, 311, 2, 97, 276, 2, 99, 309, 2, 117, 453, 2, 160, 616, 2, 244, 496, 2, 349, 558, 2, 349, 433, 2, 350, 297, 2, 327, 275, 1, 345, 317, 1, 358, 333, 2, 361, 339, 2, 363, 345, 2, 420, 308, 2, 411, 299, 2, 407, 292, 2, 380, 175, 1, 307, 165, 2, 297, 239, 2, 238, 290, 1, 241, 380, 1, 245, 495, 1, 242, 289, 2, 245, 378, 2], "style": 2, "bounding_box": [34, 149, 424, 623], "category_id": 4, "occlusion": 1, "category_name": "long sleeve outwear"}}