{"source": "user", "pair_id": 57, "item1": {"segmentation": [[147.24510035419132, 27.059504132231414, 144.55914994096818, 29.332231404958698, 138.36080283353013, 32.22479338842979, 133.40212514757968, 34.29090909090914, 129.26989374262098, 35.530578512396744, 122.86493506493501, 36.770247933884356, 117.07981109799283, 37.18347107438023, 109.64179456906717, 38.423140495867834, 104.06328217237292, 39.662809917355446, 97.86493506493488, 40.28264462809925, 92.07981109799269, 40.90247933884306, 85.26162927981085, 42.3487603305786, 78.23683589138105, 44.62148760330588, 72.5813459268008, 46.04108618654056, 67.62266824085036, 47.900590318771975, 63.697048406139594, 49.966706021251326, 57.29208972845361, 53.685714285714155, 53.15985832349491, 56.16505312868937, 48.82101534828828, 57.404722550176984, 44.06894923258577, 58.64439197166459, 39.523494687131205, 60.50389610389601, 34.97804014167664, 62.77662337662329, 31.46564344746174, 66.49563164108612, 27.12680047225511, 70.42125147579688, 21.135064935064996, 73.72703659976385, 17.002833530106294, 77.0328217237308, 13.697048406139336, 77.85926800472254, 10.532703659976436, 76.10979929161746, 7.433530106257412, 74.25029515938606, 6.813695395513607, 71.97756788665876, 3.0946871310507786, 74.04368358913811, 0.6153482880755587, 76.10979929161746, 0.0, 81.89492325855964, 0.0, 100.48996458087379, 0.0, 120.53128689492348, 2.888075560802843, 124.45690672963424, 2.888075560802843, 127.96930342384914, 3.714521841794583, 131.68831168831196, 6.400472255017737, 135.4073199527748, 8.053364817001217, 142.0188902007087, 8.673199527745021, 149.6635182998823, 11.772373081464046, 148.21723730814676, 18.17733175915003, 148.63046044864262, 23.96245572609221, 149.25029515938644, 30.78063754427406, 149.04368358913848, 36.77237308146418, 145.73789846517155, 39.2517119244394, 144.70484061393188, 42.76410861865429, 145.5312868949236, 46.689728453365056, 147.1841794569071, 48.1360094451006, 152.1428571428575, 47.10295159386093, 158.13459268004766, 45.97804014167651, 167.4103896103893, 45.97804014167651, 178.5674144037778, 45.97804014167651, 189.93105076741423, 45.15159386068477, 199.8484061393151, 44.32514757969303, 211.0054309327036, 43.498701298701285, 220.71617473435654, 43.08547815820542, 231.25336481700123, 42.672255017709546, 244.68311688311698, 41.43258559622194, 257.493034238489, 41.01936245572607, 268.8566706021254, 40.25320010802046, 283.83559276262486, 39.19126328217237, 293.7402597402597, 38.98465171192444, 305.7237308146399, 37.33175914994096, 316.2609208972846, 35.499173553719025, 328.395041322314, 33.433057851239674, 339.3454545454546, 29.300826446280976, 351.94876033057864, 27.02809917355369, 361.03966942148776, 23.174262101534865, 372.7922077922076, 21.727981109799323, 381.46989374262085, 19.455253837072036, 389.52774498229036, 16.14946871310508, 397.5855962219598, 14.289964580873663, 407.29634002361274, 12.637072018890184, 419.4864226682409, 18.24698937426215, 422.27131050767406, 25.478394332939875, 423.5109799291617, 36.8420306965763, 424.9572609208972, 47.17260920897304, 426.1969303423848, 54.40401416765077, 428.05643447461625, 62.46186540732023, 428.26304604486415, 70.72632821723764, 430.53577331759146, 79.61062573789883, 430.74238488783936, 89.73459268004765, 431.77544273907904, 104.82455726092078, 431.3936245572609, 117.42786304604482, 431.8068476977568, 129.82455726092093, 432.01345926800474, 144.28736717827636, 431.3936245572609, 156.27083825265657, 430.7737898465171, 169.49397874852443, 430.15395513577334, 183.33695395513607, 429.74073199527743, 207.57851239669398, 428.87839433293976, 217.90909090909074, 428.6717827626918, 220.59504132231388, 430.73789846517116, 228.03305785123953, 429.4982290436836, 239.80991735537185, 429.2916174734356, 253.44628099173553, 428.4651711924439, 268.6817001180638, 428.0384887839433, 282.3180637544275, 427.62526564344745, 289.9626918536011, 428.45171192443917, 290.16930342384904, 426.17898465171186, 289.9626918536011, 419.56741440377795, 289.1520661157025, 410.68736717827636, 286.8793388429752, 402.42290436835896, 283.9867768595041, 394.77827626918537, 281.92066115702477, 390.2328217237308, 281.5074380165289, 384.2410861865407, 280.47438016528923, 377.21629279811094, 283.57355371900826, 373.29067296340014, 284.81322314049584, 364.406375442739, 285.6396694214876, 354.4890200708381, 285.2264462809917, 342.7121605667058, 283.3669421487603, 329.48902007083797, 283.73978748524195, 316.03636363636366, 284.5662337662337, 305.08595041322315, 284.15301062573786, 296.2016528925619, 284.15301062573786, 288.55702479338834, 284.7728453364816, 280.08595041322303, 286.6323494687131, 272.4413223140494, 289.1116883116883, 266.03636363636343, 290.5579693034238, 260.04462809917334, 290.5579693034238, 255.29256198347082, 289.7652892561983, 248.53223140495896, 292.4512396694214, 241.50743801652916, 296.3768595041322, 235.10247933884318, 298.0297520661157, 228.90413223140513, 301.5421487603306, 221.4661157024795, 302.9884297520661, 213.82148760330588, 305.4677685950413, 206.38347107438022, 306.70743801652895, 200.39173553719013, 307.74049586776863, 196.6727272727273, 310.56576151121595, 195.02880755608032, 315.73105076741433, 196.47508854781586, 321.30956316410857, 199.161038961039, 328.74757969303425, 202.6734356552539, 337.21865407319956, 208.04533648170022, 342.7971664698938, 202.88004722550184, 345.0, 199.161038961039, 345.0, 130.15277449822872, 345.0, 123.86399055489991, 343.1296340023613, 119.93837072018916, 340.03046044864226, 117.04580873671807, 336.7246753246753, 111.8805194805197, 332.38583234946867, 104.44250295159404, 327.63376623376615, 97.21109799291631, 322.2618654073199, 89.35985832349479, 317.0965761511215, 82.12845336481706, 310.07178276269167, 76.54994096812283, 303.2536009445098, 71.1780401416765, 292.9230224321131, 65.39291617473432, 284.45194805194774, 60.021015348288024, 275.54025974025984, 52.441322314049685, 265.41629279811104, 44.59008264462816, 261.6972845336482, 42.93719008264468, 258.3914994096813, 42.52396694214881, 256.5319952774498, 43.557024793388486, 253.01959858323494, 47.06942148760338, 250.12703659976384, 49.13553719008273, 244.5485242030696, 52.234710743801756, 238.55678866587948, 54.09421487603316, 230.70554899645796, 54.71404958677697, 222.6476977567885, 54.507438016529036, 213.1435655253835, 53.47438016528936, 204.46587957497022, 53.47438016528936, 195.3475796930344, 52.75820543093258, 186.0500590318773, 50.4854781582053, 178.75796930342398, 48.32255017709573, 171.52656434474625, 45.01676505312877, 164.50177095631645, 42.95064935064942, 159.9563164108619, 39.64486422668246, 156.03069657615112, 35.306021251475826, 152.3116883116883, 30.140731995277452, 150.6587957497048, 27.868004722550168, 147.24510035419132, 27.059504132231414]], "scale": 3, "viewpoint": 1, "zoom_in": 2, "landmarks": [207, 59, 2, 146, 30, 2, 165, 67, 2, 199, 92, 2, 241, 79, 2, 260, 48, 2, 69, 49, 2, 31, 67, 2, 0, 0, 0, 11, 148, 2, 31, 149, 2, 54, 147, 2, 49, 152, 2, 43, 271, 2, 15, 420, 2, 156, 431, 2, 291, 426, 2, 283, 293, 2, 309, 198, 2, 306, 191, 2, 318, 196, 2, 326, 199, 2, 338, 207, 2, 344, 121, 2, 311, 84, 2], "style": 2, "bounding_box": [3, 24, 345, 442], "category_id": 1, "occlusion": 1, "category_name": "short sleeve top"}}