{"source": "user", "pair_id": 75, "item1": {"segmentation": [[105.10836855452274, 57.68791208791173, 96.23262890955222, 67.74708368554498, 77.29771766694844, 69.52223161453908, 60.137954353338785, 74.8476754015214, 47.12020287404869, 79.58140321217233, 35.28588334742133, 87.86542688081148, 22.268131868131242, 106.80033812341526, 0.0, 127.74167371090432, 0.0, 309.9901944209656, 10.539983093829182, 295.1972950126814, 26.51631445477611, 278.6292476754031, 35.39205409974663, 266.2032121724444, 41.30921386306031, 253.1854606931543, 50.77666948436219, 232.47540152155642, 53.73524936601903, 266.2032121724444, 53.73524936601903, 282.77125950972265, 53.73524936601903, 299.93102282333234, 57.87726120033861, 304.6647506339833, 57.87726120033861, 325.3748098055812, 54.91868131868176, 349.04344885883586, 53.14353338968766, 361.46948436179457, 30.829416737109, 422.4662721893491, 0.6519019442092429, 485.77988165680546, 2.9714285714280777, 606.2000000000028, 14.971428571428262, 614.200000000003, 51.97142857142884, 613.200000000003, 69.97142857142913, 604.2000000000028, 77.97142857142924, 593.2000000000027, 84.97142857142936, 588.2000000000025, 101.97142857142961, 576.2000000000023, 113.9714285714298, 573.2000000000023, 124.97142857142997, 579.2000000000024, 130.97142857143007, 585.2000000000025, 159.97142857143052, 579.2000000000024, 250.97142857143194, 559.2000000000021, 267.97142857143217, 553.200000000002, 285.97142857143245, 552.200000000002, 312.9714285714329, 561.2000000000021, 328.97142857143314, 564.2000000000022, 359.97142857143365, 570.2000000000023, 395.9714285714342, 565.2000000000022, 424.02704987320453, 554.2390532544375, 441.77852916314555, 531.7538461538455, 452.4294167371102, 519.9195266272181, 435.26965342350053, 454.8307692307677, 417.5181741335595, 418.1443786982229, 397.399830938293, 382.6414201183409, 385.23315696649024, 350.40282186948866, 365.78871252204567, 321.0818342151674, 353.1343915343912, 301.0201058201055, 349.43068783068753, 292.68677248677216, 341.0973544973541, 264.90899470899416, 360.23315696649007, 289.9089947089943, 371.96155202821853, 286.20529100529063, 389.8627865961199, 280.3410934744264, 412.70229276895964, 271.081834215167, 429.36895943562644, 259.0447971781299, 443.8751322751327, 251.02010582010516, 433.2345679012346, 226.23280423280477, 428.29629629629625, 210.49206349206392, 396.19753086419723, 163.26984126984132, 357.92592592592536, 120.6772486772484, 327.06172839506087, 91.35626102292717, 312.4539682539686, 76.9061728395063, 304.4292768959438, 72.58518518518527, 294.24409171075854, 67.02962962962967, 275.7255731922399, 63.63456790123458, 263.07125220458545, 59.31358024691356, 252.88606701940017, 59.004938271604914, 235.29347442680745, 57.15308641975305, 224.18236331569625, 57.15308641975305, 216.46631393298014, 57.4617283950617, 203.5033509700171, 57.4617283950617, 171.05714285714308, 63.18906525573194, 162.72380952380968, 65.34955908289245, 153.773192239859, 66.27548500881839, 148.2176366843034, 64.42363315696652, 142.97072310405645, 66.27548500881839, 135.56331569664897, 65.6582010582011, 132.4768959435625, 63.18906525573194, 125.06948853615506, 64.73227513227516, 121.98306878306862, 63.80634920634923, 117.97072310405623, 58.25079365079363, 115.81022927689573, 58.25079365079363]], "scale": 3, "viewpoint": 1, "zoom_in": 2, "landmarks": [167, 68, 2, 106, 61, 2, 124, 118, 2, 185, 130, 2, 229, 104, 2, 238, 60, 2, 49, 81, 2, 0, 0, 0, 0, 0, 0, 0, 0, 0, 36, 260, 2, 49, 208, 2, 51, 237, 2, 57, 277, 2, 61, 323, 2, 27, 429, 2, 0, 0, 0, 234, 562, 2, 449, 522, 2, 398, 387, 2, 347, 290, 2, 334, 246, 2, 322, 206, 2, 323, 189, 2, 337, 243, 2, 366, 288, 2, 443, 249, 2, 378, 146, 2, 297, 70, 2], "style": 1, "bounding_box": [0, 56, 456, 622], "category_id": 10, "occlusion": 1, "category_name": "short sleeve dress"}}