{"source": "user", "pair_id": 59, "item1": {"segmentation": [[115.83695652173918, 134.14130434782626, 117.08695652173917, 139.64130434782624, 117.83695652173917, 142.1413043478262, 118.58695652173915, 146.64130434782615, 119.58695652173915, 150.89130434782612, 120.08695652173914, 155.39130434782606, 119.83695652173914, 160.14130434782604, 119.83695652173914, 165.89130434782598, 119.83695652173914, 171.89130434782592, 120.08695652173914, 179.64130434782584, 121.33695652173913, 183.8913043478258, 121.58695652173913, 190.39130434782575, 121.33695652173913, 194.64130434782572, 120.58695652173914, 199.39130434782567, 120.58695652173914, 202.64130434782564, 120.58695652173914, 208.14130434782558, 120.33695652173914, 212.64130434782555, 120.33695652173914, 216.1413043478255, 120.58695652173914, 221.89130434782544, 120.58695652173914, 223.64130434782544, 120.58695652173914, 224.39130434782544, 120.07608695652169, 224.8152173913044, 120.07608695652169, 228.56521739130434, 121.82608695652168, 229.81521739130434, 122.82608695652166, 231.06521739130434, 123.57608695652166, 233.06521739130432, 123.32608695652166, 236.8152173913043, 123.32608695652166, 239.06521739130426, 124.32608695652165, 243.06521739130423, 124.82608695652165, 246.81521739130417, 124.82608695652165, 252.06521739130415, 125.57608695652165, 255.3152173913041, 125.82608695652164, 259.5652173913041, 126.07608695652164, 263.56521739130403, 126.57608695652164, 269.065217391304, 126.82608695652164, 273.8152173913039, 127.32608695652164, 279.56521739130386, 127.32608695652164, 282.06521739130386, 126.57608695652164, 287.0652173913038, 126.57608695652164, 290.8152173913038, 126.82608695652164, 294.56521739130375, 125.94565217391313, 298.9673913043482, 125.94565217391313, 301.9673913043482, 125.44565217391313, 307.21739130434815, 126.94565217391312, 313.4673913043481, 127.69565217391312, 317.46739130434804, 129.1956521739131, 321.967391304348, 130.1956521739131, 324.217391304348, 132.94565217391306, 328.2173913043479, 134.69565217391306, 330.4673913043479, 136.19565217391303, 331.4673913043479, 136.94565217391303, 336.21739130434787, 136.94565217391303, 340.2173913043478, 137.19565217391303, 344.71739130434776, 137.94565217391303, 348.71739130434776, 138.19565217391303, 352.7173913043477, 138.445652173913, 356.46739130434764, 139.695652173913, 361.46739130434764, 139.945652173913, 364.9673913043476, 137.94565217391303, 365.9673913043476, 136.19565217391303, 367.9673913043476, 135.94565217391303, 371.96739130434753, 135.94565217391303, 372.71739130434753, 135.94565217391303, 376.4673913043475, 136.44565217391303, 381.7173913043474, 136.69565217391303, 383.9673913043474, 136.69565217391303, 387.96739130434736, 136.69565217391303, 390.71739130434736, 136.69565217391303, 392.46739130434736, 135.69565217391303, 394.2173913043473, 134.94565217391306, 395.9673913043473, 134.19565217391306, 397.9673913043473, 134.19565217391306, 398.9673913043473, 133.94565217391306, 401.46739130434725, 133.94565217391306, 403.21739130434725, 133.69565217391306, 406.9673913043472, 133.69565217391306, 407.4673913043472, 133.01086956521732, 409.09782608695656, 130.76086956521735, 413.5978260869565, 129.76086956521735, 417.5978260869565, 129.26086956521738, 422.34782608695645, 129.76086956521735, 425.8478260869564, 130.01086956521735, 430.8478260869564, 129.51086956521735, 432.84782608695633, 128.01086956521738, 436.84782608695633, 126.26086956521739, 441.3478260869563, 126.26086956521739, 441.8478260869563, 125.0108695652174, 443.5978260869563, 124.2608695652174, 444.0978260869562, 123.26086956521742, 446.0978260869562, 122.26086956521743, 448.8478260869562, 121.51086956521743, 454.09782608695616, 121.01086956521743, 455.84782608695616, 120.76086956521745, 458.0978260869561, 120.01086956521745, 459.3478260869561, 119.26086956521746, 461.0978260869561, 119.01086956521746, 462.09782608695605, 118.76086956521746, 464.34782608695605, 118.43478260869553, 465.98913043478285, 119.43478260869551, 468.48913043478285, 119.93478260869551, 472.2391304347828, 120.18478260869551, 473.9891304347828, 119.68478260869551, 479.98913043478274, 119.43478260869551, 483.2391304347827, 118.68478260869553, 486.9891304347827, 117.68478260869554, 492.2391304347826, 117.18478260869554, 493.7391304347826, 115.93478260869556, 495.73913043478257, 113.68478260869557, 498.98913043478257, 112.43478260869558, 501.2391304347825, 111.93478260869558, 501.9891304347825, 111.4347826086956, 504.4891304347825, 110.18478260869561, 508.98913043478245, 110.18478260869561, 511.98913043478245, 109.93478260869561, 513.4891304347824, 109.68478260869561, 515.9891304347824, 109.43478260869561, 519.2391304347824, 109.18478260869561, 521.2391304347824, 109.18478260869561, 523.9891304347823, 109.18478260869561, 525.2391304347823, 109.18478260869561, 529.2391304347823, 109.18478260869561, 531.7391304347823, 109.31521739130434, 532.9021739130438, 109.56521739130434, 537.1521739130437, 109.31521739130434, 540.9021739130437, 108.56521739130436, 543.9021739130437, 107.31521739130436, 548.9021739130437, 106.81521739130437, 555.1521739130436, 106.56521739130437, 560.4021739130436, 106.31521739130437, 565.6521739130435, 106.31521739130437, 571.6521739130435, 106.31521739130437, 575.6521739130434, 107.06521739130437, 579.9021739130434, 107.06521739130437, 585.1521739130434, 107.06521739130437, 585.9021739130433, 109.32608695652179, 587.3586956521739, 111.32608695652178, 589.3586956521739, 113.57608695652175, 591.6086956521739, 115.32608695652173, 592.3586956521739, 118.07608695652172, 593.6086956521739, 121.57608695652168, 595.6086956521739, 123.57608695652166, 596.3586956521739, 127.57608695652162, 597.3586956521738, 129.3260869565216, 597.8586956521738, 132.07608695652158, 598.3586956521738, 137.57608695652152, 600.1086956521738, 142.8260869565215, 602.3586956521738, 147.82608695652144, 603.8586956521738, 152.5760869565214, 605.6086956521738, 158.57608695652135, 606.3586956521738, 163.5760869565213, 608.1086956521738, 169.82608695652124, 608.3586956521738, 174.3369565217393, 608.2391304347827, 182.08695652173924, 609.9891304347827, 188.33695652173918, 611.4891304347827, 195.8369565217391, 612.2391304347826, 202.33695652173904, 613.4891304347826, 210.33695652173898, 614.9891304347826, 216.33695652173893, 615.9891304347826, 222.58695652173887, 616.9891304347826, 227.8369565217388, 619.2391304347826, 234.58695652173876, 619.9891304347826, 242.8043478260872, 620.6413043478259, 247.80434782608717, 622.1413043478259, 251.8043478260871, 622.8913043478259, 257.05434782608705, 623.0, 290.4154589371981, 623.0, 292.6376811594203, 619.8888888888889, 293.08212560386477, 619.0, 293.08212560386477, 616.7777777777778, 293.9710144927536, 614.5555555555557, 295.30434782608694, 613.2222222222223, 295.7487922705314, 611.4444444444446, 297.0821256038647, 610.1111111111113, 297.97101449275357, 608.7777777777779, 298.8599033816424, 607.0000000000002, 299.74879227053134, 604.3333333333336, 301.08212560386465, 601.2222222222225, 301.5265700483091, 599.8888888888891, 301.9710144927535, 597.2222222222225, 302.8599033816424, 593.2222222222226, 302.8599033816424, 591.4444444444448, 303.3043478260868, 589.6666666666671, 303.7487922705313, 588.3333333333337, 304.63768115942014, 586.555555555556, 305.52657004830905, 584.7777777777783, 306.4154589371979, 582.1111111111115, 307.30434782608677, 580.7777777777783, 308.63768115942014, 577.6666666666672, 310.41545893719785, 575.444444444445, 311.30434782608677, 571.444444444445, 311.30434782608677, 567.8888888888896, 313.0821256038645, 561.222222222223, 313.9710144927534, 558.1111111111119, 314.4154589371978, 555.4444444444453, 314.85990338164225, 551.4444444444453, 316.63768115942, 547.4444444444454, 317.97101449275334, 543.4444444444454, 318.8599033816422, 541.2222222222232, 319.30434782608666, 537.6666666666677, 319.7487922705311, 535.000000000001, 321.0821256038644, 529.2222222222233, 322.41545893719774, 526.5555555555567, 324.1932367149755, 519.88888888889, 