{"source": "user", "pair_id": 96, "item1": {"segmentation": [[62.70944872265002, 72.07920792079209, 71.58855885588461, 67.1221122112217, 87.02065762131726, 55.70235912480155, 96.5885588558855, 48.294951717393886, 106.77374404107103, 41.19618628529487, 108.9342378682316, 39.65297640875161, 112.94658354724409, 38.10976653220835, 118.50213910279984, 35.64063072973912, 122.51448478181233, 35.33198875443047, 127.14411441144212, 37.49248258159104, 137.63794157193632, 41.504828260603524, 149.67497860897376, 44.89988998899871, 167.26757120156697, 46.75174184085063, 182.39102799169098, 45.517173939616015, 197.51448478181496, 43.665322087764096, 210.78608972008703, 41.504828260603524, 221.58855885588986, 37.801124556899694, 228.37868231268024, 34.40606282850452, 233.95147292507016, 29.55408874220749, 234.56875687568746, 27.39359491504692, 241.66752230778647, 28.62816281628153, 247.84036181395953, 32.33186651998536, 254.0132013201326, 36.0355702236892, 260.803324776923, 36.34421219899785, 270.3712260114912, 37.88742207554111, 287.9638186040844, 41.59112577924495, 300.6181395917392, 44.67754553233148, 312.65517662877664, 47.45532331010935, 319.445300085567, 54.86273071751702, 324.69221366581405, 61.344212198998726, 332.0996210732217, 71.52939738418426, 338.5811025547034, 82.64050849529576, 344.44530008556785, 89.43063195208613, 349.0, 93.44297763109861, 348.96552988632203, 182.35985820804305, 340.3235545776797, 181.4339322821171, 333.842073096198, 182.05121623273442, 331.68157926903746, 183.28578413396903, 326.1260237134817, 187.60677178829016, 324.58281383693844, 190.07590759075939, 322.1136780344692, 190.69319154137668, 320.2618261826173, 208.9030680845872, 319.95318420730865, 222.17467302285928, 319.33590025669133, 232.66850018335347, 318.10133235545675, 247.79195697347745, 317.7926903801481, 256.4339322821197, 317.17540642953077, 271.5573890722437, 317.17540642953077, 290.0759075907629, 317.17540642953077, 300.87837672656576, 317.1485148514852, 325.9009900990099, 317.1485148514852, 350.61386138613864, 315.08910891089107, 368.63366336633663, 317.66336633663366, 383.0495049504951, 322.2970297029703, 401.5841584158416, 326.82826060383815, 420.73878498961, 330.8406062828507, 429.9980442488696, 331.1492482581593, 438.33137758220323, 321.97679455445524, 441.56729579207996, 315.726794554455, 443.12979579208, 304.78929455445456, 446.64542079208013, 301.66429455445444, 456.41104579208053, 293.85179455445416, 458.3641707920806, 285.2580445544538, 460.7079207920807, 275.8830445544534, 463.0516707920808, 261.809397110933, 465.5384796505829, 245.1625481216338, 464.5872311369086, 213.39767774903976, 462.75006439249705, 187.17499304560477, 460.2526658493128, 162.98892449078411, 458.83129166194453, 140.09610451159483, 457.1663592998217, 119.70068307558982, 458.83129166194453, 110.12732199338339, 459.2475247524753, 94.73267326732673, 456.6732673267327, 77.74257425742574, 455.64356435643566, 60.75247524752475, 459.76237623762376, 47.366336633663366, 460.7920792079208, 43.24752475247525, 445.34653465346537, 42.73267326732673, 431.44554455445547, 47.881188118811885, 416.51485148514854, 47.881188118811885, 408.7920792079208, 49.42574257425743, 394.8910891089109, 53.54455445544554, 384.0792079207921, 53.54455445544554, 367.6039603960396, 57.148514851485146, 349.0693069306931, 60.75247524752475, 334.65346534653463, 66.41584158415841, 326.9306930693069, 68.99009900990099, 319.7227722772277, 69.5049504950495, 301.7029702970297, 68.47524752475248, 289.86138613861385, 68.99009900990099, 278.019801980198, 70.53465346534654, 270.2970297029703, 72.28073832313966, 261.3152683689418, 73.94278818463556, 251.0659608897171, 75.88184635638078, 246.35681961547874, 76.15885466663009, 235.55349551575537, 29.150445603416784, 231.88914658409783, 31.52856688760238, 221.9010371905183, 32.95543965811374, 207.15668522856762, 34.857936685462214, 198.11982434866235, 34.857936685462214, 185.27796941406012, 34.857936685462214, 169.5823689384352, 36.760433712810695, 164.35050211322687, 37.566212871287064, 145.24056311881162, 37.95683787128708, 137.03743811881128, 41.863087871287235, 123.75618811881077, 44.98808787128736, 113.20931311881036, 48.89433787128751, 105.78743811881006, 50.06621287128756, 94.84993811880963, 52.80058787128767, 84.30306311880922, 56.3162128712878, 78.834313118809], [29.861386138613863, 230.13861386138615, 74.65346534653466, 232.7128712871287, 73.90018185492023, 242.5831481107295, 73.90018185492023, 247.15457668215822, 72.26752879369569, 251.39947464134207, 69.32875328349151, 257.93008688624025, 68.02263083451186, 263.8076379066486, 66.38997777328731, 270.99131137603666, 65.41038593655259, 275.88927055971027, 63.77773287532804, 286.6647807637923, 62.79814103859331, 302.66478076379286, 63.451202263083125, 318.33825015154855, 63.124671650838216, 330.4198828046102, 54.81628162816207, 365.8393839383991, 52.149614961495296, 381.8393839383998, 49.48294829482852, 389.8393839384001, 45.48294829482835, 397.394939493956, 43.70517051705049, 408.950495049512, 47.881188118811885, 416.51485148514854, 45.82178217821782, 422.1782178217822, 44.79207920792079, 435.56435643564356, 46.851485148514854, 459.2475247524753, 59.722772277227726, 457.7029702970297, 60.23762376237624, 466.970297029703, 15.96039603960396, 467.0, 17.349284928492924, 448.24999999999903, 16.654840484048442, 427.4166666666646, 18.738173817381885, 412.13888888888596, 21.51595159515981, 398.9444444444408, 18.043729372937403, 382.9722222222178, 13.877062706270516, 362.8333333333278, 14.571507150714998, 344.7777777777713, 17.349284928492924, 329.4999999999927, 21.51595159515981, 300.3333333333245, 21.51595159515981, 279.4999999999901, 24.293729372937733, 256.58333333332223, 27.07150715071566, 239.91666666665463]], "scale": 3, "viewpoint": 1, "zoom_in": 2, "landmarks": [176, 49, 2, 121, 38, 2, 131, 75, 2, 178, 92, 2, 215, 72, 2, 235, 32, 2, 57, 79, 2, 37, 167, 2, 26, 258, 2, 16, 350, 2, 60, 467, 2, 20, 464, 2, 55, 360, 2, 67, 273, 2, 81, 215, 2, 84, 165, 2, 83, 200, 2, 67, 311, 2, 48, 460, 2, 181, 460, 2, 328, 461, 1, 317, 308, 2, 320, 202, 2, 328, 183, 2, 0, 0, 0, 0, 0, 0, 0, 0, 0, 0, 0, 0, 0, 0, 0, 0, 0, 0, 0, 0, 0, 0, 0, 0, 310, 49, 2], "style": 1, "bounding_box": [10, 28, 349, 467], "category_id": 2, "occlusion": 1, "category_name": "long sleeve top"}}