{"source": "user", "pair_id": 96, "item1": {"segmentation": [[5.363240986842115, 314.4990684672809, 6.9929376821794165, 304.53981088466406, 8.441556966923685, 295.6670177656054, 10.071253662260984, 285.8888375935816, 11.519872947005252, 280.8186700969767, 11.700950357598286, 271.764799567325, 14.054956695307721, 263.97847091182456, 16.046808211831088, 256.19214225632413, 20.41674398313514, 231.2453105880983, 22.95182773143761, 213.13756952879496, 26.488229432361532, 196.87583993856347, 28.704295914356063, 182.74841611584833, 32.305403947597185, 171.945092016125, 37.01454522183556, 153.38553522942078, 43.10872804732053, 139.2581114067056, 51.368472141331566, 121.65673141708537, 58.28888736624532, 108.50794248974924, 66.59338563614182, 98.4733404136243, 75.24390466728401, 94.66711203992173, 90.12279740084858, 87.74669681500797, 106.03975241815021, 81.17230235133991, 122.30272819669754, 74.94392864891753, 135.45151712403367, 70.0996379914779, 146.87020224514137, 67.67749266275808, 151.02986284787613, 65.19112222640959, 157.9502780727899, 68.30530907762078, 162.44854796898383, 66.92122603263803, 164.87069329770364, 72.11153745132334, 172.1371292838631, 75.57174506378021, 181.82571059874235, 80.41603572121986, 196.35858257106122, 87.68247170737929, 211.2374753046258, 91.14267931983616, 223.0021811869792, 90.79665855859048, 247.22363447417735, 90.79665855859048, 261.7565064464962, 89.75859627485342, 275.94335765756944, 90.4506377973448, 298.35576187376563, 88.65917526008684, 307.00628090490784, 78.27855242271622, 313.92669612982155, 72.39619948153953, 320.569081524662, 72.62721699489131, 331.0877082595053, 76.13342590650575, 344.5281757540273, 79.34745074215232, 357.3842750966136, 83.73021188167036, 370.8247425911356, 86.35986856538119, 392.1541801367901, 92.20355008473858, 409.97740877083015, 98.04723160409598, 422.2440146863481, 102.98637920767968, 422.53619876231596, 107.07695627122986, 430.42516881344847, 114.96592632236234, 437.43758663667734, 128.11420974091646, 445.9109248397456, 148.2749109826995, 450.2936859792636, 162.29974662915726, 456.4295515745889, 180.70734341513304, 460.52012863813906, 193.56344275771932, 467.0, 219.27564144289187, 467.0, 357.17627474946136, 464.42532310206917, 370.61674224398337, 460.334746038519, 384.3493938144732, 457.99727343077603, 396.62112500512376, 454.19888044319373, 412.10688103142087, 450.4004874556114, 427.592637057718, 447.18646261996486, 441.90965678014356, 444.2646218602861, 457.9797809583764, 442.5115174044789, 472.00461660483415, 440.7863946365418, 486.75676881055506, 439.0332901807346, 496.69102739346266, 438.44892202879885, 501.65815668491643, 434.35834496524865, 510.1314948879847, 431.7286882815378, 517.1439127112135, 426.1771908381483, 526.4938031421854, 422.378797850566, 535.8436935731572, 417.05043316831586, 545.1379434818502, 416.65980816831586, 554.1223184818506, 419.394183168316, 564.669193481851, 415.0973081683158, 567.7941934818512, 413.5348081683157, 568.1848184818512, 414.70668316831575, 575.2160684818515, 410.0191831683156, 578.3410684818516, 404.55043316831535, 580.2941934818516, 401.6952867161719, 585.1637788778872, 394.6640367161716, 597.2731538778877, 389.1952867161714, 605.476278877888, 381.38278671617104, 608.6012788778881, 375.5234117161708, 607.038778877888, 370.0546617161706, 600.3981538778878, 365.7577867161704, 593.7575288778876, 364.58591171617036, 592.1950288778875, 365.7577867161704, 583.2106538778871, 369.2734117161706, 572.6637788778867, 369.2734117161706, 572.2731538778867, 361.46091171617024, 573.0544038778867, 350.1327867161698, 572.2731538778867, 333.72653671616916, 569.1481538778866, 320.0546617161686, 567.1950288778864, 296.6171617161677, 567.5856538778864, 286.0702867161673, 568.7575288778866, 278.25778671616695, 571.8825288778867, 272.0077867161667, 571.4919038778867, 261.46091171616627, 569.9294038778866, 247.0077867161657, 571.1012788778867, 235.67966171616524, 572.6637788778867, 209.6897689768977, 573.1980198019802, 198.65346534653466, 572.5082508250825, 190.3762376237624, 566.990099009901, 179.33993399339934, 565.6105610561057, 166.92409240924093, 572.5082508250825, 157.26732673267327, 582.8547854785479, 150.3696369636964, 586.3036303630363, 134.5049504950495, 580.7854785478548, 124.15841584158417, 574.5775577557756, 117.95049504950495, 571.1287128712871, 111.40836532632899, 570.5896140634469, 102.26550818347152, 571.8957365124265, 90.51040614265477, 572.5487977369163, 83.00020206102184, 574.5079814103858, 76.79612042836855, 574.5079814103858, 73.10404796983232, 566.5027147876073, 71.43911560770947, 543.609894808418, 72.2715817887709, 526.5443380966587, 73.10404796983232, 500.3216533932237, 73.93651415089376, 476.1801341424423, 73.93651415089376, 457.8658781590908, 13.379146447423082, 455.9491522513335, 15.876544990607368, 431.8076330005521, 12.546680266361653, 422.2342719183456, 3.3895522746859363, 406.8336475687092, 0.0, 395.1791210338492, 0.0, 338.6378580882198, 3.027241584640648, 326.950495049505], [13.479177063067945, 455.49167203060716, 73.66909671244912, 456.9525924104465, 69.57851964889895, 469.5165076770649, 65.48794258534876, 480.03513441190825, 61.397365521798584, 491.722497450623, 66.76884430590596, 503.6274267309855, 69.10631691364891, 514.1460534658288, 68.81413283768104, 524.6646802006721, 71.73597359735975, 536.9364113913226, 72.32034174929548, 546.8706699742303, 72.90470990123123, 559.4345852408486, 73.78126212913483, 564.9860826842381, 73.59447887812891, 572.0106290395287, 73.88666295409678, 583.4058080022755, 70.67263811845021, 590.7104099014723, 65.41332475102855, 594.5088028890547, 58.69309100376755, 594.5088028890547, 46.71354388908489, 594.2166188130867, 37.07146938214518, 591.0025939774401, 33.08885578112323, 583.8754480999594, 27.82954241370157, 577.7395825046342, 23.738965350151393, 577.1552143526984, 20.232756438536956, 581.5379754922164, 17.01873160289039, 587.3816570115739, 13.220338615308084, 589.426945543349, 9.421945627725776, 586.2129207077024, 6.500104868047078, 582.1223436441522, 6.500104868047078, 568.9740602255981, 7.084473019982817, 548.2289908318793, 5.915736716111338, 523.6855284505782, 7.587458745874588, 509.0495049504951, 12.415841584158416, 501.4620462046205, 13.105610561056107, 478.69966996699674]], "scale": 3, "viewpoint": 1, "zoom_in": 2, "landmarks": [239, 92, 2, 154, 68, 2, 162, 106, 2, 238, 123, 2, 286, 106, 2, 315, 73, 2, 70, 99, 2, 26, 207, 2, 3, 336, 2, 16, 445, 2, 13, 591, 2, 69, 591, 2, 73, 460, 2, 68, 348, 2, 71, 314, 2, 79, 278, 2, 74, 297, 2, 0, 0, 0, 78, 577, 2, 244, 576, 2, 411, 573, 1, 0, 0, 0, 0, 0, 0, 0, 0, 0, 352, 325, 2, 364, 388, 2, 383, 481, 2, 365, 588, 2, 385, 609, 2, 439, 469, 2, 0, 0, 0, 0, 0, 0, 422, 109, 2], "style": 1, "bounding_box": [1, 63, 467, 612], "category_id": 2, "occlusion": 1, "category_name": "long sleeve top"}}