{"source": "user", "pair_id": 123, "item1": {"segmentation": [[108.00213711055198, 43.403398254278876, 115.93864504705992, 47.485030907340104, 126.82299878855652, 52.02017829963035, 145.64386046656105, 54.7412667350045, 167.41256794955427, 52.9272077780884, 179.2039511695089, 50.659634081943274, 189.18127543254747, 49.752604603485224, 205.05429130556337, 46.124486689653025, 220.65805609915196, 40.43651725530395, 236.30431460255335, 31.81973720995247, 242.55148634796384, 27.999279346441767, 249.6, 20.515068493150682, 252.32108843537415, 15.75316373124592, 259.12380952380954, 16.66019320970397, 269.1011337868481, 19.154524275463608, 278.85170068027213, 21.648855341223246, 294.27120181405894, 24.82345851582642, 308.7836734693878, 28.905091168887648, 326.4707482993198, 29.812120647345697, 334.6340136054422, 32.30645171310533, 339.16916099773243, 38.65565806231169, 348.9651042152021, 67.35546236759544, 354.63403845556485, 94.11283198210792, 361.6635169136147, 122.91101792315101, 366.198664305905, 137.65024694809432, 371.6100767247538, 156.88334731152736, 373.4241356816699, 167.99445842263847, 380.9071288789488, 184.7745037741124, 386.8028204889261, 198.83346069021218, 392.69851209890345, 214.02620445438453, 396.55338738235014, 226.04434504395368, 398.8209610784953, 233.5273382412326, 398.3674463392663, 237.83572826390832, 393.378784207747, 241.23708880812603, 388.3901220762277, 245.09196409157272, 388.7237846736868, 253.8573727207778, 386.22945360792716, 259.75306433075514, 382.37457832448047, 264.7417264622744, 374.4380703879725, 270.6374180722517, 381.327443854254, 296.143584008946, 385.4090765073152, 310.6560556642748, 397.42721709688436, 331.7444910384245, 410.5791445345261, 358.0483459137079, 421.8862485633523, 380.68158916534645, 436.6254775882956, 409.7065324760041, 450.45767713478085, 440.31877737396326, 464.97014879010965, 471.26955549343023, 467.0, 477.60216196067466, 467.0, 515.2438853166838, 467.0, 594.4300189482186, 459.7437641723356, 593.5229894697605, 451.80725623582765, 591.7089305128444, 440.69614512471657, 588.0808125990122, 428.90476190476187, 587.6272978597832, 415.29931972789115, 587.6272978597832, 396.7052154195011, 587.1737831205542, 379.2448979591836, 586.0399962724816, 318.17346628148977, 591.029876060013, 284.6133755785419, 590.122846581555, 259.6700649209455, 589.4425744727114, 233.13945267604754, 591.483390799242, 215.9058925853446, 595.1115087130743, 181.73269965520456, 602.1956574410585, 165.63292641257416, 604.2364737675891, 144.31773366880998, 606.7308048333488, 125.04335725157642, 608.0913490510359, 110.30412822663311, 609.6786506383374, 98.51274500667846, 613.0800111825552, 81.50594228559001, 617.6151585748454, 64.19624141894201, 623.0, 48.32322554592612, 623.0, 45.37537974093746, 608.4582114124188, 44.69510763209392, 587.1430186686547, 43.10780604479233, 566.0545832945049, 41.06698971826172, 538.6169415711489, 38.814798248066346, 507.10209051657193, 40.62885720498245, 481.2517503805175, 39.268312987295374, 462.20413133289844, 39.495070356909885, 443.6100270245084, 39.721827726524396, 423.6553784984313, 40.38428229739384, 358.4225142111639, 42.87861336315348, 334.3862330320256, 44.692672320069576, 311.2569813313453, 31.641561830211547, 312.872612058522, 18.262877022955305, 314.45991364582363, 0.0, 316.0472152331252, 0.0, 251.42136489298912, 0.0, 198.29572888516134, 5.616699282452709, 186.05083092597766, 14.68699406703321, 162.01454974683935, 21.489715155468588, 147.72883546112504, 29.098648774578322, 123.5580902680707, 36.58164197185724, 108.13858913428385, 40.890031994532976, 94.98666169664212, 47.23923834373933, 82.28824899822942, 54.04195943217471, 77.97985897555367, 63.565768955984225, 75.71228527940855, 78.30499798092754, 67.09550523405707, 90.60700152207001, 56.6776131457149, 102.17162737241014, 46.246774143447325]], "scale": 3, "viewpoint": 1, "zoom_in": 2, "landmarks": [180, 51, 2, 110, 45, 2, 138, 80, 2, 182, 87, 2, 229, 60, 2, 253, 18, 2, 30, 124, 2, 3, 196, 1, 55, 304, 1, 0, 0, 0, 7, 268, 2, 32, 241, 2, 38, 252, 2, 40, 426, 2, 49, 622, 2, 261, 592, 2, 0, 0, 0, 422, 381, 2, 359, 203, 2, 349, 165, 2, 359, 216, 1, 367, 274, 1, 400, 236, 2, 367, 135, 2, 334, 38, 2], "style": 2, "bounding_box": [0, 15, 467, 623], "category_id": 1, "occlusion": 1, "category_name": "short sleeve top"}}