{"source": "user", "pair_id": 129, "item1": {"segmentation": [[0.0, 462.94054054054055, 0.0, 236.64758091424758, 2.8185518852185485, 234.8698031364698, 8.744477811144465, 231.70930930930933, 14.27534200867532, 228.74634634634637, 24.54694694694691, 224.4006673340007, 31.262996329662947, 222.62288955622293, 36.79386052719381, 221.24017350684022, 42.52225558892219, 215.70930930930936, 44.89262595929256, 214.1290623957291, 49.43583583583576, 211.75869202535876, 52.99139139139131, 209.98091424758096, 62.077811144477714, 208.40066733400073, 89.14285714285715, 192.0, 96.54961628294957, 212.4674007340674, 103.26566566566561, 216.22048715382047, 107.61134467801128, 225.10937604270936, 110.57430764097424, 230.24517851184515, 122.82122122122114, 243.47974641307968, 128.54961628294953, 250.19579579579573, 139.2162829496162, 259.28221554888216, 149.7404070737404, 267.52058725392055, 163.7650984317651, 277.002068735402, 176.99966633299962, 284.11317984651316, 188.65398732065393, 290.63169836503164, 197.74040707374033, 293.59466132799463, 204.65398732065393, 293.79219219219215, 217.4934934934934, 291.22429095762425, 225.39472806139463, 287.6687354020687, 227.75869202535873, 283.8094094094094, 230.12906239572908, 282.62422422422424, 235.4623957290624, 281.043977310644, 244.35128461795128, 274.722989656323, 254.8204204204204, 263.4637303970638, 265.68461795128457, 251.4143476810144, 271.21548214881545, 239.95755755755764, 277.9315315315315, 224.3526192859527, 279.9004337671005, 211.96770103436765, 280.4930263596931, 200.7084417751084, 280.097964631298, 191.22696029362695, 279.70290290290296, 183.52325658992325, 278.5177177177178, 175.62202202202204, 277.3325325325326, 167.91831831831834, 267.42857142857144, 156.34285714285716, 278.7152485819153, 151.12819486152824, 284.64117450784124, 148.36276276276283, 291.94981648314985, 146.9800467133801, 302.6164831498165, 146.58498498498506, 315.25845845845845, 145.79486152819493, 323.9498164831498, 144.60967634300974, 333.23376710043374, 145.59733066399738, 340.3448782115448, 146.58498498498506, 344.493026359693, 145.99239239239245, 350.6164831498164, 145.99239239239245, 358.71524858191515, 147.96770103436776, 364.83870537203865, 149.15288621955295, 371.9399399399399, 150.45739072405732, 376.088088088088, 151.0499833166499, 381.6189522856189, 150.85245245245238, 385.56956956956947, 151.24751418084745, 390.50784117450775, 150.85245245245238, 396.6312979646312, 149.6672672672672, 400.18685352018673, 149.6672672672672, 402.9522856189522, 150.45739072405732, 406.11277944611265, 155.59319319319312, 410.8535201868534, 163.09936603269927, 420.3350016683349, 176.53146479813137, 425.0757424090756, 182.4573907240573, 429.512979646313, 192.0221554888222, 432.6734734734735, 197.3554888221555, 436.03149816483153, 207.6270937604271, 440.5747080413747, 220.86166166166166, 442.7475475475475, 229.7505505505505, 444.13026359693026, 237.05919252585915, 445.512979646313, 240.0221554888221, 447.29075742409077, 242.39252585919246, 447.4882882882883, 252.66413079746405, 447.8833500166833, 260.17030363697023, 447.8833500166833, 267.2814147480813, 449.28101434768104, 275.91484818151486, 451.84891558224894, 282.0383049716383, 453.4291624958292, 289.5444778111445, 452.63903903903906, 296.85311978645314, 452.8365699032366, 302.18645311978645, 453.4291624958292, 307.51978645311976, 454.61434768101435, 310.6802802802803, 457.9723723723724, 315.22349015682346, 460.14521187854524, 319.9642308975642, 462.71311311311314, 324.30990990990983, 464.4908908908909, 326.4827494160827, 466.4661995328662, 330.63089756423085, 467.0, 334.1864531197864, 467.0, 340.1123790457123, 467.0, 344.853119786453, 466.2686686686687, 349.1987987987987, 463.3057057057057, 351.5691691691691, 460.93533533533537, 354.7296629963296, 458.88528528528525, 357.8373039706373, 453.74948281614945, 362.9731064397731, 448.02108775442105, 368.30643977310643, 436.3667667667668, 373.0471805138472, 427.87293960627295, 376.4052052052052, 419.57664330997665, 378.578044711378, 413.6507173840507, 379.7632298965632, 402.9840507173841, 381.54100767434096, 397.8482482482483, 382.13360026693357, 391.5272605939273, 382.3311311311311, 386.39145812479154, 382.7261928595262, 382.6383717050384, 382.13360026693357, 381.79833166499833, 390.1095762429096, 382.1933933933934, 397.4182182182182, 382.1933933933934, 406.8996996996997, 382.9835168501835, 414.99846513179847, 384.3662328995662, 422.3071071071071, 384.95882549215884, 428.233033033033, 385.5514180847514, 436.3651651651652, 385.9464798131465, 440.9083750417084, 385.74894894894896, 445.64911578244914, 385.5514180847514, 451.57504170837507, 386.7366032699366, 459.8713380046713, 385.3538872205539, 473.896029362696, 384.56376376376375, 480.01948615281947, 384.95882549215884, 486.53800467133794, 385.15635635635635, 489.89602936269597, 387.52672672672674, 492.26639973306635, 387.72425759092425, 496.4145478812145, 388.84137470804137, 500.332065398732, 391.40927594260927, 504.08515181848514, 394.9648314981648, 506.45552218885547, 398.91544878211545, 510.80120120120114, 401.68088088088086, 513.9616950283616, 404.05125125125124, 516.332065398732, 407.2117450784117, 519.295028361695, 417.4054054054054, 541.3621621621621, 425.8378378378378, 554.0108108108108, 437.64324324324326, 577.6216216216217, 446.07567567567565, 588.5837837837838, 446.9189189189189, 597.8594594594595, 447.76216216216216, 619.7837837837837, 136.87927927927927, 623.0, 137.6694027360694, 614.9218551885219, 139.84224224224224, 609.5885218551886, 141.02742742742743, 606.428028028028, 141.02742742742743, 601.6872872872873, 141.22495829162494, 594.7737070403738, 141.62002002002, 580.7490156823491, 136.4842175508842, 575.2181514848182, 130.55829162495831, 568.6996329662998, 126.80520520520523, 561.1934601267935, 124.23730397063733, 555.2675342008677, 121.53326659993327, 545.3293293293293, 115.80487153820488, 534.4651317984651, 111.26166166166168, 521.6256256256256, 108.49622956289625, 511.5515515515516, 105.33573573573577, 504.0453787120454, 101.97771104437774, 497.52686019352694, 98.22462462462465, 492.19352686019363, 94.07647647647651, 487.25525525525535, 88.343009676343, 479.2875542208876, 81.2318985652319, 472.9665665665666, 76.0960960960961, 466.64557891224564, 71.15782449115784, 459.33693693693704, 64.04671338004675, 453.60854187520863, 54.931998665332, 441.68515181848517, 50.3887887887888, 433.7839172505839, 47.8208875542209, 428.8456456456457, 42.09249249249252, 427.66046046046046, 38.394127460794124, 429.7502836169503, 36.41881881881882, 430.14534534534533, 34.64104104104105, 430.93546880213546, 34.245979312645986, 434.8860860860861, 33.45585585585586, 438.04657991324655, 32.07313980647315, 440.61448114781444, 31.283016349683027, 443.57744411077744, 31.480547213880556, 446.93546880213546, 30.690423757090436, 450.6885552218885, 28.5175842509176, 454.24411077744406, 26.344744744744762, 455.6268268268268, 25.798598598598602, 460.4938271604938, 24.020820820820827, 464.24691358024694, 23.230697364030704, 471.75308641975306, 21.2553887220554, 473.1358024691358, 17.739606272939582, 472.00373707040376, 12.406272939606257, 470.225959292626, 7.468001334667994, 468.0531197864531, 4.7025692359025655, 467.8555889222556, 0.35689022355689337, 467.0654654654655]], "scale": 3, "viewpoint": 2, "zoom_in": 2, "landmarks": [186, 188, 1, 90, 194, 1, 139, 258, 2, 216, 292, 2, 278, 227, 2, 268, 157, 1, 0, 0, 0, 0, 0, 0, 0, 0, 0, 22, 473, 2, 32, 440, 2, 41, 420, 2, 63, 450, 2, 116, 536, 2, 0, 0, 0, 0, 0, 0, 450, 589, 1, 404, 482, 2, 384, 371, 2, 383, 321, 2, 388, 353, 2, 381, 381, 2, 464, 350, 2, 447, 266, 2, 404, 153, 2], "style": 1, "bounding_box": [0, 140, 467, 623], "category_id": 1, "occlusion": 1, "category_name": "short sleeve top"}}