{"source": "user", "pair_id": 129, "item1": {"segmentation": [[0.6208208208208252, 85.38998998998999, 4.5714381047714365, 85.19245912579245, 8.126993660326987, 84.00727394060726, 11.880080080080067, 82.82208875542209, 16.6208208208208, 80.05665665665666, 21.954154154154125, 75.71097764431099, 25.904771438104735, 72.74801468134802, 28.2751418084751, 70.77270603937272, 31.23810477143806, 67.80974307640976, 35.386252919586205, 64.25418752085422, 38.34921588254917, 62.081348014681375, 42.87844511177846, 59.301735068401726, 47.816716716716726, 57.91901901901901, 52.952519185852516, 57.12889556222889, 59.66856856856856, 55.15358692025358, 65.00190190190187, 54.16593259926593, 71.5204204204204, 52.980747414080746, 76.45869202535866, 52.980747414080746, 84.95251918585247, 52.783216549883214, 95.81671671671666, 51.993093093093094, 106.08832165498823, 51.59803136469803, 115.96486486486477, 51.00543877210544, 125.05128461795117, 48.635068401735076, 134.38486820153489, 46.29994994994995, 147.22437437437438, 45.114764764764764, 151.17499165832498, 43.92957957957958, 152.95276943610276, 42.7443943943944, 153.34783116449782, 41.559209209209214, 154.533016349683, 39.97896229562897, 156.70585585585584, 41.36167834501168, 159.27375709042374, 43.73204871538205, 163.6194361027694, 45.70735735735735, 167.96511511511508, 45.70735735735735, 171.52067067067063, 45.70735735735735, 175.47128795462123, 45.70735735735735, 181.19968301634964, 46.102419085752416, 187.5206706706706, 46.102419085752416, 193.44659659659652, 46.49748081414748, 197.00215215215206, 47.2876042709376, 198.97746079412738, 48.867851184517846, 200.5577077077076, 52.225875875875865, 202.928078078078, 53.80612278945611, 206.68116449783108, 55.781431431431415, 214.77992992992984, 55.781431431431415, 219.7182015348681, 55.781431431431415, 224.70610610610612, 55.88023023023024, 228.06413079746414, 57.46047714381048, 234.38511845178513, 57.46047714381048, 243.274007340674, 57.26294627961295, 250.97771104437768, 57.065415415415416, 257.8912912912913, 56.275291958625296, 261.84190857524186, 56.275291958625296, 265.3974641307974, 54.497514180847524, 270.7307974641308, 52.719736403069746, 273.4962295628962, 52.12714381047716, 278.0394394394394, 51.929612946279626, 280.8048715382048, 51.732082082082094, 283.7678345011678, 49.954304304304316, 285.54561227894555, 48.57158825492161, 288.5085752419085, 46.596279612946304, 290.4838838838838, 45.01603269936606, 291.8665999332665, 43.830847514180874, 295.31646646646647, 42.03186519853187, 299.4646146146146, 44.59976643309977, 303.6127627627627, 46.97013680347013, 310.52634300967634, 48.55038371705038, 318.8226393059726, 50.32816149482815, 326.32881214547876, 50.723223223223215, 335.0201701701701, 50.723223223223215, 337.3905405405405, 50.723223223223215, 338.77325658992316, 53.8837170503837, 341.34115782449106, 56.4516182849516, 344.8967133800466, 58.624457791124435, 346.87202202202195, 60.00717384050715, 351.41523189856514, 60.00717384050715, 357.14362696029355, 60.40223556890221, 362.47696029362686, 60.599766433099745, 367.02017017017005, 60.599766433099745, 386.64649649649647, 61.77792792792792, 393.165015015015, 63.55570570570569, 400.6711878545211, 66.32113780447112, 408.9674841508174, 69.67916249582913, 417.06624958291616, 74.22237237237235, 425.16501501501494, 77.97545879212542, 431.2884718051384, 81.13595261928592, 435.239089089089, 82.91373039706369, 438.20205205205195, 87.45694027360689, 440.3748915582248, 93.3828661995328, 442.5477310643976, 99.70385385385379, 444.918101434768, 104.44459459459452, 448.07859526192846, 106.61743410076735, 452.2267434100766, 107.01249582916242, 458.4350850850851, 108.94566232899568, 463.37335669002334, 111.11850183516853, 467.0, 113.09381047714383, 467.0, 230.04639639639635, 463.2675342008675, 228.07108775442103, 462.0823490156823, 225.10812479145807, 461.0946946946947, 223.3303470136803, 460.10704037370704, 221.355038371705, 456.3539539539539, 216.8118284951618, 455.9588922255589, 215.23158158158157, 454.97123790457124, 213.6513346680013, 454.37864531197863, 212.46614948281612, 453.9835835835836, 210.2933099766433, 453.5885218551885, 209.50318651985316, 450.8230897564231, 210.4908408408408, 447.07000333666997, 211.28096429763093, 442.7243243243243, 211.676026026026, 438.7737070403737, 211.87355689022354, 434.62555889222557, 211.87355689022354, 431.86012679346015, 211.87355689022354, 434.03296629963296, 213.84886553219883, 435.81074407741073, 218.7871371371371, 438.1811144477811, 222.54022355689017, 438.97123790457124, 225.70071738405068, 439.56383049716385, 229.0587420754087, 441.3416082749416, 232.02170503837164, 448.4527193860527, 244.071087754421, 454.97123790457124, 255.92293960627285, 457.73667000333666, 262.0463963963963, 458.7243243243243, 266.98466800133457, 458.9218551885218, 281.0093593593592, 460.13526860193525, 301.2635969302636, 462.50563897230563, 311.14014014014015, 465.07354020687353, 319.6339673006339, 467.0, 332.07841174507837, 467.0, 633.7512512512512, 463.9518351685018, 633.7512512512512, 460.3962796129463, 633.3561895228561, 454.66788455121787, 633.3561895228561, 451.1123289956623, 633.3561895228561, 444.3962796129463, 635.1339673006339, 440.0506006006006, 635.7265598932265, 433.5320820820821, 636.5166833500166, 430.3715882549216, 637.5043376710042, 426.8160326993661, 638.4919919919919, 422.07529195862537, 638.887053720387, 416.5444277610945, 639.2821154487821, 390.47035368702046, 641.2574240907574, 380.59381047714396, 642.0475475475474, 368.30428762095426, 643.6296296296297, 359.6129295962629, 644.4197530864197, 346.37836169502833, 644.6172839506173, 332.9462629295963, 645.604938271605, 320.1067567567568, 646.0, 297.5882382382383, 646.395061728395, 279.217867867868, 646.5925925925926, 250.29347681014346, 646.6472138805472, 230.54039039039043, 646.4496830163497, 212.56508174841514, 647.2398064731398, 203.8737237237238, 647.2398064731398, 179.43615281948618, 647.1763263263263, 158.49788121454793, 647.3738571905238, 120.65637303970635, 649.0458124791459, 99.32303970637305, 652.0087754421088, 80.95266933600271, 653.589022355689, 65.74259259259253, 656.3474307640973, 41.24876543209875, 656.7424924924924, 25.051234567901247, 656.3474307640973, 0.0, 654.8306639973306, 0.0, 373.7011678345011, 0.9876543209876527, 369.15795795795793, 2.765432098765428, 365.2073406740073, 3.358024691358019, 362.24437771104436, 4.740740740740733, 357.7011678345012, 4.938271604938264, 355.5283283283283, 4.5432098765432025, 350.59005672339003, 4.5432098765432025, 347.232032032032, 4.5432098765432025, 342.6888221554888, 4.5432098765432025, 339.3307974641308, 6.271621621621621, 332.3817650984317, 6.666683350016682, 324.678061394728, 6.666683350016682, 316.7768268268268, 8.246930263596926, 310.2583083083083, 8.246930263596926, 286.94966633299964, 7.259275942609274, 279.4434934934935, 7.061745078411744, 272.52991324657995, 7.851868535201866, 262.6533700367034, 8.839522856189518, 252.38176509843183, 9.43211544878211, 247.24596262929603, 11.604954954954946, 241.71509843176517, 11.802485819152476, 235.98670337003676, 10.906539873206532, 229.96184517851185, 10.709009009009002, 224.82604270937605, 11.301601601601593, 221.46801801801803, 11.301601601601593, 217.71493159826497, 10.906539873206532, 214.55443777110446, 10.906539873206532, 210.99888221554892, 10.709009009009002, 208.62851184517856, 10.31394728061394, 207.44332665999337, 8.931231231231227, 206.65320320320325, 7.153453453453451, 205.86307974641312, 5.375675675675676, 204.67789456122796, 4.388021354688023, 203.49270937604277, 0.1058224891558237, 204.85415415415412]], "scale": 3, "viewpoint": 1, "zoom_in": 2, "landmarks": [228, 57, 2, 155, 41, 2, 181, 83, 2, 240, 101, 2, 285, 82, 2, 294, 43, 2, 51, 59, 2, 0, 0, 0, 0, 0, 0, 0, 0, 0, 0, 0, 0, 12, 211, 2, 12, 224, 2, 1, 370, 2, 0, 0, 0, 248, 645, 2, 0, 0, 0, 0, 0, 0, 442, 234, 2, 430, 214, 2, 452, 211, 2, 0, 0, 0, 445, 142, 2, 440, 95, 2, 395, 64, 2], "style": 1, "bounding_box": [0, 36, 467, 662], "category_id": 1, "occlusion": 1,