{"source": "user", "pair_id": 150, "item1": {"segmentation": [[163.3643586833144, 0.0, 150.4754697944255, 6.652541304073659, 135.8088031277588, 12.430319081851447, 121.58658090553656, 18.65254130407368, 109.58658090553655, 26.652541304073697, 102.03102534998098, 31.98587463740704, 97.58658090553652, 36.874763526295936, 92.25324757220318, 45.76365241518484, 90.03102534998095, 55.541430192962636, 90.03102534998095, 60.87476352629598, 84.69769201664761, 74.65254130407378, 77.58658090553648, 93.76365241518492, 71.36435868331425, 115.54143019296274, 66.47546979442535, 135.09698574851834, 63.36435868331424, 143.98587463740722, 62.919914238869794, 150.6525413040739, 59.36435868331422, 167.0969857485184, 54.09358052717871, 181.93063438012354, 50.98246941606759, 193.48618993567914, 48.760247193845366, 204.15285660234582, 48.760247193845366, 204.15285660234582, 44.31580274940091, 212.59730104679028, 42.98246941606757, 217.0417454912347, 46.53802497162314, 226.8195232690125, 53.64913608273426, 233.93063438012365, 65.20469163828983, 238.37507882456808, 77.6491360827343, 240.5973010467903, 95.42691386051212, 248.15285660234588, 111.87135830495659, 256.1528566023459, 118.98246941606772, 259.7084121579015, 120.79656955479882, 276.07768949426156, 120.79656955479882, 303.1888006053727, 119.90768066590994, 324.96657838315053, 122.12990288813215, 348.52213393870613, 123.90768066590994, 377.8554672720395, 127.4632362214655, 399.1888006053729, 129.68545844368774, 408.9665783831507, 127.90768066590994, 426.7443561609285, 127.90768066590994, 433.41102282759516, 141.56135704376342, 459.6493883213519, 156.67246815487457, 484.9827216546853, 169.56135704376348, 505.4271660991298, 176.6724681548746, 515.2049438769076, 193.5613570437635, 532.0938327657965, 211.33913482154134, 542.7604994324632, 230.45024593265248, 548.9827216546854, 250.89469037709694, 555.2049438769077, 271.33913482154145, 560.0938327657966, 278.894690377097, 560.9827216546854, 288.07768949426156, 556.7678143523773, 295.1888006053727, 551.8789254634884, 313.8554672720394, 536.7678143523773, 329.411022827595, 526.9900365745995, 336.0776894942617, 519.4344810190439, 346.2999117164839, 500.3233699079327, 353.41102282759505, 486.1011476857105, 358.74435616092836, 475.87892546348826, 361.8554672720395, 468.3233699079327, 364.9665783831506, 450.99003657459934, 366.74435616092836, 431.87892546348814, 374.4462101147685, 405.98915373943754, 381.55732122587966, 389.5447092949931, 390.4462101147686, 376.2113759616597, 394.4462101147686, 348.21137596165966, 395.7795434481019, 329.54470929499297, 397.1128767814352, 314.8780426283263, 406.0017656703241, 330.4335981838819, 418.4462101147686, 352.6558204061041, 422.0017656703242, 360.65582040610417, 423.77954344810195, 374.43359818388194, 426.8906545592131, 393.1002648505486, 431.3350990036575, 403.7669315172153, 433.5573212258797, 414.87804262832645, 431.77954344810195, 420.6558204061042, 430.0017656703242, 428.6558204061043, 431.3350990036575, 443.32248707277097, 432.2239878925464, 448.2113759616599, 438.44621011476863, 456.65582040610434, 449.1128767814353, 464.65582040610434, 467.0, 470.496657838315, 467.0, 0.0, 467.0, 0.0, 336.81119939462735, 0.0, 325.7000882835162, 9.568924202295374, 317.70008828351615, 15.791146424517606, 304.36675495018284, 21.568924202295396, 289.2556438390717, 29.56892420229541, 265.7000882835161, 33.56892420229542, 243.4778660612938, 33.56892420229542, 231.92231050573827, 34.01336864673986, 216.81119939462712, 24.68003531340651, 211.03342161684932, 14.902257535628717, 208.36675495018267, 8.235590868962039, 207.0334216168493, 0.0]], "scale": 3, "viewpoint": 2, "zoom_in": 2, "landmarks": [269, 7, 1, 0, 0, 0, 210, 17, 2, 245, 34, 2, 317, 16, 2, 0, 0, 0, 101, 36, 2, 72, 115, 2, 44, 216, 2, 119, 261, 2, 113, 215, 2, 108, 173, 2, 121, 235, 2, 123, 348, 1, 128, 431, 2, 177, 514, 2, 329, 527, 2, 366, 431, 2, 400, 311, 2, 413, 232, 2, 423, 363, 2, 432, 448, 2, 0, 0, 0, 0, 0, 0, 0, 0, 0], "style": 2, "bounding_box": [40, 1, 467, 567], "category_id": 1, "occlusion": 1, "category_name": "short sleeve top"}}