{"source": "user", "pair_id": 138, "item1": {"segmentation": [[181.35257442503817, 44.73293695032828, 189.25380899293938, 50.46133201205665, 200.11800652380353, 55.597134481192434, 214.73529047442074, 60.14034435773562, 230.73529047442068, 62.51071472810598, 248.11800652380333, 62.51071472810598, 264.62711094595153, 61.19587926834305, 273.7135306990379, 58.430447169577626, 284.97278995829714, 53.29464470044185, 288.33081464965517, 49.73908914488631, 291.2937776126181, 49.14649655229372, 296.0345183533588, 51.71439778686161, 304.79421115653, 56.56781865477514, 323.36211239109787, 64.8641149510714, 337.69746892935297, 69.46389198563107, 351.3270985589826, 74.40216359056932, 367.72216028737756, 81.31574383748287, 383.3270985589824, 88.22932408439641, 386.29006152194535, 90.79722531896431, 387.47524670713057, 95.3404351955075, 390.04314794169846, 101.26636112143339, 393.80845617077506, 106.32953466286804, 402.10475246707136, 112.25546058879394, 404.08006110904665, 115.41595441595442, 405.8578388868244, 117.39126305792972, 420.2775919732441, 124.5023741690408, 444.96894999793534, 135.95916429249755, 467.0, 145.64428754283827, 467.0, 169.74305297493694, 460.6478797638218, 187.02440232875009, 452.74664519592056, 204.2095875139352, 448.79602791196993, 214.2836615880092, 446.6231884057971, 219.22193319294746, 444.4503488996243, 223.17255047689807, 442.4920104050539, 228.40971964160335, 434.4210743631033, 245.83339526817798, 430.6679879433502, 254.5247532928693, 424.14946942483175, 251.9568520583014, 407.3593459680417, 243.66055576200515, 400.6432965853257, 240.50006193484467, 395.3099632519924, 243.66055576200515, 395.5074941161899, 251.56179032990633, 399.85317312853556, 265.586481687931, 399.65564226433804, 272.8951236632396, 393.7297163384121, 300.35191378669623, 387.3403939056113, 334.02877905776444, 385.41599570585083, 348.99066848342204, 384.0332796564681, 365.97832280440963, 380.6752549651101, 378.027705520459, 377.71229200214714, 394.3218547421446, 376.922168545357, 413.67987943350255, 377.2606631157356, 437.451917915686, 379.4335026219084, 457.0074734712415, 382.0127172880796, 498.21879516082413, 383.59296420165987, 514.218795160824, 384.8234031132582, 539.8025517155952, 385.02093397745574, 552.8395887526322, 383.44068706387554, 556.3951443081877, 379.88513150832, 556.3951443081877, 366.60485569181213, 559.2623972913829, 340.92584334613326, 562.6204219827408, 316.03695445724446, 566.768570130889, 284.23448532144215, 564.5957306247161, 235.99599488005285, 565.1656963541021, 214.46513068252207, 563.1903877121268, 177.2440232875016, 561.0458317849623, 158.16747181964558, 558.8673355629878, 133.87117552334942, 558.2747429703952, 108.58722490606557, 559.4599281555803, 79.88822825054712, 560.8652710681696, 66.85119121351013, 560.4702093397746, 62.810066476733176, 559.6291754407696, 61.624881291548, 557.0612742062017, 62.01994301994306, 549.5551013666956, 63.402659069325765, 536.5180643296586, 65.77302943969613, 522.2958421074364, 67.74833808167142, 506.2958421074365, 69.1140839836492, 497.34427515586947, 70.4968000330319, 482.33192947685717, 72.66963953920474, 466.1343986126597, 74.84247904537756, 454.0850158966104, 76.4227259589578, 440.06032453858575, 79.44225607993724, 417.29765886287623, 80.03484867252982, 402.680374912259, 80.42991040092488, 384.5075354060862, 79.63978694413476, 364.16185639374066, 79.44225607993724, 354.4828440480617, 78.66910277055204, 332.3641355960197, 79.06416449894711, 317.3517899170074, 76.49626326437921, 306.48759238614326, 76.89132499277427, 301.15425905280995, 78.47157190635451, 293.25302448490874, 78.26838432635535, 287.03860605309876, 76.29307568438004, 277.35959370741983, 75.50295222758992, 266.2978653123581, 73.66860729179567, 254.1523184276808, 68.33527395846237, 243.4856517610142, 63.39700235352411, 237.16466410669324, 62.21181716833893, 235.38688632891547, 56.21235393699161, 233.6143110780792, 47.87080391428218, 233.45072050869155, 36.91044221479001, 237.43527808745205, 29.996861967876463, 237.63280895164957, 27.23142986911104, 233.08959907510638, 26.24377554812339, 227.36120401337803, 27.6264915975061, 215.90441388992127, 28.806020066889634, 165.06453610801435, 29.398612659482225, 139.583054626533, 29.201081795284693, 135.6324373425824, 30.583797844667405, 134.64478302159475, 33.98707626243859, 132.19476444114116, 31.419175027870704, 123.10834468805479, 32.20929848466083, 119.35525826830172, 43.46855774392004, 108.6885916016351, 53.740162682191595, 100.98488789793143, 68.92220983525331, 86.62690449646972, 80.37899995871004, 75.76270696560557, 84.13208637846311, 73.19480573103769, 104.67575044386638, 65.73908914488624, 129.1695776043601, 57.640323712787506, 148.72513315991557, 51.71439778686161, 170.44312316776086, 46.493744580701104]], "scale": 3, "viewpoint": 1, "zoom_in": 1, "landmarks": [234, 65, 2, 176, 48, 2, 195, 97, 2, 235, 123, 2, 273, 96, 2, 294, 54, 2, 85, 77, 2, 56, 101, 2, 31, 135, 2, 31, 233, 2, 48, 234, 2, 61, 230, 2, 68, 223, 2, 82, 361, 2, 66, 561, 2, 236, 550, 2, 380, 556, 2, 380, 362, 2, 388, 228, 2, 392, 234, 2, 407, 243, 2, 424, 251, 2, 466, 149, 2, 421, 127, 2, 383, 92, 2], "style": 1, "bounding_box": [22, 42, 466, 570], "category_id": 1, "occlusion": 1, "category_name": "short sleeve top"}}