{"source": "user", "pair_id": 221, "item1": {"segmentation": [[231.96521739130432, 38.66086956521739, 205.2010647737356, 41.16965394853593, 191.42555456965394, 41.16965394853593, 180.20106477373557, 42.70026619343389, 169.48677905944987, 44.74108251996451, 151.629636202307, 45.76149068322981, 135.81330967169475, 47.802307009760426, 119.99698314108251, 48.82271517302573, 103.67045252883761, 52.394143744454304, 81.22147293700087, 57.49618456078083, 64.89494232475596, 62.08802129547471, 56.73167701863352, 67.19006211180124, 46.67417923691215, 70.01685891748002, 39.531322094055014, 72.56787932564329, 30.85785270629991, 77.15971606033717, 25.245607808340722, 77.66992014196983, 19.123158828748885, 77.66992014196983, 13.510913930789702, 77.15971606033717, 7.388464951197864, 77.15971606033717, 5.245962732919254, 80.52085181898846, 0.0, 84.09228039041703, 0.0, 109.60248447204968, 0.0, 158.07187222715174, 0.0, 198.37799467613132, 0.0, 223.37799467613132, 11.368411712511092, 220.82697426796807, 18.511268855368236, 218.78615794143747, 23.613309671694765, 218.78615794143747, 29.22555456965395, 218.78615794143747, 35.34800354924579, 217.76574977817214, 35.34800354924579, 224.9086069210293, 37.388819875776406, 229.50044365572316, 34.83779946761314, 236.13309671694765, 32.28677905944987, 246.33717834960072, 31.776574977817216, 255.5208518189885, 29.735758651286606, 264.7045252883762, 27.694942324755992, 274.90860692102933, 25.65412599822538, 285.11268855368235, 24.567346938775508, 290.7989352262644, 22.526530612244898, 297.4315882874889, 22.016326530612243, 306.105057675244, 20.99591836734694, 317.32954747116236, 19.46530612244898, 333.14587400177464, 17.93469387755102, 344.88056787932567, 15.893877551020406, 357.635669920142, 14.873469387755097, 370.3907719609583, 13.342857142857138, 384.6764862466726, 12.832653061224487, 393.86015971606037, 11.812244897959179, 406.6152617568767, 10.791836734693874, 423.9622005323869, 10.791836734693874, 445.3907719609583, 9.771428571428569, 467.83975155279506, 8.24081632653061, 489.2683229813665, 7.730612244897955, 509.6764862466726, 6.71020408163265, 534.16628216504, 6.199999999999996, 552.5336291038154, 5.426086956521739, 571.7739130434783, 7.460869565217391, 583.3043478260869, 8.139130434782608, 602.9739130434782, 11.530434782608696, 605.6869565217391, 28.486956521739128, 605.0086956521739, 40.69565217391304, 605.0086956521739, 54.26086956521739, 605.0086956521739, 66.4695652173913, 605.0086956521739, 80.71304347826087, 604.3304347826087, 91.56521739130434, 604.3304347826087, 100.38260869565217, 603.6521739130434, 106.48695652173912, 603.6521739130434, 113.2695652173913, 602.295652173913, 122.76521739130435, 600.9391304347826, 133.61739130434782, 600.2608695652174, 145.82608695652172, 600.2608695652174, 156.6782608695652, 600.2608695652174, 172.2782608695652, 599.5826086956521, 181.77391304347825, 599.5826086956521, 199.4086956521739, 598.9043478260869, 215.0086956521739, 598.9043478260869, 230.6086956521739, 596.8695652173913, 240.78260869565216, 596.8695652173913, 251.63478260869564, 596.8695652173913, 260.45217391304345, 596.8695652173913, 270.6260869565217, 597.5478260869564, 284.1913043478261, 598.2260869565217, 300.4695652173913, 597.5478260869564, 314.71304347826083, 595.5130434782608, 323.53043478260867, 595.5130434782608, 331.66956521739127, 597.5478260869564, 337.7739130434782, 599.5826086956521, 342.52173913043475, 601.6173913043477, 347.9478260869565, 601.6173913043477, 355.4086956521739, 600.9391304347826, 363.5478260869565, 600.2608695652174, 372.9952085181899, 600.4186335403726, 383.7094942324756, 601.9492457852706, 394.4237799467613, 602.9696539485359, 403.60745341614904, 602.9696539485359, 413.30133096716946, 602.9696539485359, 420.44418811002663, 603.4798580301685, 426.56663708961844, 605.0104702750665, 432.6890860692103, 606.0308784383318, 439.32173913043476, 607.5614906832297, 440.8523513753327, 602.9696539485359, 440.8523513753327, 593.2757763975155, 441.36255545696537, 573.377817213842, 440.34214729370007, 551.4390417036379, 440.8523513753327, 534.6023070097604, 440.8523513753327, 513.1737355811889, 442.38296362023067, 496.8472049689441, 441.36255545696537, 473.37781721384204, 440.8523513753327, 455.52067435669915, 439.32173913043476, 436.643123336291, 439.8319432120674, 416.23496007098487, 439.32173913043476, 401.43904170363794, 440.34214729370007, 388.17373558118896, 439.8319432120674, 368.2757763975155, 439.8319432120674, 344.8063886424134, 439.32173913043476, 323.8880212954747, 439.8319432120674, 312.1533274179236, 440.34214729370007, 299.39822537710734, 440.16113575865126, 278.3877551020408, 441.18154392191656, 265.63265306122446, 442.20195208518186, 252.36734693877548, 443.22236024844716, 240.63265306122446, 441.18154392191656, 237.0612244897959, 438.6305235137533, 231.95918367346937, 436.5897071872227, 226.34693877551018, 441.18154392191656, 220.734693877551, 443.7325643300798, 216.65306122448976, 447.3039929015084, 212.06122448979588, 451.8958296362023, 208.99999999999997, 454.9570541259982, 210.53061224489792, 460.05909494232475, 215.63265306122446, 464.14072759538595, 219.20408163265304, 466.6917480035492, 221.7551020408163, 467.0, 173.63478260869564, 467.0, 116.66086956521738, 467.0, 92.92173913043477, 459.86086956521734, 88.85217391304347, 452.4, 86.1391304347826, 444.2608695652174, 84.10434782608695, 435.44347826086954, 79.35652173913043, 425.94782608695647, 75.96521739130435, 417.1304347826087, 72.57391304347826, 412.38260869565215, 68.50434782608696, 405.59999999999997, 64.43478260869564, 395.4260869565217, 59.68695652173913, 385.9304347826087, 57.65217391304348, 372.3652173913043, 55.61739130434782, 357.44347826086954, 52.22608695652173, 343.8782608695652, 49.51304347826087, 324.88695652173914, 46.8, 318.10434782608695, 46.8, 310.64347826086953, 43.40869565217391, 303.8608695652174, 37.30434782608695, 295.04347826086956, 32.55652173913043, 293.0086956521739, 35.2695652173913, 288.2608695652174, 36.62608695652174, 279.44347826086954, 36.62608695652174, 270.6260869565217, 37.30434782608695, 258.4173913043478, 35.94782608695652, 247.56521739130434, 37.30434782608695]], "scale": 3, "viewpoint": 1, "zoom_in": 2, "landmarks": [234, 40, 2, 171, 45, 1, 187, 83, 2, 239, 97, 2, 276, 76, 2, 296, 35, 2, 70, 60, 2, 0, 0, 0, 0, 0, 0, 0, 0, 0, 0, 0, 0, 36, 217, 2, 34, 234, 2, 15, 379, 2, 11, 605, 2, 212, 598, 2, 440, 607, 2, 439, 377, 2, 452, 213, 2, 436, 228, 2, 0, 0, 0, 0, 0, 0, 0, 0, 0, 0, 0, 0, 390, 60, 2], "style": 2, "bounding_box": [0, 33, 467, 612], "category_id": 1, "occlusion": 1, "category_name": "short sleeve top"}}