{"source": "user", "pair_id": 220, "item1": {"segmentation": [[87.75373465969304, 205.28328718422046, 80.95101357125765, 208.45789035882362, 77.54965302703995, 208.2311329892091, 73.2412630043642, 203.0157134880753, 65.53151243747075, 192.3581171161932, 58.50203397942083, 181.70052074431106, 50.2550393691815, 168.70474823095068, 41.86501669344452, 156.45985027176698, 34.38202349616558, 146.25576863911388, 29.08921022345286, 138.2160690071674, 25.914607048849675, 134.58795109333516, 26.141364418464185, 130.50631844027393, 29.996239701910913, 127.55847263528526, 39.29329185610595, 121.66278102530792, 53.61747513075582, 112.77443908886842, 65.4088583507105, 104.38441641313143, 77.2002415706652, 95.99439373739443, 86.72405109447476, 90.0987021274171, 91.48595585637953, 84.42976788705427, 95.34083113982626, 82.16219419090913, 100.10273590173102, 80.34813523399302, 104.41112592440678, 78.76083364669144, 113.0917170888456, 72.52885743912309, 125.79012978725834, 63.23180528492804, 138.26178511605656, 53.934753130733, 150.99187547715903, 44.46978657459638, 159.60865552251053, 39.02760970384806, 168.45219293747653, 36.98679337731744, 181.1506056358893, 33.35867546348523, 196.69909638897437, 27.806515571052554, 209.62426645700162, 23.724882917991316, 221.1888923073418, 19.87000763454459, 231.3929739399949, 15.78837498148335, 235.91453867979357, 13.469205437618943, 238.86238448478224, 12.335418589546377, 244.07780398591603, 16.190293872993102, 251.56079718319498, 19.364897047596287, 263.8056951423787, 22.766257591813986, 281.4927699723107, 23.446529700657525, 304.6220216729911, 22.766257591813986, 321.7374400346403, 21.51569639581126, 343.0526327784046, 19.021365330051616, 353.4834717806722, 14.032703198532323, 360.4409804122654, 9.42649756720109, 363.8423409564831, 4.2110780660672855, 369.0577604576169, 3.7575633268382598, 382.66320263448773, 5.118107544525339, 405.8435943891795, 8.765687849679244, 427.61230187217274, 11.94029102428243, 446.43316355017737, 15.341651568500128, 457.317517291674, 18.743012112717828, 471.6032315773883, 28.94709374537092, 485.95909251472796, 36.53327863808841, 501.3785936485148, 45.37681605305443, 519.5191832176758, 54.67386820724947, 532.8978680249322, 61.24983192607036, 538.566802265295, 62.610376143757435, 547.86385441949, 64.42443510067355, 554.6665755079255, 64.42443510067355, 560.3355097482882, 68.05255301450575, 571.6195034127553, 75.80031677662687, 590.6671224603745, 86.00439840927996, 605.8598662245469, 94.84793582424598, 606.9936530726194, 97.34226689000562, 605.8598662245469, 101.87741428229589, 600.644446723413, 110.49419432764739, 593.3882108957487, 122.73909228683111, 586.4044485465879, 135.41713100650645, 578.2411832404654, 151.06338950990786, 569.6244031951139, 165.3491037956222, 562.3681673674495, 176.46021490673334, 558.0597773447737, 187.79808338745903, 554.2049020613271, 190.29241445321867, 550.8035415171094, 191.42620130129123, 544.907849907132, 188.70511286591707, 531.9826798391047, 184.39672284324132, 516.1096639660888, 180.08833282056557, 497.7423170273132, 174.19264121058822, 490.48608119964877, 171.69831014482858, 480.9251700680273, 170.0978816987432, 464.82539682539687, 163.0684032406933, 457.56916099773247, 157.17271163071595, 454.8480725623583, 158.76001321801755, 453.2607709750567, 160.57407217493366, 455.07482993197283, 166.92327852414002, 458.702947845805, 178.94141911370923, 463.0113378684808, 191.8665891817365, 467.0540457388986, 206.46233434747435, 469.77513417427275, 219.84101915473062, 472.94973734887594, 240.24918242003682, 476.4416185234563, 265.2757665880423, 479.6162216980595, 286.1374445925775, 480.97676591574657, 299.5161293998338, 483.5942068619743, 321.25812737155167, 487.6758395150356, 343.0268348545449, 491.355553276587, 368.6237081097096, 497.3159675930674, 400.7838740186192, 503.8982668444262, 430.67601043767587, 508.8869289759455, 448.58984263722243, 509.11368634556004, 453.1249900295127, 507.2996273886439, 454.9390489864288, 500.49690630020854, 455.84607846488683, 485.0774051664216, 460.60798322679165, 472.60574983762336, 462.1952848140932, 459.1306646611744, 462.59674791189514, 440.99007509201334, 463.50377739035315, 412.8721612598137, 465.3178363472693, 392.4639979945075, 467.0, 366.7317995875067, 467.0, 340.6547020818377, 465.5251313255621, 325.6887156872798, 465.5251313255621, 300.03391105185796, 465.2141888581229, 270.5554530019712, 465.4409462277374, 243.34456864822963, 464.53391674927934, 212.37069702252757, 464.76067411889386, 179.49087842842317, 464.76067411889386, 153.71296391253318, 460.53013366150486, 139.42724962681885, 457.35553048690167, 138.2934627787463, 451.68659624653884, 138.52022014836078, 445.11063252771794, 139.88076436604786, 426.06301348009885, 141.69482332296397, 406.1083649540217, 143.7356396494946, 386.1537164279445, 145.16769789993052, 368.1376041203751, 147.20851422646115, 341.15347713624806, 149.7028452922208, 318.70449754441125, 151.74366161875142, 306.4595995852275, 152.56650599938473, 291.23021000695104, 153.4735354778428, 264.9263551316675, 155.0608370651444, 243.38440501828876, 156.42138128283148, 221.16218279606647, 157.55516813090404, 206.1961964015086, 159.82274182704916, 191.68372474617973, 161.55215989243268, 177.35366173269978, 163.36621884934877, 168.9636390569628, 161.09864515320365, 168.9636390569628, 154.29592406476826, 172.13824223156598, 144.31859980172968, 177.5804191023143, 135.9285771259927, 182.34232386421908, 123.45692179719445, 186.42395651728032, 109.32781822946939, 193.75758611652364, 95.26886131336957, 202.14760879226066]], "scale": 3, "viewpoint": 1, "zoom_in": 1, "landmarks": [306, 25, 2, 239, 15, 2, 264, 49, 2, 307, 58, 2, 346, 42, 2, 365, 4, 2, 161, 39, 2, 95, 82, 2, 25, 132, 2, 78, 208, 2, 124, 186, 2, 162, 168, 2, 166, 157, 2, 155, 307, 2, 138, 456, 2, 326, 466, 2, 507, 455, 2, 482, 299, 2, 453, 143, 2, 453, 159, 2, 501, 175, 2, 553, 191, 2, 608, 97, 2, 538, 62, 2, 447, 17, 2], "style": 1, "bounding_box": [24, 5, 608, 467], "category_id": 1, "occlusion": 1, "category_name": "short sleeve top"}}