{"source": "user", "pair_id": 259, "item1": {"segmentation": [[176.8791013235458, 109.19411263114966, 167.68842916991065, 109.33128684239794, 160.69254439624808, 112.07477106736366, 156.02862121380636, 117.01304267230195, 146.70077484892295, 117.01304267230195, 138.52498424350284, 119.53099766433098, 126.17930523115714, 132.56254773291812, 116.85145886627372, 132.56254773291812, 103.54556037519, 138.46103881659442, 88.67940533125716, 144.37889741593446, 74.20288436584731, 155.6541133726319, 63.20705891076261, 165.85130315500686, 57.45078411745079, 178.84079635190741, 53.74708041374708, 196.12474696919142, 49.22033144255364, 214.09456864271684, 35.78734289845402, 265.3035257479701, 31.26059392726059, 275.04289474659845, 29.340154969784592, 292.4640195751307, 24.820969117265438, 306.94054054054055, 21.52878804730658, 321.069484299114, 26.32988544099658, 327.24232380528684, 40.321654988321725, 335.6099506914323, 59.38887035183343, 345.89801653505367, 74.04382159937718, 352.35196678159645, 84.88058428799175, 357.15306417528643, 96.12886961035119, 358.1132836540244, 102.7132317502689, 360.0337226115004, 100.62112482853229, 371.93842731620515, 101.99286694101514, 381.2662736810886, 105.14787379972572, 390.4569458347237, 104.84407370333301, 412.71790308827354, 105.1647202758314, 434.11123716308896, 106.39928817706597, 464.838260482705, 107.77103028954882, 468.2676157639121, 107.77103028954882, 472.10849367886414, 105.30189448707968, 479.6530752975198, 105.30189448707968, 502.9726912097284, 103.87881214547883, 526.6710562414266, 97.70597263930598, 536.2732510288066, 93.86509472435398, 559.0441700960221, 93.86509472435398, 565.2170096021949, 91.53313313313312, 570.1552812071332, 90.1933637341045, 591.2599414229044, 87.17553108664221, 596.335387239091, 82.23725948170392, 618.1460868275684, 80.20909798687575, 627.5076261446633, 80.34627219812404, 637.7956919882847, 84.87302116931747, 644.242879916954, 99.55066177288404, 656.5885589292998, 120.57705112519928, 666.2589404219034, 151.166900233567, 682.4454973492011, 178.76756756756757, 693.7081081081081, 197.4426278129982, 699.2194861528195, 226.38638638638648, 701.4142735327921, 265.45330515700886, 701.4681348014682, 294.9457605753903, 699.2733474214956, 318.1837837837838, 695.9567567567568, 346.44167130093064, 690.4697883068254, 367.600192785378, 687.2095799503207, 376.51651651651656, 683.7802246691136, 381.18043969895825, 677.0586883179476, 379.62694546398245, 666.014043673303, 376.3347643940236, 661.0757720683647, 379.76411967523075, 655.8631520409299, 380.44999073147216, 632.2691877062248, 382.91912653394127, 625.5476513550587, 382.64477811144474, 614.5737144551958, 378.0422793163534, 602.4198717235754, 377.63075668260853, 585.8217921625329, 383.77666555444335, 578.7063804545287, 384.32536239943653, 575.4141993845698, 378.4268713157602, 558.2674229785341, 374.0372965558151, 552.2317576836095, 370.33359285211134, 542.2180402624847, 371.0194639083528, 518.2125532940347, 371.46548029510996, 485.91346902458, 375.1885515144774, 449.9527379231083, 380.8126941756571, 436.5096652207763, 382.32161049938827, 412.6413524635746, 383.0882734586438, 391.6519779038298, 383.7741445148853, 379.30629889148406, 389.80980980980985, 382.8728283839395, 402.7041856671487, 383.6958736514292, 418.7535683831981, 382.8728283839395, 435.0772995217441, 380.9523894264635, 451.7898639380121, 376.0166388610833, 467.0, 372.5182960738515, 467.0, 168.43320357394435, 462.47325102880654, 155.81317613910207, 458.358024691358, 144.8392392392392, 452.4595336076817, 137.70618025432833, 440.8184480777074, 127.65120676231787, 425.86645905164426, 121.20401883364843, 409.8170763355948, 114.61965669373072, 396.09965521076623, 110.91595299002701, 377.980854929003, 102.69558447336225, 365.36082749416073, 97.89448707967225, 361.38105512920333, 99.9276906536166, 358.63757090423763, 95.67529010491972, 350.68146665183707, 93.0689800912023, 342.99971082193304, 93.89202535869201, 339.5703555407259, 99.9276906536166, 333.53469024580136, 108.29531753976201, 323.79532124717304, 117.62316390464545, 312.6842101360619, 127.6368813257703, 302.80766692618533, 135.3186371556743, 285.9949430912394, 144.08266043821604, 269.8083861639417, 152.0387646906166, 254.03335187038886, 158.7603010417826, 237.99153227301375, 162.34871908945988, 223.85078411745081, 163.7373076780484, 208.3500982463945, 161.9540429318207, 195.0441997553108, 156.60424869313755, 181.96887257627998, 149.06470915359805, 173.46407147888624, 142.61752122492862, 167.5781855930004, 132.09968487005528, 166.48079190301414, 122.63466429392356, 166.34361769176584, 115.77595373150928, 170.45884402921442, 112.75812108404699]], "scale": 3, "viewpoint": 2, "zoom_in": 2, "landmarks": [248, 99, 1, 168, 114, 2, 191, 158, 2, 228, 168, 2, 297, 140, 2, 346, 95, 2, 63, 166, 2, 40, 251, 2, 23, 323, 2, 98, 356, 2, 88, 308, 2, 0, 0, 0, 100, 338, 2, 108, 479, 2, 80, 637, 2, 201, 698, 2, 379, 681, 2, 365, 505, 2, 379, 361, 2, 394, 301, 2, 388, 339, 2, 384, 377, 2, 0, 0, 0, 0, 0, 0, 0, 0, 0], "style": 2, "bounding_box": [18, 91, 467, 713], "category_id": 1, "occlusion": 1, "category_name": "short sleeve top"}}