{"source": "user", "pair_id": 259, "item1": {"segmentation": [[188.6685203722241, 94.58041745449152, 180.8495903310718, 93.8945463982501, 170.83587290994694, 98.55846958069182, 163.01694286879467, 101.30195380565753, 151.1298854409966, 100.50079709338968, 140.5674711748786, 108.45690134579024, 132.88571534497459, 115.5899603307011, 122.87199792384973, 116.41300559819082, 111.55552589626666, 119.2616913209506, 98.52397582767951, 124.47431134838546, 82.62437252066883, 131.76391206020836, 71.51326140955769, 140.40588736885036, 61.48269751232716, 151.67606124643163, 56.13290327364402, 165.3934823712602, 51.606154302450584, 181.58003929855792, 47.630623215808384, 199.618047677307, 42.12680828977129, 220.58129240351477, 37.40398175953732, 236.08117747377008, 32.19136173210246, 252.54208282356436, 27.424758091424774, 270.4723686649613, 22.898009120231343, 287.61914507099704, 18.508434360286202, 301.062217773329, 17.02896971045119, 311.43783783783783, 23.887680272865474, 318.708071033997, 34.175746116486906, 326.52700107514926, 45.42403143884633, 333.9344084825567, 57.35818781744719, 340.5187706224744, 70.11538946353775, 347.2403069736404, 80.8436288139992, 350.3212842472102, 90.72017202387576, 351.5558521484448, 94.28670151633119, 357.8658658658659, 93.05213361509662, 368.1539317094873, 94.28670151633119, 375.8356875393913, 93.60083046008977, 398.1950839728619, 91.8907944982019, 426.17278018759504, 92.30231713194675, 443.18238238238246, 92.30231713194675, 462.66112037963904, 91.75362028695362, 480.35659363066793, 90.85230415600788, 504.74082971860753, 86.18838097356615, 516.949334519705, 83.58207095984872, 527.6489229970713, 82.34750305861415, 535.8793756719683, 76.31940088236387, 546.4140585029473, 72.89004560115673, 556.7021243465688, 69.73503874244615, 569.733674415156, 69.3235161087013, 588.9380639899159, 66.98903347792233, 602.3534052571089, 67.2633819004189, 618.8143106069032, 64.00317354391427, 634.1382864345827, 60.29946984021056, 647.0326622919216, 57.83033403774142, 659.7898639380121, 61.727594260927596, 668.2576502428356, 72.01566010454903, 679.7802839876915, 85.87025544062588, 686.227471916361, 104.40309939569204, 694.2273532792052, 122.37292106921745, 703.280851221592, 147.77880102324548, 715.011366922478, 161.49622214807403, 722.144425907389, 176.95737218700182, 725.1328068809551, 195.88741333926527, 726.093026359693, 216.6007192377564, 725.4071553034516, 241.21300559819082, 724.2559003447892, 267.82480258035827, 723.8443777110443, 280.8563526489454, 721.6495903310717, 305.59320802283764, 715.2882363845328, 331.7934823712602, 707.1949579208839, 349.62612983353733, 697.5927631335038, 359.7274014755496, 685.996900604308, 370.015467319171, 670.2218663107552, 372.4846031216402, 650.0572572572572, 374.9386126867608, 630.3638749860972, 374.3899158417676, 613.9029696363029, 367.80555370184993, 603.3405553701849, 376.0360063767471, 591.4063989915841, 375.4873095317539, 587.4283468653838, 369.67717346976605, 572.2836021206392, 373.24370296222145, 563.7788010232455, 374.47827086345603, 531.9543840136432, 373.07455603751896, 526.6398843287733, 374.03477551625696, 522.7990064138213, 374.44629815000184, 491.11176361546734, 375.95521447373295, 462.9910503095688, 380.20005190375554, 442.69510992473965, 385.9613687761835, 417.86657768879996, 389.1163756348941, 397.4276202128054, 390.2137693248804, 389.3343417491565, 393.0944277610944, 395.3700070440811, 402.4222741259778, 400.71980128276425, 417.51143736328925, 402.22871760649537, 433.97234271308355, 401.54284655025396, 447.8269380491604, 400.85697549401254, 467.0, 397.08004300596895, 466.9791865940015, 136.20734808882958, 457.65134022911803, 128.93711489267042, 444.6197901605309, 121.66688169651128, 425.6291254217181, 113.8900085270456, 407.38495532569607, 103.46476847217588, 394.76492789085376, 97.29192896600303, 385.8486041597152, 93.7253994735476, 379.1792088384682, 89.82137693248812, 370.5372335298262, 89.68420272123984, 370.2628851073296, 91.74181588996413, 366.83352982612246, 98.05182960738526, 359.1517739962185, 106.69380491602726, 350.78414711007304, 114.37556074593127, 339.8640714788862, 123.13202090979873, 328.7529603677751, 130.950950950951, 311.9940978015053, 138.5611982352723, 293.2012308604901, 146.38012827642456, 271.2533570607644, 153.10166462759057, 259.0944722500279, 155.67852296741188, 241.26182478775073, 155.5413487561636, 224.25222259296328, 152.93503874244615, 213.27828569310043, 148.13394134875617, 199.2359767174583, 140.266192118044, 186.06725243762287, 130.5268231194157, 178.934193452712, 121.06180254328397, 176.2740221703185, 108.89787565343123, 177.50859007155304, 101.4904682460238, 183.13273273273276, 98.88415823230638]], "scale": 3, "viewpoint": 2, "zoom_in": 2, "landmarks": [272, 91, 1, 181, 95, 2, 206, 145, 2, 255, 158, 2, 331, 132, 2, 373, 91, 2, 64, 151, 2, 40, 234, 2, 17, 309, 2, 89, 352, 2, 87, 319, 2, 76, 289, 2, 84, 310, 2, 91, 502, 2, 60, 663, 2, 160, 722, 2, 368, 675, 2, 374, 506, 2, 398, 339, 2, 407, 312, 2, 398, 355, 2, 389, 397, 2, 0, 0, 0, 0, 0, 0, 0, 0, 0], "style": 2, "bounding_box": [11, 86, 467, 734], "category_id": 1, "occlusion": 1, "category_name": "short sleeve top"}}