{"source": "user", "pair_id": 308, "item1": {"segmentation": [[159.15217391304347, 144.1304347826087, 161.90217391304347, 154.1304347826087, 166.15217391304347, 164.3804347826087, 171.15217391304347, 174.3804347826087, 174.40217391304347, 181.3804347826087, 181.65217391304347, 194.13043478260866, 183.90217391304347, 196.88043478260866, 186.43662758235573, 199.62144053601307, 193.32551647124492, 204.7325516471244, 200.90217391304344, 208.38043478260866, 210.15217391304344, 210.88043478260866, 223.23913043478262, 212.5, 236.48913043478262, 213.0, 243.48913043478262, 213.0, 250.48913043478262, 213.0, 256.4891304347826, 212.5, 263.7391304347826, 210.5, 271.2391304347826, 207.75, 281.9891304347826, 202.0, 287.7391304347826, 197.0, 292.4891304347826, 191.25, 298.7173913043478, 177.47826086956522, 299.4673913043478, 174.47826086956522, 301.7173913043478, 164.72826086956522, 301.7173913043478, 159.22826086956522, 301.7173913043478, 156.47826086956522, 307.9673913043478, 154.47826086956522, 313.69179229480795, 154.4829704075928, 319.2173913043478, 155.97826086956522, 326.2173913043478, 159.22826086956522, 330.2173913043478, 160.47826086956522, 336.9673913043478, 163.22826086956522, 343.9673913043478, 163.97826086956522, 346.9673913043478, 165.47826086956522, 353.80434782608694, 168.04347826086956, 361.05434782608694, 168.04347826086956, 364.05434782608694, 168.79347826086956, 372.80434782608694, 171.54347826086956, 375.80434782608694, 172.79347826086956, 380.80434782608694, 178.04347826086956, 383.41881002646295, 181.50334512800643, 386.9691058844513, 184.31399601558056, 390.80434782608694, 188.54347826086956, 397.30434782608694, 194.29347826086956, 401.1702893164047, 197.92346347120258, 408.30434782608694, 204.04347826086956, 412.55434782608694, 208.04347826086956, 414.80434782608694, 210.29347826086953, 419.5790061418189, 209.40703517587906, 428.0543478260869, 208.29347826086956, 437.3043478260869, 207.79347826086956, 440.0543478260869, 207.79347826086956, 443.144628467782, 208.5701882192018, 448.91385923701307, 213.45184502393582, 450.92391304347825, 216.0978260869565, 458.97303083464675, 223.21515863340377, 467.0, 232.3478260869565, 467.0, 281.5978260869565, 467.0, 306.09782608695645, 467.0, 316.2173913043478, 467.0, 332.80474204671793, 463.75428497243627, 328.183864079904, 458.88135911652347, 323.8150340021891, 455.1006407800394, 321.2945551111997, 450.64779473929144, 319.02612410930925, 447.5392041070712, 317.7658846638146, 444.89130434782606, 316.7173913043478, 441.4060388056637, 314.06918229036347, 434.7687777260583, 308.9442085453517, 432.64130434782606, 309.9673913043478, 428.39130434782606, 309.9673913043478, 422.64130434782606, 308.9673913043478, 413.64130434782606, 305.7173913043478, 410.39130434782606, 303.9673913043478, 404.1413043478261, 303.4673913043478, 396.1413043478261, 302.2173913043478, 393.1413043478261, 301.2173913043478, 388.351554031446, 299.4829978499932, 389.3913043478261, 304.2173913043478, 392.3913043478261, 313.7173913043478, 397.1413043478261, 334.4673913043478, 398.1413043478261, 338.2173913043478, 402.8913043478261, 353.2173913043478, 404.3913043478261, 359.4673913043478, 408.1554648241207, 378.9069304857619, 410.80434782608694, 400.945652173913, 411.55434782608694, 412.945652173913, 414.55434782608694, 423.695652173913, 416.43620882188577, 428.15713986599434, 419.30434782608694, 432.445652173913, 424.80434782608694, 443.445652173913, 428.30434782608694, 452.195652173913, 431.945652173913, 460.1847826086956, 435.945652173913, 464.9347826086956, 439.695652173913, 467.9347826086956, 443.695652173913, 469.9347826086956, 448.695652173913, 471.9347826086956, 453.195652173913, 473.1847826086956, 458.195652173913, 473.9347826086956, 464.445652173913, 476.6847826086956, 467.0, 479.1847826086956, 467.0, 509.1847826086956, 466.195652173913, 512.4347826086956, 463.945652173913, 514.9347826086956, 462.695652173913, 517.9347826086956, 461.195652173913, 520.4347826086956, 457.945652173913, 521.1847826086956, 451.945652173913, 521.9347826086956, 448.195652173913, 522.1847826086956, 446.5532395706362, 525.0556331955625, 442.2632987422336, 526.0911361541424, 437.30434782608694, 527.2282608695652, 431.55434782608694, 529.7282608695652, 422.05434782608694, 532.9782608695652, 417.85501471856367, 534.8189468050305, 413.41714489607824, 538.5171716571017, 409.5, 542.1195652173913, 406.5, 543.8695652173913, 397.44081353513064, 548.5763432547353, 389.304718860574, 552.2745681068066, 378.94968927477464, 557.7479408878719, 373.3283874996264, 559.8189468050318, 366.05434782608694, 558.0108695652174, 359.05434782608694, 556.5108695652174, 351.80434782608694, 554.2608695652174, 346.05434782608694, 549.7608695652174, 344.05434782608694, 548.0108695652174, 340.30434782608694, 547.2608695652174, 335.05434782608694, 549.2608695652174, 324.80434782608694, 550.5108695652174, 314.80434782608694, 551.5108695652174, 308.37374371859244, 551.5570910106081, 302.30434782608694, 549.2608695652174, 291.8806881630359, 550.8626465661637, 279.90152149636856, 552.5987576772749, 267.92235482970125, 553.6404243439416, 260.46739130434776, 552.2826086956521, 251.96739130434779, 550.2826086956521, 243.71739130434779, 549.0326086956521, 239.1602390651485, 548.901370759121, 232.65136332550316, 549.7889447236181, 228.21349350301773, 549.7889447236181, 224.2173913043478, 549.0326086956521, 221.26083078112387, 549.4930867354524, 216.7173913043478, 550.7826086956521, 208.4673913043478, 554.7826086956521, 202.4673913043478, 558.2826086956521, 198.2173913043478, 560.7826086956521, 189.9673913043478, 563.2826086956521, 185.2173913043478, 562.7826086956521, 181.9673913043478, 561.2826086956521, 179.7173913043478, 560.7826086956521, 165.9673913043478, 560.7826086956521, 163.4673913043478, 560.7826086956521, 160.4673913043478, 560.2826086956521, 156.22826086956522, 561.3586956521739, 153.28640242633404, 563.0518569177248, 147.9609586393515, 564.9749338408018, 143.6710178109489, 566.4542237816303, 140.86036692337478, 564.9749338408018, 134.22826086956522, 560.1086956521739, 124.97826086956522, 554.1086956521739, 119.47826086956522, 549.6086956521739, 112.04347826086956, 544.1739130434783, 107.29347826086956, 538.9239130434783, 92.79347826086956, 521.6739130434783, 90.54347826086956, 519.9239130434783, 87.54347826086956, 517.1739130434783, 83.29347826086956, 512.9239130434783, 77.29347826086956, 505.67391304347825, 68.2873831775701, 494.1705607476636, 67.0373831775701, 490.6705607476636, 66.7873831775701, 485.1705607476636, 66.12565787517481, 476.65020368112647, 65.38601290476058, 467.0348190657414, 63.037383177570106, 458.6705607476636, 60.537383177570106, 453.1705607476636, 60.287383177570106, 438.92056074766367, 60.037383177570106, 430.67056074766367, 59.537383177570106, 420.92056074766367, 59.037383177570106, 413.67056074766367, 59.287383177570106, 410.92056074766367, 58.287383177570106, 409.17056074766367, 56.78738317757011, 410.92056074766367, 53.78738317757011, 419.17056074766367, 51.53738317757011, 423.42056074766367, 50.03738317757011, 424.67056074766367, 46.57710280373831, 424.9672897196262, 41.07710280373831, 422.9672897196262, 39.07710280373831, 427.2172897196262, 30.327102803738317, 424.9672897196262, 19.443925233644855, 421.8317757009346, 15.443925233644855, 421.0817757009346, 11.943925233644856, 419.8317757009346, 8.193925233644858, 418.5817757009346, 5.193925233644858, 417.5817757009346, 2.44392523364486, 416.5817757009346, 0.0, 415.3317757009346, 0.0, 413.8317757009346, 0.0, 386.5817757009346, 0.0, 337.83177570093466, 0.0, 329.58177570093466, 0.0, 327.33177570093466, 0.0, 324.58177570093466, 1.9158878504672905, 321.4766355140187, 4.915887850467289, 314.7266355140187, 7.165887850467288, 307.7266355140187, 8.915887850467287, 300.9766355140187, 10.165887850467286, 290.9766355140187, 10.665887850467286, 276.7266355140187, 7.709574969998209, 264.96895314632445, 5.441143968107759, 258.3316920667191, 3.676808744415187, 253.2067183217073, 4.012872596547106, 249.00592017005835, 