{"item2": {"segmentation": [[255.59830134193987, 313.7478511975539, 248.4639374893834, 308.04036011550875, 244.6589434346866, 303.2841175471377, 243.7076949210124, 290.91788686937315, 236.09770681161882, 290.91788686937315, 221.82897910650587, 289.966638355699, 211.3652454560897, 290.91788686937315, 205.1821301172074, 295.67412943774417, 195.19402072362834, 301.85724477662643, 185.68153558688635, 307.5647358586716, 179.4984202480041, 311.8453541702055, 175.6934261933073, 315.1747239680652, 175.6934261933073, 320.40659079327327, 178.0715474774928, 328.49220315950396, 180.9252930185154, 333.248445727875, 185.20591133004928, 338.480312553083, 189.96215389842024, 339.43156106675724, 199.47463903516223, 337.05343978257173, 202.80400883302192, 338.480312553083, 204.70650586037033, 340.38280958043146, 204.70650586037033, 349.4196704603363, 205.1821301172074, 360.83465262442667, 205.1821301172074, 377.9571258705622, 205.1821301172074, 391.7502293188381, 204.23088160353322, 404.5920842534398, 203.7552573466961, 416.9583149312043, 203.27963308985903, 427.8976728384576, 203.27963308985903, 435.9832852046883, 211.3652454560897, 437.4101579751996, 235.62208255478174, 433.6051639205028, 262.73266519449635, 428.3732970952947, 276.5257686427722, 424.5683030405979, 285.08700526584, 425.5195515542721, 286.98950229318837, 422.1901817564124, 287.4651265500255, 414.1045693901817, 288.41637506369966, 401.26271445558007, 288.41637506369966, 392.22585357567516, 289.84324783421096, 386.0427382367929, 294.12386614574484, 382.2377441820961, 299.83135722779, 374.62775607270254, 302.6851027688126, 365.11527093596055, 306.96572108034655, 360.83465262442667, 312.1975879055546, 360.3590283675896, 318.3807032444369, 362.26152539493796, 319.8075760149482, 365.5908951927977, 324.0881943264821, 371.29838627484287, 328.368812638016, 371.77401053167995, 335.97880074740954, 365.5908951927977, 345.01566162731444, 359.8834041107525, 351.1987769661967, 352.74904025819603, 346.44253439782574, 347.0415491761508, 340.73504331578056, 340.38280958043146, 334.55192797689824, 334.6753184983863, 325.99069135383047, 326.11408187531845, 321.2344487854595, 320.40659079327327, 316.4782062170885, 314.6990997112281, 311.24633939188044, 308.9916086291829, 303.6363512824868, 303.75974180397486, 298.4044844572787, 302.80849329030065, 293.1726176320707, 305.18661457448616, 288.41637506369966, 309.9428571428571, 280.330762697469, 315.1747239680652, 268.9848139969424, 316.19011381009005]], "scale": 1, "viewpoint": 2, "zoom_in": 1, "landmarks": [268, 297, 1, 244, 291, 2, 244, 306, 2, 257, 317, 2, 278, 319, 2, 292, 308, 2, 216, 293, 2, 195, 304, 2, 176, 317, 2, 188, 340, 2, 199, 340, 2, 207, 335, 2, 207, 356, 2, 205, 396, 2, 0, 0, 0, 0, 0, 0, 0, 0, 0, 290, 396, 2, 301, 372, 2, 310, 359, 1, 318, 363, 1, 324, 369, 1, 350, 353, 2, 337, 338, 1, 321, 323, 1], "style": 0, "bounding_box": [174, 285, 352, 442], "category_id": 1, "occlusion": 2, "category_name": "short sleeve top"}, "source": "user", "pair_id": 332, "item1": {"segmentation": [[263.9279768982504, 425.68262272804486, 246.32987939527774, 430.4388652964158, 231.1099031764906, 433.2926108374384, 218.74367249872603, 435.19510786478685, 207.80431459147275, 435.6707321216239, 203.99932053677597, 439.47572617632073, 204.95056905045016, 449.9394598267369, 206.85306607779856, 461.35444199082724, 205.85045592705166, 474.09873892517624, 206.57476556942376, 485.506615792537, 209.4720041389122, 500.7171182823514, 212.00708788721462, 511.4006855073401, 215.08540386729612, 517.9194722886891, 213.98742993035503, 526.0393409206727, 211.02782125072756, 541.9102632089505, 208.6738149130182, 551.6884433809739, 208.6738149130182, 558.388307572916, 222.5486665534228, 556.9549176150841, 235.3905214880245, 554.1011720740615, 250.61049770681163, 550.7718022762018, 262.5011041277391, 548.8693052488534, 274.8673348055037, 545.0643111941566, 291.038559537965, 540.7836928826227, 298.17292339052153, 539.8324443689485, 304.86379098493177, 539.4196727672509, 315.2953966366571, 536.9786988279259, 322.2472224018625, 536.5224341977624, 330.5153728554442, 528.8930864616952, 334.74156373278146, 522.9416284032852, 330.0397485986071, 517.0024800407678, 322.90538474605063, 509.86811618821133, 318.14914217767966, 502.73375233565486, 314.81977237981994, 494.172515712587, 312.91727535247156, 486.5625276031935, 310.53915406828605, 476.0987939527773, 309.5879055546119, 466.58630881603534, 305.307287243078, 452.79320536775947, 301.0266689315441, 441.8538474605062, 297.2216748768473, 427.10949549855616, 290.08731102429084, 420.92638015967384, 276.76983183285205, 422.8288771870223]], "scale": 1, "viewpoint": 2, "zoom_in": 1, "landmarks": [207, 440, 2, 253, 430, 2, 292, 423, 2, 210, 494, 2, 209, 557, 2, 275, 543, 2, 334, 522, 2, 309, 469, 2], "style": 2, "bounding_box": [204, 421, 334, 561], "category_id": 9, "occlusion": 1, "category_name": "skirt"}}