{"source": "user", "pair_id": 361, "item1": {"segmentation": [[0.0, 79.65532879818613, 12.039909297052272, 71.7188208616781, 29.500226757369955, 58.79365079365073, 44.23945578231345, 47.68253968253947, 58.296598639455766, 37.222675736961506, 68.95419501133799, 31.553741496598626, 83.920181405896, 26.791836734693803, 96.16507936507983, 22.256689342403497, 112.53333333333322, 14.788208616780153, 128.17959183673477, 8.439002267573725, 141.7850340136057, 0.5024943310656882, 171.2634920634927, 0.0, 173.9972789115649, 3.1963718820861735, 176.7183673469391, 5.0104308390022965, 179.43945578231327, 9.999092970521634, 189.87029478458098, 15.441269841270003, 202.56870748299383, 20.42993197278934, 214.58684807256316, 22.697505668934493, 230.68662131519375, 25.645351473923192, 249.9138321995464, 26.002721088435457, 265.78684807256246, 26.002721088435457, 279.1655328798189, 24.188662131519337, 289.5963718820866, 20.787301587301606, 298.4399092970527, 17.385941043083875, 307.0331065759636, 12.769160997732476, 313.60907029478454, 7.326984126984107, 322.22585034013616, 0.9777777777776775, 334.0734693877549, 0.6911564625850254, 342.2367346938775, 3.639002267573725, 347.22539682539684, 4.772789115646301, 350.40000000000003, 7.720634920635002, 362.19138321995484, 13.389569160997885, 378.971428571429, 22.006349206349466, 402.32743764172403, 31.98367346938814, 422.46712018140545, 42.10975056689335, 429.72335600906996, 44.150566893423985, 434.4852607709748, 47.3251700680272, 441.74149659863923, 53.67437641723363, 455.8004535147392, 63.6517006802723, 467.0, 72.4952380952384, 467.0, 235.8857142857143, 467.0, 237.22448979591843, 462.80816326530623, 236.09070294784587, 456.4589569160998, 233.36961451247168, 451.697052154195, 230.87528344671202, 453.0575963718821, 244.48072562358294, 456.91247165532883, 271.23809523809575, 460.1251700680272, 289.32789115646267, 463.07301587301595, 312.0036281179142, 467.0, 343.9764172335609, 467.0, 614.443537414966, 450.9895691609977, 617.3913832199547, 426.7265306122446, 619.8857142857144, 390.89886621315117, 623.0, 4.8, 623.0, 6.846258503401378, 605.5292517006803, 9.794104308390077, 572.6494331065755, 13.648979591836838, 541.5836734693869, 20.068934240362886, 505.0467120181408, 24.377324263038673, 471.713378684807, 29.59274376417253, 432.0308390022668, 32.31383219954671, 408.6748299319718, 33.71791383219972, 380.37732426303853, 35.30521541950133, 346.3637188208612, 35.985487528344876, 319.8331065759629, 37.124716553288195, 292.4480725623585, 39.61904761904786, 272.7201814058957, 42.34013605442205, 258.6612244897957, 46.87528344671235, 249.5909297052151, 49.28000000000034, 241.64571428571426, 52.16000000000038, 233.80571428571417, 53.60000000000039, 225.80571428571406, 48.00000000000033, 232.84571428571414, 45.12000000000029, 236.3657142857142, 41.44000000000025, 236.8457142857142, 35.20000000000018, 235.08571428571418, 28.160000000000103, 231.08571428571412, 20.16000000000001, 222.44571428571402, 8.365714285714374, 208.0228571428573, 0.0, 195.38285714285718]], "scale": 3, "viewpoint": 1, "zoom_in": 3, "landmarks": [248, 27, 2, 0, 0, 0, 196, 34, 2, 250, 51, 2, 300, 39, 2, 0, 0, 0, 67, 34, 2, 25, 63, 2, 0, 0, 0, 42, 236, 2, 56, 220, 2, 66, 204, 2, 50, 243, 2, 32, 406, 2, 0, 0, 0, 0, 0, 0, 0, 0, 0, 0, 0, 0, 453, 244, 2, 452, 230, 2, 0, 0, 0, 0, 0, 0, 0, 0, 0, 0, 0, 0, 432, 47, 2], "style": 2, "bounding_box": [0, 1, 466, 623], "category_id": 1, "occlusion": 1, "category_name": "short sleeve top"}}