{"source": "user", "pair_id": 352, "item1": {"segmentation": [[129.36592059000085, 29.75182231369522, 139.6223308464111, 38.69330817825801, 156.4533630620587, 45.79389989423433, 172.23245576422832, 50.79061258325471, 190.37841237172339, 57.10224966412256, 211.40165223108366, 60.79318526141269, 233.9064239506544, 61.90040619828494, 254.3216488641492, 59.47826086956522, 267.8164585527305, 58.44019858582819, 287.00526553332327, 60.159470437791484, 301.8841582668873, 59.12140815405446, 313.9948849104859, 53.23905521287799, 326.4516323153302, 44.24251542049045, 332.64269595306155, 33.38047239356101, 331.2586129080789, 26.806077929893185, 336.7949450880096, 26.460057168647513, 343.7153603129231, 30.266285542349934, 352.7119001053107, 30.266285542349934, 361.01639837520685, 31.304347826086957, 363.4385437039266, 31.304347826086957, 370.70497969008574, 35.11057619978938, 391.46622536482624, 37.5327215285091, 402.78802467278473, 39.64675793591094, 407.2862945689785, 36.18655032345419, 412.13058522641796, 34.80246727847149, 418.0129381675944, 34.45644651722582, 428.4856326162178, 36.510907176169695, 431.59981946742886, 38.93305250488942, 436.09808936362265, 38.58703174364374, 439.2122762148337, 38.58703174364374, 440.9423800210621, 39.62509402738077, 442.6724838272905, 50.00571686475101, 444.7486083947645, 55.88806980592748, 453.3991274259064, 66.26869264329773, 464.3315781555589, 83.48909282383029, 467.0, 91.79359109372649, 467.0, 248.3478260869565, 467.0, 251.87302542500376, 455.24838272905066, 255.33323303746053, 438.6393861892583, 262.94568978486535, 418.2241612757635, 273.3263126222356, 407.84353843839324, 282.3228524146231, 403.4843076838234, 291.78771773820506, 401.83821714884385, 358.7287328273709, 410.0686698237413, 380.12790978210427, 412.263457203714, 404.8192678067966, 413.90954773869345, 437.7410785063864, 422.6132583355726, 495.4214143419381, 432.48980154544955, 552.485886221227, 441.8176479103333, 600.2225117356322, 446.6086956521739, 619.8260869565217, 446.95471641341953, 623.0, 48.0, 623.0, 43.112381525500226, 623.0, 45.88054761546562, 606.0449826989619, 47.95667218293967, 575.2491349480969, 49.02717391304348, 549.953125, 49.41779891304348, 527.6875, 51.37092391304348, 515.1875, 49.02717391304348, 506.984375, 49.02717391304348, 499.171875, 58.552309782608695, 463.27717391304344, 59.724184782608695, 443.74592391304344, 60.896059782608695, 430.07404891304344, 63.239809782608695, 408.58967391304344, 61.677309782608695, 397.26154891304344, 60.505434782608695, 388.66779891304344, 59.333559782608695, 360.54279891304344, 58.42934782608695, 312.7866847826087, 59.99184782608695, 281.5366847826087, 59.99184782608695, 273.7241847826087, 55.92344438240565, 276.0743842670133, 51.91109870339319, 279.4694459954084, 48.82467895030668, 287.1854953781247, 46.99984955619076, 299.905521287799, 44.57770422747104, 302.6736873777644, 39.733413570031594, 303.01970813901005, 39.04137204754024, 300.943583571536, 41.463517376259965, 296.09929291409657, 40.9333533925079, 290.42214532871975, 32.97487588385738, 283.5017301038062, 23.286294568978484, 277.61937716262975, 14.635775537836619, 274.15916955017303, 7.628704678802466, 270.25545358808483, 0.0, 266.4492252143824, 0.0, 67.82608695652173, 1.0759741236648122, 65.03625695802617, 3.1520986911388604, 63.65217391304348, 6.612306303595607, 64.6902361967805, 10.418534677298029, 62.61411162930645, 13.878742289754776, 60.5379870618324, 15.262825334737474, 59.15390401684971, 14.916804573491799, 50.50338498570784, 14.916804573491799, 47.73521889574244, 18.739280878591842, 44.1829396720325, 20.815405446065892, 41.06875282082142, 22.19948849104859, 37.95456596961035, 26.697758387242363, 37.95456596961035, 29.119903715962085, 40.030690537084396, 29.119903715962085, 41.4147735820671, 38.4624642695953, 42.10681510455844, 47.45900406198284, 42.45283586580412, 51.26523243568526, 37.95456596961035, 59.105160222656835, 30.95832706484128, 63.60343011885061, 28.53618173612156, 66.371596208816, 26.806077929893185, 71.9079283887468, 26.806077929893185, 76.40619828494057, 28.882202497367235, 81.59650970362569, 34.7645554385437, 84.01865503234541, 36.148638483526405, 90.24702873476755, 36.49465924477208, 94.74529863096133, 33.38047239356101, 102.35775537836616, 28.190160974875884, 106.85602527455994, 24.72995336241914, 113.36061381074168, 22.94027380773281, 122.7031743643749, 22.94027380773281, 124.0872574093576, 23.978336091469835]], "scale": 3, "viewpoint": 2, "zoom_in": 2, "landmarks": [236, 45, 1, 119, 27, 2, 172, 51, 2, 245, 62, 2, 311, 61, 2, 334, 30, 2, 28, 41, 2, 0, 0, 0, 0, 0, 0, 46, 298, 2, 67, 249, 1, 78, 214, 1, 62, 254, 2, 62, 444, 2, 0, 0, 0, 0, 0, 0, 0, 0, 0, 415, 440, 2, 404, 261, 2, 397, 196, 1, 394, 238, 1, 408, 281, 1, 0, 0, 0, 0, 0, 0, 422, 38, 2], "style": 3, "bounding_box": [0, 19, 466, 623], "category_id": 1, "occlusion": 2, "category_name": "short sleeve top"}}