{"source": "user", "pair_id": 382, "item1": {"segmentation": [[235.90785442180584, 87.31942285137589, 226.1971106201528, 88.55909227286351, 216.48636681849982, 92.69132367782224, 209.87479657056585, 93.51776995881399, 204.36348408710208, 94.92406476828592, 199.0301507537687, 94.92406476828592, 190.58570630932422, 94.92406476828592, 180.8079285315464, 94.92406476828592, 170.14126186487968, 95.81295365717482, 162.14126186487962, 96.25739810161926, 151.91903964265737, 98.92406476828594, 139.47459519821285, 105.59073143495264, 123.58347292015634, 113.30262423227248, 115.5834729201563, 118.19151312116139, 112.02791736460073, 122.1915131211614, 110.69458403126738, 127.96929089893922, 108.0279173646007, 139.96929089893928, 106.25013958682291, 148.4137353433838, 105.80569514237847, 155.08040201005048, 103.13902847571178, 163.08040201005053, 103.13902847571178, 173.74706867671725, 103.58347292015623, 179.52484645449505, 103.58347292015623, 187.08040201005065, 101.361250697934, 194.1915131211618, 100.02791736460065, 202.6359575656063, 100.47236180904511, 214.63595756560636, 100.91680625348955, 225.3026242322731, 100.91680625348955, 237.30262423227316, 99.58347292015621, 246.19151312116207, 96.02791736460064, 255.9692908989399, 96.02791736460064, 263.0804020100511, 96.02791736460064, 269.30262423227333, 97.37911781127859, 271.2467895030709, 98.71245114461193, 274.80234505862643, 100.04578447794528, 285.46901172529317, 100.04578447794528, 294.3579006141821, 98.26800670016748, 301.4690117252933, 99.15689558905638, 312.5801228364044, 102.2680067001675, 320.5801228364045, 102.2680067001675, 331.6912339475156, 102.2680067001675, 337.9134561697379, 99.60134003350082, 343.6912339475157, 97.82356225572303, 348.5801228364046, 93.37911781127856, 354.8023450586269, 92.04578447794523, 363.24678950307134, 88.81742043551091, 397.2071468453378, 85.70630932439978, 418.98492462311566, 86.15075376884424, 428.31825795644903, 86.15075376884424, 436.3182579564491, 85.70630932439978, 445.65159128978246, 85.26186487995534, 452.3182579564492, 81.70630932439977, 459.8738135120048, 77.2618648799553, 468.31825795644926, 74.59519821328861, 473.2071468453382, 73.70630932439973, 479.8738135120049, 73.70630932439973, 487.4293690675605, 74.59519821328861, 495.873813512005, 75.25125628140707, 499.35957565605804, 77.02903405918487, 505.5817978782803, 77.02903405918487, 511.80402010050256, 75.25125628140707, 518.0262423227248, 75.25125628140707, 524.2484645449471, 75.25125628140707, 530.4706867671694, 77.02903405918487, 538.0262423227249, 79.69570072585154, 548.2484645449472, 82.36236739251822, 556.2484645449473, 85.9179229480738, 563.3595756560584, 89.91792294807382, 569.1373534338362, 93.47515354550531, 577.6259073143494, 95.69737576772754, 584.2925739810162, 97.91959798994978, 593.6259073143495, 101.47515354550535, 604.2925739810163, 105.47515354550536, 610.9592406476829, 112.14182021217208, 619.4036850921275, 117.32216638749303, 622.0, 301.58626465661644, 622.0, 303.49916247906197, 617.7627024008933, 303.49916247906197, 610.6515912897822, 303.49916247906197, 603.0960357342266, 303.49916247906197, 598.6515912897821, 303.49916247906197, 591.540480178671, 303.49916247906197, 584.8738135120043, 303.49916247906197, 576.4293690675598, 303.49916247906197, 568.4293690675597, 303.05471803461757, 561.3182579564486, 303.05471803461757, 556.8738135120042, 302.6102735901731, 546.2071468453374, 304.83249581239534, 540.4293690675596, 309.2769402568398, 530.6515912897818, 311.9436069235065, 524.4293690675595, 314.1658291457287, 519.0960357342261, 323.0547180346176, 507.09603573422606, 329.2769402568399, 486.2071468453371, 337.7213847012844, 472.87381351200366, 343.94360692350665, 459.9849246231147, 349.55220547180335, 445.9022892238975, 353.9966499162478, 431.2356225572308, 358.8855388051367, 422.34673366834187, 363.77442769402563, 412.1245114461196, 367.7744276940257, 405.01340033500844, 370.88553880513683, 400.1245114461195, 373.9966499162479, 398.79117811278616, 375.3299832495813, 400.1245114461195, 377.5522054718035, 401.9022892238973, 383.32998324958135, 397.0134003350084, 385.5522054718036, 394.3467336683417, 390.8855388051369, 390.79117811278616, 395.3299832495814, 388.56895589056387, 400.6633165829148, 385.90228922389724, 409.5522054718037, 383.23562255723056, 420.66331658291483, 381.0134003350083, 435.3299832495816, 381.0134003350083, 445.9966499162483, 382.34673366834164, 454.8855388051373, 384.1245114461194, 461.552205471804, 387.680067001675, 467.0, 391.23562255723056, 467.0, 190.35120044667786, 467.0, 183.47124511446123, 464.37855946398673, 177.69346733668343, 453.71189279732005, 174.58235622557228, 443.9341150195422, 175.4712451144612, 440.3785594639866, 174.13791178112785, 435.04522613065325, 165.2490228922389, 430.6007816862088, 161.24902289223888, 415.04522613065313, 151.47124511446106, 397.7118927973197, 140.36013400334988, 392.37855946398633, 134.58235622557208, 391.045226130653, 130.58235622557206, 391.4896705750975, 126.58235622557203, 391.9341150195419, 99.91568955890521, 390.5762144053603, 96.5667225013959, 383.46510329424916, 94.34450027917366, 374.13176996091573, 93.01116694584032, 367.46510329424905, 92.12227805695143, 358.57621440536013, 92.12227805695143, 355.02065884980453, 92.12227805695143, 351.465103294249, 93.01116694584032, 354.1317699609156, 97.90005583472924, 355.90954773869345, 101.45561139028482, 360.79843662758236, 107.23338916806262, 361.6873255164712, 109.01116694584042, 345.2428810720267, 117.90005583472934, 320.79843662758213, 132.12227805695164, 302.13176996091534, 141.01116694584059, 279.909547738693, 151.23338916806287, 274.1317699609152, 154.34450027917399, 271.46510329424854, 159.67783361250736, 271.46510329424854, 163.23338916806293, 268.21049692909, 166.27303182579558, 258.8771635957566, 171.16192071468453, 252.2104969290899, 172.49525404801784, 247.76605248464546, 173.82858738135118, 242.43271915131209, 177.38414293690676, 229.5438302624231, 193.8285873813513, 221.54383026242309, 204.05080960357358, 223.74483528754888, 189.7520938023451, 223.30039084310442, 178.64098269123392, 223.30039084310442, 169.75209380234497, 220.63372417643777, 164.86320491345606, 217.52261306532662, 160.86320491345603, 213.07816862088217, 154.19653824678932, 212.18927973199325, 148.41876046901152, 217.0781686208822, 136.8632049134559, 219.30039084310442, 127.08542713567806, 220.20537508296266, 100.12934020674795, 243.7590940912274, 90.211984834847]], "scale": 3, "viewpoint": 2, "zoom_in": 2, "landmarks": [300, 95, 1, 245, 92, 1, 216, 126, 2, 226, 200, 2, 310, 143, 2, 388, 98, 2, 112, 123, 2, 0, 0, 0, 0, 0, 0, 0, 0, 0, 0, 0, 0, 0, 0, 0, 98, 264, 2, 89, 404, 2, 75, 518, 2, 0, 0, 0, 0, 0, 0, 321, 512, 2, 365, 400, 2, 0, 0, 0, 0, 0, 0, 372, 379, 2, 0, 0, 0, 0, 0, 0, 461, 189, 2], "style": 2, "bounding_box": [64, 68, 467, 622], "category_id": 1, "occlusion": 1, "category_name": "short sleeve top"}}