{"source": "user", "pair_id": 392, "item1": {"segmentation": [[185.76806180973477, 239.98392188462645, 153.0082191780822, 235.92328767123286, 144.46027397260272, 238.2452054794519, 141.4602739726027, 247.245205479452, 129.21027397260252, 245.495205479452, 112.2102739726023, 242.74520547945195, 97.60821917808227, 245.5595890410958, 90.10821917808218, 253.0595890410959, 84.3582191780821, 258.309589041096, 68.8582191780819, 262.55958904109605, 54.916438356164356, 268.8246575342465, 42.6664383561642, 278.0746575342466, 28.934246575342527, 291.904109589041, 21.93424657534244, 298.6541095890411, 17.68424657534238, 300.1541095890411, 16.684246575342367, 306.90410958904124, 8.87876712328772, 315.8308219178083, 4.378767123287661, 318.0808219178083, 3.628767123287651, 322.83082191780835, 0.3787671232876084, 327.8308219178084, 0.759071847917169, 375.3795918367347, 13.16723511322348, 379.6244897959184, 34.06519429689727, 394.31836734693906, 49.412133072407705, 408.68571428571477, 55.942745317305764, 418.48163265306187, 53.33050041934654, 425.66530612244975, 48.10601062342809, 432.5224489795927, 54.63662286832615, 435.46122448979685, 62.47335756220382, 436.7673469387764, 67.04478613363247, 425.01224489795993, 71.07274252166621, 415.85239027117706, 74.84315068493156, 405.55136986301363, 79.09315068493162, 398.5513698630135, 82.84315068493167, 401.5513698630136, 86.84315068493171, 402.5513698630136, 88.84315068493174, 417.8013698630138, 90.34315068493177, 431.301369863014, 91.34315068493177, 446.80136986301414, 91.09315068493177, 464.55136986301443, 91.25342465753425, 471.54726027397237, 97.50342465753434, 480.7972602739725, 95.50342465753431, 490.2972602739726, 96.00342465753432, 504.79726027397277, 95.75342465753432, 517.5472602739729, 92.75342465753428, 529.2972602739732, 90.66506849315078, 545.8260273972601, 90.66506849315078, 565.8260273972603, 88.91506849315077, 581.0760273972605, 84.93150684931517, 592.3068493150681, 82.93150684931516, 606.3068493150683, 76.43150684931507, 616.3068493150685, 63.43150684931489, 623.0, 116.43150684931558, 623.0, 229.0849315068493, 623.0, 378.0845049059109, 621.7228231502113, 375.31633881594547, 604.0757643266816, 370.12602739726026, 580.2003318007297, 368.04990282978616, 559.7851068872345, 371.510110442243, 541.4460065412135, 378.77654642840224, 520.338740105227, 390.1952315495097, 500.6155567142232, 400.9218751481258, 487.8127885481331, 415.28789875337725, 469.1167085367583, 432.2429160544156, 478.4592690903917, 441.9314973692946, 484.6876427928139, 445.39170498175145, 499.22051476513246, 458.1944731478416, 504.7568469450634, 467.0, 515.0759254870362, 467.0, 458.04404417689653, 467.0, 405.10286770630745, 467.0, 332.53558325828317, 461.36474380243624, 322.09341612551526, 449.9460586813288, 306.86850263070534, 445.44778878513495, 298.2179835995633, 433.68308290278185, 286.79929847845585, 420.53429397544596, 281.60898705977064, 392.1605915533002, 274.3425510736114, 371.3993458785594, 270.88234346115456, 356.8664739062408, 272.95846802862866, 342.60984974166945, 262.3398587476891, 332.9212684267904, 257.1495473290039, 319.0804379769632, 253.6893397165471, 326.34687396312245, 258.8796511352323, 325.65483244063114, 269.2602739726027, 321.50258330568295, 281.02497985495586, 314.23614731952364, 297.63397639474846, 304.8935867658903, 312.85888988955844, 293.47490164478285, 327.391761861877, 279.1936673460684, 342.7520879745935, 266.73691994122396, 353.82475233445524, 252.20404796890537, 364.89741669431703, 241.47740437028926, 370.7797696354936, 225.56044935298797, 374.2399772479504, 216.5639095606003, 368.7036450680195, 205.14522443949286, 361.4372090818602, 196.49470540835085, 347.596378632033, 187.1521448547175, 326.8351329572922, 182.30785419727795, 314.3783855524477, 181.26979191354093, 291.5410153102328, 181.9618334360323, 276.3161018154229, 182.9998957197693, 254.51679385694504]], "scale": 3, "viewpoint": 2, "zoom_in": 2, "landmarks": [254, 254, 1, 186, 241, 1, 183, 315, 2, 225, 374, 2, 294, 327, 2, 325, 257, 2, 98, 246, 2, 38, 284, 2, 0, 0, 0, 63, 436, 2, 71, 416, 2, 82, 401, 2, 90, 431, 2, 93, 529, 2, 0, 0, 0, 0, 0, 0, 0, 0, 0, 371, 542, 2, 409, 481, 2, 416, 474, 2, 446, 499, 2, 0, 0, 0, 0, 0, 0, 0, 0, 0, 431, 286, 2], "style": 1, "bounding_box": [0, 231, 467, 623], "category_id": 1, "occlusion": 1, "category_name": "short sleeve top"}}