{"source": "user", "pair_id": 399, "item1": {"segmentation": [[207.42786596119933, 35.933686067019366, 202.18095238095242, 49.82257495590821, 196.6253968253969, 55.686772486772384, 188.81869488536145, 56.289947089947205, 174.92980599647262, 56.59858906525584, 166.90511463844794, 55.055379188712635, 161.9668430335097, 53.203527336860795, 154.25079365079367, 53.51216931216943, 134.189065255732, 56.289947089947205, 120.91746031746045, 56.59858906525584, 114.74462081128763, 58.141798941799046, 109.80634920634938, 63.0800705467373, 102.70758377425065, 69.8701940035274, 95.60881834215189, 72.33932980599653, 85.11499118165811, 73.57389770723108, 80.17671957671986, 72.64797178130517, 71.44973544973548, 71.45255731922397, 66.20282186948859, 70.21798941798941, 63.42504409171082, 71.45255731922397, 60.95590828924169, 72.99576719576717, 57.252204585537996, 73.9216931216931, 56.32627865961207, 76.69947089947087, 56.32627865961207, 83.79823633156961, 56.94356261022936, 96.14391534391524, 55.40035273368615, 97.06984126984116, 39.96825396825411, 102.93403880070534, 30.279012345678943, 105.42680776014113, 19.78518518518515, 107.58730158730162, 13.920987654320971, 107.58730158730162, 9.6, 107.58730158730162, 7.748148148148154, 110.05643738977075, 0.0, 112.52557319223988, 0.0, 205.81763668430335, 4.526278659611984, 204.5830687830688, 11.933686067019366, 203.9657848324515, 16.87195767195762, 203.9657848324515, 21.192945326278593, 203.65714285714287, 25.513932980599566, 201.80529100529102, 26.74850088183413, 201.80529100529102, 24.89664902998228, 214.4596119929453, 25.513932980599566, 231.1262786596119, 30.14356261022918, 245.01516754850076, 37.859611992945204, 263.2250440917106, 44.34109347442666, 276.4966490299821, 47.736155202821706, 288.8423280423278, 53.29171075837725, 300.26208112874747, 57.92134038800686, 311.37319223985855, 60.824691358024666, 322.7326278659612, 64.21975308641971, 338.16472663139325, 70.08395061728389, 358.2264550264549, 74.71358024691351, 385.69559082892397, 78.10864197530856, 409.4610229276893, 80.09171075837743, 427.8186948853616, 80.70899470899471, 446.9544973544973, 80.70899470899471, 468.5594356261022, 79.78306878306879, 492.9421516754848, 80.09171075837743, 514.8557319223983, 79.50934744268076, 537.0148148148149, 78.2747795414462, 549.9777777777778, 74.57107583774251, 571.2740740740741, 70.25008818342154, 587.0148148148147, 72.10194003527339, 591.9530864197529, 77.96613756613756, 591.0271604938271, 85.91957671957672, 596.6384479717814, 100.11710758377421, 602.1940035273369, 124.1911816578482, 606.2063492063492, 140.8578483245148, 606.2063492063492, 161.53686067019373, 606.2063492063492, 180.0553791887122, 605.2804232804233, 192.40105820105782, 604.3544973544973, 198.27336860670198, 602.5696649029983, 205.68077601410937, 600.7178130511464, 214.63139329805995, 599.4832451499119, 226.3597883597883, 600.7178130511464, 245.18694885361538, 606.8906525573193, 268.3350970017635, 611.5202821869489, 279.1375661375659, 612.4462081128748, 298.27336860670164, 612.7548500881835, 312.4708994708991, 613.063492063492, 329.8299823633157, 612.5481481481481, 347.1139329805996, 612.2395061728395, 365.3238095238094, 611.6222222222223, 377.6694885361551, 610.079012345679, 390.63245149911796, 609.7703703703704, 402.0522045855377, 608.8444444444444, 411.91040564373895, 607.7132275132276, 425.18201058201055, 607.0959435626103, 438.76225749559075, 605.8613756613757, 440.61410934744254, 601.2317460317461, 442.4659611992944, 590.120634920635, 442.1573192239858, 578.083597883598, 442.77460317460304, 569.7502645502647, 444.0091710758376, 562.3428571428574, 444.31781305114623, 553.0835978835981, 446.7869488536154, 539.1947089947092, 449.56472663139317, 520.6761904761909, 450.7992945326277, 507.7132275132279, 452.34250440917094, 495.67619047619087, 451.3019400352734, 490.4239858906526, 450.9932980599648, 486.41164021164025, 454.07971781305116, 479.00423280423286, 456.85749559082893, 469.7449735449736, 459.01798941798944, 459.25114638447985, 463.95626102292766, 441.04126984127004, 466.42539682539683, 429.93015873015895, 467.0, 424.3746031746034, 467.0, 77.31675485008815, 458.6116402116401, 74.53897707231039, 453.05608465608464, 71.76119929453262, 444.41410934744266, 70.52663139329805, 439.1671957671958, 67.74885361552029, 434.53756613756616, 64.97107583774252, 428.0560846560847, 63.42786596119931, 417.87089947089953, 61.26737213403882, 408.6116402116403, 60.3414462081129, 404.90793650793665, 59.72416225749562, 400.27830687830703, 52.31675485008824, 395.34003527336876, 46.143915343915424, 395.03139329806015, 45.2179894179895, 390.40176366843053, 40.27971781305124, 382.0684303350972, 37.81058201058212, 378.9820105820108, 37.19329805996483, 372.1918871252207, 40.89700176366853, 369.1054673721343, 47.06984126984135, 363.7664902998237, 49.340740740740685, 360.3714285714287, 42.55061728395059, 352.9640211640213, 34.834567901234564, 349.5689594356262, 30.51358024691359, 346.17389770723116, 28.97037037037039, 334.7541446208115, 32.36543209876544, 325.1862433862436, 32.36543209876544, 316.54426807760166, 35.45185185185185, 306.66772486772516, 39.77283950617282, 294.3220458553795, 40.69876543209874, 280.4331569664906, 41.007407407407385, 266.7805996472663, 40.560493827160485, 261.5336860670194, 39.01728395061728, 253.2003527336861, 35.93086419753087, 244.86701940035277, 33.77037037037039, 240.54603174603182, 32.84444444444446, 234.6818342151676, 31.6098765432099, 228.5089947089948, 29.449382716049413, 222.64479717813063, 28.52345679012349, 215.54603174603187, 27.90617283950621]], "scale": 3, "viewpoint": 1, "zoom_in": 2, "landmarks": [282, 43, 2, 214, 31, 2, 238, 63, 2, 272, 83, 2, 320, 58, 2, 346, 31, 2, 119, 58, 2, 60, 97, 2, 0, 0, 0, 0, 0, 0, 14, 204, 2, 24, 203, 2, 29, 236, 2, 78, 395, 2, 73, 586, 2, 258, 609, 2, 442, 604, 2, 0, 0, 0, 0, 0, 0, 0, 0, 0, 0, 0, 0, 0, 0, 0, 0, 0, 0, 0, 0, 0, 438, 68, 2], "style": 3, "bounding_box": [1, 26, 467, 618], "category_id": 1, "occlusion": 1, "category_name": "short sleeve top"}}