{"source": "user", "pair_id": 392, "item1": {"segmentation": [[161.34784580498868, 227.15646258503403, 154.7718820861678, 228.2902494331066, 137.53832199546486, 232.1451247165533, 124.83990929705215, 232.82539682539684, 108.28662131519273, 237.8140589569161, 97.14829931972791, 241.48571428571427, 88.98503401360546, 244.88707482993198, 83.54285714285716, 250.10249433106577, 74.47256235827666, 254.18412698412698, 70.16417233560092, 256.2249433106576, 63.58820861678005, 262.8009070294785, 60.41360544217687, 268.0163265306123, 53.384126984126986, 277.3133786848073, 47.26167800453515, 291.82585034013607, 44.08707482993197, 317.902947845805, 42.49977324263038, 331.05487528344673, 39.92752613240418, 341.65704087702903, 34.93050055239229, 364.0246791875585, 32.07505736381406, 369.73556556471493, 23.508727798079377, 385.9164102999915, 27.315985382850346, 398.2899974504972, 37.78594374097052, 419.7058213648339, 54.20474207529532, 437.3143876943996, 64.6747004334155, 447.0704852553753, 72.28921560295743, 450.8777428401462, 75.62056598963203, 471.81765955638656, 81.69722104189684, 517.8805812866491, 89.14285714285715, 573.2571428571429, 90.71020408163264, 604.0489795918368, 90.12244897959184, 623.0, 376.904903543809, 623.0, 379.2844395342908, 621.3343248066627, 376.904903543809, 608.960737656157, 375.2392283504717, 590.4003569303986, 376.4289963457126, 581.5960737656158, 379.76034673238723, 573.5056513979774, 381.6639755247727, 566.1290898274837, 382.8537435200136, 556.6109458655562, 383.56760431715816, 551.6139202855443, 385.4712331095437, 544.9512195121952, 387.6128155009773, 538.0505651397978, 389.0405370952665, 533.0535395597858, 389.70677240947515, 527.4558071585099, 391.75206094125014, 521.3199415631848, 394.089533548993, 520.7355734112491, 393.21298132108944, 524.8261504747991, 392.9207972451216, 529.7932797662527, 393.50516539705734, 531.8385682980277, 395.2582698528645, 535.3447772096421, 399.93321506835025, 541.772826880935, 399.0566628404467, 553.1680058436815, 401.10195137222166, 563.1022644265887, 404.0237921319003, 569.2381300219138, 403.73160805593244, 579.7567567567568, 409.5752895752896, 577.4192841490138, 428.85943858916835, 570.9912344777209, 452.13015873015877, 564.8511463844798, 467.0, 561.4560846560846, 467.0, 313.72442941673705, 467.0, 310.6612244897959, 461.48571428571427, 308.0489795918367, 454.30204081632655, 308.0489795918367, 446.1387755102041, 301.1918367346939, 427.52653061224487, 292.70204081632653, 406.62857142857143, 279.9673469387755, 378.8734693877551, 262.334693877551, 349.48571428571427, 247.64081632653057, 341.9755102040816, 242.41632653061222, 336.0979591836734, 241.11020408163262, 334.79183673469385, 248.2938775510204, 325.55102040816325, 259.42857142857144, 313.46938775510205, 271.8367346938776, 299.42857142857144, 284.24489795918373, 284.0816326530612, 295.34693877551024, 272.9795918367347, 301.8775510204082, 246.85714285714283, 313.30612244897964, 225.63265306122446, 320.8163265306123, 212.57142857142856, 324.7346938775511, 198.53061224489792, 325.7142857142858, 180.57142857142853, 321.1428571428572, 163.39591836734695, 310.0734693877551, 152.9469387755102, 296.0326530612245, 150.33469387755102, 277.74693877551016, 156.86530612244897, 252.93061224489793, 163.06938775510204, 233.66530612244895, 169.1807760768957, 224.65145705131465]], "scale": 3, "viewpoint": 2, "zoom_in": 2, "landmarks": [246, 240, 1, 169, 225, 1, 150, 278, 2, 199, 327, 2, 284, 296, 2, 336, 242, 2, 61, 268, 2, 43, 331, 2, 24, 386, 2, 72, 451, 2, 71, 414, 2, 68, 380, 2, 73, 431, 2, 90, 622, 1, 0, 0, 0, 0, 0, 0, 0, 0, 0, 0, 0, 0, 389, 516, 2, 380, 483, 2, 396, 533, 2, 404, 579, 2, 0, 0, 0, 0, 0, 0, 0, 0, 0], "style": 1, "bounding_box": [19, 226, 467, 623], "category_id": 1, "occlusion": 1, "category_name": "short sleeve top"}}