{"source": "user", "pair_id": 392, "item1": {"segmentation": [[267.42857142857144, 172.72985973706196, 254.62463175482566, 171.4987116915095, 242.31315129930087, 170.760022864178, 220.64494569757724, 170.267563645957, 205.6556213017752, 169.2189349112426, 194.41301775147932, 169.36686390532543, 190.56686390532548, 170.4023668639053, 186.2769230769231, 172.32544378698225, 181.54319526627222, 173.36094674556213, 176.0698224852071, 177.50295857988164, 171.33609467455622, 182.68047337278105, 163.9396449704142, 195.9940828402367, 148.70295857988165, 223.06508875739647, 140.41893491124262, 233.8639053254438, 136.7207100591716, 242.44378698224855, 134.9455621301775, 248.36094674556216, 125.97261200338124, 265.93389687235845, 118.28030431107355, 279.09957734573123, 115.32172442941675, 284.1291631445478, 115.46965342349958, 285.90431107354186, 120.20338123415047, 293.3007607776839, 131.15012679628066, 302.62028740490285, 145.35131022823333, 307.64987320371944, 154.9840830449827, 308.7831273685945, 154.67650903498654, 312.7815894985445, 153.5845410628022, 324.28140096618336, 116.77898550724653, 382.6147342995169, 80.66787439613532, 428.4480676328504, 56.36231884057969, 440.253623188406, 39.001207729468526, 449.28140096618375, 27.79588088678998, 451.445572609209, 20.08238226420045, 454.75135773317595, 23.38816738816739, 466.8725698543881, 29.632428177882726, 476.42261576807033, 66.36337399973763, 505.80737242555426, 74.44418208054572, 507.27661025842843, 79.32541141930002, 509.94607123541687, 86.89707177624972, 512.5420690720854, 89.70940276597389, 515.7870663679209, 95.11773159236654, 519.4647299698679, 108.09772077570888, 527.2527234798733, 122.59204203044116, 534.175384377656, 133.84136598933787, 538.9347137448815, 155.25834814185274, 548.0207061732211, 168.6710036313065, 554.0780344587808, 180.56932704937032, 555.5923665301708, 190.95331839604415, 554.727033917948, 193.98198253882407, 560.7843622035077, 196.79431352854823, 562.7313605810091, 203.74639573514642, 562.2072162558914, 210.4527234798733, 563.937881480337, 219.75504906126864, 571.293208684231, 234.03303716294522, 576.2688712045122, 244.84969481573052, 577.134203816735, 251.9886888665688, 576.4852043575679, 259.99301552962993, 573.2402070617323, 264.1033454376883, 569.5625434597853, 264.53601174379975, 566.3175461639497, 264.75234489685545, 564.1542146333927, 266.9156764274125, 562.423549408947, 266.05034381518965, 555.5008885111645, 268.86267480491387, 553.3375569806074, 267.997342192691, 543.8188982461563, 266.05034381518965, 540.7902341033764, 266.4830101213011, 537.5452368075408, 271.4586726415823, 534.3002395117053, 275.78533570269644, 531.2715753689254, 280.97733137603336, 527.3775786139227, 287.89999227381594, 522.8345823997529, 291.14498956965156, 516.5609209611374, 292.49330139843937, 510.0206134590126, 298.1179633778877, 499.420288959283, 302.0119601328904, 495.3099590512246, 306.5549563470602, 489.4689639187206, 313.6939503978985, 484.92596770455077, 318.2369466120683, 479.5176388781581, 320.4002781426254, 475.62364212315543, 324.0779417445724, 473.4603105925984, 335.9762651626362, 466.7539828478715, 343.76425867264163, 459.6149887970332, 345.27859074403153, 454.85565942980764, 348.95625434597855, 444.4716680831338, 351.9849184887584, 437.98167349146263, 356.0952483968168, 434.0876767364599, 361.28724407015375, 431.92434520590285, 366.04657343737927, 428.03034845090014, 373.4019006412733, 422.1893533183961, 375.34889901877466, 417.6463571042263, 375.99789847794176, 424.5690180020089, 374.91623271266326, 432.14067835895855, 371.67123541682764, 439.71233871590823, 370.3732364984934, 445.5533338484123, 373.1855674882176, 446.63499961369087, 376.86323109016456, 443.39000231785525, 382.70422622266864, 442.09200339952105, 394.5822761338176, 440.7465348064591, 406.91326585799277, 442.0445337247934, 431.3589121532875, 446.5875299389632, 447.80023178552113, 455.45718921424714, 459.9148883566407, 463.6778490303639, 464.8905508769219, 471.46584254036935, 465.7558834891447, 475.79250560148347, 464.8905508769219, 478.60483659120763, 467.0, 478.38850343815193, 467.0, 292.4444180169467, 467.0, 287.6772409692285, 464.0084656084656, 284.3118165784832, 460.25537918871254, 280.7562610229277, 457.2924162257496, 277.59576719576717, 450.57636684303355, 274.23774250440914, 449.39118165784834, 269.89206349206347, 447.41587301587305, 264.55873015873016, 438.3294532627866, 252.50934744268076, 429.2430335097002, 239.8673721340388, 422.3294532627866, 234.1389770723104, 413.6380952380953, 228.80564373897707, 400.2059964726632, 222.08959435626102, 388.7548500881834, 214.8063492063492, 377.69312169312167, 210.06560846560848, 376.90299823633154, 216.38659611992946, 373.1499118165785, 229.02857142857144, 363.2733686067019, 243.25079365079367, 352.0141093474427, 253.52239858906526, 341.347442680776, 261.0285714285714, 327.1252204585538, 266.3619047619048, 294.68218694885365, 272.05643738977074, 283.62045855379193, 271.0687830687831, 271.0885361552028, 270.18271604938275, 264.0649029982364, 266.92063492063494, 244.95520282186953, 254.4536155202822, 237.6465608465609, 245.16966490299822, 236.65890652557323, 236.08324514991182, 238.97848324514996, 228.59964726631398, 240.5587301587302, 221.88359788359793, 247.86737213403887, 208.8465608465609, 254.25044091710762, 200.29911816578485, 259.58377425044097, 190.42257495590832, 263.5343915343916, 182.52134038800708, 266.89241622574957, 177.97813051146386, 271.9838191971156, 172.48363012795147]], "scale": 3, "viewpoint": 2, "zoom_in": 2, "landmarks": [321, 193, 1, 272, 173, 2, 239, 229, 2, 271, 271, 2, 342, 263, 2, 378, 211, 2, 194, 170, 2, 149, 223, 2, 116, 286, 2, 158, 310, 1, 164, 294, 1, 168, 277, 1, 158, 299, 2, 108, 374, 1, 21, 455, 2, 123, 534, 2, 265, 573, 2, 315, 487, 2, 361, 432, 2, 375, 418, 2, 375, 431, 2, 371, 445, 2, 0, 0, 0, 0, 0, 0, 0, 0, 0], "style": 1, "bounding_box": [16, 166, 467, 583], "category_id": 1, "occlusion": 2, "category_name": "short sleeve top"}}