{"source": "user", "pair_id": 421, "item1": {"segmentation": [[188.82454432242724, 75.34348465979848, 200.39479225631155, 79.26910449450924, 217.5435525868901, 84.22778218045966, 236.75842861994798, 86.50050945318694, 255.56008151250998, 81.33522019698857, 268.3699988678819, 76.16993094079022, 275.2481829503, 75.20174346201745, 282.8928110494736, 78.71414015623233, 289.0911581569116, 81.40009056945547, 300.66140609079594, 86.77199139590176, 318.6366127023662, 90.49099966036458, 332.27297633872985, 93.79678478433152, 356.87453866183625, 98.77128948262198, 376.0894146948941, 103.52335559832447, 386.6266047775388, 107.65558700328315, 399.2299105626628, 115.50682667270465, 425.6761915543983, 126.25062832559723, 452.53569568662977, 141.1266613834485, 467.0, 148.9125099060342, 467.0, 229.07779916223265, 467.0, 278.78458055020945, 460.44259028642585, 275.27218385599457, 454.8640778897317, 270.72672931054, 447.42606136080605, 262.66887807087056, 436.47564813766553, 248.41267972376312, 434.4095324351862, 250.06557228574658, 431.93019359221097, 255.23086154194493, 427.59135061700437, 258.53664666591186, 427.17812747650845, 261.84243178987884, 430.8971357409713, 269.4870598890524, 432.96325144345064, 283.7432582361599, 437.30209441865725, 320.10689459979625, 441.227714253368, 340.1482169138459, 445.59490546813083, 370.1135061700441, 447.8676327408581, 393.46061360806067, 450.1403600135854, 412.8821012113665, 455.0990376995358, 430.6506962526888, 458.6114343937507, 443.6672251783087, 461.7106079474697, 465.36144005434176, 467.0, 507.88585984376766, 467.0, 623.0, 383.1157024793387, 623.0, 37.33947696139476, 622.8252009509793, 0.0, 623.0, 0.0, 540.3553719008263, 0.0, 523.851126457602, 3.0343031812521213, 509.80153968074256, 6.546699875467002, 495.1321181931392, 7.992980867202542, 480.87591984603176, 12.125212272161225, 456.2891429865276, 19.182180459639977, 420.3119438469376, 23.31441186459866, 389.94004302049126, 27.033420129061476, 360.3945884750367, 29.925982112532555, 326.0970678138796, 32.3322766896864, 283.0580323785802, 34.605003962413676, 274.79356956866286, 37.70417751613269, 267.5621646099852, 43.07607834257898, 262.19026378353885, 38.32401222687649, 264.0497679157703, 33.57194611117401, 266.32249518849756, 24.894260160760773, 268.3886108909769, 13.121747990490212, 271.091429865278, 0.0, 277.07499150911354, 0.0, 149.20416619495074, 8.142895958338059, 144.45210007924825, 21.159424883957914, 138.46036454205816, 36.86190422280091, 129.78267859164492, 49.67182157817283, 121.72482735197549, 58.34950752858607, 116.76614966602509, 65.99413562775963, 115.1132571040416, 78.18421827238775, 114.08019925280193, 81.01521566851581, 111.9862560851353, 82.87471980074722, 109.71352881240801, 88.24662062719351, 108.88708253141628, 95.68463715611914, 107.44080153968073, 104.77554624702825, 103.30857013472206, 114.48629004868116, 98.96972715951544, 127.29620740405306, 93.80443790331708, 142.99868674289607, 89.6722064983584, 171.16934223932975, 82.66810823049929, 179.43380504924713, 78.94909996603647]], "scale": 3, "viewpoint": 1, "zoom_in": 2, "landmarks": [233, 85, 2, 189, 79, 2, 191, 120, 2, 232, 142, 2, 276, 117, 2, 280, 76, 2, 85, 110, 2, 44, 132, 2, 0, 0, 0, 0, 0, 0, 22, 272, 2, 45, 261, 2, 34, 280, 2, 19, 429, 2, 0, 0, 0, 0, 0, 0, 0, 0, 0, 455, 430, 2, 431, 272, 2, 433, 254, 2, 450, 266, 2, 0, 0, 0, 0, 0, 0, 426, 127, 2, 382, 105, 2], "style": 1, "bounding_box": [0, 70, 467, 623], "category_id": 1, "occlusion": 1, "category_name": "short sleeve top"}}