{"source": "user", "pair_id": 418, "item1": {"segmentation": [[119.27015979189892, 53.2961724266072, 144.1590486807879, 51.962839093273864, 167.71460423634352, 50.18506131549608, 189.04793756967692, 47.5183946488294, 195.7146042363436, 47.5183946488294, 200.1590486807881, 63.51839464882946, 201.4923820141214, 70.18506131549614, 214.38127090301032, 71.96283909327393, 226.82571534745483, 75.07395020438504, 239.71460423634375, 78.18506131549617, 251.7146042363438, 83.51839464882951, 263.7146042363438, 94.62950575994066, 277.49238201412163, 111.07395020438516, 290.825715347455, 124.85172798216298, 299.0, 134.18506131549634, 299.0, 166.62950575994088, 292.60349312523283, 168.85172798216314, 289.4923820141217, 178.6295057599409, 288.6034931252328, 191.51839464882985, 285.93682645856614, 194.62950575994097, 277.49238201412163, 191.07395020438543, 270.82571534745495, 185.29617242660763, 263.7146042363438, 183.51839464882983, 256.6034931252327, 183.96283909327428, 256.6034931252327, 195.07395020438543, 259.5183946488294, 221.04050538833138, 265.74061687105166, 271.7071720549982, 275.073950204385, 330.8182831661095, 282.943143812709, 373.2441471571906, 279.8320327015979, 376.3552582683017, 257.6098104793756, 376.3552582683017, 221.16536603493105, 378.1330360460795, 185.16536603493094, 376.3552582683017, 161.6098104793753, 376.3552582683017, 119.35191378669654, 376.364176885916, 82.90746934225199, 375.9197324414715, 48.68524712002966, 375.9197324414715, 27.7963582311407, 375.0308435525826, 32.24080267558516, 361.25306577480484, 34.90746934225184, 342.5863991081381, 40.240802675585186, 316.36417688591575, 44.2408026755852, 289.697510219249, 47.351913786696315, 271.03084355258227, 49.57413600891854, 250.14195466369335, 50.907469342251886, 227.4752879970266, 49.1296915644741, 192.36417688591538, 48.68524712002966, 177.25306577480424, 40.587142326272755, 183.07989594946113, 27.698253437383826, 180.41322928279445, 21.476031215161584, 176.41322928279445, 18.364920104050462, 163.5243403939055, 13.920475659606002, 157.7465626161277, 9.808992939427723, 156.47268673355634, 3.142326272761035, 146.69490895577854, 1.3645484949832518, 138.25046451133406, 2.253437383872143, 131.58379784466737, 10.253437383872168, 128.0282422891118, 14.253437383872182, 127.13935340022292, 17.808992939427746, 122.25046451133402, 27.586770717205553, 119.13935340022289, 36.475659606094474, 112.91713117800064, 43.5867707172056, 107.5837978446673, 52.92010405053897, 104.02824228911173, 67.14232627276124, 91.58379784466726, 83.1423262727613, 78.25046451133387, 94.25343738387244, 75.13935340022276, 104.92010405053914, 73.36157562244497, 116.47565960609474, 74.6949089557783, 114.69788182831695, 67.13935340022273, 116.47565960609474, 60.02824228911159]], "scale": 3, "viewpoint": 1, "zoom_in": 2, "landmarks": [158, 53, 2, 120, 55, 2, 133, 72, 2, 156, 95, 2, 182, 66, 2, 193, 49, 2, 67, 93, 2, 39, 113, 2, 3, 131, 2, 25, 180, 2, 39, 182, 2, 49, 177, 2, 49, 190, 2, 48, 270, 2, 30, 374, 2, 161, 376, 2, 282, 375, 2, 267, 270, 2, 255, 190, 2, 255, 181, 2, 270, 184, 2, 283, 194, 2, 0, 0, 0, 281, 117, 2, 251, 83, 2], "style": 2, "bounding_box": [1, 46, 299, 383], "category_id": 1, "occlusion": 1, "category_name": "short sleeve top"}}