{"source": "user", "pair_id": 418, "item1": {"segmentation": [[191.88236149483782, 5.312636323978481, 184.8880325723426, 14.95346808201241, 182.0524938199797, 21.569725170859222, 181.8634579031555, 27.051766758760866, 176.57045223207805, 28.942125927002813, 170.8993747273522, 33.28995201395929, 170.71033881052801, 36.692598516794796, 164.2831176385054, 41.41849643739966, 147.46182928602565, 50.211574814599366, 133.85124327468364, 55.50458048567682, 123.26523193252875, 58.52915515486393, 118.72836992874807, 57.96204740439135, 111.54500508942867, 54.37036498473165, 105.49585575105445, 53.61422131743487, 100.95899374727378, 55.88265231932521, 99.25767049585602, 61.74276574087524, 96.04405990984472, 66.09059182783172, 93.0194852406576, 65.52348407735914, 88.86214919296211, 68.74654645921176, 85.64853860695081, 69.50269012650854, 82.81299985458789, 68.17943870873918, 80.35553293587336, 67.6123309582666, 77.51999418351043, 67.80136687509079, 75.2515631816201, 71.01497746110209, 73.36120401337816, 73.85051621346501, 72.03795259560879, 76.49701904900374, 58.13072560709611, 89.41980514759338, 45.27628326305088, 108.51243274683705, 42.062672677039565, 119.47651592264033, 40.7394212592702, 123.63530609277262, 38.71019339828424, 140.0596190199213, 36.06369056274551, 140.8157626872181, 34.17333139450357, 143.27322960593264, 34.74043914497615, 147.05394794241653, 37.38694198051488, 148.3771993601859, 37.57597789733907, 148.94430711065849, 35.11851097862454, 151.7798458630214, 31.363090644027345, 170.30686333361913, 31.363090644027345, 173.7256667524225, 34.25592430609174, 166.88805991481578, 40.56756138695951, 158.99851356373105, 53.97979018380353, 152.68687648286328, 71.3367921561899, 149.2680730640599, 86.85289997998984, 150.58299745590736, 101.31706829031182, 154.52777063144973, 115.25526684389482, 165.57313552296833, 121.82988880313206, 176.09253065774794, 123.93376783008799, 188.97878969785296, 124.1967527084575, 196.8683360489377, 121.3039190463931, 205.0208672783919, 117.35914587085074, 213.4363833862156, 115.5182517222643, 232.8972643855579, 115.74001774622803, 261.8361204013365, 116.7196095829627, 271.6320387686833, 115.15173025732099, 318.4629718107983, 116.78438331854545, 335.4425636475328, 120.70275066548419, 344.58542079038983, 114.4986690328312, 364.5037881373283, 109.41457920961045, 380.80752167087513, 108.76151798512066, 389.62384820148725, 111.04723227083491, 397.4605828953647, 112.83524824652918, 407.5835082121799, 114.0039845504006, 414.01155788347273, 114.18518265169268, 421.0013900730708, 110.97115781604627, 427.7216238203315, 108.92586928427129, 430.64346458001006, 108.04931705636771, 436.779330175335, 110.38678966411057, 444.960484302435, 111.55552596798198, 448.46669321404926, 108.63368520830342, 458.1087677209885, 107.5569774976891, 469.0, 394.8848011891419, 469.0, 395.83778800989484, 448.7783933518008, 396.6688129406428, 427.72576177285373, 391.95869889474614, 393.16345343203113, 391.40468227424753, 380.14406285031384, 393.34374044599264, 361.8615143738598, 395.5598069279871, 355.76733154837507, 398.60689834072946, 326.9584672824475, 399.99193989197596, 304.24378584200457, 400.2806456303618, 250.67035044350715, 400.0916097135376, 234.7913334302748, 400.2806456303618, 219.10135233386663, 408.22015413697795, 227.04086084048282, 420.69652464737476, 238.38301584993448, 427.5018176530458, 244.8102370219571, 434.496146575541, 250.85938636033134, 432.59218036529694, 245.1827435312037, 429.64079147640797, 240.14802130898138, 427.9046803652968, 236.8494101978702, 425.99495814307454, 233.37718797564793, 425.4741248097412, 229.3841324200923, 428.0689254035184, 219.29038825069082, 432.9838592409474, 211.72895157772305, 444.62992583975586, 201.08404827686502, 452.35797525777986, 195.85666176759764, 451.6030802262685, 78.57029604855697, 446.46727775713276, 74.42214790040886, 438.96110491762664, 67.31103678929783, 433.0351789917008, 61.38511086337196, 432.4425863991082, 59.409802221396674, 428.9203930798134, 56.983690490936866, 419.2413807341345, 54.218258392171464, 406.9944671538877, 51.65035715760359, 389.8092819687027, 48.2923324662456, 377.75989925265344, 45.92196209587525, 372.22180932325847, 43.811676782691286, 367.08600685412273, 43.41661505429623, 359.9748957430117, 42.82402246170364, 355.82674759486355, 40.05859036293824, 349.50575994054265, 37.09562739997531, 344.76501919980194, 36.305503943185194, 336.46872290350575, 31.762294066642028, 331.7139435980015, 28.22341962921687, 327.39417851170583, 19.300533026755964, 318.40980351170595, 5.628658026756163, 313.28827573392834, 3.111296915645198, 313.28827573392834, 26.722408026755854, 311.2049424005951, 37.83351913786675, 306.34383128948406, 50.33351913786651, 305.6493868450396, 54.500185804533096, 296.75376977468204, 59.94040110634016, 288.44927150478594, 63.74662948004253, 281.1828355186269, 65.82275404751655, 275.9925240999418, 68.93694089872758, 265.61190126257173, 77.933480691115, 262.49771441136073, 79.66358449734335, 258.69148603765836, 74.12725231741263, 250.0409670065166, 63.40060871879686, 247.27280091655123, 60.6324426288315, 230.3177836155134, 54.404068926409444, 218.20705697191497, 50.943861313952745, 209.21051717952753, 41.60130076031966, 195.09591973244162, 32.12267558528474, 195.09591973244162, 20.602675585284956, 194.45591973244163, 12.922675585285106]], "scale": 3, "viewpoint": 2, "zoom_in": 2, "landmarks": [250, 10, 1, 191, 8, 2, 196, 32, 2, 263, 80, 2, 320, 33, 2, 319, 6, 2, 76, 68, 2, 41, 122, 2, 32, 174, 2, 125, 198, 2, 131, 179, 2, 133, 159, 2, 119, 230, 2, 118, 337, 2, 0, 0, 0, 0, 0, 0, 0, 0, 0, 396, 342, 2, 399, 230, 2, 408, 192, 2, 407, 221, 2, 425, 236, 2, 0, 0, 0, 0, 0, 0, 430, 59, 2], "style": 2, "bounding_box": [27, 0, 467, 469], "category_id": 1, "occlusion": 1, "category_name": "short sleeve top"}}