{"source": "user", "pair_id": 433, "item1": {"segmentation": [[164.76539333682183, 13.93031571603002, 168.84702598988306, 12.343014128728424, 171.34135705564273, 11.889499389499397, 174.0624454910169, 13.476800976800991, 179.95813710099424, 18.46546310832029, 188.57491714634574, 23.907639979068612, 200.59305773591495, 29.123059480202425, 218.73364730507603, 36.152537938252344, 231.88557474271784, 40.234170591313585, 239.36856793999678, 42.27498691784421, 253.87449851735568, 45.71777428920289, 271.3348159776732, 49.345892203035106, 284.03322867608597, 49.799406942264135, 303.53436246293415, 48.892377463806085, 307.8427524856099, 47.98534798534803, 310.79059829059855, 49.119134833420595, 313.96520146520174, 51.84022326879476, 323.2622536193968, 57.73591487877211, 330.29173207744674, 59.096459096459185, 338.8278388278387, 63.298011512297165, 346.76434676434667, 69.87397523111807, 354.7008547008547, 78.26399790685507, 359.2360020931449, 84.15968951683242, 363.3176347462062, 85.06671899529047, 375.3357753357754, 90.7356532356533, 386.9004011861156, 96.17783010640163, 403.68044653758955, 104.1143380429096, 419.78021978022, 114.99869178440625, 434.51290772719346, 122.2592883307169, 446.5310483167627, 127.92822257107973, 460.5900052328625, 134.50418628990062, 466.71245421245436, 137.4520320948893, 467.0, 251.3736263736264, 464.07858015000875, 252.50741322169895, 460.67721960579104, 251.82714111285543, 458.4096459096459, 249.55956741671028, 451.15341008198146, 250.92011163439736, 443.897174254317, 252.28065585208444, 439.8155416012558, 253.41444270015703, 437.5479679051107, 256.36228850514567, 435.2803942089655, 262.71149485435205, 429.15794522937364, 274.04936333507777, 422.58198151055274, 286.974533403105, 415.0989883132738, 300.1264608407468, 406.40589569160994, 313.9063317634746, 401.8707482993197, 320.70905285191003, 397.78911564625844, 329.77934763649057, 397.1088435374149, 343.15803244374683, 394.2896389324961, 359.37772544915407, 391.79530786673644, 378.1985871271587, 389.7414093842665, 394.6188731903018, 387.24707831850685, 412.30594802023387, 385.6597767312052, 425.68463282749013, 384.07247514390366, 443.1449502878077, 381.7830978545265, 463.14102564102586, 379.51552415838137, 481.9618873190305, 378.706610849468, 500.9135705564277, 378.02633874062445, 514.292255363684, 375.5320076748648, 526.7639106924822, 373.49119134833416, 542.6369265654982, 372.48604570033143, 563.7319030176172, 371.57901622187336, 580.0584336298623, 370.8856619570905, 597.169893598465, 369.7714983429269, 612.5850340136054, 369.4793301936159, 621.493982208268, 368.57230071515784, 624.0, 187.5, 624.0, 0.6868131868131868, 624.0, 0.0, 406.5934065934066, 0.0, 265.7967032967033, 2.0735217163788535, 260.7884179312751, 6.155154369440096, 251.71812314669455, 8.422728065585233, 247.4097331240188, 10.690301761730368, 238.79295307866727, 15.45220652363515, 223.37345194488034, 19.98735391592542, 212.2623408337692, 22.48168498168507, 207.72719344147893, 22.935199720914095, 204.55259026687574, 19.080324437467368, 200.01744287458547, 13.411390197104529, 195.4822954822952, 9.5565149136578, 193.44147915576457, 4.114338042909475, 192.98796441653553, 0.2594627594627452, 192.307692307692, 0.0, 65.93406593406594, 1.8663875806732784, 64.0873015873016, 7.988836560265144, 61.59297052154194, 17.96616082330374, 58.87188208616779, 27.26321297749879, 55.697278911564595, 40.64189778475509, 51.388888888888836, 52.20652363509528, 46.626984126984055, 63.77114948543547, 44.58616780045343, 73.06820163963052, 42.318594104308296, 91.690650619222, 38.15628815628819, 108.6974533403105, 35.43519972091403, 123.29931972789132, 32.58547008547005, 131.00907029478478, 28.957352171637833, 136.6780045351476, 25.102476888191102, 144.25039246467816, 22.658294086865517, 147.65175300889587, 20.390720390720382, 151.05311355311358, 17.216117216117194, 156.94880516309092, 16.76260247688817, 158.53610675039252, 16.98935984650268]], "scale": 3, "viewpoint": 1, "zoom_in": 2, "landmarks": [239, 44, 2, 171, 14, 2, 180, 63, 2, 220, 102, 2, 286, 97, 2, 309, 51, 2, 56, 48, 2, 1, 66, 2, 0, 0, 0, 0, 0, 0, 0, 0, 0, 23, 193, 2, 18, 225, 2, 0, 0, 0, 0, 0, 0, 0, 0, 0, 368, 623, 2, 386, 444, 2, 411, 295, 2, 423, 259, 2, 0, 0, 0, 0, 0, 0, 0, 0, 0, 0, 0, 0, 421, 114, 2], "style": 1, "bounding_box": [1, 6, 467, 624], "category_id": 1, "occlusion": 1, "category_name": "short sleeve top"}}