{"source": "user", "pair_id": 457, "item1": {"segmentation": [[108.88990716936988, 196.71928328530046, 114.73090230187398, 196.93561643835616, 128.14355779132785, 193.04161968335342, 140.90721382161462, 191.09462130585206, 151.2912051682886, 191.09462130585206, 163.73235958718902, 189.4460515495233, 178.01034768886575, 187.93171947813335, 187.7453395763726, 199.83004289619728, 203.9703260555507, 209.1323684775927, 220.41164568778447, 217.78569459982103, 246.24005052712693, 220.68145313646025, 260.30170547574795, 220.89778628951598, 282.1513539343744, 220.89778628951598, 296.21300888299544, 216.78745638145753, 309.6256643724493, 209.43212917756344, 315.94237166332056, 206.49010868518357, 319.4037021122119, 199.5674477874009, 330.0040266119416, 198.26944886906665, 347.9596783155653, 206.49010868518357, 359.85800173362924, 212.9801032768548, 377.813653437253, 214.92710165435616, 381.4118857286794, 219.49683501633606, 386.8202145550721, 218.41516925105753, 395.90620698341183, 222.52549915911598, 410.18419508508856, 235.07282203634702, 421.86618535009677, 245.67314653607673, 427.05818102343375, 253.0284737399708, 437.22583921705206, 258.8694688724749, 454.53249146150864, 269.03712706609315, 467.0, 276.57428598946484, 467.0, 296.26060291753424, 455.87808441438176, 301.8852648969827, 450.0370892818776, 307.94259318254245, 441.81642946576073, 315.73058669254794, 435.9754343332566, 317.6775850700493, 432.730437037421, 326.33091119227765, 432.2247716277589, 331.5346673877771, 427.03277595442194, 328.93866955110866, 421.1917808219178, 323.3140075716602, 418.5957829852493, 322.016008653326, 412.5384546996895, 321.36700919415887, 407.99545848551963, 323.7466738777717, 407.3464590263525, 331.5346673877771, 410.5914563221881, 335.8613304488913, 410.3751231691324, 343.0003244997297, 406.9137927202411, 353.38431584640364, 401.2891307407927, 367.01330448891326, 398.10537202634515, 376.4974617897863, 402.648368240515, 402.24110700341555, 406.32603184246204, 439.01774302288584, 413.45004926765296, 481.8393948598648, 424.48304007349407, 524.0243597057279, 437.67936240989224, 570.3196544596493, 450.44889870126025, 610.8541655244968, 463.212554731547, 657.5821265845296, 467.0, 671.6614223163945, 467.0, 722.8457359401973, 431.4324381190868, 724.3600680115873, 397.2517999362849, 725.4417337768658, 374.1041525593242, 723.7110685524201, 307.253212028716, 727.4662794402009, 270.69290916230136, 726.1682805218667, 238.6475332834484, 723.8811397497352, 224.36954518177168, 725.8281381272366, 196.02990213147396, 727.5588033516822, 179.15591619312875, 726.4771375864036, 149.67070463856803, 724.7002104062174, 132.7967187002228, 724.0512109470502, 118.30239744549039, 721.0225468042703, 87.56544892833608, 714.2595286604383, 65.71580046970958, 712.9615297421041, 54.68280966386848, 711.4471976707141, 17.384199530290413, 707.5786059847233, 0.28345199552511247, 707.1459396786119, 0.0, 594.6591322966137, 4.713067411484932, 573.6748164502101, 10.770395697044751, 555.5028315935306, 18.342056053994526, 535.1675152062941, 31.322045237336997, 498.3908791868237, 38.59072879083105, 472.44909354927125, 46.37872230083653, 444.7584499581406, 52.00338428028493, 413.6064759181187, 56.53140386880731, 396.04499285063383, 55.44973810352877, 383.49766997340276, 55.88240440964019, 355.5906932292164, 56.098737562695895, 335.0390436889242, 61.16692399445845, 302.6743823021699, 58.570926157789955, 309.8133763530082, 50.78293264778447, 313.9237062610667, 47.75426850500456, 311.11137527134247, 39.749941841943375, 304.40504752661553, 38.66827607666483, 301.1600502307799, 41.598536046882195, 291.84141594493883, 40.30053712854795, 285.5677545063233, 36.1902072204895, 281.2410914452092, 32.72887677159817, 279.9430925268749, 28.185880557428312, 279.07775991465206, 17.51843721522922, 268.5953643954155, 18.383769827452053, 264.91770079346844, 34.392423153574434, 249.9907132326246, 48.021411796084024, 236.36172459011502, 58.27249753661735, 229.88082636301004, 68.0074894241242, 225.12149699578447, 71.25248671995982, 222.74183231217168, 72.55048563829406, 214.95383880216622, 83.15081013802376, 207.59851159827213, 90.28980418886212, 200.4595175474338, 95.04913355608768, 198.7288523229881]], "scale": 3, "viewpoint": 1, "zoom_in": 2, "landmarks": [248, 219, 2, 177, 188, 2, 190, 233, 2, 240, 263, 2, 301, 243, 2, 318, 200, 2, 109, 197, 2, 63, 224, 2, 18, 268, 2, 49, 311, 2, 56, 303, 2, 62, 297, 2, 54, 336, 2, 33, 494, 2, 0, 0, 0, 236, 723, 2, 0, 0, 0, 425, 521, 2, 402, 368, 2, 410, 332, 2, 421, 323, 2, 433, 331, 2, 0, 0, 0, 429, 253, 2, 389, 221, 2], "style": 1, "bounding_box": [1, 181, 466, 736], "category_id": 1, "occlusion": 1, "category_name": "short sleeve top"}}