{"source": "user", "pair_id": 494, "item1": {"segmentation": [[212.8426035502959, 220.34234995773457, 207.81301775147932, 220.4902789518174, 202.6355029585799, 221.37785291631445, 196.86627218934913, 222.85714285714286, 191.98461538461538, 224.4843617920541, 180.44615384615383, 229.51394759087069, 175.26863905325442, 231.43702451394762, 171.27455621301772, 232.4725274725275, 168.02011834319524, 233.5080304311074, 163.08953699126712, 234.5468885593453, 156.938056791344, 236.23854561432415, 152.0168726314055, 237.77641566430495, 146.6343274564728, 239.62185972428188, 141.25178228154007, 241.31351677926074, 136.94574614159387, 243.46653484923382, 129.1394578057279, 246.45534120846435, 121.52494263618594, 251.21441318942806, 116.05200985807768, 257.4012067646809, 111.53089147616215, 262.16027874564463, 108.43749468853574, 268.10911872184926, 104.86819070281295, 276.67544828758395, 101.77479391518654, 287.62131384380046, 100.34707232089742, 296.18764340953516, 98.44344352851195, 302.37443698478796, 97.01572193422282, 307.8473697628963, 95.82090404789366, 314.05178228154006, 95.20575602790136, 318.8191794364805, 94.8981820179052, 322.51006755643436, 93.82167298291866, 329.27669577634975, 91.6034492228264, 336.7509199758334, 89.14285714285715, 342.44103916076233, 85.60575602790136, 353.8212775306201, 84.52924699291482, 357.3583786455759, 80.71524139067392, 368.697226341517, 77.94707530070853, 373.7721975064536, 75.79405723073543, 379.61610369638055, 73.64103916076235, 384.2297138463229, 72.5645301257758, 388.2281759762729, 71.94938210578349, 396.225100236173, 72.41074312077772, 403.9144504860768, 72.5645301257758, 407.6053386060307, 73.79482616576043, 412.065161750975, 76.10163124073159, 416.37119789092117, 81.33038941066624, 421.907530070852, 84.71370352062395, 424.6756961608173, 89.32731367056628, 428.52037128576933, 94.70985884549901, 431.44232438073277, 99.78483001043558, 433.44155544570776, 105.5946394243972, 433.968561542264, 108.3628055143626, 433.968561542264, 110.66961058933377, 434.42992255725824, 112.05369363431647, 435.04507057725056, 112.82262865930686, 435.8140056022409, 113.2839896743011, 438.5821716922063, 113.89913769429342, 442.2730598121602, 114.82185972428188, 453.9608721920141, 115.12943373427802, 458.2669083319603, 116.0521557642665, 466.5714066018565, 116.6673037842588, 470.41608172680844, 117.12866479925304, 473.79939583676617, 117.74381281924535, 480.71981106167965, 118.05138682924151, 484.4106991816335, 118.65388037567969, 489.56590322403474, 118.34630636568353, 493.2567913439886, 118.96145438567584, 496.024957433954, 121.57583347064316, 500.48478057889827, 122.95991651562586, 504.021881693854, 124.34399956060857, 506.9438347888175, 124.19021255561049, 511.7112319437579, 123.11370352062394, 517.2475641236888, 122.34476849563356, 520.7846652386445, 121.26825946064702, 529.3967375185368, 120.80689844565278, 537.8550227934312, 120.6531114406547, 546.6208820783216, 120.80689844565278, 550.4655572032735, 119.74304388422037, 554.3394079200308, 118.35896083923767, 557.1075740099963, 115.89836875926842, 562.3363321799309, 113.74535068929534, 567.1037293348713, 112.20748063931455, 570.640830449827, 109.59310155434723, 576.1771626297578, 107.74036359641896, 580.6535068929533, 105.89491953644203, 585.4209040478937, 102.17142857142858, 593.1428571428572, 98.74285714285715, 602.7428571428571, 95.31428571428572, 612.3428571428572, 95.31428571428572, 616.4571428571429, 97.37142857142858, 621.9428571428572, 104.22857142857143, 623.0, 114.51428571428572, 623.0, 120.6857142857143, 623.0, 129.6, 623.0, 145.37142857142857, 623.0, 164.57142857142858, 623.0, 183.0857142857143, 623.0, 201.60000000000002, 623.0, 220.11428571428573, 623.0, 229.71428571428572, 623.0, 242.05714285714288, 623.0, 245.4857142857143, 623.0, 249.60000000000002, 623.0, 255.0857142857143, 623.0, 262.62857142857143, 623.0, 270.1714285714286, 623.0, 280.45714285714286, 623.0, 290.74285714285713, 623.0, 298.2857142857143, 623.0, 310.62857142857143, 623.0, 316.11428571428576, 623.0, 320.9142857142857, 623.0, 325.7142857142857, 623.0, 331.8857142857143, 623.0, 341.4857142857143, 623.0, 351.7714285714286, 623.0, 354.82185972428186, 623.0, 356.6673037842588, 623.0, 357.43623880924923, 623.0, 358.3589608392377, 623.0, 359.89683088921845, 622.5959685835119, 360.3581919042127, 621.6732465535233, 360.66576591420886, 620.2891635085407, 359.28168286922613, 609.3702861536772, 358.97410885923, 604.4491019937386, 358.97410885923, 598.9127698138078, 359.28168286922613, 593.376437633877, 360.05061789421654, 588.1476794639424, 360.05061789421654, 580.9196902290328, 359.89683088921845, 576.9212280990827, 360.8195529192069, 568.7705168341846, 361.4347009391992, 566.7712857692096, 361.9938704893722, 563.8488932828034, 361.9938704893722, 561.3883012028341, 362.45523150436645, 560.1580051628495, 364.45446256934144, 559.0814961278629, 367.53020266930304, 557.8512000878784, 373.6816828692261, 555.3906080079091, 376.7574229691877, 552.4686549129456, 379.2180150491569, 550.1618498379745, 380.9096721041358, 547.239896743011, 381.9861811391223, 543.241434613061, 382.60132915911464, 537.397528423134, 382.44754215411655, 532.0149832482012, 382.1399681441204, 526.6324380732685, 382.1399681441204, 522.4801889383205, 381.9861811391223, 519.558235843357, 381.6786071291262, 515.2521997034107, 380.60209809413965, 512.0226725984511, 380.29452408414346, 510.3310155434723, 379.83316306914924, 508.63935848849343, 380.29452408414346, 506.64012742351844, 381.6786071291262, 504.17953534354916, 382.60132915911464, 503.1030263085626, 383.94208820783217, 499.12943373427805, 385.3261712528149, 496.51505464931074, 386.7102542977976, 493.43931454934915, 387.7867633327841, 490.2097874443895, 388.86327236777066, 487.90298236941834, 389.9397814027572, 486.36511231943757, 390.0935684077553, 486.2113253144395, 390.5549294227495, 485.5961772944472, 390.7087164277476, 484.0583072444664, 391.17007744274184, 483.13558521447794, 391.78522546273416, 482.3666501894876, 392.2465864777284, 481.75150216949527, 393.0155215027188, 480.98256714450486, 393.78445652770915, 480.36741912451254, 394.24581754270343, 480.0598451145164, 394.3996045477015, 480.0598451145164, 394.70717855769766, 481.29014115450104, 394.70717855769766, 484.5196682594607, 394.70717855769766, 488.05676937441643, 394.70717855769766, 491.28629647937606, 395.7836875926842, 495.59233261932224, 396.70640962267265, 498.51428571428573, 398.2442796726534, 501.74381281924536, 399.62836271763615, 502.6665348492338, 400.3972977426265, 504.973339924205, 400.7048717526227, 508.5104410391608, 401.79596858351186, 510.768561542264, 403.0262646234965, 516.9200417421871, 404.25656066348114, 521.8412259021256, 404.71792167847536, 526.1472620420718, 405.6406437084638, 530.6070851870161, 406.10200472345804, 535.0669083319603, 406.87093974844845, 538.1426484319219, 407.7936617784369, 541.3721755368815, 408.3781402757182, 543.4132366672159, 410.53115834569127, 546.4889767671775, 411.91524139067394, 548.0268468171582, 413.1455374306586, 548.7957818421486, 413.91447245564893, 548.4882078321525, 412.9917504256605, 546.7965507771736, 412.22281540067013, 543.7208106772121, 411.1463063656836, 540.1837095622562, 410.3773713406932, 537.2617564672928, 410.3773713406932, 534.0322293623332, 410.6849453506893, 531.8792112923601, 412.37660240566817, 527.4193881474158, 419.91216565057397, 519.4224638875157, 424.5257758005163, 516.5005107925523, 429.90832097544904, 513.8861317075849, 432.52270006041635, 512.6558356676003, 436.6749491953645, 510.34903059262916, 440.21205031032025, 509.2725215576426, 445.59459548525297, 507.42707749766566, 450.05441863019723, 506.1967814576811, 454.0528807601473, 505.58163343768877, 457.1286208601088, 504.96648541769645, 460.35858735651124, 504.76164112703907, 462.6653924314824, 504.4540671170429, 464.5108364914594, 504.14649310704675, 467.0, 503.37755808205634, 467.0, 502.4548360520679, 467.0, 500.60939199209093, 467.0, 497.84122590212553, 467.0, 494.765485802164, 467.0, 