{"source": "user", "pair_id": 517, "item1": {"segmentation": [[188.48913043478262, 248.09103260869566, 200.5502717391305, 268.82065217391306, 231.8002717391305, 286.7894021739131, 278.28464673913055, 294.9925271739131, 308.3627717391306, 292.2581521739131, 340.2595108695652, 279.8451086956522, 352.3688858695652, 270.4701086956522, 361.7438858695652, 258.75135869565213, 361.7438858695652, 247.81385869565213, 395.72826086956525, 247.81385869565213, 412.52513586956525, 254.45448369565213, 428.1501358695653, 260.70448369565213, 443.3845108695653, 261.87635869565213, 454.32201086956536, 268.9076086956522, 467.0, 280.6263586956522, 467.0, 477.38858695652175, 454.1582880434783, 478.95108695652175, 436.97078804347825, 479.73233695652175, 426.81453804347825, 476.99796195652175, 415.09578804347825, 471.91983695652175, 407.67391304347825, 486.76358695652175, 400.25203804347825, 511.3729619565218, 394.7832880434782, 558.6385869565219, 391.98369565217394, 583.5448369565217, 390.42119565217394, 605.8104619565217, 391.59307065217394, 616.3573369565217, 149.52785326086956, 615.7595108695652, 144.84035326086956, 589.1970108695652, 138.59035326086953, 545.0563858695651, 135.07472826086953, 531.7751358695651, 129.60597826086953, 506.38451086956513, 124.13722826086953, 481.3845108695651, 123.65964673913047, 467.8688858695652, 120.53464673913047, 458.4938858695652, 115.45652173913045, 442.47826086956513, 112.33152173913045, 436.22826086956513, 104.90964673913044, 451.8532608695652, 99.83152173913044, 458.8845108695652, 95.14402173913042, 465.1345108695652, 92.80027173913042, 471.3845108695652, 84.20652173913041, 483.4938858695652, 79.12839673913041, 485.4470108695652, 59.95380434782612, 485.5169836956522, 40.42255434782609, 480.4388586956522, 21.281929347826072, 471.8451086956522, 2.7561141304347707, 460.8376358695652, 0.0, 458.0115489130435, 0.0, 447.4646739130435, 4.5163043478260905, 440.4334239130435, 7.250679347826094, 434.9646739130435, 9.594429347826097, 433.0115489130435, 9.985054347826097, 431.8396739130435, 11.9381793478261, 425.5896739130435, 14.281929347826104, 419.3396739130435, 17.406929347826104, 413.87092391304344, 21.31317934782611, 408.01154891304344, 22.87567934782611, 406.05842391304344, 23.65692934782611, 404.49592391304344, 25.610054347826114, 396.68342391304344, 27.563179347826118, 384.96467391304344, 31.86005434782612, 376.76154891304344, 35.76630434782613, 367.7771739130434, 38.11005434782613, 358.0115489130434, 41.235054347826136, 351.3709239130434, 45.141304347826136, 341.6052989130434, 49.43817934782614, 329.4959239130434, 54.12567934782615, 318.5584239130434, 58.81317934782616, 312.3084239130433, 72.20312500000001, 291.99796195652175, 80.40625000000003, 277.9354619565217, 85.48437500000003, 270.1229619565217, 89.00000000000003, 266.6073369565217, 97.59375000000004, 264.2635869565217, 110.48437500000006, 258.0135869565217, 121.03125000000007, 256.4510869565217, 135.48437500000009, 255.6698369565217, 149.5468750000001, 254.4979619565217, 155.7968750000001, 251.3729619565217, 161.2656250000001, 251.3729619565217, 166.2235054347826, 248.09103260869566]], "scale": 3, "viewpoint": 2, "zoom_in": 2, "landmarks": [284, 258, 1, 188, 248, 2, 225, 284, 2, 288, 296, 2, 345, 278, 2, 361, 248, 2, 94, 269, 2, 43, 346, 2, 5, 460, 2, 81, 485, 2, 99, 460, 2, 113, 438, 2, 122, 464, 2, 136, 537, 2, 0, 0, 0, 0, 0, 0, 0, 0, 0, 409, 536, 2, 417, 462, 2, 439, 413, 2, 423, 444, 2, 417, 472, 2, 0, 0, 0, 0, 0, 0, 454, 269, 2], "style": 1, "bounding_box": [0, 246, 466, 621], "category_id": 1, "occlusion": 1, "category_name": "short sleeve top"}}