{"source": "user", "pair_id": 512, "item1": {"segmentation": [[120.0314569536373, 166.05629139073437, 105.03145695363959, 174.30629139073312, 86.53145695364243, 185.5562913907314, 62.53145695364611, 197.55629139072957, 44.1061518432826, 206.53386801120243, 25.96019523579038, 216.52729338924163, 14.914830344273378, 224.15385486195575, 5.710359601342542, 229.15056755097535, 0.4506620339534937, 232.30638609140877, 0.0, 301.3144993928979, 11.165804788141536, 296.63955417741295, 28.112481194274597, 289.0427682022499, 45.64352575234328, 281.15379815111896, 59.083993246862605, 274.14138032789145, 74.5697492731566, 267.128962504664, 85.08837600799781, 260.99309690933995, 94.14608236299996, 254.8572313140159, 93.63639322467787, 261.0310163259777, 91.47062895978851, 278.02393594280187, 91.0810907560516, 291.0233892385249, 88.15924999637349, 304.756040809012, 83.48430478088851, 319.9496127593382, 76.17970288169322, 338.0650254693425, 69.16728505846574, 353.2585974196687, 66.24544429878762, 364.06940823047773, 59.83583367121584, 384.9173011367946, 54.62041417008281, 405.7789791413267, 49.17823729933531, 415.75630340436385, 49.17823729933531, 427.77444399393124, 45.550119385503635, 439.3390698442697, 39.42767040591269, 459.74723310957285, 37.84379370525978, 475.6798657374434, 33.56062892239307, 491.62275687366946, 28.801556941430068, 513.038580788003, 25.232252955707818, 528.2676111270846, 26.422020950948568, 536.833940692818, 32.84676812524862, 539.927337480444, 41.17514409193387, 542.5448270699736, 54.500545638630285, 541.8309662728292, 76.15432315201195, 540.8791518766366, 98.75991506158621, 541.3550590747328, 120.91711414287587, 541.738306195856, 140.9052164629205, 538.8828630072783, 161.60717958010957, 538.4069558091819, 183.73686429158752, 539.3587702053745, 213.24311057355814, 539.5967238044227, 240.64900662252424, 539.5596026490086, 260.89900662252114, 540.8096026490084, 278.6490066225184, 539.8096026490086, 291.6490066225164, 536.8096026490091, 312.3990066225133, 535.0596026490093, 344.8990066225083, 531.05960264901, 358.7801488022223, 530.2088136701832, 374.78014880222014, 528.6285667566032, 388.0147167034529, 527.2458507072206, 401.4468154688832, 527.2458507072206, 407.9653339874008, 524.8754803368506, 413.89125991332594, 519.5421470035179, 420.0147167034486, 516.5791840405553, 422.5826179380161, 512.2335050282103, 420.0147167034486, 501.1717766331501, 413.6937290491284, 479.6409124356221, 406.52157216191415, 453.0194931009905, 397.8430711757222, 424.35414135872014, 385.74576677072736, 392.7959559543858, 376.27831114942705, 363.3416495770071, 367.07384040649623, 337.04316174006186, 356.8174301500876, 314.68944707865836, 348.6648989206345, 290.49483826866873, 347.36961144776836, 281.8375125154792, 344.204263676007, 273.6742472093578, 342.8714856668443, 269.5093159307244, 345.53704168516964, 271.17528844217776, 350.5349592195297, 278.1723729902819, 355.8660712561805, 283.1702905246419, 360.0310025348138, 286.83543004983926, 362.6965585531392, 293.66591734679804, 371.026421110406, 304.8279331735355, 381.85524243485276, 317.82251876287165, 389.0189242341022, 326.15238132013843, 393.3504527638809, 328.48474283617315, 400.18094006083965, 328.31814558502776, 407.42772699907204, 327.8401838979786, 418.1384708007238, 324.79886158392935, 428.9814460073341, 322.4186962946734, 441.8078922883244, 319.6418367905415, 451.98971047014146, 316.9972086913682, 460.1880575775786, 313.4269607574843, 462.1715286519585, 310.25340703847644, 461.2459088172479, 304.9641508401299, 455.1632641891494, 296.2368781128581, 449.21285096600957, 284.86497728641314, 441.4111980734484, 272.4352252202988, 435.5930162552673, 262.5178698483991, 428.31853757319993, 251.71911772754174, 422.5003557550188, 243.38853921514598, 416.41771112692027, 236.64473756225416, 409.1449838541938, 227.78523343002377, 401.3433309616327, 221.04143177713195, 393.4094466641129, 211.12407640523222, 384.1532483170065, 202.5290350829191, 374.50035575502415, 192.08275409118474, 364.3185375732071, 181.9009359093677, 352.1566393734379, 171.89808538778655, 342.6158775364863, 162.92692127244405, 332.9327162691325, 154.95255316991737, 324.531149875399, 147.83258164980427, 316.4143823424701, 142.99100101612737, 309.4368102527593, 139.1462163952663, 299.6112495550032, 136.86782550883012, 288.64649341402907, 136.72542607842786, 276.2577429690323, 135.44383120480748, 269.9921680313327, 135.87102949601427, 265.86258454966713, 138.57661867365726, 262.44499822001285, 143.13340044652963, 260.04250314411377, 145.4870474664655, 253.39430369813113, 146.71819551201784, 237.14314949684015, 146.10262148924167, 223.96986540943007, 146.47196590290736, 210.1810072992438, 146.2257362937969, 198.23887125738605, 145.61016227102073, 189.15708609270902, 143.9120529801321, 183.87708609270965, 139.91205298013261, 179.87708609271016, 137.5120529801329, 174.91708609271075, 137.19205298013293, 168.1970860927116, 140.87205298013248, 155.23708609271318, 147.2720529801317, 141.63708609271487, 153.35205298013096, 131.07708609271614, 159.91205298013014]], "scale": 3, "viewpoint": 1, "zoom_in": 2, "landmarks": [224, 147, 2, 178, 141, 2, 182, 160, 2, 199, 168, 2, 256, 160, 2, 271, 138, 2, 140, 155, 2, 97, 179, 2, 53, 203, 2, 26, 218, 2, 0, 0, 0, 0, 0, 0, 0, 0, 0, 38, 285, 2, 70, 269, 2, 100, 250, 2, 94, 260, 2, 63, 376, 2, 28, 538, 2, 199, 530, 2, 422, 514, 2, 360, 327, 2, 305, 226, 2, 300, 219, 2, 317, 238, 2, 343, 261, 2, 365, 296, 2, 394, 325, 2, 457, 309, 2, 438, 269, 2, 411, 236, 2, 359, 180, 2, 304, 140, 2, 222, 163, 2, 214, 243, 2, 222, 367, 2, 238, 532, 2, 209, 240, 2, 209, 366, 2], "style": 1, "bounding_box": [1, 136, 461, 557], "category_id": 4, "occlusion": 1, "category_name": "long sleeve outwear"}}