{"source": "user", "pair_id": 570, "item1": {"segmentation": [[72.08857122587969, 35.57535825766175, 67.40107122587969, 37.13785825766175, 63.88544622587969, 41.82535825766175, 59.58857122587969, 44.16910825766175, 52.16669622587969, 47.68473325766175, 43.18232122587968, 50.41910825766175, 36.15107122587968, 53.15348325766175, 29.510446225879683, 55.10660825766175, 24.041696225879683, 59.40348325766175, 18.572946225879683, 63.70035825766175, 13.030327752553916, 70.30806611804768, 9.124077752553916, 75.77681611804768, 5.608452752553914, 82.02681611804768, 0.5303277525539141, 88.27681611804768, 0.0, 148.0424411180477, 5.217827752553914, 148.8236911180477, 9.514702752553916, 151.5580661180477, 11.858452752553916, 152.7299411180477, 17.717827752553916, 145.3080661180477, 20.452202752553916, 139.4486911180477, 23.577202752553916, 135.1518161180477, 28.264702752553916, 137.1049411180477, 26.311577752553916, 144.5268161180477, 25.920952752553916, 148.4330661180477, 28.264702752553916, 152.7299411180477, 31.78032775255392, 156.2455661180477, 35.295952752553916, 158.1986911180477, 37.249077752553916, 161.7143161180477, 37.639702752553916, 167.5736911180477, 39.592827752553916, 176.1674411180477, 41.936577752553916, 185.5424411180477, 43.499077752553916, 197.2611911180477, 38.811577752553916, 202.3393161180477, 30.997304199772984, 209.53254469353007, 23.96605419977298, 217.34504469353007, 18.49730419977298, 221.25129469353007, 14.59105419977298, 222.81379469353007, 9.51292919977298, 226.72004469353007, 1.0624290578887627, 234.8279653802497, 1.0624290578887627, 373.49984038024974, 6.531179057888764, 377.01546538024974, 13.171804057888764, 375.45296538024974, 17.468679057888767, 373.49984038024974, 23.328054057888767, 376.23421538024974, 26.843679057888767, 378.18734038024974, 28.796804057888767, 378.18734038024974, 33.700535612939845, 383.4425723609535, 47.372410612939845, 386.9581973609535, 56.747410612939845, 388.1300723609535, 66.12241061293985, 388.5206973609535, 81.74741061293986, 392.0363223609535, 92.29428561293986, 397.5050723609535, 104.79428561293986, 398.2863223609535, 115.34116061293986, 398.6769473609535, 123.54428561293986, 398.6769473609535, 136.04428561293986, 399.4581973609535, 149.71616061293986, 397.5050723609535, 157.52866061293986, 392.8175723609535, 160.26303561293986, 389.3019473609535, 170.80991061293986, 388.9113223609535, 184.48178561293986, 386.5675723609535, 193.54983683314416, 385.16167707150964, 204.87796183314416, 381.64605207150964, 216.59671183314416, 378.52105207150964, 230.26858683314416, 374.61480207150964, 243.15921183314416, 370.31792707150964, 254.09671183314418, 366.80230207150964, 253.31546183314416, 358.98980207150964, 251.36233683314416, 346.88042707150964, 248.62796183314416, 337.89605207150964, 244.72171183314416, 326.17730207150964, 243.54983683314416, 320.31792707150964, 240.03421183314416, 312.50542707150964, 240.81546183314416, 305.08355207150964, 241.59671183314416, 295.31792707150964, 241.59671183314416, 285.94292707150964, 240.03421183314416, 280.47417707150964, 236.12796183314416, 272.27105207150964, 231.83108683314416, 263.67730207150964, 229.48733683314416, 256.64605207150964, 225.58108683314416, 248.83355207150962, 218.23485385925085, 234.4373403802497, 210.03172885925085, 225.0623403802497, 203.00047885925085, 214.5154653802497, 194.79735385925085, 205.1404653802497, 186.20360385925085, 199.2810903802497, 182.29735385925085, 196.5467153802497, 178.00047885925085, 192.6404653802497, 172.92235385925085, 190.6873403802497, 172.53172885925085, 178.1873403802497, 171.75047885925085, 165.29671538024968, 173.70360385925085, 160.60921538024968, 181.12547885925085, 157.87484038024968, 183.46922885925085, 154.35921538024968, 188.93797885925085, 152.79671538024968, 194.01610385925085, 149.28109038024968, 195.96922885925085, 146.93734038024968, 198.31297885925085, 144.98421538024968, 201.04735385925085, 142.64046538024968, 203.78172885925085, 140.29671538024968, 211.20360385925085, 144.59359038024968, 218.23485385925085, 148.49984038024968, 229.31294338819524, 154.75604781498296, 234.00044338819524, 150.06854781498296, 247.28169338819524, 138.34979781498296, 258.60981838819527, 127.02167281498296, 262.0, 120.77167281498296, 262.0, 102.41229781498296, 251.57856838819524, 93.42792281498296, 251.57856838819524, 93.42792281498296, 244.93794338819524, 88.74042281498296, 240.64106838819524, 87.56854781498296, 239.46919338819524, 84.83417281498296, 227.35981838819524, 73.89667281498295, 216.03169338819524, 60.22479781498295, 216.03169338819524, 60.22479781498295, 213.65768657775257, 55.62180760499432, 207.79831157775257, 50.54368260499432, 203.50143657775257, 48.59055760499432, 197.64206157775257, 48.98118260499432, 193.34518657775257, 48.98118260499432, 186.70456157775257, 46.63743260499432, 177.72018657775257, 42.34055760499432, 170.68893657775257, 41.94993260499432, 158.18893657775257, 38.82493260499432, 152.72018657775257, 42.73118260499432, 145.29831157775254, 44.68430760499432, 135.92331157775254, 47.80930760499432, 120.68893657775256, 47.80930760499432, 116.78268657775256, 48.19993260499432, 98.81393657775256, 45.46555760499432, 88.65768657775256, 43.51243260499432, 78.50143657775254, 40.77805760499432]], "scale": 3, "viewpoint": 1, "zoom_in": 2, "landmarks": [116, 48, 2, 72, 36, 2, 84, 55, 2, 116, 69, 2, 144, 57, 2, 158, 39, 2, 37, 53, 2, 0, 0, 0, 0, 0, 0, 0, 0, 0, 13, 146, 2, 22, 135, 2, 31, 153, 2, 35, 164, 2, 44, 185, 2, 0, 0, 0, 0, 0, 0, 121, 399, 2, 254, 366, 2, 225, 252, 2, 171, 180, 2, 175, 159, 2, 197, 146, 2, 212, 143, 2, 220, 152, 2, 228, 156, 2, 0, 0, 0, 240, 86, 2, 198, 50, 2], "style": 1, "bounding_box": [0, 36, 262, 404], "category_id": 10, "occlusion": 1, "category_name": "short sleeve dress"}}