{"source": "user", "pair_id": 570, "item1": {"segmentation": [[191.28438918842224, 102.58580448354142, 182.30001418842224, 105.32017948354142, 170.19063918842224, 111.17955448354142, 158.86251418842224, 115.86705448354142, 149.48751418842224, 118.21080448354142, 141.28438918842224, 120.16392948354142, 136.20626418842224, 122.11705448354142, 128.00313918842224, 127.19517948354142, 119.01876418842222, 138.13267948354144, 113.94063918842222, 145.55455448354144, 107.69063918842222, 154.92955448354144, 103.78438918842222, 160.39830448354144, 95.97188918842222, 168.99205448354144, 90.11251418842222, 177.97642948354144, 83.86251418842222, 185.39830448354144, 77.22188918842222, 192.03892948354144, 75.73499574347332, 195.65867976730985, 79.25062074347332, 199.17430476730985, 91.75062074347332, 205.42430476730985, 103.07874574347332, 211.67430476730985, 111.67249574347332, 217.53367976730985, 116.75062074347332, 220.26805476730985, 120.65687074347332, 218.70555476730985, 129.64124574347332, 215.18992976730985, 140.96937074347335, 208.54930476730985, 144.48499574347335, 205.42430476730985, 147.21937074347335, 201.90867976730985, 151.51624574347335, 201.12742976730985, 153.46937074347335, 205.03367976730985, 154.64124574347335, 215.97117976730985, 155.81312074347335, 228.08055476730985, 158.15687074347335, 240.58055476730985, 160.50062074347335, 253.08055476730985, 163.62562074347335, 261.2836797673099, 164.01624574347335, 266.7524297673099, 162.06312074347335, 272.2211797673099, 155.03187074347335, 276.9086797673099, 147.21937074347335, 281.9868047673099, 141.48547460272417, 284.10456867196365, 134.45422460272417, 287.22956867196365, 124.29797460272417, 293.87019367196365, 112.96984960272417, 304.80769367196365, 101.64172460272417, 317.30769367196365, 90.70422460272417, 325.90144367196365, 82.89172460272417, 333.71394367196365, 70.36501489784335, 345.1541926787741, 60.20876489784335, 357.2635676787741, 55.13063989784335, 368.9823176787741, 48.49001489784335, 377.5760676787741, 43.80251489784335, 388.9041926787741, 32.58115777525539, 405.09690692395003, 25.54990777525539, 418.76878192395003, 19.29990777525539, 433.22190692395003, 24.76865777525539, 437.51878192395003, 34.14365777525539, 441.81565692395003, 43.90928277525539, 447.28440692395003, 56.40928277525539, 454.70628192395003, 70.4717827752554, 460.95628192395003, 82.1905327752554, 469.15940692395003, 93.1280327752554, 475.01878192395003, 106.0186577752554, 480.09690692395003, 124.3780327752554, 483.22190692395003, 134.1436577752554, 483.61253192395003, 149.3780327752554, 484.00315692395003, 170.4717827752554, 482.44065692395003, 193.48666288308738, 483.9310974744608, 209.89291288308738, 486.6654724744608, 221.22103788308738, 487.4467224744608, 236.84603788308738, 487.4467224744608, 247.78353788308738, 487.0560974744608, 257.9397878830874, 484.7123474744608, 271.2210378830874, 483.1498474744608, 288.7991628830874, 480.8060974744608, 304.8147878830874, 477.6810974744608, 330.98666288308743, 475.3373474744608, 351.45135144721905, 471.787014046538, 377.62322644721905, 464.365139046538, 402.23260144721905, 456.943264046538, 423.71697644721905, 447.568264046538, 445.20135144721905, 433.505764046538, 457.31072644721905, 427.646389046538, 453.01385144721905, 417.099514046538, 445.20135144721905, 400.693264046538, 438.95135144721905, 387.412014046538, 432.31072644721905, 374.912014046538, 424.10760144721905, 363.193264046538, 415.1285825766175, 344.13179270715096, 403.8004575766175, 330.45991770715096, 394.4254575766175, 321.47554270715096, 376.8473325766175, 308.19429270715096, 349.5035825766175, 287.10054270715096, 340.9098325766175, 279.28804270715096, 328.8004575766175, 271.86616770715096, 320.5973325766175, 269.52241770715096, 313.5660825766175, 268.35054270715096, 308.4879575766175, 266.78804270715096, 306.5348325766175, 256.24116770715096, 304.1910825766175, 252.72554270715096, 307.7067075766175, 244.13179270715096, 309.2692075766175, 237.10054270715096, 310.4410825766175, 231.24116770715096, 313.5660825766175, 227.33491770715096, 320.5973325766175, 219.13179270715096, 322.9410825766175, 212.88179270715096, 324.1129575766175, 209.36616770715096, 327.6285825766175, 204.67866770715096, 333.0973325766175, 201.94429270715096, 335.4410825766175, 200.38179270715096, 342.0817075766175, 200.38179270715096, 350.2848325766175, 201.94429270715096, 357.7067075766175, 203.50679270715096, 363.1754575766175, 205.45991770715096, 367.8629575766175, 200.38179270715096, 372.1598325766175, 192.17866770715096, 372.9410825766175, 190.22554270715096, 379.5817075766175, 193.35054270715096, 387.0035825766175, 193.74116770715096, 392.4723325766175, 192.17866770715096, 399.1129575766175, 185.92866770715096, 404.7658910329171, 182.2822077185017, 397.3440160329171, 174.0790827185017, 382.5002660329171, 161.1884577185017, 370.3908910329171, 151.0322077185017, 362.5783910329171, 144.3915827185017, 352.0315160329171, 131.5009577185017, 345.0002660329171, 123.2978327185017, 337.1877660329171, 117.0478327185017, 328.2033910329171, 113.5322077185017, 323.1252660329171, 114.7040827185017, 307.5002660329171, 110.4072077185017, 294.6096410329171, 104.9384577185017, 286.0158910329171, 102.2040827185017, 282.13808881952326, 99.55067040295118, 277.45058881952326, 100.33192040295118, 274.32558881952326, 105.01942040295118, 264.16933881952326, 111.66004540295118, 252.45058881952326, 113.22254540295118, 240.73183881952326, 113.22254540295118, 224.32558881952326, 113.22254540295118, 211.82558881952326, 112.05067040295118, 202.84121381952326, 109.70692040295118, 196.98183881952326, 105.80067040295118]], "scale": 3, "viewpoint": 1, "zoom_in": 1, "landmarks": [242, 114, 2, 192, 104, 2, 210, 127, 2, 242, 135, 2, 266, 127, 2, 282, 102, 2, 139, 121, 2, 104, 159, 2, 75, 194, 2, 111, 202, 2, 133, 197, 2, 152, 201, 2, 153, 214, 2, 157, 240, 2, 164, 266, 2, 84, 333, 2, 20, 434, 2, 240, 489, 2, 456, 428, 2, 395, 323, 2, 306, 258, 2, 311, 232, 2, 325, 208, 2, 331, 202, 2, 350, 202, 2, 362, 206, 2, 404, 183, 2, 370, 151, 2, 329, 114, 2], "style": 1, "bounding_box": [17, 100, 457, 491], "category_id": 10, "occlusion": 1, "category_name": "short sleeve dress"}}