{"source": "user", "pair_id": 580, "item1": {"segmentation": [[156.20535714285708, 119.5894841269841, 162.10813492063488, 122.540873015873, 170.78869047619048, 124.10337301587302, 179.295634920635, 125.3186507936508, 187.9761904761906, 125.3186507936508, 192.3164682539684, 123.9297619047619, 198.91369047619065, 123.9297619047619, 204.81646825396845, 124.27698412698413, 206.20535714285734, 122.36726190476189, 208.11507936507957, 119.41587301587299, 210.71924603174625, 117.33253968253965, 214.5386904761907, 118.02698412698409, 221.30952380952408, 119.5894841269841, 230.9210317460316, 122.55396825396825, 244.28908730158722, 127.24146825396828, 256.61547619047616, 133.3178571428572, 268.94186507936513, 138.69980158730166, 277.2751984126985, 141.47757936507946, 285.723611111111, 144.32103174603174, 299.9597222222221, 151.26547619047622, 311.59166666666664, 156.9946428571429, 329.126388888889, 164.1126984126985, 343.3625000000001, 170.0154761904763, 350.0, 172.96686507936522, 350.0, 181.04503968253962, 344.48293650793653, 193.8922619047619, 335.10793650793653, 210.55892857142865, 327.98988095238093, 223.92698412698428, 323.99682539682533, 231.56587301587322, 319.83015873015864, 230.52420634920654, 314.9690476190475, 226.8783730158732, 306.46210317460304, 220.62837301587317, 300.7329365079363, 216.46170634920645, 284.6948412698413, 211.1454365079365, 278.79206349206345, 210.45099206349204, 275.3198412698412, 218.61071428571432, 273.5837301587301, 227.81210317460324, 273.06289682539676, 241.18015873015887, 273.2003968253968, 250.91587301587293, 274.7628968253968, 264.11031746031745, 277.1934523809524, 278.1728174603175, 279.7255952380952, 290.93174603174606, 281.46170634920634, 303.258134920635, 284.065873015873, 318.70952380952394, 284.58670634920634, 331.55674603174623, 285.8019841269841, 342.66785714285743, 290.5190476190476, 363.98333333333323, 292.7759920634921, 380.8236111111111, 295.55376984126985, 396.101388888889, 298.29880952380955, 409.6400793650793, 298.81964285714287, 419.70952380952383, 292.74325396825395, 420.05674603174606, 274.86130952380944, 420.23035714285714, 253.85436507936487, 420.23035714285714, 238.23511904761932, 418.9692460317461, 213.5823412698414, 416.7123015873016, 200.3878968253969, 413.58730158730157, 185.8045634920635, 411.8511904761905, 173.30456349206344, 410.8095238095238, 154.72817460317444, 410.63591269841265, 132.5059523809521, 411.156746031746, 111.33115079365098, 412.29007936507935, 81.12281746031748, 412.81091269841266, 59.247817460317364, 412.29007936507935, 60.636706349206264, 403.08869047619044, 63.067261904761835, 392.6720238095237, 65.84503968253962, 380.51924603174587, 68.62281746031742, 364.5470238095235, 70.35892857142854, 353.26230158730124, 73.66071428571433, 334.0367063492064, 78.34821428571436, 315.28670634920627, 81.12599206349216, 300.52976190476176, 83.55654761904773, 286.6408730158728, 84.39935587761728, 273.0703166935047, 83.80676328502466, 262.7987117552324, 83.75972222222227, 248.36726190476188, 83.06527777777781, 235.6936507936507, 82.8916666666667, 224.2353174603173, 84.2805555555556, 220.9367063492062, 84.97500000000005, 219.20059523809505, 84.45416666666671, 216.59642857142836, 78.84265873015894, 216.38650793650794, 68.77321428571445, 217.0809523809524, 55.92599206349216, 219.8587301587302, 45.85654761904766, 224.71984126984134, 35.43988095238094, 229.75456349206357, 32.83571428571425, 230.2753968253969, 31.273214285714246, 224.71984126984134, 28.781535158346905, 216.8684916800894, 24.629960317460366, 204.34821428571436, 20.636904761904788, 192.71626984126985, 18.03273809523811, 182.99404761904756, 14.213293650793645, 172.23015873015862, 20.463293650793677, 170.3204365079364, 31.05357142857151, 167.7162698412697, 38.69246031746044, 164.4176587301586, 47.94202898550874, 159.58454106280146, 54.49107142857164, 156.60515873015854, 62.55931293612704, 149.31293612452913, 67.89264626946076, 145.75738056897333, 76.38647342995517, 142.20182501341753, 87.46130952380955, 139.784126984127, 98.78888888888878, 134.16944444444457, 112.67777777777773, 128.9611111111112, 128.1291666666667, 124.96805555555562, 140.976388888889, 122.01666666666671]], "scale": 3, "viewpoint": 1, "zoom_in": 1, "landmarks": [185, 129, 2, 158, 120, 2, 166, 139, 2, 184, 149, 2, 201, 134, 2, 212, 119, 2, 107, 134, 2, 67, 150, 2, 17, 173, 2, 34, 231, 2, 61, 216, 2, 84, 216, 2, 85, 257, 2, 76, 321, 2, 60, 411, 2, 179, 411, 2, 299, 419, 2, 285, 325, 2, 273, 249, 2, 279, 213, 2, 301, 217, 2, 322, 229, 2, 350, 175, 2, 300, 152, 2, 257, 132, 2], "style": 1, "bounding_box": [10, 115, 350, 426], "category_id": 1, "occlusion": 1, "category_name": "short sleeve top"}}