{"source": "user", "pair_id": 581, "item1": {"segmentation": [[0.5093641401333575, 235.4174133558749, 9.187865126326692, 232.52457969381047, 22.600093923170935, 228.57980651826804, 35.223368084906696, 223.84607870761712, 49.424551516859424, 218.58638114022722, 62.0128111205035, 215.3248802479572, 76.73996430919522, 210.3281675589368, 88.0483140790835, 205.59443974828588, 99.35666384897178, 202.70160608622143, 107.50919507842613, 200.59772705926548, 111.45396825396855, 199.01981778904852, 113.5578472809245, 200.59772705926548, 116.45068094298895, 203.22757584296045, 123.02530290222634, 205.59443974828588, 130.9148492533112, 206.12040950502487, 140.382304874613, 206.38339438339437, 151.21784540246085, 204.55910585141353, 157.52948248332874, 202.98119658119657, 159.8963463886542, 199.03642340565415, 163.31514980745763, 197.19552925706768, 167.78589273973904, 197.98448389217617, 178.56827275288833, 202.19224194608807, 190.13960740114612, 205.6110453648915, 208.81153376538026, 210.87074293228142, 222.486747440594, 215.07850098619335, 230.11330891330937, 216.6564102564103, 234.0580820888518, 221.6531229454307, 243.45460693153004, 223.2467361698131, 256.34086597163525, 225.35061519676907, 265.0193669578286, 227.7174791020945, 274.48682257913043, 229.82135812905048, 289.73994552456116, 232.71419179111493, 290.0, 262.16849816849833, 287.87188879496574, 269.1676528599605, 287.08293415985725, 277.32018408941485, 284.71607025453176, 287.05062458908617, 284.71607025453176, 294.1512163050626, 281.56025171409783, 295.7291255752795, 271.8298112144265, 296.2550953320185, 265.51817413355866, 297.3070348454965, 249.21311167464995, 298.095989480605, 243.42744435052106, 298.095989480605, 243.69042922889057, 303.61867192636436, 244.47938386399906, 310.71926364234076, 247.25868319714468, 325.75561190945797, 248.83659246736164, 338.6418709495632, 251.2034563726871, 355.9988729219499, 253.57032027801256, 374.9337841645536, 258.04106321029394, 396.2355593124826, 260.41668075514235, 410.09317178547917, 263.0465295388373, 425.3462947309099, 265.67637832253223, 438.4955386493846, 269.8841363764442, 447.96299427068647, 270.67309101155263, 452.6967220813374, 266.4653329576407, 455.8525406217713, 255.15698318775245, 457.6934347703578, 230.17341974265042, 459.00835916220524, 193.9593876209262, 461.24418145956605, 166.60896027049873, 458.6143326758711, 131.10600169061692, 457.2994082840236, 99.83976707053638, 459.8392786700479, 71.96336996336991, 458.2613693998309, 45.97948717948723, 456.44493284493285, 26.255621301775108, 456.9709026016718, 16.32076641307411, 459.0913872452334, 6.853310791772293, 458.3024326101249, 3.4345073729688576, 455.67258382642996, 3.4345073729688576, 449.09796186719257, 6.590325913402799, 421.7475345167651, 11.324053724053707, 394.1341222879681, 15.531811777965627, 369.67652859960515, 19.558711374096006, 351.29835634451024, 25.0813938198554, 332.6264299802761, 29.552136752136818, 318.4252465483234, 33.23392504930975, 307.37988165680457, 32.444970414201265, 303.96107823800116, 29.552136752136818, 296.8604865220248, 24.02945430637742, 295.80854700854684, 12.984089414858634, 298.43839579224175, 0.18871043486425343, 298.34146707992863]], "scale": 3, "viewpoint": 1, "zoom_in": 2, "landmarks": [140, 207, 2, 111, 201, 2, 125, 212, 2, 140, 213, 2, 156, 209, 2, 165, 198, 2, 50, 219, 2, 9, 232, 2, 0, 0, 0, 0, 0, 0, 0, 0, 0, 29, 296, 2, 33, 308, 2, 16, 369, 2, 4, 456, 2, 130, 456, 2, 269, 452, 2, 251, 356, 2, 243, 307, 2, 243, 298, 2, 265, 297, 2, 283, 296, 2, 0, 0, 0, 265, 229, 2, 229, 219, 2], "style": 2, "bounding_box": [0, 197, 290, 463], "category_id": 1, "occlusion": 1, "category_name": "short sleeve top"}}