{"source": "user", "pair_id": 571, "item1": {"segmentation": [[131.1112412177986, 98.23067915690866, 133.1662763466042, 103.98477751756441, 136.45433255269322, 110.14988290398126, 150.42857142857144, 117.95901639344262, 164.81381733021078, 122.48009367681499, 173.03395784543326, 130.28922716627636, 181.66510538641685, 135.63231850117097, 182.89812646370024, 131.1112412177986, 187.4192037470726, 127.00117096018735, 194.4063231850117, 122.89110070257611, 201.80444964871194, 117.5480093676815, 209.6135831381733, 113.84894613583138, 215.36768149882906, 109.32786885245902, 226.05386416861828, 101.51873536299766, 238.38407494145198, 93.29859484777518, 241.26112412177986, 94.12060889929742, 244.54918032786887, 97.81967213114754, 251.12529274004683, 104.80679156908666, 257.2903981264637, 110.56088992974239, 265.09953161592506, 110.56088992974239, 270.8536299765808, 110.14988290398126, 274.5526932084309, 109.32786885245902, 277.8407494145199, 108.9168618266979, 278.25175644028104, 110.97189695550351, 278.25175644028104, 114.2599531615925, 281.53981264637, 117.13700234192038, 287.7049180327869, 118.37002341920375, 291.403981264637, 118.78103044496487, 296.3360655737705, 117.95901639344262, 300.0351288056206, 118.78103044496487, 305.78922716627636, 119.19203747072599, 311.5433255269321, 122.06908665105387, 313.59836065573774, 124.1241217798595, 317.70843091334893, 124.53512880562062, 320.1744730679157, 122.48009367681499, 323.8735362997658, 123.30210772833723, 327.9836065573771, 125.76814988290398, 330.0386416861827, 127.82318501170961, 336.2037470725995, 132.7552693208431, 342.77985948477755, 139.3313817330211, 347.3009367681499, 140.56440281030444, 350.58899297423886, 144.26346604215456, 351.41100702576114, 149.19555035128806, 353.0550351288056, 158.2377049180328, 358.39812646370024, 168.5128805620609, 362.5081967213115, 177.55503512880563, 369.08430913348946, 188.24121779859485, 371.96135831381736, 192.7622950819672, 379.7704918032787, 198.51639344262296, 380.59250585480095, 203.03747072599532, 380.1814988290398, 208.79156908665107, 381.0035128805621, 212.49063231850118, 383.0585480093677, 218.2447306791569, 378.1264637002342, 216.1896955503513, 372.7833723653396, 212.07962529274005, 358.8091334894614, 210.43559718969556, 348.12295081967216, 212.49063231850118, 334.55971896955504, 219.88875878220142, 324.6955503512881, 230.1639344262295, 330.8606557377049, 259.75644028103045, 333.3266978922717, 303.3231850117096, 334.1487119437939, 350.0, 12.330210772833723, 350.0, 14.385245901639344, 313.1873536299766, 20.961358313817332, 270.8536299765808, 25.893442622950822, 249.89227166276348, 20.550351288056206, 242.49414519906324, 9.864168618266978, 234.68501170960187, 0.8220140515222483, 230.57494145199064, 0.0, 170.56791569086653, 2.877049180327869, 166.45784543325527, 7.809133489461359, 163.5807962529274, 14.796252927400468, 157.41569086651054, 18.495316159250585, 155.36065573770492, 22.605386416861826, 151.2505854800937, 24.249414519906324, 147.96252927400468, 29.181498829039814, 145.49648711943794, 30.414519906323186, 137.68735362997657, 32.469555035128806, 135.22131147540983, 34.93559718969555, 133.57728337236534, 38.223653395784545, 133.57728337236534, 37.81264637002342, 129.87822014051523, 39.45667447306791, 127.00117096018735, 44.38875878220141, 127.41217798594847, 45.62177985948478, 124.1241217798595, 48.49882903981265, 121.24707259953162, 58.77400468384075, 119.60304449648713, 73.57025761124122, 117.95901639344262, 94.94262295081967, 117.5480093676815, 104.39578454332553, 117.5480093676815, 111.38290398126463, 115.49297423887587, 118.37002341920375, 110.97189695550351, 123.30210772833723, 104.39578454332553, 127.00117096018735, 99.87470725995317]], "scale": 3, "viewpoint": 2, "zoom_in": 2, "landmarks": [183, 102, 1, 132, 98, 1, 152, 118, 2, 182, 136, 2, 211, 115, 1, 239, 94, 1, 46, 126, 2, 23, 151, 2, 0, 0, 0, 26, 250, 2, 34, 221, 2, 36, 195, 2, 36, 212, 2, 0, 0, 0, 0, 0, 0, 0, 0, 0, 0, 0, 0, 0, 0, 0, 321, 201, 2, 322, 184, 2, 321, 205, 2, 324, 229, 2, 382, 218, 2, 358, 172, 2, 324, 125, 2], "style": 3, "bounding_box": [0, 89, 390, 350], "category_id": 1, "occlusion": 2, "category_name": "short sleeve top"}}