{"source": "user", "pair_id": 578, "item1": {"segmentation": [[235.28653370126918, 58.391253299830254, 226.48748494978284, 58.15344117141171, 218.5207786477614, 61.601717033480675, 212.33766330887912, 61.126092776643574, 203.18189636476495, 58.51015936403953, 191.05347781541892, 51.61360763990159, 183.29801202034218, 45.76884838077631, 164.93066508156673, 34.65773726966524, 142.36893203883497, 50.28349514563107, 116.31844660194176, 62.400000000000006, 108.44271844660194, 66.03495145631068, 90.26796116504855, 72.6990291262136, 59.976699029126216, 88.4504854368932, 53.292120731787826, 90.5794157145059, 38.77964907645908, 109.62703476212488, 27.008044382801614, 131.67716795456045, 0.0, 170.91716531272704, 0.0, 214.6813376483278, 0.0, 247.10764150320296, 0.0, 256.36244193470276, 15.429751447504534, 267.0200383065848, 42.867393170860446, 290.149290007265, 62.141769588093936, 297.40552583492934, 69.62476278537282, 294.4576800299407, 82.32317548378548, 276.7706052000088, 86.57222992756977, 293.5179270413669, 86.57222992756977, 349.07348259692225, 86.63300970873787, 428.3184466019418, 88.4504854368932, 541.6077669902913, 93.29708737864078, 590.6796116504855, 94.50873786407767, 609.4601941747574, 102.44524580058558, 610.5939810228299, 124.44071065319322, 608.5531646962993, 137.36588072122038, 601.9772009774784, 164.12325033573276, 600.8434141294059, 184.25970983862817, 598.0307949717104, 201.03975519010206, 594.8561917971073, 222.58170530348065, 602.1124276247716, 233.0125443057482, 599.8448539286265, 242.7631111991722, 595.7632212755653, 348.91019967857676, 586.5911454549457, 371.9766990291262, 591.285436893204, 377.42912621359227, 591.285436893204, 380.4582524271845, 585.8330097087379, 381.26763974198104, 520.6579750346741, 387.217277590648, 407.59541201593913, 395.3095128018845, 271.2068687669243, 402.3389912599344, 273.4744424630694, 414.583889219118, 289.12070096647074, 430.6836624617483, 277.78283248574513, 445.8764062259206, 266.44496400501953, 460.3888778812494, 254.2000660458359, 466.2845694912267, 247.17058758778606, 462.8504854368932, 233.24271844660194, 448.91650485436895, 181.747572815534, 432.9451247165533, 120.85701076547123, 429.99727891156465, 96.59397221671847, 420.7002267573697, 82.98853003984777, 413.4801312110604, 79.32893908372404, 364.27378200471134, 60.9615921449486, 349.30779561015356, 55.06590053497129, 318.85666732712497, 37.134984479228635, 315.6349514563107, 36.3495145631068, 298.2217466922044, 46.658794003038125, 277.36006868766935, 57.7699051141492, 264.19431793537194, 60.65046851980648, 244.52250181626033, 58.694018448803476]], "scale": 3, "viewpoint": 1, "zoom_in": 2, "landmarks": [243, 59, 2, 165, 35, 2, 176, 98, 2, 250, 164, 2, 310, 78, 2, 318, 37, 2, 53, 93, 2, 10, 163, 2, 0, 0, 0, 66, 298, 2, 78, 282, 2, 80, 263, 2, 86, 288, 2, 87, 413, 2, 94, 609, 2, 223, 601, 2, 377, 591, 2, 391, 406, 2, 395, 278, 2, 394, 251, 2, 405, 275, 2, 414, 288, 2, 464, 238, 2, 441, 157, 2, 430, 98, 2], "style": 1, "bounding_box": [0, 32, 467, 613], "category_id": 1, "occlusion": 1, "category_name": "short sleeve top"}}