{"source": "user", "pair_id": 580, "item1": {"segmentation": [[193.9407407407407, 48.14179894179895, 199.07654320987652, 52.88253968253971, 205.99012345679012, 58.80846560846565, 213.49629629629632, 62.16649029982369, 221.5950617283951, 62.75908289241629, 231.07654320987663, 62.95661375661382, 243.32345679012357, 64.93192239858914, 252.21234567901251, 66.51216931216939, 259.5209876543212, 69.87019400352742, 265.05185185185206, 72.63562610229286, 270.70405643738957, 72.55731922398598, 276.432451499118, 71.56966490299833, 279.79047619047606, 68.01410934744275, 282.5559082892415, 62.48324514991187, 282.753439153439, 56.75485008818346, 281.76578483245135, 54.18694885361555, 287.29664902998223, 54.977072310405674, 294.6052910052909, 56.162257495590865, 300.3336860670193, 57.14991181657852, 305.27195767195764, 59.5202821869489, 309.0250440917107, 64.26102292768965, 311.5929453262786, 69.59435626102301, 312.97566137566133, 70.38447971781314, 317.32134038800706, 70.58201058201067, 319.49417989417987, 67.61904761904769, 322.8522045855379, 64.06349206349212, 325.61763668430336, 61.89065255731928, 332.3336860670194, 62.08818342151681, 341.0250440917108, 61.89065255731928, 343.5929453262787, 61.495590828924215, 345.17319223985896, 59.71781305114643, 348.33368606701947, 58.532627865961246, 351.69171075837755, 60.507936507936556, 353.2719576719578, 63.470899470899525, 354.85220458553806, 64.26102292768965, 359.0003527336862, 62.680776014109405, 363.9386243386245, 63.273368606702, 367.8892416225751, 63.86596119929459, 373.0250440917109, 62.08818342151681, 378.75343915343933, 60.70546737213409, 382.0980599647266, 60.99188712522049, 385.2585537918871, 59.41164021164023, 390.3943562610229, 59.41164021164023, 396.9128747795414, 60.59682539682542, 398.88818342151677, 62.76966490299827, 402.4437389770723, 61.18941798941802, 410.14744268077607, 60.39929453262789, 418.24620811287485, 60.99188712522049, 424.7647266313934, 59.41164021164023, 430.9178130511463, 56.706878306878366, 440.20176366843026, 51.76860670194007, 450.0783068783069, 48.015520282186976, 461.33756613756617, 45.447619047619064, 467.0, 44.85502645502647, 467.0, 62.63280423280431, 462.52275132275133, 74.68218694885374, 459.1647266313933, 87.71922398589082, 456.2906525573193, 98.30687830687832, 454.710405643739, 105.22045855379193, 453.13015873015877, 112.72663139329812, 452.2538825547051, 117.54813097468872, 456.6366436942234, 116.67157874678506, 467.0, 112.72663139329812, 467.0, 127.34391534391546, 463.79682539682545, 136.82539682539698, 460.24126984126985, 145.12169312169328, 455.3029982363316, 146.89947089947108, 447.00670194003527, 148.47971781305134, 438.71040564373897, 148.2821869488538, 430.01904761904757, 146.89947089947108, 420.53756613756605, 145.51675485008838, 414.61164021164006, 145.31922398589083, 407.895590828924, 146.89947089947108, 403.15485008818325, 149.86243386243405, 395.779188712522, 153.64514991181662, 386.495238095238, 156.41058201058206, 376.61869488536144, 159.96613756613763, 369.3100529100528, 162.73156966490308, 363.58165784832437, 167.2747795414463, 360.8162257495589, 173.39823633156976, 356.86560846560826, 182.8797178130513, 354.29770723104036, 195.32416225749577, 353.50476190476195, 204.06984126984122, 352.51710758377425, 211.9710758377425, 349.94920634920635, 223.82292768959437, 348.9615520282187, 233.89700176366847, 348.5664902998236, 243.18095238095248, 345.9985890652557, 247.92169312169324, 344.22081128747794, 250.68712522045865, 346.65350689295326, 259.55439116823186, 348.49895095293016, 271.549777558082, 350.95954303289943, 286.62090404789365, 353.1125611028725, 300.00037348272645, 352.4974130828802, 307.99729774262653, 350.6519690229033, 313.53362992255734, 349.42167298291866, 316.763157027517, 348.7915636842973, 325.8374031965727, 348.7915636842973, 337.52521557642666, 348.9453506892953, 351.05847201625755, 349.7142857142857, 357.2099522161807, 349.2529246992915, 364.43794145109035, 349.06117427363097, 370.06485417696473, 351.98312736859447, 383.1367496018014, 355.21265447355415, 401.5911902015708, 357.67324655352337, 414.3555116164113, 359.0573295985061, 426.5046850112595, 359.4228154006701, 436.9380787609161, 358.3463063656836, 442.781984950843, 355.8857142857143, 447.3955951007854, 348.65772505080463, 453.0857142857143, 336.98599439775916, 458.84870654144015, 324.5292469929148, 462.2320206513979, 312.02761575218324, 465.0201351128687, 298.64814631735044, 467.0, 186.97959183673476, 467.0, 162.81632653061217, 463.2244897959184, 152.6938775510203, 456.69387755102036, 142.2448979591835, 449.1836734693877, 137.34693877551, 443.6326530612244, 136.6938775510202, 435.4693877551019, 137.6219598583235, 424.9841794569067, 139.89468713105077, 418.99244391971655, 140.92774498229045, 407.00897284533636, 141.7541912632822, 387.5874852420305, 142.24155844155842, 369.5175914994097, 143.2746162927981, 354.6415584415584, 145.13412042502952, 343.8977567886658, 148.43990554899648, 330.2613931523021, 150.71263282172376, 320.963872491145, 150.50602125147583, 314.765525383707, 148.23329397874852, 306.08783943329377, 144.56812278630466, 298.2609208972846, 142.50200708382533, 285.8642266824085, 138.36977567886663, 269.3353010625737, 135.47721369539553, 253.01298701298688, 134.44415584415586, 240.6162927981108, 133.20448642266825, 222.8476977567884, 132.43187721369546, 203.77378984651725, 131.6054309327037, 191.5837072018891, 129.74592680047232, 184.35230224321137, 123.13435655253839, 170.50932703659973, 115.90295159386068, 162.45147579693028, 107.46989374262111, 160.57166469893744, 85.36245572609208, 158.50554899645812, 68.2136953955135, 158.71216056670605, 61.46706021251494, 158.8356552538371, 45.55796930342395, 160.90177095631645, 38.119952774498294, 162.14144037780406, 31.301770956316446, 156.97615112160568, 23.499881936245625, 150.099409681228, 16.88831168831171, 142.04155844155855, 13.375914994096817, 133.77709563164115, 11.929634002361274, 125.0994096812279, 9.24368358913812, 118.28122786304604, 19.161038961038994, 124.06635182998822, 32.177567886658885, 127.16552538370723, 40.64864226682422, 127.37213695395518, 46.02054309327052, 126.54569067296343, 46.227154663518455, 118.28122786304604, 43.33459268004737, 106.29775678866582, 40.502715466351916, 89.90554899645821, 36.37048406139321, 76.68240850059038, 31.41180637544278, 67.79811097992918, 26.866351829988215, 61.3931523022432, 24.387012987012998, 57.46753246753244, 35.836126473964335, 55.02752791401447, 57.165564019618216, 50.64476677449655, 70.8982155901077, 48.0151100907858, 87.84489199624366, 47.430741938850076, 101.82282333051558, 48.96229923922234, 115.97042295178781, 50.07887212856094, 118.69151138716217, 54.38726215123699, 123.22665877945275, 54.84077689046605, 127.08153406289975, 51.66617371586264, 131.80309946463802, 51.85513290128679, 139.4296609373534, 53.959011928242745, 146.26726777496026, 58.692739738893664, 148.63413168028572, 59.74467925237164, 149.6860711937637, 54.747966563351234, 152.84188973419765, 54.221996806612246, 158.10158730158753, 58.692739738893664, 160.7314360852825, 61.848558279327605, 167.83202780125885, 56.06289095519871, 174.14366488212676, 51.59214802291729, 178.08843805766918, 48.699314360852846, 182.5591809899506, 49.22528411759183, 187.55589367897102, 50.54020850943931]], "scale": 3, "viewpoint": 2, "zoom_in": 2, "landmarks": [245, 51, 1, 196, 51, 2, 229, 65, 2, 261, 72, 2, 283, 68, 2, 283, 57, 2, 139, 56, 2, 73, 48, 2, 26, 58, 2, 44, 162, 2, 78, 159, 2, 117, 164, 2, 132, 206, 2, 150, 329, 2, 139, 442, 2, 0, 0, 0, 361, 443, 2, 349, 324, 2, 354, 207, 2, 366, 165, 2, 414, 147, 2, 458, 146, 2, 0, 0, 0, 419, 62, 2, 367, 65, 2], "style": 1, "bounding_box": [19, 40, 467, 467], "category_id": 1, "occlusion": 1, "category_name": "short sleeve top"}}