{"source": "user", "pair_id": 593, "item1": {"segmentation": [[182.022664835165, 65.83962912087912, 189.83516483516507, 70.91775412087917, 201.55391483516516, 75.2146291208792, 212.49141483516524, 77.16775412087921, 217.9601648351653, 78.73025412087922, 218.7414148351653, 81.85525412087925, 218.7414148351653, 84.98025412087928, 224.60078983516536, 83.02712912087927, 231.63203983516541, 81.85525412087925, 239.05391483516547, 81.85525412087925, 248.03828983516556, 83.80837912087927, 255.8507898351656, 84.98025412087928, 259.36641483516564, 81.46462912087925, 266.3976648351657, 80.68337912087924, 280.8507898351658, 79.90212912087924, 285.53828983516587, 77.94900412087922, 289.05391483516587, 75.6052541208792, 293.3507898351659, 77.55837912087921, 298.038289835166, 80.68337912087924, 304.1723901098899, 82.49914148351651, 315.89114010989, 82.88976648351651, 331.51614010989016, 80.9366414835165, 344.7973901098903, 78.20226648351648, 358.8598901098904, 73.51476648351644, 370.18801510989044, 71.56164148351642, 381.12551510989056, 69.99914148351641, 391.67239010989067, 69.99914148351641, 399.4848901098907, 71.56164148351642, 404.1723901098908, 75.85851648351645, 408.4692651098908, 84.84289148351652, 414.71926510989084, 91.09289148351658, 415.89114010989084, 96.17101648351662, 420.9692651098909, 100.07726648351667, 426.82864010989096, 100.46789148351667, 428.39114010989096, 104.3741414835167, 431.906765109891, 105.54601648351671, 446.38993818681325, 106.96686126373622, 462.4055631868134, 107.74811126373623, 467.0, 107.82967032967034, 467.0, 113.52592719780219, 464.78365384615387, 118.21342719780223, 461.6586538461538, 126.4165521978023, 455.40865384615375, 137.3540521978024, 447.9867788461537, 147.51030219780247, 440.56490384615364, 158.44780219780256, 435.0961538461536, 166.65092719780264, 435.8774038461536, 169.77592719780267, 437.83052884615364, 174.85405219780273, 437.83052884615364, 181.8853021978028, 434.3149038461536, 183.8384271978028, 429.2367788461536, 184.6196771978028, 426.1117788461535, 184.2290521978028, 419.86177884615347, 185.0103021978028, 415.95552884615347, 188.52592719780284, 417.12740384615347, 193.21342719780287, 419.86177884615347, 198.2915521978029, 421.03365384615347, 202.19780219780296, 421.42427884615347, 207.275927197803, 426.5024038461535, 210.79155219780301, 431.9711538461536, 218.99467719780307, 435.4867788461536, 227.58842719780316, 439.976820054945, 242.3720810439558, 444.27369505494505, 256.4345810439559, 449.7424450549451, 276.7470810439561, 452.8674450549451, 293.93458104395626, 457.16432005494516, 307.21583104395637, 459.50807005494516, 319.3252060439565, 461.85182005494516, 335.7314560439566, 466.9299450549452, 351.3564560439567, 467.0, 524.0384615384615, 463.875, 523.4589629120879, 452.9374999999999, 523.4589629120879, 437.7031249999998, 525.0214629120879, 418.9531249999996, 525.8027129120879, 401.37499999999943, 525.8027129120879, 380.28124999999926, 525.8027129120879, 357.7738667582427, 525.0600961538461, 345.27386675824266, 524.2788461538461, 332.38324175824255, 523.1069711538461, 315.1957417582424, 525.4507211538461, 298.7894917582422, 525.8413461538461, 273.78949175824204, 528.5757211538462, 253.08636675824184, 528.5757211538462, 237.07074175824172, 528.9663461538462, 213.31129807692395, 529.842032967033, 196.5144230769238, 529.451407967033, 177.76442307692366, 529.060782967033, 157.06129807692346, 528.670157967033, 134.4050480769233, 528.670157967033, 119.56129807692315, 526.326407967033, 104.71754807692304, 522.8107829670329, 97.68629807692297, 522.0295329670329, 83.62379807692285, 521.6389079670329, 57.62362637362685, 518.3550824175825, 35.748626373626664, 518.3550824175825, 18.170501373626514, 519.5269574175825, 7.233001373626424, 519.5269574175825, 0.0, 519.1363324175825, 0.0, 419.1363324175816, 2.545501373626384, 407.4175824175815, 5.67050137362641, 396.08945741758146, 9.576751373626443, 383.58945741758134, 13.483001373626477, 371.08945741758123, 16.938530219780105, 351.0645604395608, 21.626030219780148, 338.1739354395607, 26.313530219780187, 322.5489354395606, 29.829155219780215, 308.09581043956047, 32.56353021978024, 293.6426854395603, 34.516655219780255, 278.7989354395602, 39.985405219780304, 267.8614354395601, 48.188530219780375, 255.75206043956, 51.704155219780404, 244.4239354395599, 50.92290521978039, 233.4864354395598, 53.26665521978042, 222.93956043955973, 57.172905219780446, 213.95518543955964, 59.748454670330034, 208.9672046703297, 61.70157967033005, 205.45157967032966, 58.57657967033002, 203.49845467032966, 53.49845467032998, 203.10782967032966, 46.07657967032992, 207.4047046703297, 41.38907967032988, 210.52970467032972, 38.65470467032985, 210.92032967032972, 38.26407967032985, 210.92032967032972, 37.09220467032984, 209.7484546703297, 35.52970467032983, 204.67032967032966, 33.18595467032981, 199.59220467032964, 30.842204670329785, 196.8578296703296, 24.592204670329735, 189.43595467032952, 18.342204670329682, 179.27970467032944, 11.701579670329625, 172.24845467032938, 5.0609546703295685, 164.43595467032932, 0.0, 157.79532967032927, 0.0, 147.24845467032918, 6.232829670329579, 141.77970467032912, 18.732829670329686, 136.70157967032907, 29.670329670329778, 130.060954670329, 42.95157967032989, 119.12345467032894, 49.98282967032995, 110.92032967032887, 62.482829670330055, 101.9359546703288, 71.85782967033013, 95.29532967032874, 82.3446085164833, 89.1011332417584, 95.2352335164834, 85.19488324175838, 107.73523351648352, 83.24175824175836, 123.36023351648365, 80.11675824175833, 135.86023351648376, 77.7730082417583, 151.09460851648387, 74.64800824175828, 163.203983516484, 72.30425824175826, 172.57898351648407, 69.56988324175823]], "scale": 3, "viewpoint": 1, "zoom_in": 2, "landmarks": [235, 81, 2, 179, 70, 2, 188, 103, 2, 229, 117, 2, 276, 107, 2, 287, 80, 2, 90, 87, 2, 46, 117, 2, 0, 0, 0, 37, 209, 2, 57, 200, 2, 67, 187, 2, 59, 210, 2, 25, 330, 2, 0, 0, 0, 240, 523, 2, 0, 0, 0, 457, 315, 2, 415, 198, 2, 390, 171, 2, 411, 182, 2, 433, 184, 2, 0, 0, 0, 427, 105, 2, 380, 72, 2], "style": 2, "bounding_box": [0, 65, 467, 531], "category_id": 1, "occlusion": 1, "category_name": "short sleeve top"}}