{"source": "user", "pair_id": 630, "item1": {"segmentation": [[127.88234126984153, 83.48353174603174, 124.06289682539702, 84.52519841269843, 117.6331865585167, 89.8892236384705, 111.87318655851671, 89.8892236384705, 101.27916666666715, 89.06428571428559, 95.55000000000037, 92.18928571428566, 88.12063492063547, 98.23075396825398, 78.05119047619083, 97.70992063492064, 68.50257936507953, 94.06408730158724, 57.473186558516765, 92.4492236384705, 50.65079365079458, 92.26686507936488, 46.136904761905605, 93.8293650793649, 42.66468253968331, 99.21130952380946, 39.018849206349906, 102.33630952380952, 29.738122827346448, 103.64662804171495, 22.1785714285718, 108.93353174603187, 15.75496031746056, 114.48908730158753, 10.720238095238239, 116.05158730158756, 5.418122827346474, 118.36662804171493, 0.938122827346481, 129.8866280417149, 0.0, 252.4892699884125, 9.17506373117034, 257.6092699884125, 25.81506373117032, 266.5692699884125, 37.33506373117031, 276.8092699884125, 43.7350637311703, 288.96926998841246, 45.0150637311703, 300.48926998841245, 40.535063731170304, 311.36926998841244, 34.77506373117031, 320.9692699884124, 43.7350637311703, 317.12926998841243, 50.77506373117029, 314.56926998841243, 55.89506373117029, 306.8892699884124, 57.17506373117028, 295.36926998841244, 59.735063731170285, 286.40926998841246, 66.77506373117028, 272.3292699884125, 67.41506373117028, 300.48926998841245, 68.69506373117028, 333.12926998841243, 69.97506373117028, 366.40926998841235, 71.89506373117027, 403.52926998841235, 73.17506373117027, 444.4892699884123, 67.38614136732329, 474.0190034762457, 68.66614136732329, 502.81900347624565, 68.69061413673234, 528.8884356894555, 70.50308227114715, 555.6660950173813, 74.34308227114715, 588.3060950173812, 78.18308227114714, 610.7060950173811, 78.36250000000003, 623.0, 359.99126984126985, 623.0, 357.9387253765933, 608.9200000000001, 357.2987253765933, 583.96, 359.2187253765933, 559.6400000000001, 357.2987253765933, 534.0400000000001, 354.09872537659334, 497.5600000000002, 349.0810660486674, 466.9790034762457, 345.24106604866745, 434.33900347624575, 342.68106604866745, 413.8590034762458, 340.12106604866744, 379.93900347624583, 338.84106604866747, 347.29900347624584, 338.84106604866747, 309.53900347624585, 338.08389339513326, 284.54340672074164, 337.4438933951333, 253.82340672074167, 342.5638933951332, 260.8634067207417, 347.6838933951332, 271.10340672074165, 353.64623015873013, 279.13908730158767, 356.0767857142858, 282.0904761904766, 357.92389339513323, 294.78340672074165, 364.3238933951332, 301.18340672074163, 376.48389339513324, 308.86340672074164, 369.43425260718425, 298.76505214368484, 364.31425260718424, 290.44505214368485, 363.67425260718426, 280.8450521436848, 369.43425260718425, 268.68505214368486, 380.95425260718423, 257.80505214368486, 399.51425260718423, 246.92505214368487, 418.7142526071842, 239.8850521436849, 437.1526303592121, 237.23161066048664, 453.79263035921207, 236.59161066048665, 467.0, 240.96408730158745, 467.0, 235.5821428571429, 460.7399304750869, 228.08101969872536, 455.6199304750869, 222.32101969872537, 449.4638888888889, 212.0234126984124, 444.7399304750869, 204.40101969872538, 436.4199304750869, 192.2410196987254, 428.0999304750869, 178.8010196987254, 422.33993047508693, 170.48101969872542, 421.0599304750869, 162.80101969872544, 415.93993047508695, 158.32101969872542, 416.57993047508694, 148.08101969872544, 413.37993047508695, 137.84101969872546, 408.25993047508695, 130.16101969872545, 399.93993047508695, 126.96101969872548, 398.6192460317466, 117.64900793650828, 389.7650793650798, 117.30178571428605, 378.8275793650796, 107.75317460317476, 377.9693163383546, 99.59156431054461, 372.8493163383546, 98.31156431054461, 369.6493163383546, 101.51156431054461, 366.44931633835455, 98.95156431054461, 366.44931633835455, 91.91156431054462, 361.3293163383546, 93.19156431054462, 357.48931633835457, 94.47156431054462, 347.8893163383546, 91.27156431054462, 333.8093163383546, 89.35156431054462, 322.9297619047624, 87.63273809523815, 316.8533730158734, 88.50079365079372, 305.7422619047621, 87.80634920634927, 297.96931633835464, 89.35156431054462, 292.5914682539682, 86.903373015873, 284.2581349206347, 84.29920634920629, 274.7095238095234, 83.08392857142849, 270.44931633835466, 78.47156431054464, 260.1261904761898, 77.70198412698393, 262.76931633835466, 83.59156431054463, 262.76931633835466, 92.55156431054462, 256.3693163383547, 103.43156431054462, 246.12931633835473, 110.47156431054461, 236.52931633835473, 115.5915643105446, 225.64931633835474, 120.71156431054459, 216.68931633835473, 121.35156431054459, 203.88931633835475, 118.15156431054459, 189.32356894553874, 117.86827346465816, 172.04356894553874, 115.94827346465816, 157.32356894553877, 111.46827346465815, 145.16356894553877, 106.34827346465816, 133.6435689455388, 97.38827346465818, 129.1635689455388, 89.06827346465819]], "scale": 3, "viewpoint": 2, "zoom_in": 2, "landmarks": [194, 85, 1, 125, 92, 2, 154, 117, 2, 196, 123, 2, 246, 114, 2, 267, 82, 2, 57, 92, 2, 0, 0, 0, 0, 0, 0, 54, 308, 2, 62, 265, 2, 60, 208, 2, 67, 247, 2, 71, 307, 2, 74, 372, 2, 69, 501, 2, 0, 0, 0, 0, 0, 0, 0, 0, 0, 346, 486, 2, 332, 365, 2, 332, 290, 2, 332, 211, 2, 339, 200, 2, 341, 248, 2, 361, 293, 2, 465, 238, 2, 413, 151, 2, 351, 94, 2], "style": 1, "bounding_box": [1, 74, 466, 623], "category_id": 10, "occlusion": 1, "category_name": "short sleeve dress"}}