{"source": "user", "pair_id": 648, "item1": {"segmentation": [[105.23676644681211, 8.420429561982079, 101.53306274310842, 13.975985117537624, 99.37256891594794, 19.840182648401807, 99.06392694063929, 26.63030610519192, 98.75528496533065, 32.18586166074746, 99.06392694063929, 38.05005919161165, 92.58244545915782, 42.98833079654992, 83.94047015051586, 47.926602401488175, 74.37256891594798, 52.247590055809155, 66.96516150854059, 52.86487400642643, 66.03923558261467, 55.95129375951285, 51.84170471841716, 58.72907153729062, 51.96769829189918, 62.01166920345004, 44.251648909183146, 62.937595129375964, 39.31337730424489, 66.33265685777101, 32.831895822763414, 70.96228648740063, 28.18028073735832, 71.97530864197532, 23.24200913242006, 73.82716049382718, 15.525959749704025, 78.14814814814815, 10.279046169457121, 80.30864197530865, 6.266700490444784, 80.61728395061728, 2.5629967867410874, 81.5432098765432, 2.871638762049729, 88.9506172839506, 1.0197869101978805, 92.96296296296293, 0.0, 149.13580246913568, 0.0, 208.16759682056488, 13.604769152714345, 209.7108066971081, 26.567732115677284, 210.63673262303402, 39.83933705394887, 213.72315237612042, 47.864028411973536, 216.5009301538982, 50.02452223913403, 210.94537459834265, 51.56773211567723, 206.93302891933033, 54.345509893455, 206.31574496871303, 56.03595890410966, 212.35124143835634, 59.551583904109656, 220.5543664383563, 59.942208904109656, 232.27311643835628, 61.11408390410965, 247.50749143835625, 64.22205310333153, 266.5009301538981, 67.30847285641794, 282.55031286994745, 71.32081853543028, 302.6120412650091, 73.1134787755793, 326.6759682056486, 73.42212075088793, 347.3549805513275, 73.73076272619657, 359.7006595636732, 70.9529849484188, 365.5648570945374, 68.4931506849315, 371.5068493150685, 66.84931506849315, 381.9178082191781, 67.94520547945206, 399.0, 174.24657534246575, 398.9041095890411, 268.4931506849315, 398.35616438356163, 270.2063250465077, 389.4435988499916, 270.2063250465077, 373.08557415863356, 268.35447319465584, 360.4312531709793, 266.81126331811265, 348.3942161339423, 265.8853373921867, 340.67816675122623, 267.4285472687299, 321.23372230678183, 269.28039912058176, 303.023845763572, 270.823608997125, 293.14730255369545, 273.6013867749028, 273.70285810925105, 276.4662607813293, 257.2974801285303, 278.9353965837984, 236.61846778285133, 280.169964485033, 210.69254185692546, 280.78724843565027, 197.42093691865387, 280.47860646034167, 184.45797395569093, 283.8736681887367, 183.84069000507367, 289.7378657196009, 194.95180111618475, 293.2132589210215, 200.63504143412823, 299.0, 204.64738711314055, 299.0, 84.38356164383562, 299.0, 60.4955183493996, 294.51293759512936, 53.70539489260949, 282.47590055809235, 48.76712328767123, 273.8339252494504, 49.38440723828852, 261.79688821241336, 45.98934550989346, 243.2783696938949, 41.97699983088112, 225.3771351259937, 33.952308472856444, 217.35244376796902, 30.24860476915275, 216.73515981735176, 21.29798748520215, 216.25486216810418, 12.748181971926252, 212.85980043970915, 2.5629967867410874, 206.99560290884494, 0.40250295958059823, 205.1437510569931, 0.40250295958059823, 204.83510908168446, 13.674107897852178, 208.23017081007953, 21.698799255876853, 209.15609673600545, 30.03213258921017, 208.53881278538816, 39.90867579908669, 203.29189920514125, 48.85929308303729, 197.42770167427707, 57.19262641637061, 190.32893624217832, 64.90867579908664, 182.07424319296467, 69.92643328259771, 171.81041772365984, 77.56299678674094, 166.95078640284126, 79.18569254185695, 159.77338068662283, 87.13089802130882, 156.6869609335364, 75.71114493488909, 153.29189920514136, 68.3037375274817, 148.35362760020308, 63.05682394723479, 140.63757821748706, 60.587688144765664, 129.8351090816846, 55.6494165398274, 124.58819550143771, 53.48892271266691, 121.19313377304265, 52.56299678674099, 111.00794858785748, 44.84694740402495, 104.52646710637602, 36.20497209538299, 105.1437510569933, 28.797564687975605, 107.61288685946244, 26.328428885506472, 107.92152883477107, 17.686453576864515]], "scale": 3, "viewpoint": 2, "zoom_in": 2, "landmarks": [155, 5, 1, 105, 10, 2, 113, 48, 2, 160, 87, 2, 204, 60, 2, 211, 2, 2, 6, 83, 2, 0, 0, 0, 0, 0, 0, 48, 217, 2, 55, 191, 2, 58, 163, 2, 60, 221, 2, 71, 303, 2, 0, 0, 0, 0, 0, 0, 0, 0, 0, 270, 293, 2, 279, 211, 2, 273, 156, 2, 285, 182, 2, 0, 0, 0, 0, 0, 0, 0, 0, 0, 283, 49, 2], "style": 2, "bounding_box": [0, 0, 299, 399], "category_id": 1, "occlusion": 1, "category_name": "short sleeve top"}}