{"source": "user", "pair_id": 648, "item1": {"segmentation": [[123.13314689292308, 55.203109446840834, 121.40304308669471, 61.08546238801729, 119.67293928046632, 63.85362847798269, 115.52069014551824, 63.161586955491344, 108.94629568185043, 63.161586955491344, 100.64179741195424, 64.54567000047405, 91.6452576195667, 67.31383609043944, 83.34075934967052, 69.73598141915915, 75.38228184102002, 72.15812674787887, 70.1919704223349, 73.88823055410724, 65.34767976489546, 75.96435512158129, 62.925534436175745, 79.42456273403803, 54.27501540503389, 79.7705834952837, 52.54491159880551, 84.61487415272315, 46.31653789638338, 91.18926861639096, 41.81826800018961, 92.91937242261933, 36.6279565815045, 94.30345546760203, 32.82172820780208, 98.10968384130445, 22.441105370431853, 98.8017253637958, 19.326918519220783, 100.87784993126984, 16.558752429255385, 102.95397449874389, 15.17466938427269, 105.72214058870928, 17.596814712992412, 115.41072190358815, 24.86325069915157, 128.2134900696781, 32.475707446556406, 145.5145281319618, 41.12622647769827, 157.27923401431474, 46.662558657629056, 152.08892259562964, 48.738683225103095, 149.32075650566424, 52.89093236005119, 146.8986111769445, 56.00511921126226, 146.55259041569883, 54.967056927525235, 149.32075650566424, 51.16082855382282, 154.85708868559504, 47.008579418874724, 160.7394416267715, 46.31653789638338, 170.0820021804047, 42.88382234440916, 192.35910319002704, 41.15371853818079, 213.46636962601318, 36.65544864198702, 235.95771910698198, 30.773095700810558, 258.4490685879508, 24.54472199838842, 282.67052187514804, 19.70043134094898, 300.31758069867743, 11.5665734464616, 319.82746362041996, 3.2620751765654177, 334.01431483149264, 6.376262027776487, 333.668294070247, 29.90567379248234, 336.78248092145805, 52.05100251220549, 338.1665639664407, 67.62193676826084, 341.6267715788975, 87.69114092050995, 345.4329999525999, 111.22055268521581, 349.2392283263023, 126.0994454187798, 351.3153528937763, 146.86069109352024, 352.69943593875905, 160.35550078210156, 353.7374982224961, 191.92965824524816, 357.83665924065036, 209.2306963075319, 357.83665924065036, 237.60439872967717, 357.83665924065036, 252.4832914632412, 359.56676304687875, 260.4417689718917, 359.9127838081244, 259.40370668815467, 350.2242024932455, 257.32758212068063, 332.23112290847047, 255.59747831445225, 319.4283547423805, 254.21339526946954, 299.7051713513771, 252.4832914632412, 286.90240318528714, 252.1372707019955, 267.871261316775, 250.7531876570128, 245.03389107456053, 251.44522917950417, 219.42835474238063, 251.41963312319288, 202.91605441531976, 254.18779921315826, 182.84685026307065, 254.18779921315826, 161.39356306583883, 253.8417784519126, 157.24131393089073, 254.87984073564962, 143.0544627198181, 256.95596530312366, 135.0959852111676, 263.87638052803715, 124.71536237379736, 277.7172109778641, 124.71536237379736, 287.75181305398866, 124.71536237379736, 299.0, 124.23851732473811, 299.0, 108.32156230743709, 288.6524150353131, 97.59491870882118, 276.88770915296016, 92.40460729013607, 274.46556382424046, 89.98246196141636, 263.73892022562455, 83.40806749774853, 256.1264634782197, 79.94785988529179, 243.66971607337544, 74.41152770536101, 224.2925534436177, 69.2212162866759, 207.68355690382532, 64.72294639048212, 196.9569133052094, 63.68488410674511, 194.188747215244, 53.65028203062056, 185.19220742285648, 52.26619898563786, 169.88860975494146, 52.88998435796558, 155.35573778262312, 55.312129686685296, 133.55642982414565, 55.312129686685296]], "scale": 3, "viewpoint": 1, "zoom_in": 2, "landmarks": [156, 57, 2, 125, 57, 2, 156, 67, 2, 157, 75, 2, 159, 68, 2, 191, 54, 2, 75, 73, 2, 48, 91, 2, 16, 107, 2, 42, 155, 2, 48, 150, 2, 55, 146, 2, 52, 153, 2, 37, 236, 2, 7, 332, 2, 126, 351, 2, 259, 359, 2, 250, 245, 2, 254, 158, 2, 254, 139, 2, 260, 115, 2, 264, 120, 2, 265, 123, 2, 0, 0, 0, 257, 81, 2], "style": 2, "bounding_box": [3, 51, 299, 364], "category_id": 1, "occlusion": 1, "category_name": "short sleeve top"}}