{"source": "user", "pair_id": 650, "item1": {"segmentation": [[202.42285714285714, 13.988571428571438, 210.90285714285721, 28.548571428571588, 232.45714285714305, 31.542857142857144, 263.9771428571434, 31.22285714285714, 306.99428571428575, 33.44, 319.6342857142859, 33.28, 327.154285714286, 30.39999999999997, 329.554285714286, 26.55999999999993, 336.59428571428606, 28.159999999999947, 343.31428571428614, 31.519999999999982, 372.2514285714286, 35.839999999999975, 396.8914285714289, 42.080000000000034, 424.265407319953, 55.29728453364825, 429.43069657615143, 58.18984651711936, 446.992680047226, 57.57001180637555, 467.0, 62.699409681227934, 467.0, 141.90365997638787, 456.44321133412035, 140.8706021251482, 451.2779220779219, 143.76316410861932, 441.36056670602096, 128.8871310507679, 439.9142857142854, 137.9780401416771, 439.2944510035416, 148.51523022432184, 445.28618654073176, 158.22597402597484, 442.74687131050763, 179.7199527744984, 435.9286894923257, 191.7034238488787, 432.20968122786286, 192.32325855962253, 429.3171192443918, 194.80259740259777, 425.5981109799289, 204.51334120425076, 417.5402597402594, 225.58772136954025, 412.1083825265641, 246.22526564344764, 407.76953955135747, 261.307910271547, 398.0587957497045, 286.9277449822911, 394.13317591499367, 296.63848878394407, 391.2406139315226, 300.3574970484069, 389.5877213695391, 307.79551357733266, 379.5952774498229, 330.3914994096813, 379.38866587957494, 335.55678866587965, 384.3473435655254, 363.24273907910316, 385.3804014167651, 378.5319952774504, 383.2425029515937, 435.7218417945695, 379.9367178276267, 455.9697756788673, 379.7301062573788, 463.201180637545, 379.3796930342384, 507.22479338843016, 380.67626918536007, 544.8403778040143, 381.2481700118064, 591.3851239669423, 376.7027154663518, 594.4842975206612, 356.66139315230197, 593.0380165289257, 329.80188902007023, 594.4842975206612, 309.4727272727273, 596.1343565525381, 308.0264462809917, 605.8451003541911, 301.0016528925619, 623.0, 284.26611570247906, 623.0, 249.55537190082578, 603.3657615112159, 239.22479338842896, 608.5310507674143, 230.9603305785115, 608.7376623376622, 223.21345926800478, 608.1716646989374, 215.36221959858318, 609.617945690673, 193.25171192443906, 623.0, 189.53270365997622, 623.0, 182.30129870129844, 614.9539551357734, 167.01204250295115, 614.1275088547817, 160.17260920897303, 623.0, 157.2800472255019, 623.0, 154.3874852420308, 609.9293978748524, 141.78417945690668, 606.8302243211334, 125.25525383707179, 614.474852420307, 108.01345926800477, 610.9624557260921, 84.04651711924416, 610.1360094451004, 79.7076741440375, 612.2021251475797, 68.73907910271555, 612.0524203069657, 63.573789846517144, 617.2177095631641, 62.953955135773334, 623.0, 0.6198347107438088, 623.0, 0.6198347107438088, 492.36670602125173, 4.132231404958725, 489.68075560802856, 10.950413223140623, 458.895631641086, 21.69421487603331, 431.0030696576147, 27.066115702479653, 409.92868949232513, 31.450059031877153, 394.2765053128695, 33.30956316410858, 381.87981109799335, 35.37567886658794, 373.40873671782794, 33.929397874852384, 358.73931523022446, 31.03683589138128, 324.44179456906704, 19.038252656434594, 297.839433293979, 17.798583234946975, 282.1369539551359, 14.729397874852385, 265.0927981109803, 14.729397874852385, 251.86965761511237, 21.09539551357745, 220.4436835891381, 23.574734356552682, 191.51806375442703, 24.431168831168883, 179.68406139315238, 12.44769775678858, 166.87414403778033, 0.33837072018889014, 157.57355371900826, 0.6767414403777803, 95.52089728453365, 5.015584415584442, 95.10767414403779, 23.652656434474604, 76.74002361275109, 26.13199527744984, 68.26894923258571, 33.57001180637555, 68.26894923258571, 47.41298701298727, 53.59952774498223, 55.578748524203164, 45.811097992916196, 59.091145218418085, 47.877213695395554, 58.471310507674275, 59.86068476977586, 60.330814639905704, 62.13341204250316, 81.81841794569107, 49.530106257379046, 93.04155844155842, 41.85548996458095, 100.47957497048412, 39.582762691853645, 135.5020070838251, 38.5017709563165, 148.51853600944509, 26.931523022432067, 167.1584415584419, 22.742384887839375, 178.31546635183045, 20.676269185360013, 188.93671782762698, 18.66399055489968]], "scale": 3, "viewpoint": 1, "zoom_in": 2, "landmarks": [265, 31, 2, 204, 14, 2, 205, 60, 2, 248, 85, 2, 306, 67, 2, 333, 31, 2, 93, 46, 2, 44, 63, 2, 0, 0, 0, 0, 0, 0, 10, 163, 2, 23, 175, 2, 26, 190, 2, 34, 383, 2, 0, 0, 0, 186, 610, 2, 382, 594, 2, 387, 378, 2, 424, 202, 2, 445, 128, 2, 0, 0, 0, 0, 0, 0, 0, 0, 0, 0, 0, 0, 447, 61, 2], "style": 1, "bounding_box": [0, 11, 467, 623], "category_id": 1, "occlusion": 1, "category_name": "short sleeve top"}}