{"source": "user", "pair_id": 648, "item1": {"segmentation": [[114.4068493150685, 0.39315068493150684, 106.93698630136987, 0.39315068493150684, 106.54383561643836, 5.504109589041096, 101.43287671232876, 6.683561643835617, 92.78356164383561, 9.82876712328767, 84.52739726027397, 14.546575342465754, 76.27123287671233, 18.084931506849315, 65.97664550618107, 22.533838305639996, 57.17236234139822, 27.2929102866037, 47.65421837947081, 30.14835347518192, 45.51263598803715, 32.527889465663776, 42.41923920041074, 38.95263663996477, 38.84993521468796, 47.28101260665126, 35.51858482801337, 58.70278536096414, 32.425188040386956, 68.22092932289156, 30.759512847049663, 79.40474847815626, 28.37997685656781, 87.73312444484274, 27.190208861326884, 102.24829398678204, 25.286580068941404, 110.33871635442034, 23.38295127655592, 116.76346352872133, 23.879032376357863, 124.56687148060924, 26.258568366839718, 126.7084538720429, 32.683315541140715, 132.18138665015115, 44.10508829545361, 136.94045863111486, 52.19551066309191, 137.17841223016305, 64.09319061550117, 135.75069063587392, 71.4697521859949, 134.32296904158483, 71.94565938409127, 130.51571145681388, 74.32519537457313, 131.22957225395842, 75.51496336981405, 139.31999462159672, 76.94268496410317, 144.3170202016086, 77.65654576124773, 149.3140457816205, 76.4667777660068, 156.21470015401786, 78.23698630136987, 170.23424657534247, 78.23698630136987, 196.1821917808219, 78.63013698630137, 204.43835616438358, 75.87808219178082, 222.52328767123288, 71.94657534246575, 236.2835616438356, 70.37397260273973, 251.6164383561644, 69.1945205479452, 266.5561643835616, 68.28396991353809, 273.87105930097056, 63.28694433352619, 278.1542240838379, 64.23875872971894, 286.0, 149.3972602739726, 286.0, 232.74520547945207, 286.0, 231.58638530555035, 279.79880941709513, 230.8725245084058, 264.33182547896314, 230.15866371126123, 243.3919087627228, 227.303220522683, 221.50017765028977, 224.68573093315297, 204.8434257169168, 223.25800933886387, 199.60844653785674, 220.402337160692, 187.2220245613749, 221.11619795783656, 167.70982943942371, 223.01982675022205, 148.91149511461708, 223.7336875473666, 129.87520719076224, 224.92345554260754, 116.78775924311208, 227.06503793404121, 113.21845525738928, 228.01685233023395, 124.87818161075037, 230.63434191976398, 128.20953199742496, 232.06206351405308, 130.58906798790682, 240.62839307978777, 130.58906798790682, 257.5230986122089, 127.7336247993286, 277.74915453130467, 123.92636721455762, 288.457066488473, 119.4052488326421, 294.881813662774, 116.3118520450157, 291.5516082240675, 110.30914247064285, 285.60276824786285, 101.98076650395636, 279.65392827165823, 92.93852974012533, 275.3707634887909, 81.9926641839088, 271.5635059040199, 73.18838101912596, 266.32852672495983, 60.81479386862032, 258.47605795636974, 43.4441811381028, 253.726385957478, 33.75892122269032, 246.11187078793606, 28.048034845533877, 232.21680262074918, 20.54699502090241, 220.5570762673881, 15.074062242794152, 209.1353035130752, 11.980665455167744, 201.28283474448511, 10.314990261830447, 193.19241237684682, 6.2697790780112985, 188.19538679683492, 1.7486606960957793, 186.7676652025458, 0.0, 182.48450041967845, 0.0, 181.7706396225339, 4.604103884674002, 178.6772428349075, 10.790897459926818, 174.3940780520402, 16.025876638986894, 169.1590988729801, 21.498809417095153, 158.92709411390814, 26.73378859615523, 153.2162077367517, 29.58923178473345, 145.36373896816158, 35.53807176093808, 143.2221565767279, 41.48691173714271, 140.1287597891015, 33.396489369504415, 134.41787341194504, 25.30606700186612, 126.08949744525857, 21.260855818046966, 117.7611214785721, 15.312015841842337, 114.42977109189749, 9.601129464685892]], "scale": 3, "viewpoint": 2, "zoom_in": 2, "landmarks": [149, 3, 1, 0, 0, 0, 118, 15, 2, 144, 41, 2, 191, 14, 2, 0, 0, 0, 47, 32, 2, 31, 80, 2, 26, 126, 2, 72, 133, 2, 71, 121, 2, 62, 96, 2, 73, 127, 2, 79, 203, 2, 0, 0, 0, 0, 0, 0, 0, 0, 0, 223, 200, 2, 223, 118, 2, 230, 94, 2, 230, 115, 2, 234, 130, 2, 292, 114, 2, 271, 73, 2, 251, 33, 2], "style": 2, "bounding_box": [22, 0, 294, 286], "category_id": 1, "occlusion": 1, "category_name": "short sleeve top"}}