{"source": "user", "pair_id": 647, "item1": {"segmentation": [[235.21095890410956, 25.002739726027396, 215.76438356164383, 25.92876712328767, 197.24383561643833, 25.92876712328767, 175.01917808219176, 19.446575342465753, 162.9808219178082, 6.482191780821918, 125.93972602739726, 4.63013698630137, 114.30958904109579, 9.747945205478793, 102.30958904109565, 2.7479452054787146, 90.3095890410955, 8.747945205478786, 82.30958904109542, 12.747945205478828, 69.30958904109526, 24.74794520547897, 55.309589041095094, 37.74794520547913, 41.30958904109494, 37.74794520547913, 33.30958904109484, 39.74794520547915, 27.309589041094767, 52.7479452054793, 11.309589041094583, 61.747945205479404, 18.309589041094668, 86.74794520547971, 30.30958904109481, 111.74794520548, 39.30958904109491, 137.7479452054803, 42.30958904109495, 166.74794520548065, 56.30958904109511, 169.74794520548068, 72.30958904109531, 160.74794520548056, 61.30958904109517, 180.7479452054808, 62.30958904109518, 203.74794520548107, 59.309589041095144, 232.74794520548141, 49.30958904109502, 286.7479452054821, 35.96016483963952, 346.6081019008681, 19.309589041094682, 410.74794520548346, 8.30958904109454, 453.74794520548403, 0.0, 476.90410958904107, 0.3242975583535168, 638.3067320378543, 33.61799553695069, 648.2948414314335, 126.86575342465753, 661.1835616438356, 192.61369863013698, 664.8876712328766, 241.69315068493148, 669.517808219178, 323.1835616438356, 669.517808219178, 380.59726027397255, 667.6657534246575, 437.89182480087425, 662.1581450653982, 467.0, 654.8779176779112, 466.8439138012477, 561.179939081002, 460.6607984623654, 492.6900460964593, 455.53339305784056, 431.7736419461509, 451.7283990031437, 402.28493802225057, 443.5671232876712, 357.44657534246574, 426.8986301369863, 238.91506849315067, 413.93424657534246, 187.05753424657533, 413.6099490169889, 165.58217386347067, 409.329330705455, 143.22783379212686, 419.4904109589041, 146.3123287671233, 425.97260273972597, 154.64657534246575, 436.158904109589, 142.60821917808218, 438.01095890410954, 122.23561643835616, 438.01095890410954, 117.60547945205478, 441.7150684931507, 94.45479452054794, 436.158904109589, 80.56438356164384, 429.7811737494504, 79.96980763279224, 435.23287671232873, 58.339726027397255, 438.9369863013698, 43.52328767123287, 421.6810711318885, 41.970309318651914, 411.2173374814722, 34.83594546609538, 392.6356164383561, 18.52054794520548, 378.745205479452, 11.112328767123287, 365.78082191780817, 16.66849315068493, 342.63013698630135, 16.66849315068493, 319.4794520547945, 9.26027397260274, 280.586301369863, 26.30350691446905]], "scale": 3, "viewpoint": 1, "zoom_in": 2, "landmarks": [239, 30, 2, 164, 9, 2, 196, 63, 2, 247, 81, 2, 291, 66, 2, 316, 11, 2, 116, 14, 2, 59, 38, 2, 16, 68, 2, 49, 165, 2, 74, 155, 2, 89, 138, 2, 66, 177, 2, 67, 213, 2, 60, 263, 2, 17, 426, 2, 5, 639, 2, 224, 670, 2, 0, 0, 0, 453, 433, 2, 428, 266, 2, 419, 214, 2, 413, 169, 2, 390, 130, 2, 407, 139, 2, 425, 150, 2, 438, 50, 2, 395, 34, 2, 374, 14, 2], "style": 1, "bounding_box": [0, 0, 463, 673], "category_id": 10, "occlusion": 1, "category_name": "short sleeve dress"}}