{"source": "user", "pair_id": 650, "item1": {"segmentation": [[176.8876301541025, 148.26488962932103, 179.09737609329477, 153.50270720533103, 184.38850478967115, 156.68804664723038, 195.2173261141194, 160.35318617242825, 216.62573927530167, 164.656726364015, 232.61907538525602, 165.15651811745107, 254.94310703873398, 164.82332361516035, 269.2704706372348, 164.15693461057893, 281.7652644731366, 157.9928363182007, 290.42832153269524, 157.9928363182007, 307.9037067888378, 162.66555601832573, 313.56801332777997, 165.4977092877968, 325.229820907955, 166.66389004581433, 336.7250312369847, 171.16201582673898, 379.707122032487, 183.49021241149546, 385.0528946272385, 194.0071636817993, 390.5506039150353, 204.50279050395687, 401.54602249062896, 212.83265306122476, 416.03998334027506, 221.8289046230741, 426.36901291128726, 227.99300291545234, 435.36526447313656, 226.99341940858017, 437.53102873802624, 231.3249479383595, 466.6628904623076, 253.29712619741792, 466.6668054977093, 327.79008746355674, 461.3356934610578, 330.95543523531853, 449.34069137859206, 326.2907122032485, 435.51311953352734, 318.4606413994167, 425.30545605997503, 313.99316951270333, 420.18617242815446, 304.2998750520613, 419.01999167013696, 315.6284881299456, 418.68679716784624, 330.6222407330278, 418.68679716784624, 337.7859225322782, 423.92069970845455, 349.5183673469384, 432.75035401915846, 399.99733444398186, 430.91778425655957, 404.49546022490654, 431.75077051228635, 416.99025406080835, 434.1391087047065, 436.6327363598505, 449.39808413161177, 501.50837151187, 467.0, 552.9869221157855, 466.2164098292379, 648.8629737609328, 451.0560599750103, 646.0308204914618, 435.062723865056, 642.5322782174093, 419.0693877551016, 642.5322782174093, 404.5754269054555, 644.8646397334443, 393.9878384006664, 647.6474802165764, 381.1598500624739, 647.1476884631403, 361.0015826738856, 647.1476884631403, 341.6763015410241, 649.31345272803, 316.10695543523536, 653.2144939608496, 274.4576426488959, 653.5476884631403, 201.97984173261145, 661.8655560183257, 178.65622657226135, 664.6977092877969, 162.662890462307, 665.5306955435236, 128.35451895043704, 665.1241982507289, 105.27213660974616, 667.3312786339025, 71.1197001249478, 683.1580174927115, 60.68404831320287, 674.4176593086214, 51.02140774677212, 661.9228654727196, 52.853977509371056, 629.9361932528109, 55.35293627655142, 626.4376509787584, 57.68529779258643, 605.9461890878794, 62.09812578092466, 581.1098708871309, 67.59583506872147, 510.3060391503538, 70.24939608496467, 489.95451895043766, 71.26097459391934, 462.32603082049076, 69.08321532694717, 434.8108288213242, 63.2842982090797, 356.75935027072023, 59.26997084548108, 343.1930029154523, 57.77059558517286, 337.52869637651014, 59.76976259891716, 333.19716784673085, 59.6031653477718, 307.207996668055, 46.77517700957925, 312.0393169512704, 24.80299875052078, 312.67771761765925, 11.881715951686777, 317.9195335276968, 2.649562682215694, 304.70104123281965, 2.649562682215694, 204.38550603915036, 12.97859225322788, 204.218908788005, 66.6229071220331, 175.7307788421488, 79.88004997917535, 170.56892961266146, 100.87130362349045, 166.73719283631823, 124.19491878384055, 159.7401082882132, 141.4463973344439, 155.83506872136604, 163.19733444398184, 149.6016659725114]], "scale": 3, "viewpoint": 1, "zoom_in": 2, "landmarks": [233, 165, 2, 177, 149, 2, 193, 195, 2, 239, 212, 2, 277, 199, 2, 287, 161, 2, 79, 173, 2, 39, 192, 2, 0, 0, 0, 17, 315, 2, 38, 305, 2, 53, 298, 2, 62, 322, 2, 70, 476, 2, 50, 661, 2, 275, 655, 2, 458, 639, 2, 432, 477, 2, 419, 331, 2, 420, 304, 2, 434, 320, 2, 457, 323, 2, 0, 0, 0, 417, 221, 2, 379, 185, 2], "style": 1, "bounding_box": [0, 146, 467, 684], "category_id": 1, "occlusion": 1, "category_name": "short sleeve top"}}