{"source": "user", "pair_id": 650, "item1": {"segmentation": [[191.9810182896688, 66.82234305486895, 204.0917449332676, 84.12338111715293, 215.16440929312932, 85.50746416213565, 225.54503213049972, 89.31369253583813, 244.23015323776642, 96.23410776075173, 257.03292140385656, 97.61819080573444, 271.56579337617507, 97.27217004448876, 294.40316361838995, 96.58012852199741, 303.7457241720233, 91.38981710331221, 308.4955017301037, 92.30766188828485, 315.0698961937716, 86.42530894710829, 320.95224913494815, 84.00316361838854, 329.2567474048445, 86.42530894710829, 342.0595155709346, 87.80939199209101, 371.8173010380631, 88.50143351458237, 410.5486900642612, 107.43766683143865, 431.309935739002, 119.20237271379176, 440.30647553138965, 125.08472565496831, 454.14730598121685, 137.54147305981277, 459.6836381611477, 147.92209589718317, 467.0, 153.52407315867515, 467.0, 302.0539792387544, 464.9206129510628, 302.40000000000003, 460.422343054869, 323.5072664359865, 454.53999011369245, 346.690657439447, 452.46386554621836, 364.68373702422235, 438.9690558576369, 376.1024221453298, 445.72061295106283, 399.1869500741475, 454.71715274345047, 418.56411270390555, 458.52338111715295, 433.7890261987155, 460.9455264458727, 462.1627286208612, 466.8278793870493, 486.73020266930445, 464.40573405832953, 495.38072170044643, 446.75867523479985, 502.9931784478514, 432.22580326248135, 506.7994068215538, 411.11853682649485, 507.1454275827995, 403.50608007908994, 506.7994068215538, 395.54760257043927, 508.18348986653655, 393.8174987642109, 510.951655956502, 383.0908551655948, 511.29767671774766, 377.55452298566394, 506.45338606030816, 350.971824023727, 510.65664854176987, 336.09293129016277, 513.0787938704897, 321.21403855659855, 519.3071675729119, 307.37320810677136, 513.770835392981, 283.84379634206516, 514.1168561542266, 256.5081562036564, 518.2691052891748, 244.74345032130336, 518.6151260504205, 175.0556599110225, 525.0376668314386, 141.83766683143728, 528.4978744438954, 127.6508156203644, 531.6120612951065, 112.4259021255545, 540.9546218487399, 104.79604547701467, 538.460899653979, 39.05210084033556, 540.5370242214532, 22.765793376173686, 549.4089965397927, 0.0, 550.6095897182403, 0.0, 466.20543746910573, 13.815521502718887, 394.4419179436478, 18.797034107760663, 378.93623331685626, 22.120019772615198, 362.6080079090453, 26.40949085516561, 349.8704893722192, 28.00237271379175, 334.9263470093909, 29.73247652002015, 327.313890261986, 26.964310430054713, 318.66337123084395, 31.116559565002866, 278.17894216509944, 30.92041522491359, 237.11161641127018, 27.460207612456795, 236.4195748887788, 21.92387543252592, 236.7655956500245, 0.0, 249.31725160652508, 0.23845773603543208, 125.2156203657935, 15.117350469599653, 116.21908057340583, 24.80593178447868, 107.91458230350952, 36.91665842807747, 102.72427088482432, 51.79555116164169, 96.84191794364777, 63.560257043994795, 94.07375185368234, 90.5498764211578, 84.03914977755763, 111.65714285714425, 79.19485912011811, 158.62778052397465, 70.9999011369254, 179.38902619871544, 67.88571428571429]], "scale": 3, "viewpoint": 1, "zoom_in": 2, "landmarks": [257, 98, 2, 191, 72, 2, 202, 107, 2, 253, 129, 2, 308, 120, 2, 321, 92, 2, 90, 87, 2, 51, 100, 2, 0, 0, 0, 0, 0, 0, 4, 245, 2, 29, 234, 2, 34, 261, 2, 16, 394, 2, 0, 0, 0, 246, 521, 2, 467, 488, 2, 446, 400, 2, 0, 0, 0, 0, 0, 0, 0, 0, 0, 0, 0, 0, 0, 0, 0, 0, 0, 0, 429, 120, 2], "style": 1, "bounding_box": [1, 67, 467, 554], "category_id": 1, "occlusion": 1, "category_name": "short sleeve top"}}