{"source": "user", "pair_id": 647, "item1": {"segmentation": [[234.2966677726692, 178.30557899227375, 215.4082191780822, 177.7972602739726, 177.7972602739726, 176.65753424657535, 164.3042707493957, 171.9130871687916, 146.31119116462048, 158.4182774802102, 131.59823671612082, 151.17508650519022, 124.3318007299616, 154.2892733564013, 108.27397260273973, 159.56164383561645, 91.17808219178082, 166.4, 84.99619851163706, 160.49440204768428, 77.38374176423218, 158.07225671896452, 62.15882826942239, 162.22450585391266, 52.47024695454344, 169.49094184007186, 29.716755936863226, 186.770555055221, 13.45378015831641, 205.10965540124187, 0.0, 220.68058965729733, 0.0, 302.027397260274, 12.41571787457938, 301.99546855003143, 21.758278428212655, 298.8812816988203, 29.37073517561755, 305.1096554012425, 44.44931506849315, 313.4246575342466, 46.728767123287675, 343.40537517182554, 48.804891690761735, 393.232364791203, 41.03013698630137, 445.63287671232877, 39.07528084561779, 497.6071289756834, 31.912328767123288, 555.0465753424658, 27.353424657534248, 618.8712328767124, 19.375342465753423, 645.0849315068493, 20.515068493150686, 674.7178082191781, 14.816438356164383, 712.3287671232877, 11.031634829596673, 729.3425984737166, 13.45378015831641, 744.2214912072808, 27.353424657534248, 754.4986301369863, 39.89041095890411, 763.6164383561644, 67.24383561643836, 754.4986301369863, 78.64109589041097, 775.013698630137, 91.17808219178082, 787.5506849315069, 109.41369863013699, 786.4109589041096, 128.7890410958904, 778.4328767123287, 153.86301369863014, 763.6164383561644, 173.23835616438356, 752.2191780821918, 210.7494714888374, 739.5768877091527, 250.8878797933359, 731.6184102005022, 264.728710243163, 728.5042233492911, 282.65205479452055, 727.1452054794521, 299.7479452054795, 728.2849315068494, 320.54293975446717, 720.5689908517797, 345.33698630136985, 723.7260273972603, 361.7194103427027, 729.5655306441673, 378.38904109589043, 737.4027397260274, 393.2054794520548, 726.0054794520548, 418.27945205479455, 706.6301369863014, 438.536019339243, 693.2333507133712, 467.0, 674.8942503673504, 467.0, 650.3267763189074, 463.8684931506849, 630.2684931506849, 449.05205479452053, 577.841095890411, 438.7945205479452, 519.7150684931507, 431.8973503341709, 482.00790633739433, 426.7070389154858, 441.5234772716501, 421.1707067355549, 387.5442385173245, 414.94233303313274, 339.79337346542115, 411.44109589041096, 316.84383561643835, 419.44060292932653, 310.72762952078426, 437.61558515428743, 312.4454092999003, 445.63287671232877, 311.14520547945204, 457.33876854529103, 308.2931601649522, 467.0, 296.52845428259917, 467.0, 229.34707304356053, 436.94132815092183, 207.89378584632857, 423.91926814239, 198.2320898705978, 404.88812627387784, 181.6230933308053, 400.389856377684, 169.85838744845228, 394.8535241977532, 167.43624211973255, 380.6684931506849, 162.9808219178082, 371.55068493150685, 165.26027397260273, 368.9019671043274, 174.0106365834004, 351.03561643835616, 173.23835616438356, 340.8710622363377, 166.19485234867506, 329.10635635398467, 155.4682087500591, 310.7672560079638, 168.27097691614912, 292.9095890410959, 173.23835616438356, 260.9972602739726, 175.51780821917808]], "scale": 3, "viewpoint": 1, "zoom_in": 2, "landmarks": [219, 184, 2, 133, 155, 2, 138, 215, 2, 216, 234, 2, 284, 215, 2, 329, 163, 2, 70, 158, 2, 28, 186, 2, 0, 0, 0, 0, 0, 0, 23, 299, 2, 45, 315, 2, 49, 333, 2, 49, 393, 2, 44, 456, 2, 25, 612, 2, 44, 764, 2, 217, 737, 2, 380, 737, 2, 452, 599, 2, 426, 459, 2, 419, 394, 2, 413, 333, 2, 390, 316, 2, 423, 310, 2, 445, 312, 2, 0, 0, 0, 434, 208, 2, 391, 164, 2], "style": 1, "bounding_box": [1, 150, 464, 795], "category_id": 10, "occlusion": 1, "category_name": "short sleeve dress"}}