{"source": "user", "pair_id": 650, "item1": {"segmentation": [[115.52113341204254, 23.1563164108619, 130.39716646989396, 21.503423848878413, 138.24840613931553, 26.66871310507682, 153.45242030696602, 30.080047225501893, 172.25407319952822, 31.319716646989512, 186.9234946871317, 30.493270365997766, 198.906965761512, 28.220543093270468, 207.3780401416774, 27.807319952774595, 247.37142857142857, 37.02857142857143, 293.2528925619835, 49.371428571428574, 304.40991735537204, 50.404486422668256, 307.5090909090911, 57.63589138134603, 318.66611570247966, 59.90861865407332, 329.82314049586824, 64.24746162927998, 344.7959858323495, 71.09492325855967, 345.0, 150.2769775678867, 334.7685950413222, 143.87201889020065, 327.7438016528924, 138.08689492325846, 321.1322314049584, 146.3513577331759, 313.4876033057848, 158.12821723730826, 307.90909090909054, 185.1943329397879, 307.01062573789847, 194.50554899645812, 303.3636363636359, 201.72325855962282, 301.0188902007083, 224.051003541913, 299.15938606847686, 235.82786304604537, 295.02715466351816, 267.02621015348376, 292.0087367178276, 300.02621015348285, 291.29232585596225, 334.91216056670635, 294.59811097992923, 341.31711924439236, 295.1348288075562, 357.4979929161752, 297.6141676505314, 371.54757969303483, 300.21038961038954, 387.98252656434477, 290.9128689492324, 389.63541912632826, 290.2930342384886, 399.55277449822916, 288.0203069657613, 404.92467532467555, 283.0616292798108, 409.2635182998822, 276.6566706021248, 410.0899645808739, 265.9128689492321, 409.05690672963425, 257.23518299881874, 407.1974025974028, 226.6566706021242, 402.85855962219614, 197.71924439197173, 396.9544273907911, 169.82668240850035, 393.2354191263283, 163.00850059031845, 390.34285714285716, 140.4878394332934, 388.2767414403778, 112.05572609209013, 385.17072018890224, 52.75820543093242, 383.1046044864229, 42.98441558441556, 379.25312868949237, 41.95135773317588, 368.30271546635174, 50.38654073199524, 322.04604486422693, 56.57142857142857, 282.85714285714283, 61.2, 258.6857142857143, 63.459268004722546, 243.01676505312886, 64.69893742621016, 230.82668240850063, 63.459268004722546, 217.60354191263272, 61.80637544273905, 205.20684769775653, 58.91381345926795, 190.95064935064892, 55.13860684769778, 167.54474616292822, 52.03943329397873, 151.42904368358919, 49.14687131050763, 143.9910271546635, 47.493978748524135, 140.0654073199527, 39.43612750885462, 137.7926800472254, 32.204722550176854, 132.83400236127494, 31.58488783943304, 129.11499409681207, 36.33695395513558, 110.93317591499368, 32.49657615112159, 106.13364817001204, 23.405667060212394, 94.77001180637555, 17.416056670602217, 86.9815820543095, 20.102007083825384, 80.57662337662347, 20.30861865407332, 47.51877213695367, 21.424793388429833, 33.49138134592697, 23.697520661157135, 28.119480519480625, 27.82975206611586, 21.507910271546663, 34.85454545454569, 18.202125147579682, 41.87933884297553, 17.37567886658794, 48.904132231405356, 20.268240850059048, 61.714049586777406, 27.91286894923269, 74.11074380165358, 28.119480519480625, 79.48264462809993, 27.706257378984752, 86.66044864226697, 22.918299881936193, 93.89185360094474, 22.09185360094445]], "scale": 3, "viewpoint": 1, "zoom_in": 2, "landmarks": [169, 31, 2, 208, 29, 2, 0, 0, 0, 0, 0, 0, 0, 0, 0, 131, 21, 2, 306, 54, 2, 0, 0, 0, 0, 0, 0, 335, 140, 2, 321, 147, 2, 311, 147, 2, 309, 163, 2, 295, 268, 2, 301, 386, 2, 163, 390, 2, 41, 379, 2, 63, 243, 2, 56, 167, 2, 52, 142, 2, 38, 136, 2, 29, 125, 2, 21, 89, 2, 21, 48, 2, 30, 23, 2], "style": 1, "bounding_box": [14, 17, 345, 415], "category_id": 1, "occlusion": 1, "category_name": "short sleeve top"}}