{"source": "user", "pair_id": 650, "item1": {"segmentation": [[140.43033509700183, 35.3361552028218, 145.76366843033523, 40.66948853615519, 149.31922398589083, 44.42257495590832, 155.44268077601436, 47.18800705467378, 163.73897707231075, 47.97813051146392, 169.07231040564412, 45.01516754850092, 182.30687830687884, 46.59541446208118, 192.38095238095303, 46.39788359788365, 203.83774250440993, 43.03985890652559, 214.53544973544976, 38.7245149911817, 221.4490299823634, 32.60105820105818, 229.54779541446226, 32.60105820105818, 231.32557319224006, 34.971428571428575, 239.62186948853645, 37.14426807760144, 248.51075837742542, 38.131922398589104, 257.5971781305119, 40.5022927689595, 267.6712522045861, 44.05784832451509, 278.25185185185194, 49.08148148148158, 286.2391534391542, 54.72451499118188, 294.9756613756613, 61.6500881834214, 325.19788359788384, 91.67477954144641, 350.0, 113.08430335097016, 350.0, 145.87442680776064, 343.0927689594358, 148.44232804232857, 335.78412698412706, 152.1954144620817, 324.1298059964726, 160.49171075837808, 317.2874779541445, 157.09206349206352, 304.4479717813049, 157.48712522045858, 303.06525573192215, 154.12910052910053, 298.1269841269838, 148.20317460317452, 298.52204585537885, 155.70934744268078, 293.9788359788356, 161.43774250440924, 297.3368606701937, 177.63527336860693, 301.010229276896, 197.94144620811304, 300.79999999999984, 208.90158730158743, 303.38059964726637, 216.11428571428607, 303.1703703703702, 242.2843033509705, 304.17072310405655, 250.08959435626173, 306.2384479717813, 278.1234567901233, 307.621164021164, 291.5555555555556, 306.8310405643739, 310.7160493827163, 305.05326278659606, 336.98765432098816, 305.53368606701935, 364.7477954144621, 306.7188712522045, 366.92063492063494, 307.1139329805996, 382.9206349206351, 310.4719576719576, 394.7724867724871, 316.72169312169314, 420.11640211640224, 247.5858906525566, 421.89417989418007, 229.93227513227538, 421.2409171075838, 200.1051146384479, 418.2779541446208, 163.75943562610183, 413.9322751322751, 129.58659611992863, 411.1668430335096, 95.19788359788348, 407.83915343915334, 85.32134038800683, 417.71569664903, 76.82751322751291, 422.4564373897708, 70.25255731922404, 425.9513227513227, 61.815167548500405, 429.17248677248693, 29.3925925925926, 429.67054673721333, 29.787654320987667, 415.0532627865959, 33.93580246913586, 406.559435626102, 35.51604938271612, 390.75696649029936, 37.11040564373896, 382.07336860670193, 38.309700176366725, 366.46560846560897, 46.210934744268044, 348.29276895943593, 49.371428571428574, 312.73721340388, 50.16155202821871, 306.0211640211639, 52.893121693121685, 295.03492063492104, 52.49805996472662, 283.5781305114641, 54.07830687830689, 261.65220458553796, 54.07830687830689, 249.9978835978835, 53.798941798941826, 206.19118165784832, 50.24338624338623, 194.53686067019387, 46.49029982363311, 181.30229276895915, 44.317460317460245, 160.5615520282182, 42.69488536155227, 150.54885361552041, 36.76895943562628, 145.6105820105821, 20.176366843033506, 141.857495590829, 15.428571428571429, 138.34285714285716, 1.542857142857143, 117.77142857142857, 0.0, 82.162962962963, 8.027513227513253, 79.7925925925926, 17.70652557319237, 78.60740740740741, 24.22504409171096, 74.26172839506168, 30.546031746032014, 72.87901234567894, 36.27442680776047, 68.53333333333322, 42.39788359788399, 54.113580246913315, 56.027513227513765, 55.69382716049358, 60.37319223985949, 53.71851851851825, 64.71887125220522, 47.19999999999966, 71.63245149911887, 47.00246913580213, 85.0497354497358, 43.459611992945156, 96.09664902998233, 42.014814814814805, 105.79047619047677, 41.484303350969824, 114.48183421516822, 39.706525573192025, 120.98553791887147, 40.434567901234544, 132.04726631393333, 37.66913580246908]], "scale": 3, "viewpoint": 1, "zoom_in": 2, "landmarks": [183, 47, 2, 141, 36, 2, 148, 66, 2, 183, 73, 2, 209, 60, 2, 225, 35, 2, 66, 50, 2, 36, 68, 2, 0, 0, 0, 32, 146, 2, 39, 144, 2, 44, 149, 2, 45, 161, 2, 53, 283, 2, 30, 430, 2, 165, 414, 2, 316, 420, 2, 306, 278, 2, 294, 164, 2, 289, 141, 2, 296, 152, 2, 305, 157, 2, 0, 0, 0, 325, 92, 2, 289, 59, 2], "style": 1, "bounding_box": [0, 31, 350, 433], "category_id": 1, "occlusion": 1, "category_name": "short sleeve top"}}