{"source": "user", "pair_id": 650, "item1": {"segmentation": [[136.5179758513091, 13.93379460046127, 148.5673585673586, 14.131325464658802, 162.98222764889385, 21.807760141093517, 173.2538325871656, 23.98059964726638, 187.21489621489593, 24.93189526522862, 197.9451906118572, 27.14109347442691, 218.09333876000557, 30.49911816578497, 227.57482024148715, 31.091710758377566, 247.52543752543798, 33.6596119929455, 259.9698819698826, 34.64726631393316, 269.6488943155617, 24.57319223985898, 280.513091846426, 26.153439153439244, 295.65445665445685, 24.284764618097874, 331.0860805860808, 25.111246777913433, 364.71021571021555, 24.33930267263602, 368.26577126577115, 26.709673043006415, 380.7102157102157, 33.03066069732747, 393.5497218830554, 38.95658662325346, 408.36453669787034, 47.055352055352316, 416.84106634106627, 50.675417175417095, 431.0632885632886, 56.79887396554062, 440.5447700447702, 61.14455297788634, 448.0509428842764, 62.72479989146661, 467.0, 72.00875050875067, 467.0, 100.84581467914813, 467.0, 131.46309862976574, 464.3493420160088, 144.10507393840786, 459.0160086826754, 151.0186541853215, 452.8925518925519, 152.00630850630918, 443.60860127526786, 151.0186541853215, 425.4357617690948, 145.4877899877906, 421.2876136209466, 145.88285171618566, 419.6155881155881, 152.546126712793, 419.22052638719305, 162.6202007868672, 421.3933658933659, 184.34859584859583, 423.5662053995388, 204.10168226834912, 424.3563288563289, 230.7683489350161, 423.7637362637363, 253.87946004612746, 420.922262922263, 263.6544566544565, 415.391398724732, 295.06186406186424, 411.4407814407814, 319.75322208655587, 407.4901641568307, 348.0001356668031, 406.33224799891457, 358.2065527065527, 408.3075566408899, 371.63865147198493, 412.65323565323564, 386.25593542260236, 421.1470628137296, 410.15716999050386, 431.6467914801249, 443.6325464658799, 441.72086555419907, 468.126373626374, 446.6591371591374, 472.47205263871973, 452.1900013566683, 492.8177316510656, 446.8566680233349, 494.00291683625085, 436.3875322208657, 494.9905711572385, 422.33224799891474, 497.7023470356805, 407.12237145570475, 499.48012481345825, 391.71496404829713, 499.48012481345825, 380.2581739248402, 501.6529643196311, 359.91249491249437, 501.6529643196311, 339.5668159001484, 503.825803825804, 317.9721204721211, 505.0234025234026, 296.836318002985, 503.83821733821736, 276.2931081264416, 505.4184642517977, 235.00915750915723, 505.0234025234026, 195.70051553384815, 504.82587165920506, 166.91045991046008, 504.8134581467917, 153.08329941663277, 504.4183964183966, 142.21910188576845, 505.0109890109892, 142.416632749966, 511.1344458011127, 137.6758920092252, 520.2208655541992, 131.15737349070662, 523.1838285171623, 117.5483652150319, 525.5211640211642, 101.9434269434268, 528.4841269841272, 94.93806810473487, 530.7090625423958, 73.20967304300623, 532.0917785917786, 72.6897978564645, 519.6746031746031, 72.4195495862161, 510.5609143942475, 73.40720390720378, 501.86955636955605, 75.45522995522995, 488.0696649029979, 77.55535205535196, 470.2646180979508, 78.61572378239049, 458.63756613756544, 79.31162664496003, 445.43182743182746, 79.1140957807625, 419.1602224935556, 79.72486772486782, 391.8967575634243, 78.05948989282332, 362.9315560982231, 72.72615655948992, 341.9932844932846, 66.80023063356394, 319.8698277031609, 64.82492199158861, 302.68464251797553, 58.53120336453662, 271.9392212725542, 51.222561389227906, 254.35897435897377, 45.30572513905827, 230.01302401302374, 46.49091032424347, 212.03771537104825, 51.86304436304462, 180.27316510649848, 57.59143942477307, 171.18674535341196, 52.45563695563722, 162.297856464523, 50.87539004205695, 169.80402930402923, 41.98650115316797, 177.9027947361281, 37.44329127662471, 182.44600461267135, 23.221069054402335, 185.01390584723927, 19.665513498846742, 179.48304164970835, 8.03513770180435, 133.17813051146373, 9.153371320038033, 122.48663681997022, 0.0, 113.20268620268617, 0.18844118844117586, 67.23165106498443, 10.262515262515358, 60.12053995387325, 22.706959706959935, 51.82424365757686, 41.5278116944784, 35.89363722697053, 54.56484873151558, 26.41215574548895, 64.01329534662875, 22.992945326278715, 78.82811016144372, 21.017636684303387, 90.6799620132957, 18.449735449735456, 110.82322615655941, 14.836318002984704, 126.42816442816452, 15.231379731379771]], "scale": 3, "viewpoint": 1, "zoom_in": 2, "landmarks": [218, 30, 2, 149, 15, 2, 182, 42, 2, 223, 52, 2, 264, 45, 2, 269, 25, 2, 53, 29, 2, 23, 52, 2, 0, 0, 0, 24, 184, 2, 43, 175, 2, 53, 159, 2, 57, 172, 2, 76, 342, 2, 74, 534, 2, 278, 506, 2, 456, 493, 2, 417, 311, 2, 419, 163, 2, 423, 142, 2, 437, 146, 2, 452, 147, 2, 0, 0, 0, 417, 51, 2, 367, 27, 2], "style": 1, "bounding_box": [0, 11, 467, 538], "category_id": 1, "occlusion": 1, "category_name": "short sleeve top"}}