{"source": "user", "pair_id": 648, "item1": {"segmentation": [[211.32822113386507, 48.87632117216593, 202.7618915681304, 51.49381076169597, 193.71965480429935, 52.44562515788871, 186.58104683285381, 52.683578756936896, 173.49359888520362, 52.683578756936896, 163.9754549232762, 52.92153235598508, 148.03256378704782, 51.255857162647786, 136.37283743368673, 50.54199636550323, 134.46920864130124, 55.77697554456331, 131.61376545272302, 64.34330511029798, 125.66492547651839, 66.24693390268345, 117.5745031088801, 67.43670189792438, 109.00817354314543, 68.86442349221349, 98.06230798692891, 70.76805228459898, 92.82732880786884, 71.71986668079171, 86.40258163356783, 73.86144907222538, 79.97783445926683, 75.52712426556268, 74.6101879996414, 79.75324537742539, 63.66432244342488, 88.55752854220825, 53.90822488244929, 96.88590450889473, 47.483477708148286, 100.69316209366569, 41.772591330991844, 106.40404847082213, 31.302632972871695, 113.5426564422677, 20.295812179638666, 121.71587362382145, 15.536740198674963, 128.61652799621882, 22.19944097202415, 135.99308956671257, 32.19349213204793, 146.46304792483272, 38.618239306348926, 155.50528468866375, 45.518893678746295, 162.8818462591575, 53.84726964543279, 172.63794382013307, 61.69973841402289, 181.20427338586774, 66.4588103949866, 184.53562377254235, 69.31425358356482, 181.9181341830123, 75.50104715881764, 175.96929420680766, 80.02216554073316, 171.92408302298853, 83.82942312550412, 169.3065934334585, 87.16077351217871, 168.59273263631394, 87.39872711122689, 176.68315500395224, 88.35054150741963, 184.29767017349417, 89.77826310170875, 195.48148932875887, 91.91984549314242, 208.80689087545724, 93.15068493150685, 227.39726027397262, 94.24657534246576, 248.21917808219177, 94.88839813222724, 260.1233773112873, 94.88839813222724, 277.73194364085305, 93.46067653793813, 298.19595315899693, 93.17904378509205, 311.08423720388225, 91.98927578985112, 329.8825715286889, 91.75132219080294, 341.3043442830018, 90.7995077946102, 351.77430264112195, 102.45923414797127, 352.4881634382665, 125.54073325564524, 352.01225624017013, 149.09813956141556, 351.2983954430256, 169.08624188146314, 349.8706738487365, 188.36048340436614, 347.4911378582546, 222.67306642328037, 346.91483379919, 255.51066309192993, 341.9178082191781, 282.63737338342304, 340.0141794267926, 283.3512341805676, 330.7339890639134, 280.7337445910376, 321.21584510198596, 275.97467261007387, 298.84820679145656, 272.88127582244744, 281.0016868628427, 270.02583263386924, 265.7726565237588, 269.54536194209254, 248.26057548914952, 268.831501144948, 239.69424592341485, 268.831501144948, 218.5163756081264, 268.05864089379287, 190.01474986350266, 268.05864089379287, 175.97548751965974, 269.0104552899856, 165.74348276058777, 277.5767848557203, 172.88209073203333, 283.5256248319249, 179.06888430728614, 289.7124184071777, 182.16228109491254, 293.5196759919487, 176.68934831680428, 301.1341911614906, 165.02962196344322, 309.22461352912893, 152.89398841198576, 320.17047908534545, 139.3306332662392, 328.97476225012826, 128.86067490811905, 322.5500150758273, 122.19797413476986, 307.79689193483983, 111.72801577664973, 296.7069503638571, 102.79530286114758, 288.3785743971706, 95.41874129065384, 282.66768802001417, 91.13557650778651, 271.2459152657013, 84.94878293253369, 262.4416321009184, 78.76198935728087, 247.68850895993094, 72.33724218297988, 235.07696821037712, 68.52998459820891, 219.6099842722451, 67.57817020201617, 217.78100119791708, 61.05107038374095, 214.21169721219428, 52.24678721895809]], "scale": 3, "viewpoint": 1, "zoom_in": 1, "landmarks": [174, 53, 2, 137, 51, 2, 156, 62, 2, 178, 77, 2, 197, 61, 2, 212, 50, 2, 80, 76, 2, 49, 100, 2, 16, 129, 2, 67, 182, 2, 78, 172, 2, 85, 166, 2, 89, 182, 2, 94, 248, 2, 91, 351, 2, 189, 342, 2, 282, 339, 2, 268, 241, 2, 268, 176, 2, 270, 163, 2, 280, 172, 2, 291, 180, 2, 327, 130, 2, 297, 103, 2, 263, 79, 2], "style": 3, "bounding_box": [13, 48, 330, 355], "category_id": 1, "occlusion": 1, "category_name": "short sleeve top"}}