{"source": "user", "pair_id": 650, "item1": {"segmentation": [[161.4642148254644, 0.3932464095433521, 168.16407901740655, 6.912033190892447, 182.1070396330699, 13.792974793427604, 195.68784542754716, 17.41452300528821, 212.52804461269898, 20.49283898536973, 237.95561613578812, 25.031651236947848, 260.0470602281378, 26.29919311109906, 286.1222073535342, 25.031651236947848, 296.6584626328852, 21.32870524676773, 305.7123331625367, 17.34500221372106, 316.6519707092364, 8.241758241758243, 321.17890597406216, 3.7148229769324823, 326.43015088126003, 7.15529377820006, 333.8543247155743, 11.32007422183976, 335.8461762320976, 14.398390201921277, 361.740245946901, 25.2630348375031, 384.19384486043674, 39.38707286375947, 422.3049789716457, 59.80151946818605, 434.9469542802878, 70.07312440645777, 440.28028761362117, 77.97435897435909, 444.4284357617694, 84.29534662868014, 447.983991317325, 99.30769230769265, 455.2926332926337, 131.90028490028558, 462.91208791208794, 156.2437932437933, 466.8627051960386, 175.79934879934908, 467.0, 254.34900284900272, 467.0, 259.9009900990099, 467.0, 267.46424642464245, 467.0, 279.15291529152915, 462.04620462046205, 290.84158415841586, 452.4202420242024, 302.53025302530256, 431.79317931793184, 316.2816281628163, 430.41804180418046, 300.4675467546755, 422.69427486094145, 288.51607651607657, 421.3115588115587, 300.170397503731, 416.3732872066204, 312.41731108397806, 414.99057115723764, 322.49138515805225, 411.2374847374845, 339.28150861484255, 407.6819291819289, 352.91113824447234, 402.64278930945596, 370.81793515126867, 399.3335368335367, 401.2418939085605, 393.0125491792156, 433.63695563695586, 390.1098901098901, 449.8626373626374, 385.8187491520825, 463.2104870438201, 383.0533170533171, 485.92653642653636, 380.4854158187491, 505.67962284628965, 378.31257631257625, 522.6672771672775, 374.03052503052504, 577.0148555148552, 369.01621218287886, 624.0, 325.9966083299414, 624.0, 315.682878849545, 620.3807488807489, 306.9915208248535, 619.7881562881563, 299.0902862569522, 618.6029711029711, 291.7253425586759, 617.50291683625, 282.4413919413919, 624.0, 196.42857142857144, 622.9395604395604, 29.551146384479747, 624.0, 25.00793650793649, 618.8947225613891, 21.452380952380892, 615.7342287342286, 21.649911816578427, 603.6848460181791, 23.625220458553756, 595.3885497218828, 27.970899470899482, 559.8329941663268, 32.82404015737358, 503.8100664767336, 32.82404015737358, 471.81006647673325, 32.62650929317604, 444.15574548907864, 32.23144756478098, 407.61253561253505, 31.866978700311996, 366.0235381902045, 30.83964183964189, 316.81596798263433, 28.66680233346903, 292.3221408221402, 26.992334825668177, 270.382919549586, 24.621964455297782, 270.5804504137835, 19.881223714556988, 273.7409442409441, 14.74542124542113, 268.40761090761066, 0.48928232261565385, 271.5126848460184, 1.5347985347984778, 39.69217202550545, 11.806403473070194, 26.06254239587567, 12.794057794057858, 22.309455976122543, 15.954551621218386, 21.32180165513488, 37.528422195088936, 17.067019400352727, 56.68891602224964, 14.104056437389731, 96.01085334418677, 6.284628951295627, 112.9985076651746, 0.16117216117210376]], "scale": 3, "viewpoint": 1, "zoom_in": 2, "landmarks": [239, 27, 2, 157, 4, 2, 172, 85, 2, 234, 129, 2, 301, 86, 2, 323, 3, 2, 16, 22, 2, 0, 0, 0, 0, 0, 0, 0, 0, 0, 0, 0, 0, 16, 258, 2, 29, 293, 2, 33, 472, 2, 24, 618, 2, 0, 0, 0, 0, 0, 0, 390, 451, 2, 418, 313, 2, 424, 272, 2, 428, 295, 2, 430, 313, 2, 0, 0, 0, 0, 0, 0, 441, 78, 2], "style": 1, "bounding_box": [0, 2, 467, 624], "category_id": 1, "occlusion": 1, "category_name": "short sleeve top"}}