{"source": "user", "pair_id": 664, "item1": {"segmentation": [[238.75910229756383, 9.43642695950388, 216.1424027577873, 17.325973310588708, 199.31137054213968, 29.949247472324437, 172.74989782682076, 38.62774845851774, 145.66245535476284, 50.1990831067755, 137.70809389270923, 58.534200472662036, 130.0815324199939, 78.7840361071131, 120.3510919203226, 102.45267516036759, 109.56871190717334, 128.751162997317, 95.63051335359013, 143.7413010643782, 88.37767471613626, 153.98778186470494, 71.28365762211914, 167.13702578317967, 43.068152175844475, 169.33536968921584, 17.70810810810811, 194.7891891891892, 17.70810810810811, 194.7891891891892, 0.0, 224.97039287808522, 0.0, 381.35041313502853, 28.565232688309667, 353.9999857846011, 55.12670540362859, 324.80866428558727, 69.06490395721178, 309.8185262185261, 70.11684347068976, 304.03285889439724, 76.42848055155761, 302.19196474581076, 95.10040691579171, 279.83825008440374, 118.0829681752759, 255.00210743287664, 132.81012136396757, 239.4859996090765, 123.60565062103528, 273.14806404037176, 121.76475647244882, 318.90743287666373, 118.2521776214084, 370.54265863496636, 114.57038932423548, 410.77934502549897, 114.99624002700926, 439.48413739182973, 119.2103417026494, 467.0, 532.8712120404427, 467.0, 532.3452422837038, 409.0850436235051, 533.1341969188123, 360.6958260035181, 528.9200952431722, 320.69330277022584, 522.3454732839349, 300.1804822574053, 514.45592693285, 279.9306466229542, 509.98518400056867, 260.7327505019812, 512.0890630275246, 255.47305293459127, 513.403987419372, 268.096327096327, 521.0305488920874, 278.3527373527373, 523.9233825541519, 294.1318300549069, 531.0239742701282, 312.80375641914105, 541.2803845265385, 334.10553156707005, 551.2738099045793, 360.14103452565, 562.0441921211152, 385.9276187430034, 572.563587255895, 399.6028324182171, 574.4044814044814, 409.0702880395189, 583.3459672690443, 420.3786378094071, 603.3328180251258, 410.64819730973585, 630.0, 400.23595429749275, 630.0, 237.63172877019034, 621.3743802974573, 211.5962258116104, 606.9102119871351, 183.193858947705, 590.342164649857, 153.47656769195214, 570.4039945270714, 129.7360804591574, 555.1508715816408, 113.16803312187926, 537.0049149741457, 88.9734243118858, 520.173882758498, 66.09373989373978, 498.97719139257595, 47.40140377063452, 480.30526502834186, 37.670963270963234, 460.8443840289993, 31.096341311725876, 448.80141443218366, 24.032432432432433, 438.5887200810278, 18.65992856762087, 435.69588641896337, 12.34829148675301, 427.54335518950904, 8.403518311210593, 415.1830659061428, 6.825609040993628, 403.611731257885, 6.29963928425464, 394.4072605149527, 8.1405334328411, 391.4756756756757, 18.34054054054054, 386.41621621621624, 25.2972972972973, 375.66486486486485, 17.075675675675676, 360.4864864864865, 21.502702702702702, 338.9837837837838, 21.502702702702702, 307.3621621621622, 24.032432432432433, 302.93513513513517, 20.87027027027027, 278.9027027027027, 19.605405405405406, 266.25405405405405, 28.45945945945946, 254.87027027027028, 15.810810810810812]], "scale": 3, "viewpoint": 1, "zoom_in": 2, "landmarks": [323, 26, 1, 244, 12, 2, 269, 59, 2, 327, 71, 2, 370, 44, 2, 401, 7, 2, 171, 40, 2, 97, 144, 2, 0, 0, 0, 0, 0, 0, 0, 0, 0, 0, 0, 0, 0, 0, 0, 0, 0, 0, 73, 305, 2, 133, 241, 2, 136, 211, 2, 121, 325, 2, 0, 0, 0, 0, 0, 0, 0, 0, 0, 526, 313, 2, 511, 187, 2, 469, 131, 1, 517, 196, 2, 522, 284, 2, 549, 354, 2, 583, 422, 2, 0, 0, 0, 0, 0, 0, 0, 0, 0, 578, 137, 2, 507, 52, 2], "style": 1, "bounding_box": [1, 5, 630, 467], "category_id": 2, "occlusion": 1, "category_name": "long sleeve top"}}