{"source": "user", "pair_id": 685, "item1": {"segmentation": [[140.41741496598635, 68.87972789115648, 133.5602721088435, 68.87972789115648, 124.4174149659863, 68.22666666666667, 117.5074910820452, 66.4146175188267, 108.47063020214028, 64.03649623464119, 100.86064209274667, 61.65837495045569, 96.60114925736546, 57.917701485269056, 92.51057219381542, 54.70367664962259, 89.0043632822011, 52.658388117847565, 86.08252252252248, 52.366204041879705, 83.7450499147796, 52.366204041879705, 81.69976138300457, 53.827124421719006, 79.65447285122954, 56.164597029461895, 77.02481616751881, 58.79425371317264, 74.10297540784019, 59.962990017044085, 68.9765570976382, 62.71930849768687, 59.918850742634525, 67.10206963720478, 51.153328463598704, 71.19264670075484, 44.72527879230577, 74.40667153640129, 42.38780618456288, 75.8675919162406, 40.92688580472358, 76.74414414414419, 40.634701728755715, 78.78943267591922, 35.083204285366364, 82.00345751156567, 29.239522766009152, 86.09403457511573, 25.733313854394822, 90.76897979060149, 18.484363282201095, 100.14574141709274, 14.978154370586767, 108.61907962016069, 12.348497686876021, 115.92368151935722, 11.179761383004578, 122.93609934258586, 9.134472851229553, 134.03909422936457, 7.965736547358109, 141.3436961285611, 6.5657462868273635, 148.89010956902845, 4.8126418310201995, 159.40873630387145, 2.7673532992451744, 171.0960993425859, 2.7673532992451744, 182.49127830533246, 2.182985147309453, 194.17864134404687, 0.0, 224.74666666666667, 4.217238860482089, 225.03885074263454, 10.182303384465573, 225.93171658144627, 13.980696372047761, 226.22390065741413, 18.071273435597814, 226.516084733382, 19.532193815437115, 226.80826880934987, 18.947825663501394, 232.3597662527392, 18.363457511565674, 238.20344777209644, 17.779089359629953, 243.75494521548578, 16.61035305575851, 246.96897005113226, 16.90253713172637, 249.89081081081085, 20.116561967372835, 251.0595471146823, 23.622770878987165, 249.89081081081085, 26.25242756269791, 247.2611541271001, 27.849795918367324, 246.40063492063493, 28.30331065759635, 243.67954648526077, 31.704671201814048, 242.7725170068027, 35.55954648526077, 239.37115646258502, 39.18766439909298, 235.9697959183673, 41.90875283446714, 231.88816326530608, 43.496054421768726, 228.9403174603174, 43.72281179138324, 226.44598639455776, 43.269297052154215, 223.4981405895691, 43.269297052154215, 220.55029478458044, 43.496054421768726, 218.73623582766433, 44.176326530612265, 219.64326530612237, 45.31011337868483, 222.36435374149653, 45.99038548752837, 226.21922902494325, 45.99038548752837, 228.7135600907029, 46.21714285714289, 233.02195011337864, 46.4439002267574, 235.9697959183673, 47.12417233560094, 238.69088435374147, 47.227210884353745, 246.1184580498866, 47.227210884353745, 258.3633560090703, 47.680725623582774, 269.02095238095245, 48.59673469387752, 282.8585034013605, 49.24979591836732, 301.14421768707484, 50.93170068027212, 321.62476190476195, 52.23782312925172, 326.5227210884354, 52.56435374149662, 330.1145578231293, 52.93659863945575, 333.59673469387747, 54.56925170068025, 350.5763265306122, 56.85496598639455, 367.555918367347, 57.834557823129245, 375.39265306122456, 58.48761904761904, 380.29061224489806, 59.46721088435374, 388.1273469387756, 59.14068027210884, 397.5967346938777, 60.12027210884354, 401.90312925170065, 60.77333333333333, 412.3521088435374, 62.73251700680273, 422.80108843537414, 64.36517006802723, 432.92353741496606, 65.99782312925171, 438.8010884353742, 67.30394557823132, 447.94394557823136, 68.69387755102035, 449.7325170068027, 72.93877551020404, 449.0794557823129, 78.48979591836732, 447.1202721088435, 85.0204081632653, 446.7937414965986, 89.26530612244899, 445.48761904761903, 93.83673469387757, 446.1406802721088, 99.06122448979596, 447.7733333333333, 105.91836734693885, 449.40598639455783, 108.20408163265314, 448.752925170068, 108.53061224489804, 444.8345578231292, 112.77551020408173, 441.8957823129251, 118.32653061224501, 440.9161904761904, 124.85714285714299, 440.26312925170066, 129.09666666666675, 439.62666666666667, 132.59666666666675, 440.12666666666667, 134.59666666666675, 441.62666666666667, 136.34666666666675, 445.37666666666667, 140.71346938775508, 449.00734693877547, 148.22367346938776, 450.3134693877551, 155.40734693877556, 449.6604081632653, 159.32571428571435, 448.6808163265306, 162.26448979591845, 445.7420408163265, 162.26448979591845, 441.4971428571428, 162.26448979591845, 438.5583673469387, 162.59102040816333, 433.9869387755101, 162.59102040816333, 429.41551020408156, 162.91755102040824, 426.80326530612234, 165.52979591836743, 424.51755102040806, 165.85632653061234, 422.55836734693867, 169.1216326530613, 421.90530612244885, 173.0400000000001, 422.55836734693867, 176.3053061224491, 424.84408163265294, 180.2236734693879, 428.76244897959174, 184.46857142857158, 432.68081632653053, 190.67265306122468, 438.5583673469387, 196.55020408163284, 442.8032653061224, 204.38693877551043, 446.3951020408163, 210.91755102040844, 450.3134693877551, 215.488979591837, 451.94612244897957, 222.34612244897988, 452.5991836734694, 226.26448979591868, 451.6195918367347, 229.52979591836765, 449.98693877551017, 233.12163265306157, 448.02775510204077, 233.9961904761904, 444.88380952380953, 233.9961904761904, 436.72054421768706, 233.34312925170062, 421.0470748299319, 233.34312925170062, 402.10829931972773, 233.0165986394557, 379.57768707482967, 231.38394557823122, 355.41442176870714, 230.23319727891158, 343.75319727891156, 230.23319727891158, 338.2021768707483, 230.55972789115646, 334.6103401360544, 231.53931972789115, 325.4674829931972, 232.9404081632653, 309.8391836734694, 233.2669387755102, 303.9616326530612, 234.57306122448978, 299.0636734693877, 234.8995918367347, 293.83918367346934, 236.53224489795917, 288.94122448979584, 237.83836734693878, 284.04326530612235, 237.83836734693878, 279.7983673469387, 239.86612244897952, 273.118911564626, 242.15183673469383, 262.0168707482994, 244.76408163265302, 251.24136054421774, 244.76408163265302, 245.36380952380955, 245.7208163265306, 240.76952380952383, 246.7004081632653, 234.56544217687076, 248.00653061224492, 229.66748299319727, 248.3330612244898, 225.4225850340136, 257.1493877551021, 225.4225850340136, 268.57795918367356, 224.4429931972789, 277.7208163265307, 224.116462585034, 284.5779591836736, 224.116462585034, 285.5575510204083, 214.6470748299319, 285.5575510204083, 202.56544217687065, 285.5575510204083, 191.13687074829917, 285.8840816326532, 180.03482993197258, 284.5779591836736, 173.8307482993195, 282.0419047619048, 169.2887074829933, 281.7153741496599, 163.08462585034022, 279.7561904761905, 158.51319727891163, 277.47047619047623, 151.00299319727895, 276.16435374149665, 144.47238095238097, 274.53170068027214, 138.92136054421766, 274.20517006802726, 132.39074829931968, 274.20517006802726, 126.5131972789115, 272.8990476190476, 123.57442176870741, 271.9194557823129, 117.37034013605432, 270.28680272108846, 112.14585034013595, 268.32761904761907, 104.30911564625836, 267.34802721088437, 98.75809523809508, 266.04190476190473, 94.1866666666665, 264.08272108843533, 90.5948299319726, 262.12353741496594, 87.6560544217685, 259.1847619047619, 84.0642176870746, 255.91945578231287, 80.47238095238072, 251.0214965986394, 76.88054421768683, 247.1031292517006, 75.24789115646233, 241.8786394557822, 72.96217687074804, 236.9806802721087, 70.34993197278885, 232.40925170068013, 68.06421768707455, 226.85823129251685, 65.45197278911536, 218.0220408163266, 59.99482993197284, 211.16489795918375, 55.74993197278914, 204.30775510204086, 52.15809523809526, 199.40979591836737, 50.19891156462586, 196.1444897959184, 48.892789115646266, 193.85877551020408, 51.17850340136056, 191.2465306122449, 53.46421768707485, 188.63428571428568, 55.096870748299345, 184.71591836734692, 57.05605442176874, 180.1444897959183, 59.34176870748304, 176.55265306122442, 60.647891156462634, 172.96081632653053, 62.28054421768713, 168.71591836734683, 63.913197278911625, 162.83836734693867, 66.19891156462592, 