{"source": "user", "pair_id": 706, "item1": {"segmentation": [[68.64725274725274, 39.52417582417582, 56.16593406593406, 43.684615384615384, 48.53846153846153, 45.76483516483516, 40.21758241758241, 54.08571428571428, 0.0, 73.5010989010989, 0.0, 348.0901098901099, 6.488854003139707, 343.8646781789639, 18.2235478806907, 332.64018838304554, 25.366405023547827, 329.068759811617, 31.48885400313965, 328.55855572998433, 36.08069073783352, 339.27284144427006, 38.121507064364124, 347.9463108320251, 33.52967032967026, 368.86467817896386, 29.958241758241694, 391.8238618524332, 28.937833594976393, 404.0687598116168, 33.01946624803761, 412.74222919937193, 40.162323390894734, 434.1708006279433, 41.18273155416004, 436.7218210361066, 38.63171114599678, 444.885086342229, 41.69293563579269, 466.3136577708004, 45.264364207221256, 485.1912087912085, 51.89701726844573, 505.0891679748819, 56.4888540031396, 523.4565149136574, 58.5296703296702, 542.8442700156982, 66.69293563579264, 563.2524332810042, 80.65777080062794, 614.8684458398744, 84.73940345368915, 630.0, 187.80062794348487, 630.0, 191.88226059654608, 626.0929356357927, 192.90266875981138, 614.8684458398744, 194.43328100470933, 611.8072213500785, 216.37205651491337, 603.1337519623235, 218.92307692307662, 601.6031397174255, 230.65777080062765, 601.6031397174255, 241.88226059654596, 595.9908948194663, 255.14756671899494, 586.2970172684459, 258.20879120879084, 584.2562009419153, 264.33124018838265, 571.501098901099, 263.82103610675, 556.1949764521195, 262.8006279434847, 553.1337519623236, 268.9230769230765, 550.5827315541603, 276.57613814756627, 556.1949764521195, 284.2291993720561, 565.3786499215072, 290.3516483516479, 570.9908948194663, 296.98430141287236, 583.7459968602826, 314.8414442700152, 602.1133437990582, 333.7189952904233, 615.8888540031397, 337.2904238618519, 618.439874411303, 352.68194662480374, 625.1651491365777, 356.76357927786495, 624.1447409733124, 358.2941915227629, 610.3692307692309, 356.76357927786495, 599.1447409733124, 356.2533751962323, 580.2671899529043, 357.78398744113025, 571.5937205651493, 358.80439560439555, 536.8998430141289, 357.78398744113025, 530.7773940345371, 357.78398744113025, 518.0222919937208, 359.3145996860282, 512.4100470957617, 359.8248037676609, 477.7161695447413, 357.2737833594976, 465.9814756671903, 354.72276295133435, 437.4100470957618, 354.72276295133435, 403.73657770800673, 354.72276295133435, 393.5324960753537, 354.2125588697017, 375.67535321821094, 352.0279434850863, 367.6334379905808, 352.538147566719, 355.89874411302975, 350.4973312401884, 349.77629513343794, 351.5177394034537, 343.65384615384613, 358.15039246467813, 321.20486656200944, 362.2320251177394, 292.6334379905809, 362.74222919937205, 271.20486656200956, 373.4565149136577, 271.20486656200956, 379.06875981161687, 281.40894819466257, 381.6197802197801, 294.6742543171115, 382.1299843014128, 299.77629513343805, 385.19120879120874, 301.81711145996866, 392.33406593406585, 296.71507064364215, 392.8442700156985, 286.5109890109891, 389.7830455259026, 280.38854003139727, 387.23202511773934, 267.63343799058094, 385.7014128728414, 249.77629513343814, 399.47692307692296, 243.6538461538463, 417.84427001569844, 231.40894819466268, 428.5585557299841, 221.7150706436423, 436.2116169544739, 212.0211930926219, 427.2408163265305, 189.69968602825728, 423.1591836734693, 182.0466248037675, 414.99591836734686, 169.80172684458387, 406.32244897959174, 151.43437990580838, 402.24081632653053, 130.51601255886965, 401.22040816326523, 114.18948194662478, 397.138775510204, 91.23029827315546, 394.5877551020408, 70.31193092621672, 388.9755102040816, 58.06703296703307, 385.9142857142857, 55.00580847723716, 378.77142857142854, 53.98540031397185, 372.64897959183673, 50.92417582417594, 342.5469387755103, 41.740502354788205, 306.8326530612246, 32.55682888540048, 278.77142857142877, 22.862951334380085, 270.48948194662466, 16.864364207221353, 267.42825745682876, 16.864364207221353, 257.22417582417575, 11.252119309262183, 250.08131868131858, 11.252119309262183, 243.95886970172677, 22.476609105180525, 237.32621664050228, 33.70109890109887, 227.12213500784924, 42.8847723704866, 216.91805337519622, 49.517425431711075, 197.53029827315544, 57.170486656200865, 180.6935635792779, 62.272527472527386, 162.32621664050245, 64.31334379905799, 144.46907378335965, 63.29293563579269, 125.59152276295151, 63.29293563579269, 115.89764521193112, 61.76232339089472, 104.67315541601278, 60.74191522762942, 88.85682888540056, 60.23171114599677, 76.10172684458428, 49.007221350078424]], "scale": 3, "viewpoint": 1, "zoom_in": 2, "landmarks": [172, 66, 2, 69, 45, 2, 111, 104, 2, 188, 128, 2, 244, 81, 2, 259, 17, 2, 0, 0, 0, 0, 0, 0, 0, 0, 0, 0, 0, 0, 17, 335, 2, 36, 324, 2, 31, 311, 2, 50, 496, 2, 0, 0, 0, 241, 597, 2, 356, 623, 2, 357, 448, 2, 361, 282, 2, 350, 273, 2, 376, 271, 2, 385, 298, 2, 435, 213, 2, 404, 140, 2, 383, 59, 2], "style": 1, "bounding_box": [0, 12, 436, 630], "category_id": 1, "occlusion": 1, "category_name": "short sleeve top"}}