{"source": "user", "pair_id": 715, "item1": {"segmentation": [[100.14809805579095, 411.2189349112431, 85.94691462383805, 403.52662721893523, 64.64513947590869, 388.733727810651, 53.402535925612646, 380.4497041420118, 61.68655959425184, 371.57396449704123, 74.704311073542, 352.04733727810594, 85.35519864750668, 333.7041420118335, 98.37295012679684, 314.17751479289825, 110.20726965342426, 301.7514792899394, 127.36703296703402, 286.3668639053238, 141.56821639898692, 279.8579881656787, 162.27827557058492, 276.30769230769044, 187.72206255283385, 278.0828402366846, 208.43212172443185, 282.2248520710042, 222.63330515638472, 291.69230769230614, 225.0001690617102, 303.5266272189335, 225.0001690617102, 326.603550295857, 229.73389687236119, 335.4792899408276, 233.28419273034945, 340.21301775147856, 251.03567202029058, 346.72189349112364, 271.1540152155572, 349.6804733727805, 301.9232459847885, 346.72189349112364, 316.12442941674135, 343.76331360946676, 328.5504649197001, 334.8875739644962, 339.20135249366484, 320.6863905325433, 340.38478444632756, 311.2189349112414, 348.56939983093815, 314.51631445477614, 365.7291631445479, 328.71749788672906, 375.19661876584985, 337.00152155536824, 394.1315300084537, 344.1021132713447, 407.14928148774385, 347.6524091293329, 415.433305156383, 345.8772612003388, 428.45105663567324, 350.01927303465845, 434.9599323753183, 369.5459002535937, 442.0605240912947, 383.74708368554656, 448.0534234995774, 392.67083685545214, 454.56229923922245, 411.01403212172465, 464.62147083685574, 428.7655114116658, 467.0, 438.82468300929906, 467.0, 511.01403212172636, 455.7180050718513, 507.0248520710059, 436.78309382924743, 504.06627218934904, 414.2978867286553, 504.6579881656804, 390.6292476754005, 510.5751479289941, 376.4280642434476, 523.5928994082843, 371.6943364327966, 521.8177514792902, 365.1854606931515, 531.2852071005921, 359.8600169061692, 543.7112426035509, 352.1677092138614, 547.8532544378705, 349.2091293322045, 560.8710059171607, 346.842265426879, 574.4804733727822, 336.78309382924573, 585.7230769230782, 330.86593406593204, 593.4153846153861, 324.9487743026183, 596.9656804733743, 317.01572273879975, 611.7511411665258, 312.2819949281488, 623.0, 74.7814032121723, 623.0, 0.8737109044801155, 623.0, 1.4654268808114863, 579.1513102282325, 5.983431952662742, 570.32628909552, 19.592899408284275, 554.9416737109043, 27.876923076923468, 549.616229923922, 39.711242603550886, 537.7819103972946, 46.22011834319596, 525.3558748943358, 59.237869822486125, 499.3203719357555, 66.33846153846258, 484.52747252747116, 78.76449704142136, 460.26711749788495, 95.33254437869977, 427.72273879965957]], "scale": 3, "viewpoint": 2, "zoom_in": 2, "landmarks": [289, 301, 1, 225, 301, 1, 232, 339, 2, 267, 348, 1, 317, 345, 2, 344, 313, 2, 130, 287, 2, 87, 333, 2, 54, 380, 2, 102, 414, 1, 110, 392, 1, 115, 360, 2, 113, 379, 2, 67, 485, 1, 0, 0, 0, 0, 0, 0, 0, 0, 0, 346, 575, 2, 368, 526, 2, 366, 465, 2, 368, 501, 2, 376, 526, 2, 0, 0, 0, 463, 427, 2, 416, 347, 2], "style": 1, "bounding_box": [0, 268, 467, 623], "category_id": 1, "occlusion": 2, "category_name": "short sleeve top"}}