{"source": "user", "pair_id": 712, "item1": {"segmentation": [[274.3978335612973, 174.03704493076765, 277.9578193213543, 170.90425746191752, 290.7737680575593, 172.61305062674487, 306.43770540181, 172.61305062674487, 320.39284958123324, 172.04345290513575, 334.69361966236346, 172.62320314402953, 343.37998491690246, 173.19280086563865, 351.78155131063687, 177.03758548650015, 364.1703017556351, 181.3095683985685, 375.56225618781735, 186.0087496018437, 384.96061859436776, 190.85033023552117, 397.2831134885987, 196.23096297614808, 407.678271907965, 203.4933339266643, 418.50062861853814, 209.61650943396225, 427.04459444267485, 215.73968494126024, 438.2941494444549, 222.85965646137416, 447.2653135597984, 228.84043253826985, 456.15490528564203, 233.5140563227221, 463.8444745273651, 236.50444436116993, 467.0, 237.92843866519272, 467.0, 244.0516141724907, 467.0, 252.5955799966274, 467.0, 262.70593955518916, 467.0, 272.2467013921418, 467.0, 276.8034831650147, 467.0, 296.7595323302918, 467.0, 309.0058833448877, 467.0, 322.39142980270185, 467.0, 338.90976372936615, 467.0, 348.87772385752567, 467.0, 355.8552959472373, 467.0, 362.6953687395777, 467.0, 374.6569208933691, 467.0, 395.3048383016995, 467.0, 407.8359881771, 467.0, 414.8135602668116, 463.83939826872273, 415.09835912761616, 460.7066107998726, 407.26639045549086, 459.85221421745894, 401.71281266980196, 457.28902447021795, 393.73844456727437, 456.57702731820655, 382.6312889958967, 458.1434210526316, 369.10334310768025, 460.42181193906805, 361.12897500515265, 461.8458062430908, 350.0218194337749, 464.55139542073414, 340.33865816642, 465.1413862397182, 333.04591772685546, 464.9989868093159, 326.4955439283506, 464.14459022690227, 319.37557240823674, 463.43259307489086, 309.97721000168633, 462.4357970620749, 303.7116350639861, 458.87581130201795, 300.4364481647337, 461.1542021884544, 294.88287037904485, 459.2063845534091, 288.31735586741866, 459.4911834142137, 278.0645968784546, 460.0607811358228, 273.36541567517946, 455.3615999325476, 272.65341852316806, 442.6880506267448, 271.51422307994983, 434.571283093815, 272.08382080155894, 421.4705354968054, 272.22622023196124, 414.6863896123363, 269.5257953757659, 402.7248374585449, 265.9658096157089, 395.74726536883327, 257.849042082779, 383.35851492383506, 249.0202773978378, 371.9665604916528, 236.9163258136441, 360.0050083378614, 227.66036283749602, 354.6143992055611, 226.16022465383824, 342.2256487605629, 220.74904629855166, 328.98250173315097, 215.9074656648742, 313.6033632497049, 210.49628730958761, 299.0786213486725, 202.66431863746232, 285.8354743212606, 193.5507550917165, 274.30112045867605, 184.15239268516612], [276.8033951022091, 172.48080371362727, 271.9618144685316, 176.0407894736842, 266.55063611324505, 180.027973524948, 260.5698600363493, 182.87596213299358, 254.44668452905137, 184.58475529782092, 249.17790560416708, 188.0023416274756, 243.7667272488805, 191.41992795713028, 237.50115231118025, 190.85033023552117, 225.70764506941973, 191.9792850986491, 212.74929690281238, 191.69448623784453, 203.77813278746885, 192.26408395945364, 196.51576183695263, 191.69448623784453, 187.40219829120682, 190.27049193382175, 178.57343360626558, 188.98889706020123, 172.16545923816304, 188.4192993385921, 165.61508543965823, 189.41609535140807, 163.51489198253734, 190.2858087725544, 150.84134267673457, 193.70339510220907, 135.74700305409306, 193.98819396301363, 122.2190571658766, 195.5545876974387, 109.54550786007383, 197.4057802926683, 105.52795431976168, 197.59894230949394, 103.24956343332522, 201.72852579116002, 95.27519533079763, 205.28851155121697, 88.8672209626951, 207.85170129845798, 81.03525229056979, 213.26287965374456, 76.47847051769688, 217.39246313541062, 69.64329785838751, 222.09164433868582, 60.95693260384853, 228.7844175675929, 51.53327696689213, 234.96343191995655, 42.13491456034176, 242.22580287047273, 31.312557849768602, 249.6305732513912, 23.76538803844785, 255.32655046748235, 16.50301708793165, 259.88333224035523, 1.9020432444586013, 266.55571237188735, 0.33564951003353904, 269.4037009799329, 0.0, 280.7956554121152, 0.0, 290.906014970677, 0.0, 304.14916199808886, 0.0, 314.971518708662, 0.05085064922898219, 327.8330657098424, 0.0, 339.50981900282926, 0.0, 349.4777791309887, 0.0, 356.17055235989585, 0.0, 360.58493470236647, 0.0, 365.28411590564167, 4.4652329916996125, 367.42010736167583, 14.860391411065935, 365.7113141968485, 31.09392647692567, 360.01533698075735, 42.907914878866805, 355.3618421052632, 54.869467032658186, 351.2322586235971, 70.10620608570198, 345.96347969871283, 82.08289895261473, 341.40162166719756, 88.34847389031498, 338.12643476794517, 91.33886192876282, 338.553633059152, 94.89884768881979, 348.80639204811604, 95.18364654962434, 358.2047544546664, 98.74363230968129, 360.7679442019074, 99.4556294616927, 365.60952483558486, 100.02522718330181, 377.9982752805831, 102.33407562159226, 388.8001508309756, 104.32766764722416, 399.05290981993966, 106.60605853366062, 407.16967735286954, 109.3116477113039, 416.7104391898222, 111.44763916733808, 421.4096203930974, 111.44763916733808, 429.9535862172341, 112.30203574975175, 436.64635944614116, 112.15963631934946, 446.1871212830938, 113.23266427460607, 463.03576427273237, 114.51425914822657, 478.84210104738526, 117.50464718667442, 493.9364406700268, 119.92543750351315, 510.4547745966911, 123.05822497236328, 528.1123039665736, 126.02821991343615, 542.7182660058834, 129.01860795188398, 558.6670022109386, 133.71778915515918, 574.7581378463959, 138.90009555751251, 585.4887696501846, 143.88407562159225, 596.8807240823669, 147.72886024245378, 611.5478654138016, 151.14644657210846, 624.5062135804088, 154.42163347136085, 627.639001049259, 163.10799872589985, 622.6550209851792, 175.06955087969123, 620.2342306683405, 186.63427423132413, 619.1611146502783, 197.02943265069044, 616.0283271814282, 209.41818309568868, 612.6107408517735, 216.20232898015777, 612.4887345187461, 234.71425493245397, 612.7735333795507, 252.37178430233647, 611.2071396451256, 271.3109085458395, 608.2167516066778, 282.4281285716963, 606.5231872177775, 294.6744795862922, 603.3903997489274, 301.36208849375134, 600.1609872402616, 312.32684463472674, 597.1705992018137, 323.1492013452999, 594.4650100241705, 332.405164321448, 592.0442197073318, 342.9427221712166, 589.053831668884, 358.0522025069795, 586.6686632253471, 369.58655636956405, 585.102269490922, 381.6905079537577, 582.8238786044856, 394.9336549811696, 579.6910911356355, 404.84551207584644, 579.2741334245189, 415.0982710648105, 577.5653402596917, 424.63903290176313, 575.8565470948643, 437.17018277716363, 572.4389607652096, 451.1253269565869, 568.8789750051526, 464.1292733881696, 565.6801081111465, 467.0, 564.6833120983306, 467.0, 553.0065588053437, 467.0, 538.4818169043114, 467.0, 522.2482818384516, 467.0, 508.5527313522325, 467.0, 492.3191962863728, 467.0, 479.0760492589609, 467.0, 462.5577153322966, 467.0, 448.31777229206875, 467.0, 435.78662241666825, 467.0, 420.44328193213545, 467.0, 415.0117985422795, 464.5920935526784, 413.8726030990613, 462.1713032358397, 409.60062018699296, 461.45930608382827, 404.90143898371775, 458.8961163365873, 395.5030765771674, 457.75692089336906, 385.8199153098125, 458.1841191845759, 376.13675404245754, 460.7473089318169, 365.4567967622867, 461.61702235296326, 359.26762989263835, 459.1962320361245, 352.7172560941335, 455.0666485544584, 343.1764942571809, 450.225067920781, 334.4901290026419, 445.3834872871035, 326.5157609001143, 443.56284030653353, 323.754420940211, 437.2972653688333, 316.2072511288902, 431.60128815274214, 311.508069925615, 430.4620927095239, 304.10329954469654, 424.7661154934328, 294.4201382773416, 422.0605263157895, 287.72736504843454, 420.35173315096216, 279.75299694590694, 421.6333280245827, 271.35143055217253, 416.64934796050295, 268.7882408049315, 406.3965889715389, 265.9402521968859, 401.4126089074591, 262.380266436829, 395.7675704034026, 255.76390127597384, 389.3595960353001, 252.34631494631918, 382.8092222367953, 