{"source": "user", "pair_id": 821, "item1": {"segmentation": [[123.7429560059318, 201.2476520019773, 136.89174493326738, 197.78744438952054, 152.11665842807702, 196.0573405832922, 165.61146811665827, 197.0954028670292, 179.10627780523953, 195.01927829955517, 186.71873455264432, 192.94315373208113, 193.6391497775578, 191.21304992585277, 200.90558576371694, 189.82896688087007, 204.019772614928, 189.4829461196244, 209.55610479485875, 190.5210084033614, 215.09243697478954, 193.63519525457247, 220.62876915472032, 207.13000494315372, 221.32081067721165, 218.54869006426094, 222.70489372219436, 234.46564508156192, 224.7810182896684, 253.15076618882827, 227.54918437963377, 269.4137419673749, 229.10449826989617, 273.4374691052891, 233.25674740484425, 274.4755313890261, 236.3709342560553, 280.3578843302026, 237.755017301038, 282.7800296589223, 244.67543252595146, 280.01186356895687, 246.7515570934255, 277.2436974789915, 248.1356401384082, 269.6312407315867, 249.17370242214523, 262.36480474542753, 251.59584775086492, 258.21255561047946, 258.1702422145327, 253.36826495304004, 263.7065743944635, 248.52397429560062, 268.20484429065726, 246.79387048937227, 274.77923875432504, 241.60355907068717, 279.6235294117645, 237.79733069698474, 291.05091448344047, 233.11122095897184, 298.6633712308453, 227.2288680177954, 309.39001482946117, 220.6544735541276, 317.34849233811167, 212.34997528423145, 323.2308452792881, 207.50568462679203, 328.6639644092932, 205.1847750865053, 336.276421156698, 204.49273356401395, 349.4252100840336, 207.606920415225, 364.9961443400889, 215.5653979238755, 379.9133959466143, 222.92911517548225, 384.7576866040537, 222.5830944142366, 391.67810182896716, 222.5830944142366, 401.366683143846, 226.389322787939, 407.9410776075138, 228.11942659416738, 417.283638161147, 236.42392486406354, 424.55007414730613, 244.382402372714, 434.23865546218497, 254.07098368759287, 459.15215027187344, 271.02600098863087, 467.0, 275.87029164607026, 467.0, 516.9633217993082, 459.7303015323777, 519.0394463667822, 452.4638655462186, 519.0394463667822, 444.1593672763224, 516.6173010380625, 439.66109738012864, 515.2332179930798, 437.5849728126546, 510.73494809688606, 435.50884824518056, 505.1986159169553, 432.3946613939695, 501.3923875432529, 429.9725160652498, 497.93217993079617, 427.89639149777577, 496.2020761245678, 422.70608007909067, 492.0498269896197, 420.9759762728623, 487.8975778546716, 424.09016312407334, 484.78339100346057, 426.5123084527931, 482.01522491349516, 425.4742461690561, 477.8629757785471, 424.43618388531905, 475.09480968858173, 421.66801779535365, 468.8664359861596, 418.89985170538824, 461.25397923875477, 416.8237271379142, 455.717647058824, 415.7856648541772, 450.5273356401389, 414.4015818091945, 447.41314878892786, 413.70954028670315, 440.8387543252601, 411.28739495798345, 435.648442906575, 408.74265941670785, 431.18141374196745, 404.9364310430054, 425.6450815620367, 398.7080573405833, 421.4928324270886, 396.977953534355, 416.64854176964917, 398.7080573405833, 413.5343549184381, 403.8983687592684, 410.0741473059814, 403.93000494315373, 407.65397923875435, 400.8158180919427, 405.2318339100346, 398.73969352446863, 404.1937716262976, 395.6255066732576, 404.1937716262976, 394.24142362827484, 405.2318339100346, 392.5113198220465, 409.7301038062284, 389.7431537320811, 411.8062283737024, 388.0130499258527, 415.26643598615914, 381.0926347009393, 418.3806228373702, 381.43865546218495, 431.5294117647058, 381.14957983193284, 442.03262481463184, 377.68937221947607, 445.1468116658429, 372.8450815620367, 449.6450815620367, 375.2672268907564, 452.41324765200204, 374.575185368265, 458.2956005931785, 372.8450815620367, 460.7177459218982, 369.7308947108256, 464.8699950568463, 367.6547701433516, 466.60009886307466, 368.6928324270886, 477.3267424616905, 367.3087493821059, 495.31982204646556, 367.6187839841819, 501.0926347009393, 366.23470093919923, 506.2829461196244, 367.27276322293625, 516.6635689569946, 365.54265941670786, 527.0441917943648, 366.23470093919923, 546.7673751853681, 367.07661888284736, 556.2641621354426, 365.34651507661897, 564.5686604053387, 361.5402867029166, 571.8350963914978, 359.46416213544256, 576.3333662876917, 359.11814137419685, 589.4821552150272, 356.0039545229858, 606.4371725160652, 351.4823529411765, 611.2288680177953, 349.06020761245674, 617.1112209589718, 349.06020761245674, 623.0, 306.84567474048464, 623.0, 305.8076124567476, 617.8032624814632, 307.88373702422166, 613.6510133465151, 305.4615916955019, 607.7686604053387, 303.0394463667822, 603.2703905091449, 301.65536332179954, 601.5402867029165, 295.0809688581317, 603.2703905091449, 286.08442906574425, 607.7686604053387, 279.16401384083076, 608.8067226890756, 276.74186851211107, 607.7686604053387, 268.5995056846267, 611.568561542264, 268.25348492338105, 613.9907068709838, 265.4853188334157, 615.7208106772121, 259.2569451309936, 613.9907068709838, 257.18082056351955, 612.606623826001, 252.0411270390509, 616.7588729609491, 245.8127533366288, 619.1810182896688, 241.31448344043503, 619.5270390509145, 231.62590212555617, 623.0, 195.3482946119623, 623.0, 190.5040039545229, 617.8222441917944, 187.38981710331183, 612.9779535343549, 187.38981710331183, 608.1336628769155, 185.3136925358378, 605.3654967869502, 182.5455264458724, 601.9052891744934, 179.777360355907, 595.3308947108256, 174.9330696984676, 589.4485417696492, 172.16490360850221, 585.6423133959468, 170.43479980227383, 580.7980227385074, 166.62857142857143, 579.067918932279, 161.78428077113202, 575.953732081068, 156.93999011369257, 572.8395452298569, 153.82580326248151, 571.8014829461199, 148.28947108255076, 570.0713791398915, 143.02718734552627, 567.815719228868, 135.76075135936713, 564.0094908551657, 129.18635689569933, 560.549283242709, 124.68808699950557, 559.8572417202176, 121.22787938704884, 558.1271379139893, 118.11369253583779, 552.9368264953041, 111.88531883341567, 553.2828472565498, 107.04102817597624, 552.9368264953041, 99.42857142857143, 549.1305981216017, 97.35244686109739, 549.4766188828473, 94.15600593178453, 548.4322293623333, 87.58161146811675, 548.4322293623333, 82.73732081067732, 545.6640632723678, 71.34789915966368, 541.3935739001483, 60.62125556104782, 538.9714285714286, 56.46900642609974, 537.9333662876916, 47.47246663371224, 537.9333662876916, 40.2060306475531, 537.9333662876916, 32.93959466139396, 537.2413247652003, 25.327137913989148, 533.4350963914978, 19.09876421156703, 524.784577360356, 17.368660405338666, 520.2863074641623, 13.216411270390587, 513.7119130004945, 10.794265941670872, 510.25170538803775, 8.266534849233793, 499.577656945131, 11.380721700444852, 492.65724172021754, 17.263074641621298, 488.50499258526946, 31.795946613939574, 473.9721206129512, 38.370341077607364, 466.70568462679205, 50.8270884824516, 458.05516559565024, 61.89975284231314, 445.598418190806, 71.24231339594633, 438.33198220464686, 79.54681166584248, 431.4115669797334, 87.15926841324729, 421.0309441423632, 95.11774592189778, 414.80257043994106, 109.2436974789915, 405.5272367770638, 104.39940682155208, 402.41304992585276, 104.05338606030641, 399.99090459713307, 107.51359367276314, 395.49263470093933, 113.39594661393959, 391.6864063272369, 113.74196737518525, 386.4960949085518, 113.39594661393959, 379.2296589223927, 109.93573900148284, 377.15353435491863, 105.09144834404343, 378.5376173999013, 103.36134453781506, 381.65180425111237, 99.20909540286698, 383.0358872960951, 97.47899159663861, 380.61374196737535, 97.13297083539294, 378.19159663865565, 95.0568462679189, 378.883638161147, 93.32674246169053, 381.65180425111237, 90.90459713297082, 382.34384577360373, 86.75234799802274, 381.65180425111237, 82.94611962432033, 380.61374196737535, 75.9157686604051, 383.08215521502717, 69.68739495798299, 382.3901136925358, 59.99881364310414, 380.31398912506177, 52.04033613445365, 376.85378151260505, 46.850024715768555, 374.08561542263965, 40.96767177459211, 370.62540781018294, 34.39327731092432, 366.12713791398915, 29.895007414730568, 361.97488877904107, 