{"source": "user", "pair_id": 877, "item1": {"segmentation": [[0.0, 407.6646402635322, 0.0, 389.38209178707797, 3.8660477652167344, 383.2879089615932, 7.467155798457723, 368.60646851838, 14.669371864939698, 352.81699483416946, 19.10150482892861, 342.0136707344465, 26.303720895410585, 317.9139477427568, 29.904828928651575, 302.1244740585463, 34.480931346859315, 280.80917870779365, 41.683147413341295, 254.21638092386019, 46.1152803773302, 233.71776596541147, 54.97954630530802, 206.5709515609794, 60.519712510294156, 183.85627012053624, 63.84381223328584, 168.34380474657507, 69.75668188964588, 147.84718125327547, 73.35778992288687, 119.03831698734757, 74.4658231638841, 99.64773526989609, 85.82316388410567, 96.60064385715371, 95.50581717451524, 88.85790222355318, 104.37008310249306, 80.82466122632329, 109.07922437673128, 70.29834543684963, 111.57229916897504, 60.04903795762527, 111.29529085872574, 52.292805270644685, 110.07864041326646, 38.647840083851186, 120.3279478924908, 37.81681515310326, 137.2254548176985, 33.66169049936366, 151.07587033016387, 29.783574155873367, 163.54124429138267, 25.07443288163515, 170.18944373736602, 25.07443288163515, 177.16150333158646, 23.66582316388409, 189.34986898255596, 19.51069851014449, 195.72106011829, 24.219839784382707, 206.80139252826228, 29.760005989368842, 215.9426667664894, 34.192138953357755, 233.67119862244505, 34.74615557385636, 243.3664894811708, 33.361114022609826, 257.4939133038854, 33.084105712360525, 265.80416261136463, 32.80709740211122, 274.6684285393425, 31.145047540615373, 281.3166279853258, 28.097956127873, 289.90388560305433, 30.86803923036607, 296.27507673878836, 34.192138953357755, 306.12469865987873, 35.155349255072245, 324.68425544658226, 37.92543235756531, 337.7036460282997, 39.58748221906115, 350.4460282997678, 39.58748221906115, 358.4792692969977, 39.58748221906115, 359.3102942277456, 48.45174814703897, 361.24935239949076, 64.51823014149876, 364.8504604327318, 78.64565396421341, 369.55960170697, 89.17196975368708, 377.8698510144492, 95.54316088942113, 387.0111252526763, 100.80631878415795, 398.36846597289787, 102.4683686456538, 401.9695740061389, 108.00853485063993, 404.73965710863195, 126.29108332709419, 407.7867485213743, 139.86449052931022, 413.047914950962, 172.88597739013255, 420.5271393276933, 206.40398293029867, 428.56038032492324, 246.57018791644816, 435.48558808115587, 273.9940106311295, 444.4820393801003, 307.1603204312346, 452.2382720670809, 341.50935090214864, 460.5485213745601, 370.0412068578272, 466.8108108108108, 381.68648648648644, 467.0, 411.3864340795088, 426.36759751441195, 412.49446732050603, 374.84405180804094, 413.04848394100463, 355.1764617803401, 412.49446732050603, 322.27537620723217, 410.386449052931, 299.28368645653967, 407.06234932993937, 285.15626263382507, 405.4002994684435, 277.4000299468445, 406.50833270944077, 263.5496144343791, 408.44739088118587, 243.88202440667834, 408.44739088118587, 223.93742606872826, 408.17038257093657, 213.96512689975322, 410.1094407426817, 205.65487759227398, 412.0484989144269, 199.02102268473456, 412.55395672680993, 174.09027476229696, 412.8309650370593, 142.7883357041253, 413.1079733473086, 122.56672905592589, 411.722931796062, 114.533488058696, 410.8919068653141, 110.10135509470709, 411.4459234858127, 91.97712061091563, 412.2168900202141, 65.66133113723149, 411.1088567792169, 50.1488657632703, 411.9398817099648, 27.6640563000674, 410.84420154226245, 17.414748820843048, 409.45915999101595]], "scale": 3, "viewpoint": 1, "zoom_in": 2, "landmarks": [232, 36, 2, 181, 22, 2, 195, 56, 2, 233, 73, 2, 276, 62, 2, 287, 30, 2, 114, 40, 2, 75, 108, 2, 42, 243, 2, 0, 0, 0, 246, 409, 2, 0, 0, 0, 427, 246, 2, 401, 107, 2, 356, 41, 2], "style": 1, "bounding_box": [2, 16, 467, 433], "category_id": 5, "occlusion": 1, "category_name": "vest"}}