{"source": "user", "pair_id": 890, "item1": {"segmentation": [[2.2484472049694153, 95.88464951197837, 3.2688553682346546, 83.12954747116288, 10.411712511091325, 69.35403726708216, 23.677018633539426, 55.57852706300144, 36.94232475598753, 43.843833185451196, 58.968056787932596, 28.568766637089247, 66.11091393078927, 24.997338065660912, 78.35581188997213, 24.997338065660912, 91.62111801242023, 30.609582963619722, 119.17213842058169, 19.3850931677021, 143.1517302573148, 11.22182786158019, 158.00354924578656, 26.45874001774579, 172.79946761313252, 34.6220053238677, 196.268855368233, 40.234250221826514, 208.00354924578326, 41.76486246672437, 222.4525288376196, 43.9893522626429, 228.0035492457826, 45.948535936112194, 227.35048802129285, 50.51996450754052, 222.4525288376196, 50.8464951197854, 223.10559006210937, 71.74445430345776, 223.75865128659913, 81.2138420585593, 223.75865128659913, 91.98935226264035, 226.37089618455818, 95.90771960957892, 226.0443655723133, 106.3566992014151, 229.50133096716942, 177.32741792369114, 221.07699891550772, 496.15380065069536, 208.37858621709557, 494.79325643300837, 187.58473824312512, 493.23868677905944, 144.6814551907708, 491.67701863354023, 142.72227151730152, 494.94232475598903, 141.74267968056688, 499.51375332741736, 136.1916592724039, 500.493345164152, 106.69032830523534, 508.2377994676132, 70.55900621118036, 508.2377994676132, 60.11002661934418, 506.2786157941439, 59.7834960070993, 493.54392191659355, 66.6406388642418, 459.58473824312597, 70.55900621118036, 433.13575865129064, 78.06921029281261, 387.7480035492522, 80.09228039041682, 317.2315882874858, 78.45962732919241, 283.5989352262631, 80.09228039041682, 264.66015971606004, 77.15350488021289, 242.78260869565304, 74.21472937000897, 215.0275066548382, 74.86779059449873, 204.9050576752469, 76.82697426796801, 199.6805678793288, 66.00177462289257, 195.1304347826087, 51.634427684117824, 190.23247559893548, 41.83850931677141, 187.94676131322132, 34.39929015084178, 183.26885536823394, 35.37888198757642, 166.94232475598992, 30.154392191658335, 141.14640638864435, 26.56255545696465, 129.71783496007353, 13.103815439219357, 113.34161490683253], [223.44631765749733, 89.66814551907487, 227.69121561668078, 90.32120674356463, 228.9973380656603, 77.25998225376941, 227.69121561668078, 57.34161490683169, 225.40550133096662, 49.831410825199434, 225.7320319432115, 44.280390417036465, 244.0177462289248, 44.280390417036465, 281.157054125998, 37.827861579414304, 297.48358473824203, 29.33806566104741, 311.41792369121544, 19.691215616681628, 313.05057675243984, 18.385093167702106, 332.64241348713267, 25.89529724933436, 353.8669032830499, 33.078970718721735, 362.6832298136617, 35.69121561668078, 371.49955634427346, 35.69121561668078, 385.5403726708033, 39.283052351374465, 399.2546583850883, 44.18101153504767, 415.2546583850875, 55.28305235137361, 426.0301685891685, 72.91570541259718, 433.94498669032873, 82.36379769299046, 441.78172138420587, 97.38420585625497, 443.0878438331854, 108.4862466725809, 441.455190771961, 113.710736468499, 444.3939662821649, 122.52706299911077, 435.904170363798, 130.69032830523278, 415.33274179237054, 146.36379769298708, 408.47559893522805, 163.99645075421063, 401.2919254658407, 187.18012422359715, 396.0674356699226, 204.48624667257582, 386.59804791482105, 205.79236912155534, 373.8633540372707, 201.5474711623719, 367.7160603371775, 209.49778172138343, 356.2874889086067, 226.8039041703621, 350.7364685004437, 242.80390417036125, 354.0017746228925, 255.5385980479116, 359.5527950310555, 275.4569653948493, 359.8793256433004, 283.9467613132162, 358.62999112688556, 297.25643300798595, 354.05856255545723, 318.80745341614806, 354.05856255545723, 338.072759538596, 352.09937888198795, 382.1543921916549, 353.2209405501329, 438.06211180124234, 359.42502218278565, 498.14374445430036, 363.0097604259091, 512.2768411712512, 346.3566992014202, 513.256433007986, 312.39751552795263, 514.8890860692103, 292.8056787932598, 513.5829636202308, 277.4587400177504, 511.62377994676154, 268.6353149955607, 506.8890860692095, 250.51996450754135, 499.15882874889144, 239.4179236912154, 495.56699201419775, 226.0301685891753, 495.89352262644263, 220.15261756876745, 495.89352262644263, 224.08518189884654, 132.07453416149033, 224.7382431233363, 116.72759538598093]], "scale": 3, "viewpoint": 1, "zoom_in": 1, "landmarks": [228, 48, 2, 144, 19, 2, 162, 75, 2, 231, 119, 2, 290, 82, 2, 313, 21, 2, 62, 29, 2, 30, 56, 2, 4, 97, 2, 42, 188, 2, 67, 196, 2, 0, 0, 0, 81, 200, 2, 86, 351, 2, 62, 503, 2, 221, 496, 2, 363, 513, 2, 355, 339, 2, 362, 212, 2, 0, 0, 0, 371, 204, 2, 390, 206, 2, 445, 124, 2, 417, 64, 2, 363, 38, 2], "style": 1, "bounding_box": [0, 15, 446, 516], "category_id": 1, "occlusion": 1, "category_name": "short sleeve top"}}