{"source": "user", "pair_id": 883, "item1": {"segmentation": [[201.39499157016306, 1.5668430748400106, 208.49558328613952, 11.03429869614193, 218.5547548837728, 18.72660638844974, 238.081382102708, 25.23548212809481, 251.09913358199816, 29.96920993874577, 262.34173713229416, 31.152641891408507, 278.9097844695725, 30.560925915077142, 288.9689560672058, 28.19406200975166, 307.3121513334783, 24.643766151763437, 323.2884826944253, 19.910038341112482, 335.71451819738405, 13.99287857779878, 345.77368979501733, 10.44258271981056, 352.2825655346624, 8.07571881448508, 360.5665892033016, 11.03429869614193, 375.95120458791723, 26.418914080757553, 389.5606720435387, 42.98696141803591, 401.9867075464975, 54.22956496833194, 414.6039603960396, 67.38173817381738, 426.980198019802, 78.38283828382839, 438.6688668866887, 92.13421342134214, 444.8569856985699, 107.94829482948296, 455.8580858085809, 132.70077007700772, 463.42134213421343, 150.5775577557756, 467.0, 172.82728272827308, 467.0, 297.6050605060525, 456.0309573689289, 300.96743786869547, 431.77967906359635, 302.13617417256694, 413.66426635358886, 302.13617417256694, 407.2362166822959, 302.13617417256694, 406.0674803784244, 290.4488111338524, 407.2362166822959, 275.8396073354593, 406.35966445439226, 267.950637284327, 404.3143759226172, 263.2756920688412, 403.43782369471364, 260.6460353851304, 399.0550625551957, 259.76948315722683, 395.8410377195492, 259.76948315722683, 395.25666956761347, 267.36626913239127, 392.62701288390275, 285.7738659183666, 391.7504606559992, 310.0251442236992, 390.5817243521277, 342.45757665613195, 389.7051721242241, 373.72127278469327, 393.5035651118063, 397.38818293809015, 396.7175899474528, 426.0222223829407, 402.2116108615974, 464.5752723555772, 406.3021879251475, 478.3079239260668, 406.88655607708324, 482.6906850655847, 400.7506904817581, 488.82655066090985, 382.6352777717506, 498.17644109188143, 363.9354969098074, 508.40288375075664, 352.24813387109293, 512.2012767383388, 332.37961670527824, 509.86380413059595, 297.3175275891347, 507.2341474468852, 278.1879685411933, 507.0490814603739, 261.5334762110251, 507.92563368827746, 239.61967051343544, 513.184947055699, 226.17920301891374, 519.0286285750562, 220.67149022594575, 527.064170914133, 215.93776241529483, 531.5349138464144, 214.09686826670836, 534.1647626301094, 204.10344288866747, 533.9017777517398, 185.95748628117224, 529.4310348194584, 170.44137845737197, 527.8531255492414, 150.19154282292075, 524.6973070088075, 128.36379791825257, 518.1226850495701, 124.36092721698239, 515.7939018753946, 122.25704819002641, 512.6380833349606, 122.52003306839592, 502.1186882001807, 123.8349574602434, 474.50527597138364, 126.46480624393836, 440.5802266617186, 129.60825668365658, 402.12633689404447, 131.18616595387354, 381.35053150285427, 131.44915083224305, 359.5227865981861, 131.44915083224305, 346.11055780134177, 130.92318107550406, 334.539223153084, 127.5043776567006, 331.1204197342805, 119.95658145696271, 330.6855833512347, 108.91121656544388, 328.8446892026482, 92.8691389849046, 323.58499163525835, 77.35303116110433, 315.69544528417345, 57.629165283392105, 304.6500803926546, 44.479921364917296, 297.8124735550477, 37.778200897012844, 294.8275300902872, 33.8334277214704, 293.2496208200702, 29.099699910819467, 292.7236510633312, 28.573730154080476, 290.09380227963624, 35.93730674842637, 272.47381542888, 45.40476236972823, 244.8604032000829, 56.450127261247076, 213.03923291737385, 65.05604702482083, 174.03675278770538, 71.89365386242773, 150.89408349118972, 73.20857825427521, 142.21558250499635, 78.62119545287864, 130.7389072240556, 82.94218310719967, 114.38088253269741, 92.14348949687894, 89.61860683109711, 96.87721730752986, 69.6317560750154, 100.97431340767221, 62.983576464155576, 103.86714706973667, 57.723878896765655, 110.10283463837538, 46.4004016970281, 118.6134729362478, 38.25191822034174, 131.46996908835294, 31.18989920721357, 140.3427622074114, 29.198047690690238, 158.3050168922224, 23.00987495199215, 173.18807324519437, 16.362183555633727, 185.56121884377785, 9.787561596396321]], "scale": 3, "viewpoint": 1, "zoom_in": 2, "landmarks": [277, 32, 2, 198, 6, 2, 229, 50, 2, 283, 69, 2, 335, 52, 2, 351, 12, 2, 110, 45, 2, 72, 152, 2, 30, 292, 2, 150, 322, 2, 132, 259, 2, 123, 201, 2, 126, 211, 2, 132, 349, 2, 123, 514, 2, 276, 505, 2, 407, 482, 2, 388, 349, 2, 396, 251, 2, 408, 211, 2, 404, 260, 2, 408, 300, 2, 0, 0, 0, 0, 0, 0, 428, 80, 2], "style": 1, "bounding_box": [26, 0, 467, 527], "category_id": 1, "occlusion": 1, "category_name": "short sleeve top"}}