{"source": "user", "pair_id": 913, "item1": {"segmentation": [[78.6043956043956, 2.0505494505494504, 72.45274725274724, 6.835164835164835, 66.3010989010989, 12.986813186813187, 61.51648351648352, 17.771428571428572, 57.72402659069326, 21.431420431420438, 52.477113010446296, 26.67833401166741, 48.464767331433904, 30.6906796906798, 40.302292768959674, 40.682485415818576, 33.82081128747813, 46.85532492199148, 27.339329805996577, 53.64544837878168, 21.16649029982367, 60.12692986026323, 14.816144349477739, 68.1979921313254, 9.260588793922123, 74.67947361280696, 4.4534527201194205, 79.66278659611993, 1.367032967032967, 82.02197802197801, 0.0, 222.07662460995795, 2.667833401166741, 223.92847646180982, 5.4456111789445485, 225.7803283136617, 9.766598833265583, 228.5581060914395, 13.161660561660682, 231.02724189390867, 17.17400624067307, 234.11366164699513, 21.18635191968546, 235.96551349884697, 24.272771672771913, 238.43464930131614, 28.593759327092947, 240.9037851037853, 31.6801790801794, 243.6815628815631, 35.692524759191784, 245.22477275810635, 40.322154388821474, 247.6939085605755, 43.717216117216566, 249.85440238773603, 48.34684574684624, 253.24946411613112, 52.667833401167286, 255.101315967983, 56.988821055488316, 256.0272418939089, 60.692524759192054, 256.0272418939089, 65.0135124135131, 254.4840320173657, 67.1740062406736, 251.7062542395879, 69.64314204314277, 248.3111925111928, 72.72956179622923, 245.533414733415, 75.81598154931568, 240.28650115316802, 79.21104327771077, 237.20008140008156, 80.13696920363671, 233.18773572106917, 81.98882105548859, 230.1013159679827, 86.30980870980962, 230.1013159679827, 89.39622846289608, 230.7185999186, 89.08758648758743, 235.96551349884697, 90.32215438882201, 241.82971102971123, 93.09993216659981, 247.0766246099582, 93.60070546737188, 252.9236195902862, 93.90934744268054, 257.2446072446072, 94.21798941798917, 263.10880477547147, 94.52663139329783, 270.2075702075703, 94.21798941798917, 276.38040971374323, 94.21798941798917, 283.1705331705334, 94.21798941798917, 289.9606566273236, 95.14391534391511, 296.75078008411384, 95.7611992945324, 304.46682946682995, 96.99576719576699, 311.25695292362013, 97.61305114638428, 314.6520146520152, 99.46490299823614, 321.44213810880547, 101.00811287477937, 326.3804097137438, 102.24268077601396, 332.55324921991667, 104.09453262786583, 338.4174467507809, 104.40317460317448, 343.0470763804106, 105.9463844797177, 348.6026319359662, 107.48959435626092, 354.7754714421391, 109.3414462081128, 359.71374304707746, 109.03280423280415, 363.72608872608987, 108.4013004296742, 371.39819004524844, 110.13140423590258, 376.9345222251793, 109.78538347465691, 381.08677136012744, 107.70925890718283, 384.8929997338299, 107.36323814593716, 389.39126963002377, 106.32517586220011, 398.73383018365706, 105.97915510095444, 407.03832845355333, 105.28711357846308, 414.99680596220395, 105.28711357846308, 423.9933457545916, 103.5570097722347, 433.33590630822493, 104.24905129472604, 445.10061219057803, 103.5570097722347, 453.75113122172, 102.86496824974333, 462.74767101410765, 102.51894748849766, 472.43625232898665, 101.1774896383893, 485.16532187535597, 100.48544811589794, 494.16186166774366, 100.83146887714362, 503.1584014601313, 100.48544811589794, 512.8469827750102, 99.79340659340659, 520.4594395224152, 96.3331989809498, 528.0718962698202, 94.42757519297321, 537.3342256359555, 95.11961671546457, 545.9847446670975, 94.77359595421889, 551.867097608274, 94.42757519297321, 560.8636374006617, 93.04349214799049, 569.8601771930494, 91.59973383018365, 581.6469523556028, 90.56167154644662, 591.6815544317275, 89.92078025780451, 602.0927715882733, 90.61282178029587, 613.8574774706263, 91.25371306893798, 621.0, 204.4025019962749, 621.0, 207.47280396371306, 615.1648351648352, 208.20742288015018, 610.7571216662125, 208.20742288015018, 607.084027084027, 208.20742288015018, 604.5128608764971, 207.84011342193162, 599.0032190032188, 210.52429792429797, 593.0741053817975, 212.62817695125392, 588.8663473278855, 214.2060862214709, 585.9735136658211, 217.36190476190487, 583.3436648821261, 222.6216023292948, 582.5547102470176, 226.30339062646775, 584.1326195172346, 228.9332394101627, 586.2364985441906, 231.03711843711866, 588.8663473278855, 234.45592185592213, 592.5481356250584, 236.5598008828781, 595.9669390438619, 238.92666478820357, 600.1746970977739, 241.03054381515955, 604.3824551516858, 243.66039259885451, 608.0642434488587, 245.501286747441, 612.5349863811402, 246.81621113928844, 613.8499107729876, 248.6571052878749, 615.6908049215741, 250.4979994364614, 617.2687141917911, 252.33889358504788, 619.1096083403776, 254.44277261200386, 620.950502488964, 305.06411195641977, 621.0, 307.2789744461368, 618.6479071196502, 309.1826032385223, 616.0304175301202, 310.61032483281144, 614.1267887377346, 312.5139536251969, 611.5092991482046, 313.94167521948606, 609.1297631577228, 316.08325761091976, 606.5122735681927, 316.7971184080643, 604.8465983748554, 317.2730256061607, 603.4188767805662, 319.1766543985462, 603.6568303796143, 321.5561903890281, 604.1327375777108, 323.22186558236535, 605.5604591719999, 325.8393551718954, 607.2261343653372, 327.9809375633291, 607.7020415634336, 330.360473553811, 607.9399951624818, 332.5020559452447, 608.1779487615299, 335.35749913382296, 608.4159023605781, 337.974988723353, 608.4159023605781, 341.30633911002764, 608.6538559596263, 344.39973589765407, 608.8918095586745, 347.2551790862324, 608.4159023605781, 349.396761477666, 607.4640879643854, 351.5383438690997, 604.8465983748554, 352.4901582652925, 602.2291087853253, 355.1076478548225, 602.4670623843734, 357.01127664720804, 601.0393407900843, 358.4389982414972, 598.8977583986507, 359.15285903864174, 597.2320832053133, 359.8667198357863, 595.8043616110242, 361.29444143007544, 597.4700368043615, 363.43602382150914, 599.3736655967471, 365.5776062129428, 601.0393407900843, 367.7191886043765, 602.9429695824698, 369.3848637977138, 603.8947839786626, 371.7643997881957, 605.3225055729517, 374.1439357786776, 606.0363663700963, 377.237332566304, 606.5122735681927, 379.6168685567859, 605.7984127710481, 381.52049734917136, 604.6086447758072, 383.4241261415569, 602.7050159834216, 384.61389413679785, 600.563433591988, 385.5657085329906, 598.8977583986507, 386.5175229291833, 595.8043616110242, 386.5175229291833, 592.2350576253014, 386.27956933013513, 588.4278000405304, 385.80366213203877, 585.3344032529039, 385.3277549339424, 582.7169136633738, 384.37594053774967, 581.7650992671811, 383.9000333396533, 579.1476096776511, 383.4241261415569, 575.8162592909764, 382.47231174536415, 570.3433265128681, 382.47231174536415, 567.4878833242899, 382.71026534441233, 564.1565329376152, 382.9482189434605, 561.5390433480851, 384.1379869387015, 558.9215537585551, 386.5175229291833, 556.0661105699768, 389.6109197168098, 554.4004353766395, 392.9422701034844, 552.496806584254, 395.79771329206267, 552.0208993861577, 399.60497087683365, 550.3552241928203, 402.4604140654119, 549.1654561975794, 405.87301122434957, 548.9340267109453, 411.1079904034097, 548.9340267109453, 415.8670623843734, 548.9340267109453, 420.86408796438536, 548.2201659138008, 425.62315994534913, 546.0785835223671, 430.6201855253611, 542.7472331356925, 434.1894895110839, 537.2743003575841, 434.4274431101321, 531.3254603813795, 432.7617679167948, 525.3766204051748, 430.3822319263129, 521.5693628204037, 428.2406495348792, 517.2861980375363, 426.5749743415419, 512.2891724575244, 424.19543835106003, 507.76805407560886, 423.00567035581906, 502.05716769845236, 421.81590236057815, 496.8221885193922, 419.67431996914445, 491.11130214223573, 418.4845519739035, 486.1142765622238, 416.8188767805662, 480.64134378411546, 415.62910878532523, 475.40636460505533, 413.4875263938916, 470.1713854259952, 411.58389760150607, 464.93640624693506, 410.1561760072169, 459.46347346882675, 408.7284544129278, 453.99054069071843, 406.34891842244593, 448.2796543135619, 405.39710402625315, 445.18625752593545, 404.28242738819773, 436.92355544514976, 