{"source": "user", "pair_id": 910, "item1": {"segmentation": [[199.81385041551226, 66.41456272259492, 208.40110803324117, 76.1098535813211, 218.09639889196734, 78.87993668381431, 228.6227146814415, 81.09600316580885, 245.7972299168993, 81.09600316580885, 259.9246537396146, 79.98796992481158, 269.34293628809144, 81.37301147605818, 283.0730510486731, 81.6468539770483, 302.1866244558762, 77.21472101305918, 311.32789869410374, 73.61361297981803, 319.08413138108466, 70.2895132568262, 323.23925603482445, 70.2895132568262, 330.1644637910574, 74.99865453106462, 335.9816383062932, 74.7216462208153, 344.0148793035234, 79.70779580530305, 350.10906212900846, 84.6939453897908, 360.08136129798396, 87.18702018203467, 375.87083498219516, 88.01804511278264, 385.84313415117066, 88.29505342303196, 391.66030866640637, 91.34214483577448, 398.58551642263933, 96.60530273051154, 405.78773248912165, 100.76042738425133, 421.4312623664422, 107.08349821923198, 446.9160269093796, 120.10288880095, 464.3675504550867, 125.08903838543775, 467.0, 126.22746339533028, 467.0, 164.45461020973636, 459.941749109616, 172.48785120696664, 449.13842500989256, 180.5210922041969, 436.9500593589225, 189.66236644242443, 433.3489513256813, 191.04740799367102, 435.2259740259738, 207.87319952774527, 441.83754427390795, 234.11286894923387, 446.79622195985854, 255.39386068477185, 462.10153482880776, 307.79386068477, 467.0, 329.9012987012997, 467.0, 650.8786304604484, 456.6059031877211, 651.7050767414403, 432.01912632821603, 649.8455726092088, 416.31664698937243, 646.7463990554896, 392.7629279811071, 644.2670602125144, 365.39881936245615, 649.9074380165288, 328.00212514757874, 648.2545454545452, 293.49799291617245, 646.1884297520659, 245.47768595041356, 643.2698937426208, 209.5272727272717, 642.6500590318769, 179.1553719008243, 638.931050767414, 139.25974025974136, 637.9648170011807, 112.81345926800483, 635.8987012987012, 103.51593860684746, 631.3532467532465, 95.87131050767363, 626.6011806375438, 84.91357733176072, 630.3820543093269, 76.44250295159512, 631.2085005903186, 68.59126328217333, 630.1754427390789, 64.4590318772145, 625.8365997638722, 55.16151121605712, 624.3903187721365, 48.13671782762711, 624.5969303423846, 44.83093270366004, 628.1093270365996, 33.054073199527366, 626.8696576151119, 23.244391971664882, 621.3010625737897, 19.731995277449876, 621.3010625737897, 19.731995277449876, 623.1605667060213, 17.252656434474577, 624.400236127509, 10.02125147579662, 623.7804014167651, 3.3626918536009676, 623.599763872491, 1.2965761511215514, 620.500590318772, 0.0, 619.0543093270363, 0.0, 355.0113341204252, 10.888547815820814, 325.05265643447365, 27.210861865408205, 288.89563164108387, 62.889020070838725, 201.47815820543144, 64.33530106257432, 191.3541912632823, 65.36835891381402, 175.4451003541908, 67.2278630460455, 169.8665879574964, 67.2278630460455, 168.4203069657608, 55.52774498229149, 167.54073199527843, 49.94923258559706, 167.12750885478255, 41.064935064935575, 164.0283353010634, 33.83353010625762, 159.8961038961046, 32.38724911452203, 157.21015348288134, 33.00708382526585, 154.31759149941016, 41.064935064935575, 147.70602125147602, 55.52774498229149, 136.34238488783924, 58.00708382526679, 132.2101534828804, 52.01534828807648, 128.49114521841744, 45.610389610390285, 122.7060212514751, 45.81700118063823, 119.81345926800391, 49.94923258559706, 116.71428571428478, 67.56930342384891, 102.73034238488813, 81.412278630461, 95.49893742621018, 94.01558441558544, 93.22621015348281, 108.27178276269342, 87.85430932703633, 124.38748524203285, 83.51546635182956, 129.75938606847933, 81.65596221959808, 144.22573789846396, 81.28854781582082, 156.00259740259662, 78.60259740259758, 172.94474616292786, 70.7513577331758, 181.20920897284552, 68.68524203069639, 187.82077922077966, 68.2720188902005, 194.84557260920965, 64.55301062573756, 197.11829988193702, 63.3133412042499]], "scale": 3, "viewpoint": 1, "zoom_in": 2, "landmarks": [258, 80, 2, 198, 67, 2, 216, 102, 2, 257, 112, 2, 302, 104, 2, 321, 70, 2, 127, 82, 2, 80, 93, 2, 43, 121, 2, 33, 159, 2, 51, 168, 2, 67, 172, 2, 62, 197, 2, 47, 244, 2, 26, 292, 2, 0, 0, 0, 0, 0, 0, 243, 645, 2, 0, 0, 0, 0, 0, 0, 457, 287, 2, 444, 245, 2, 436, 209, 2, 434, 192, 2, 453, 177, 2, 0, 0, 0, 0, 0, 0, 432, 116, 2, 392, 94, 2], "style": 1, "bounding_box": [0, 65, 467, 655], "category_id": 10, "occlusion": 1, "category_name": "short sleeve dress"}}