{"source": "user", "pair_id": 916, "item1": {"segmentation": [[223.42653061224496, 154.39591836734698, 207.9812356590465, 152.22857142857143, 194.6558341123481, 149.6110818390414, 179.42680377326417, 146.99359224951135, 163.48391263703573, 141.0447522733067, 148.25488229795184, 133.43023710376474, 134.04442933627948, 123.71003654287416, 128.80945015721937, 119.18891816095862, 126.42991416673753, 117.52324296762133, 123.33651737911111, 117.04733576952495, 118.50283553875244, 118.23559276262489, 105.27032136105865, 124.66281393464759, 97.89792060491497, 128.8216041047799, 86.36672967863896, 134.49268160950584, 78.6162570888469, 137.89532811234136, 74.64650283553875, 138.84050769646234, 70.48771266540642, 140.54183094788013, 66.3289224952741, 142.62122603294628, 62.170132325141765, 146.02387253578183, 56.49905482041586, 149.99362678908997, 51.77315689981094, 153.39627329192552, 48.74858223062378, 156.79891979476105, 42.63656494733999, 163.33718606535243, 41.161436672967874, 165.33491763435052, 40.594328922495286, 173.463462057791, 38.89300567107751, 186.12886848501216, 36.624574669187155, 201.6298136645963, 32.36575749392386, 237.59071023494465, 29.530218741560905, 258.3846610856063, 28.396003240615723, 271.6171752633001, 25.211990278152836, 307.6485012152309, 23.662759924385647, 317.704347826087, 22.15047258979207, 332.44914933837435, 20.260113421550102, 349.8404536862004, 18.558790170132333, 375.7383742911154, 17.646880907372385, 390.4680529300568, 16.201350256548736, 410.6019983796922, 16.957493923845526, 412.68139346475834, 19.03688900891169, 413.24850121523093, 20.738212260329462, 413.4375371320551, 23.573751012692416, 410.9800702133406, 32.26940318660547, 401.71731028895493, 47.77034836618961, 387.7286524439644, 56.46600054010267, 380.3562516878207, 66.4849041317851, 371.28252768025925, 67.98206859303268, 371.30866864704296, 69.49435592762626, 375.8455306508237, 74.62057790980288, 399.6305698082636, 78.21226032946261, 417.2109100729139, 80.85876316500136, 427.41884958142055, 82.18201458277075, 429.6872805833109, 81.80394274912234, 434.0351066702674, 81.80394274912234, 442.35268701053207, 85.2065892519579, 466.14485552254934, 88.04212800432084, 483.91423170402385, 88.60923575479343, 496.2015662975966, 91.02954361328653, 524.2378611936268, 92.07475020253848, 540.2873345935728, 93.82057790980286, 562.2561166621658, 95.33286524439644, 584.8920334863625, 97.41226032946261, 585.8372130704835, 106.48598433702406, 586.7823926546045, 142.1169862273832, 588.4169592222523, 145.14156089657035, 588.6059951390765, 149.3003510667027, 590.6853902241427, 152.51396165271402, 592.7647853092088, 159.31925465838512, 595.0332163110992, 180.30224142587096, 598.4358628139347, 199.01679719146645, 599.3810423980557, 218.48749662435873, 595.0332163110992, 246.98676748582227, 595.3667836889009, 261.16446124763706, 591.9641371860654, 277.42155009451795, 590.0737780178234, 284.22684310018906, 589.3176343505266, 305.9659735349717, 587.9943829327573, 326.00378071833654, 588.3724547664057, 344.07669457196874, 589.0026465028355, 359.19956791790446, 591.2710775047259, 366.57196867404815, 595.0517958412098, 380.02311639211456, 596.1561976775587, 396.4692411558197, 595.4000540102619, 399.97904401836354, 592.3761814744801, 402.2474750202539, 587.6502835538752, 405.272049689441, 583.8695652173913, 407.7295166081556, 581.6011342155009, 413.5896300297057, 580.2778827977315, 423.4194977045639, 579.3327032136106, 430.9809343775318, 578.5765595463138, 435.1397245476642, 574.4177693761815, 438.9204428841481, 567.2344045368619, 438.9204428841481, 559.6729678638941, 436.45519848771266, 526.8212800432083, 433.8086956521739, 507.35058061031594, 431.91833648393197, 503.19179044018364, 429.6499054820416, 499.6001080205239, 429.08279773156903, 490.90445584661086, 428.89376181474483, 478.617121253038, 421.8143127194167, 404.7827167161761, 418.3783958952201, 383.9630569808264, 415.16478530920875, 373.7551174723198, 413.8415338914394, 361.467782878747, 414.0305698082636, 345.96683769916285, 413.6524979746152, 335.38082635700783, 423.626897110451, 339.27280583310824, 429.67604644882533, 343.2425600864164, 434.5909802862545, 350.0478530920875, 439.88398595733196, 357.42025384823114, 446.87831487982726, 364.03651093707805, 450.42040816326534, 369.5142857142858, 453.54081632653066, 372.02040816326536, 458.0051020408164, 372.14795918367355, 461.0663265306123, 370.61734693877554, 464.70612244897967, 367.85612244897965, 466.55102040816337, 363.9846938775511, 467.0, 359.3102040816327, 467.0, 356.00799351876856, 467.0, 332.75657574939237, 449.4541722927356, 258.2029705644073, 428.5714285714286, 187.8857142857143, 420.27857142857147, 154.61938775510208, 417.2173469387755, 140.58877551020407, 412.880612244898, 130.25714285714284, 406.1204081632653, 123.7520408163265, 398.1877551020409, 117.31938775510207, 392.830612244898, 114.64081632653064, 383.2642857142858, 112.47244897959186, 372.16734693877555, 111.32448979591838, 364.89693877551025, 110.5591836734694, 358.13673469387754, 110.68673469387757, 351.7591836734694, 108.64591836734695, 342.9581632653061, 103.79897959183674, 336.5806122448979, 100.61020408163265, 330.0051020408163, 98.90306122448979, 328.21938775510205, 99.28571428571428, 326.1785714285714, 103.62244897959184, 320.9489795918367, 111.91326530612247, 312.5306122448979, 120.07653061224494, 303.72959183673464, 126.45408163265311, 283.34285714285716, 138.13163265306125, 270.84285714285716, 142.97857142857146, 256.81224489795915, 147.95306122448983, 235.99693877551022, 154.58673469387756, 234.21122448979594, 155.86224489795921, 230.1295918367347, 156.6275510204082, 224.44693877551026, 156.43673469387758]], "scale": 3, "viewpoint": 1, "zoom_in": 1, "landmarks": [229, 160, 2, 123, 121, 2, 154, 168, 2, 225, 219, 2, 321, 154, 2, 334, 107, 2, 68, 147, 2, 0, 0, 0, 0, 0, 0, 21, 412, 2, 61, 374, 2, 95, 318, 2, 70, 350, 1, 85, 454, 2, 97, 583, 2, 277, 589, 2, 436, 573, 2, 425, 443, 2, 410, 334, 1, 412, 305, 1, 430, 343, 2, 458, 372, 2, 384, 322, 2, 406, 228, 2, 399, 124, 2], "style": 1, "bounding_box": [17, 100, 467, 601], "category_id": 1, "occlusion": 1, "category_name": "short sleeve top"}}