{"source": "user", "pair_id": 916, "item1": {"segmentation": [[110.01114919485221, 108.93948134255972, 96.00900213412648, 115.78182758843691, 81.34173187609133, 122.84384660156493, 69.79458061178275, 129.8463687512126, 60.740710082131415, 136.7273103537476, 52.230071784259174, 141.4353230291663, 45.94285714285714, 147.42857142857144, 32.91428571428572, 170.05714285714288, 18.514285714285716, 199.54285714285714, 8.22857142857143, 228.34285714285716, 0.0, 246.17142857142858, 0.0, 268.1142857142857, 0.0, 304.45714285714286, 0.0, 324.34285714285716, 0.0, 348.51203518075414, 5.49761365841036, 349.7795770549053, 12.378555260945365, 352.13358339261464, 21.251348380003662, 355.9362090150682, 30.305218909654982, 360.6442216904869, 32.84030265795736, 362.45499579641717, 31.39168337321314, 372.2331759684406, 28.85659962491077, 381.64920131927795, 27.40798034016656, 388.53014292181297, 29.39983185668985, 396.13539416672006, 31.39168337321314, 400.66232943154574, 34.10784453210854, 404.2838776434063, 38.09154756515512, 404.10280023281325, 41.532018366422626, 408.08650326585985, 45.153566578283154, 407.72434844467375, 52.57774041259724, 399.57586496798757, 60.182991657504346, 391.06522667011535, 66.15854620707422, 383.09782060402216, 69.78009441893475, 375.6736467697081, 72.28206686930082, 390.1833279441247, 77.53331177649858, 402.85874668563656, 76.44684731294042, 409.7396882881716, 79.16300847183582, 429.2960486322184, 81.87306473517434, 451.19099786587356, 83.14060660932553, 465.67719071331567, 85.13245812584881, 479.80122873957174, 87.6675418741512, 494.4684989976069, 89.91766151458316, 511.4032723274916, 90.65387052965133, 536.569824742935, 90.47279311905831, 557.2126495505399, 90.83784517881395, 579.5057621418872, 92.82969669533725, 581.3165362478175, 99.3484834766862, 580.5922266054453, 112.74821186057015, 579.6868395524801, 119.44807605251214, 578.781452499515, 129.04517881394253, 577.3328332147709, 137.37473970122176, 578.600375088922, 144.79891353553583, 581.3165362478175, 154.7581711181523, 582.4030007113756, 164.35527387958268, 581.3165362478175, 171.22659251115587, 581.2808381297291, 176.8399922395397, 583.9969992886245, 186.4370950009701, 585.9888508051478, 196.21527517299353, 587.9807023216711, 205.45022311323785, 591.0590183017525, 225.73089309965684, 594.137334281834, 239.85493112591288, 594.680566513613, 251.4438854038666, 595.4048761559852, 261.40314298648303, 594.318411692427, 276.5091379421845, 592.8607902735564, 287.5548599883591, 591.7743258099982, 299.50596908749884, 590.144629114661, 308.5598396171502, 588.6960098299168, 319.42448425273176, 589.2392420616959, 332.46205781542966, 591.0500161676262, 351.53695919291204, 591.0619155403222, 362.2205264179006, 589.432218844985, 373.0851710534822, 591.7862251826942, 379.57405419388215, 601.7869753605381, 385.59110133867944, 620.5328332147708, 387.4018754446097, 623.0, 408.0, 623.0, 430.62857142857143, 623.0, 451.8857142857143, 623.0, 451.67794089115955, 614.168427860053, 450.9536312487874, 603.8470154562506, 449.68608937463625, 593.5256030524481, 448.23747008989204, 581.0312617215293, 447.3320830369269, 567.8126107482383, 445.13245812584887, 548.3456509086209, 442.5973743775465, 530.0568324387252, 440.38295285520275, 509.8330724956347, 438.7532561598655, 492.8117958998902, 437.66679169630737, 478.3256030524481, 437.1235594645283, 464.20156502619204, 436.64272133479915, 444.1350837483024, 435.737334281834, 425.6651878678137, 434.65086981827585, 421.5004074241741, 435.91841169242707, 414.98162064282513, 436.98397464916263, 396.1942701933651, 437.8893617021278, 374.64605833279495, 439.156903576279, 355.2707753993411, 439.82782125072754, 343.29938563021415, 445.9844532108905, 347.1020112526677, 453.5897044557976, 351.6289465174934, 467.0, 359.53395848153656, 467.0, 325.02857142857147, 467.0, 298.2857142857143, 467.0, 267.737334281834, 461.08206686930083, 242.92972903058939, 453.9428571428572, 212.57142857142858, 444.16467697083374, 179.25318502231173, 437.6458901894848, 157.3428183405555, 433.02117312293865, 132.92178749272446, 428.3131604475199, 110.6492659897822, 424.14838000388033, 93.62798939403771, 419.92731035374766, 83.91251374248192, 416.48683955248015, 79.38557847765627, 410.6923624135033, 76.66941731876086, 402.181724115631, 73.95325615986548, 394.57647287072393, 72.32355946452823, 385.2112526676581, 71.16890642178092, 372.71691133673926, 70.80675160059486, 363.3008859859019, 70.80675160059486, 352.79839617150634, 69.7202871370367, 347.5471512643086, 68.09059044169946, 341.75267412533174, 67.54735820992039, 333.7852680592386, 67.18520338873434, 323.8260104766221, 65.55550669339709, 316.2834637521827, 66.55288107094354, 312.48083812972914, 71.44197115695526, 302.62867490137734, 81.52280928668436, 290.85864321283066, 90.57667981633568, 278.54537929250483, 98.72516329302188, 257.71599301558524, 109.88346375218268, 243.22980016814316, 115.31578606997347, 228.38145249951498, 120.38595356657821, 219.5086593804567, 124.18857918903177, 219.14650455927062, 128.17228222207834, 208.89069391450536, 129.38932936687564, 206.53668757679603, 128.48394231391052, 196.21848282998081, 128.60262562245356, 184.44845114143408, 128.96478044363963, 170.8676453469571, 128.7837030330466, 154.75175580417775, 127.69723856948843, 141.71418224147985, 125.16215482118606, 131.01612882364327, 121.7959774946646, 123.04872275755011, 117.99335187221105, 117.25424561857326, 112.37995214382723, 112.54623294315458, 107.12870723662945]], "scale": 3, "viewpoint": 1, "zoom_in": 2, "landmarks": [214, 130, 2, 322, 66, 2, 0, 0, 0, 0, 0, 0, 0, 0, 0, 112, 113, 2, 417, 84, 2, 0, 0, 0, 0, 0, 0, 0, 0, 0, 460, 337, 2, 449, 313, 2, 439, 334, 2, 433, 467, 2, 0, 0, 0, 276, 589, 2, 94, 578, 2, 81, 434, 2, 70, 350, 1, 91, 334, 2, 69, 371, 2, 45, 405, 2, 0, 0, 0, 9, 230, 2, 56, 141, 2], "style": 1, "bounding_box": [0, 64, 467, 623], "category_id": 1, "occlusion": 1, "category_name": "short sleeve top"}}