{"source": "user", "pair_id": 919, "item1": {"segmentation": [[223.76089743589742, 19.07983821733822, 217.68450854700853, 18.906227106227107, 208.48311965811965, 17.517338217338217, 200.84423076923076, 16.128449328449328, 194.07339743589742, 13.69789377289377, 188.51784188034185, 10.920115995115992, 185.21923076923076, 9.184004884004882, 182.26784188034185, 6.406227106227101, 177.92756410256408, 7.2742826617826575, 173.5872863247863, 8.836782661782658, 164.2122863247863, 12.309004884004882, 157.26784188034185, 15.260393772893773, 150.4970085470085, 18.385393772893774, 140.8045177045177, 24.104334554334557, 131.95035103785102, 27.750167887667892, 123.7906288156288, 33.30572344322345, 116.49896214896214, 36.43072344322345, 111.4642399267399, 39.20850122100123, 103.6517399267399, 42.33350122100123, 95.49201770451768, 44.416834554334564, 87.50590659340656, 45.97933455433457, 80.38785103785101, 49.451556776556785, 73.09618437118434, 53.09739010989013, 67.5182844932845, 54.961095848595846, 59.01134004884005, 59.99581807081807, 54.15022893772893, 61.03748473748473, 50.157173382173376, 63.988873626373625, 47.55300671550671, 66.07220695970696, 44.2543956043956, 68.15554029304029, 41.47661782661781, 69.37081807081807, 34.740552503052506, 69.59752747252747, 29.87944139194139, 69.07669413919415, 26.928052503052502, 69.25030525030526, 25.018330280830277, 70.46558302808303, 26.40721916971917, 73.76419413919415, 27.448885836385834, 74.80586080586082, 29.011385836385834, 76.36836080586082, 29.18499694749695, 77.93086080586082, 30.053052503052502, 83.48641636141637, 31.789163614163616, 87.30586080586082, 34.393330280830284, 92.34058302808305, 36.82388583638584, 96.85447191697193, 39.080830280830284, 100.15308302808305, 40.643330280830284, 102.23641636141639, 43.42110805860806, 102.23641636141639, 46.71971916971918, 101.71558302808305, 51.23360805860807, 103.45169413919416, 53.49055250305251, 107.96558302808305, 55.747496947496955, 113.86836080586083, 57.13638583638585, 118.72947191697195, 57.8308302808303, 120.29197191697195, 64.77527472527474, 118.90308302808305, 72.58777472527476, 116.64613858363862, 81.96277472527476, 112.82669413919416, 90.64333028083031, 106.75030525030527, 95.33083028083031, 101.54197191697193, 102.19653540903542, 101.79110195360195, 111.22431318681319, 101.79110195360195, 120.94653540903542, 100.05499084249085, 127.02292429792432, 100.05499084249085, 130.32153540903542, 100.7494352869353, 131.01597985347988, 103.70082417582418, 130.84236874236876, 108.21471306471307, 129.27986874236876, 116.89526862026864, 129.27986874236876, 122.97165750915752, 129.10625763125765, 128.35360195360198, 129.10625763125765, 134.08276862026864, 129.10625763125765, 139.98554639804644, 129.10625763125765, 146.40915750915752, 129.10625763125765, 154.22165750915752, 128.75903540903542, 160.64526862026867, 127.71736874236876, 164.1174908424909, 125.95364774114773, 169.87411477411476, 124.21753663003662, 176.1241147741148, 122.3078144078144, 182.721336996337, 121.26614774114773, 188.6241147741148, 120.05086996336996, 201.47133699633702, 118.14114774114773, 212.58244810744813, 116.2314255189255, 227.16578144078147, 115.88420329670329, 232.54772588522593, 114.391163003663, 240.44180402930402, 114.391163003663, 248.25430402930402, 114.04394078144078, 250.6848595848596, 113.69467338217338, 259.24285714285713, 113.52106227106228, 262.0, 206.3599816849817, 262.0, 207.7488705738706, 259.0712912087912, 207.7488705738706, 254.73101343101342, 207.9224816849817, 251.4324023199023, 208.09609279609282, 248.82823565323562, 214.1724816849817, 249.00184676434674, 222.50581501831505, 249.34906898656897, 227.19331501831505, 249.52268009768008, 245.2488705738706, 249.34906898656897, 257.8611263736264, 247.3321275946276, 263.166452991453, 247.86011904761907, 263.86089743589747, 250.1170634920635, 264.728952991453, 251.8531746031746, 265.7706196581197, 253.58928571428572, 267.68034188034187, 255.67261904761907, 269.9372863247863, 258.45039682539687, 273.23589743589747, 261.4017857142857, 279.56251526251526, 262.0, 297.25952380952384, 262.0, 312.36369047619047, 260.693025030525, 321.5650793650794, 259.47774725274724, 327.29424603174607, 259.130525030525, 332.15535714285716, 258.7833028083028, 334.4123015873016, 258.0888583638583, 335.28035714285716, 255.8319139194139, 333.8914682539683, 252.35969169719166, 332.6761904761905, 248.36663614163612, 330.59285714285716, 244.54719169719166, 329.5511904761905, 241.42219169719166, 327.29424603174607, 237.42913614163612, 326.2525793650794, 235.17219169719166, 324.34285714285716, 229.09580280830278, 322.9539682539683, 225.44996947496944, 320.69702380952384, 222.49858058608055, 318.7873015873016, 217.1166361416361, 317.7456349206349, 212.6027472527472, 316.8775793650794, 206.00552503052498, 314.79424603174607, 202.18608058608055, 312.88452380952384, 195.2416361416361, 311.4956349206349, 190.03330280830278, 311.32202380952384, 186.90830280830275, 311.1473901098901, 181.20579975579975, 309.93211233211235, 174.0877442002442, 308.54322344322344, 166.96968864468863, 307.32794566544567, 162.45579975579975, 306.6335012210012, 158.6363553113553, 308.1960012210012, 152.21274420024417, 308.36961233211235, 142.66413308913306, 309.7585012210012, 135.5460775335775, 311.66822344322344, 129.2960775335775, 314.9668345543346, 121.83079975579972, 318.0918345543346, 115.23357753357749, 320.68475274725273, 112.1403540903541, 322.07364163614164, 108.66813186813187, 323.63614163614164, 107.97368742368742, 328.1500305250305, 109.36257631257631, 331.7958638583639, 111.44590964590965, 336.4833638583639, 114.05007631257631, 339.78197496947496, 115.95979853479854, 343.94864163614164, 119.25840964590965, 348.63614163614164, 124.11952075702077, 352.1083638583639, 129.3278540903541, 355.40697496947496, 133.84174297924298, 358.3583638583639, 136.44590964590967, 362.0041971916972, 138.8764652014652, 364.9555860805861, 140.95979853479855, 366.1708638583639, 141.654242979243, 371.03197496947496, 137.1403540903541, 380.5805860805861, 124.98757631257632, 386.3097527472528, 118.56396520146521, 390.4764194139194, 113.18202075702075, 392.90697496947496, 109.88340964590964, 394.7267094017094, 107.57541208791208, 399.06698717948717, 102.19346764346764, 402.71282051282054, 95.07541208791208, 404.62254273504277, 91.25596764346764, 405.83782051282054, 86.91568986568986, 403.23365384615386, 84.31152319902318, 398.37254273504277, 83.44346764346763, 393.5114316239316, 83.96430097680096, 390.73365384615386, 83.09624542124541, 382.92115384615386, 79.97124542124541, 377.0183760683761, 77.36707875457874, 371.2892094017094, 73.89485653235651, 365.90726495726494, 71.11707875457873, 359.830876068376, 67.81846764346761, 357.05309829059826, 66.42957875457873, 350.10865384615386, 62.26291208791206, 345.94198717948717, 59.6587454212454, 337.955876068376, 54.97124542124539, 334.3100427350427, 52.71430097680095, 327.51686507936506, 48.61205738705738, 318.4890873015873, 42.88289072039071, 310.32936507936506, 37.674557387057376, 303.5585317460317, 32.292612942612934, 294.70436507936506, 26.910668498168484, 286.1974206349206, 22.744001831501816, 282.0307539682539, 19.792612942612926, 280.1210317460317, 17.8828907203907, 276.9940628815629, 14.223840048840051, 273.69545177045177, 11.966895604395607, 270.2232295482296, 9.70995115995116, 266.230173992674, 9.70995115995116, 264.1468406593407, 11.09884004884005, 260.15378510378514, 13.703006715506717, 253.730173992674, 15.61272893772894, 247.30656288156288, 17.522451159951164, 241.57739621489623, 19.605784493284496, 236.542673992674, 20.821062271062274, 232.0287851037851, 20.300228937728942]], "scale": 3, "viewpoint": 1, "zoom_in": 1, "landmarks": [224, 20, 2, 183, 8, 2, 199, 27, 2, 223, 31, 2, 250, 29, 2, 270, 11, 2, 127, 32, 2, 83, 50, 2, 28, 71, 2, 60, 119, 2, 98, 103, 2, 127, 102, 2, 131, 115, 2, 127, 171, 2, 115, 260, 2, 231, 249, 2, 337, 257, 2, 312, 185, 2, 317, 117, 2, 322, 108, 2, 346, 119, 2, 367, 142, 2, 406, 88, 2, 360, 69, 2, 318, 43, 2], "style": 1,