{"source": "user", "pair_id": 921, "item1": {"segmentation": [[234.05437469105289, 172.4792881858626, 232.3242708848245, 162.09866534849235, 230.24814631735046, 153.79416707859616, 231.28620860108748, 139.60731586752348, 236.13049925852692, 140.29935739001485, 247.5491843796342, 137.18517053880376, 237.51458230350963, 177.66959960454773, 235.4384577360356, 176.9775580820564], [236.8225407810183, 193.2405338606031, 236.8225407810183, 181.82184873949583, 236.8225407810183, 175.93949579831934, 234.11642900244078, 175.8887159780226, 231.19458824276248, 159.52640772382406, 230.61022009082683, 146.96249245720733, 231.77895639469813, 141.41099501381854, 246.85714285714286, 137.18517053880376, 261.0439940682155, 133.03292140385565, 285.61146811665844, 128.5346515076619, 305.33465150766193, 128.88067226890757, 322.63568956994567, 136.49312901631242, 325.4038556599111, 150.33395946613942, 346.51112209589724, 154.4862086010875, 377.652990608008, 158.29243697478992, 408.44883835887305, 171.44122590212558, 424.47810182896694, 183.1236777063767, 440.0490360850223, 201.11675729115177, 452.8518042511123, 220.83994068215526, 461.50232328225417, 235.3728126544736, 462.88640632723684, 265.822639644093, 457.69609490855174, 281.0475531389027, 453.19782501235795, 290.3901136925359, 458.0421156697974, 307.345130993574, 448.0075135936728, 307.69115175481966, 443.8552644587247, 315.99565002471587, 417.5576866040534, 317.37973306969855, 392.6441917943648, 317.0337123084529, 375.6891744933268, 306.99911023232835, 379.84142362827487, 297.3105289174494, 378.80336134453785, 291.77419673751865, 366.00059317844784, 296.61848739495804, 364.7683638161147, 302.01008403361345, 363.03826000988636, 330.0377656945131, 366.8444883835888, 346.3007414730598, 364.42234305486903, 362.56371725160653, 364.0763222936234, 400.2799802273851, 363.03826000988636, 434.53603559070694, 360.6161146811666, 468.1000494315374, 359.717251606525, 509.4224419179437, 355.9110232328226, 543.6784972812654, 347.6255066732575, 574.6222441917944, 344.51131982204646, 601.2658428077114, 333.78467622343055, 607.1481957488878, 330.6704893722195, 607.1481957488878, 311.29332674246166, 599.1897182402373, 302.6428077113198, 593.9994068215522, 291.5701433514582, 591.9232822540781, 260.42827483934747, 593.3073652990607, 232.74661393969348, 595.7295106277805, 215.7915966386554, 595.3834898665349, 208.52516065249623, 594.6914483440435, 202.98882847256542, 596.4215521502719, 202.64280771131973, 592.9613445378151, 188.30331191300053, 590.7143845773603, 172.0403361344538, 592.098467622343, 157.16144340088977, 594.8666337123085, 147.1268413247652, 599.7109243697479, 127.40365793376174, 598.6728620860109, 113.21680672268906, 597.6347998022738, 110.79466139396933, 554.0361838853188, 108.02649530400393, 508.01542263964404, 107.07266435986159, 492.12931290163135, 108.4567474048443, 464.10163124073165, 104.99653979238755, 407.00820563519534, 100.84429065743944, 368.9459218981711, 102.9204152249135, 354.4130499258527, 100.1522491349481, 346.4545724172022, 101.19031141868513, 325.34730598121604, 99.80622837370242, 317.7348492338112, 98.07612456747405, 295.2434997528423, 88.25664854176965, 300.1253583786456, 63.34315373208106, 301.16342066238263, 37.81552150271874, 303.43806228373705, 24.39910714285714, 306.69687500000003, 9.945982142857133, 309.82187500000003, 8.774107142857133, 305.13437500000003, 2.6558035714285695, 305.4995535714286, 2.265178571428569, 291.8276785714286, 1.4839285714285682, 275.0308035714286, 4.608928571428571, 262.9214285714286, 9.687053571428574, 255.89017857142855, 10.858928571428574, 246.12455357142855, 12.812053571428576, 240.65580357142855, 30.78080357142859, 219.56205357142852, 42.89017857142859, 205.89017857142852, 51.4839285714286, 203.54642857142852, 65.15580357142862, 187.14017857142852, 77.26517857142862, 178.93705357142852, 93.28080357142863, 180.10892857142852, 117.89017857142865, 163.7026785714285, 142.49955357142866, 155.4995535714285, 141.13169642857142, 142.73482142857145, 160.66294642857142, 136.48482142857145, 182.14732142857144, 136.09419642857145, 186.05357142857144, 135.70357142857145, 200.89732142857144, 127.89107142857145, 223.55357142857147, 126.32857142857145, 227.06919642857147, 131.01607142857145, 228.18582709465696, 137.90913752435642, 229.44148378695547, 146.08594022930384, 230.19419642857147, 155.62544642857148, 227.45982142857147, 155.62544642857148, 226.28794642857147, 169.68794642857148, 226.28794642857147, 182.18794642857148, 225.11607142857147, 186.87544642857148, 225.11607142857147, 195.46919642857148, 231.36607142857147, 195.46919642857148], [224.59399035996304, 138.5621987488462, 232.75725566608554, 138.8887293610911, 236.02256178853452, 144.1132191570095, 230.79807199261614, 154.88872936109118, 226.55317403343244, 154.56219874884627]], "scale": 3, "viewpoint": 1, "zoom_in": 1, "landmarks": [234, 142, 2, 183, 148, 2, 197, 187, 2, 232, 197, 2, 270, 176, 2, 284, 143, 2, 72, 185, 2, 17, 233, 2, 4, 304, 2, 97, 296, 2, 95, 280, 2, 101, 256, 2, 95, 271, 2, 108, 424, 2, 115, 597, 2, 220, 596, 2, 342, 603, 2, 363, 416, 2, 364, 301, 2, 372, 280, 2, 381, 293, 2, 383, 312, 2, 445, 318, 2, 461, 235, 2, 411, 176, 2], "style": 1, "bounding_box": [1, 121, 463, 612], "category_id": 1, "occlusion": 1, "category_name": "short sleeve top"}}