{"source": "user", "pair_id": 937, "item1": {"segmentation": [[133.51648351648353, 27.032967032967033, 123.2967032967033, 28.351648351648354, 114.06593406593407, 29.67032967032967, 106.05487680022088, 29.637294382636583, 85.8099788410386, 29.310763770391706, 71.44263190226408, 29.310763770391706, 44.505494505494504, 26.703296703296704, 36.26373626373626, 26.373626373626376, 28.021978021978022, 25.714285714285715, 18.461538461538463, 28.351648351648354, 14.835164835164836, 30.329670329670332, 9.230769230769232, 31.64835164835165, 5.274725274725275, 31.978021978021978, 3.296703296703297, 28.351648351648354, 0.0, 27.362637362637365, 0.0, 137.8021978021978, 0.0, 141.10518053375196, 12.423861852433278, 143.71742543171115, 18.30141287284144, 145.02354788069073, 22.219780219780215, 149.2684458398744, 23.19937205651491, 155.14599686028257, 21.893249607535317, 160.37048665620094, 20.913657770800622, 165.2684458398744, 21.893249607535317, 171.47252747252745, 20.587127158555727, 183.22762951334377, 16.99529042386185, 194.3296703296703, 12.09733124018838, 205.75824175824172, 10.791208791208788, 215.55416012558868, 8.178963893249605, 222.08477237048663, 7.199372056514912, 227.6357927786499, 5.2307692307692335, 228.57967032967034, 4.2307692307692335, 234.82967032967034, 5.9807692307692335, 242.32967032967034, 8.230769230769232, 248.82967032967034, 13.98076923076923, 257.0796703296703, 17.480769230769226, 257.8296703296703, 23.480769230769226, 261.5796703296703, 30.98076923076922, 267.0796703296703, 38.48076923076922, 274.0796703296703, 45.73076923076922, 279.8296703296703, 48.98076923076922, 284.5796703296703, 51.7554945054945, 288.7335164835165, 53.0054945054945, 295.7335164835165, 57.0054945054945, 299.0, 68.9010989010989, 299.0, 75.85714285714286, 295.27197802197804, 81.35714285714286, 294.02197802197804, 88.10714285714286, 294.77197802197804, 95.10714285714285, 296.27197802197804, 100.85714285714285, 297.77197802197804, 102.85714285714285, 299.0, 107.10714285714285, 299.0, 157.60714285714283, 299.0, 212.30769230769232, 299.0, 212.64835164835165, 296.6813186813187, 217.14835164835165, 295.1813186813187, 221.14835164835165, 293.1813186813187, 229.39835164835165, 290.9313186813187, 234.64835164835165, 292.1813186813187, 236.64835164835165, 294.4313186813187, 236.89835164835165, 298.6813186813187, 236.89835164835165, 299.0, 248.39835164835165, 299.0, 249.8901098901099, 297.03296703296706, 265.91483516483515, 296.4423076923077, 272.41483516483515, 293.9423076923077, 284.41483516483515, 287.6923076923077, 304.41483516483515, 275.1923076923077, 318.66483516483515, 265.4423076923077, 329.16483516483515, 254.6923076923077, 335.41483516483515, 247.6923076923077, 339.41483516483515, 241.6923076923077, 341.91483516483515, 235.1923076923077, 340.16483516483515, 219.4423076923077, 335.55219780219784, 194.77472527472528, 333.30219780219784, 184.2747252747253, 331.80219780219784, 180.2747252747253, 330.20604395604397, 165.0412087912088, 329.20604395604397, 155.5412087912088, 328.95604395604397, 150.7912087912088, 332.95604395604397, 148.0412087912088, 338.70604395604397, 144.7912087912088, 341.70604395604397, 144.5412087912088, 346.95604395604397, 149.0412087912088, 349.45604395604397, 150.7912087912088, 355.45604395604397, 152.0412087912088, 361.20604395604397, 151.7912087912088, 366.20604395604397, 150.2912087912088, 368.45604395604397, 147.7912087912088, 368.45604395604397, 143.5412087912088, 367.95604395604397, 133.54120879120882, 368.20604395604397, 123.79120879120882, 365.70604395604397, 112.79120879120882, 360.70604395604397, 103.04120879120882, 356.45604395604397, 93.54120879120882, 354.20604395604397, 88.04120879120883, 353.64560439560444, 82.86538461538461, 352.89560439560444, 75.11538461538461, 351.89560439560444, 71.61538461538463, 349.39560439560444, 67.36538461538463, 350.14560439560444, 59.36538461538463, 348.89560439560444, 51.365384615384635, 345.39560439560444, 48.615384615384635, 340.64560439560444, 46.615384615384635, 335.14560439560444, 45.865384615384635, 333.14560439560444, 46.615384615384635, 329.14560439560444, 47.365384615384635, 324.64560439560444, 46.615384615384635, 322.14560439560444, 42.615384615384635, 316.89560439560444, 37.11538461538464, 310.89560439560444, 33.36538461538464, 303.64560439560444, 28.61538461538464, 296.64560439560444, 25.61538461538464, 288.3598901098901, 22.12362637362638, 280.6098901098901, 19.87362637362638, 270.8598901098901, 17.62362637362638, 262.8598901098901, 19.37362637362638, 257.8598901098901, 22.62362637362638, 250.3598901098901, 27.623626373626376, 242.85989010989013, 33.87362637362637, 238.85989010989013, 37.62362637362637, 235.60989010989013, 40.37362637362637, 232.10989010989013, 42.373626373626365, 229.10989010989013, 43.373626373626365, 228.10989010989013, 47.123626373626365, 226.85989010989013, 50.623626373626365, 224.10989010989013, 53.373626373626365, 223.2967032967033, 54.293956043956044, 203.77469056398436, 54.958122516649894, 191.9403710373579, 52.591258611324605, 176.5467032967033, 48.543956043956044, 168.04670329670333, 46.043956043956044, 164.04941821419865, 43.711390465577885, 155.38547294400053, 41.0199239630676, 137.76548609324553, 32.60440785524432, 134.87265243118128, 27.607695166224246]], "scale": 3, "viewpoint": 1, "zoom_in": 2, "landmarks": [181, 52, 2, 133, 29, 2, 149, 57, 2, 179, 76, 2, 211, 77, 2, 228, 47, 2, 71, 32, 2, 33, 28, 2, 0, 0, 0, 0, 0, 0, 10, 141, 2, 23, 149, 2, 22, 175, 2, 6, 240, 2, 0, 0, 0, 0, 0, 0, 0, 0, 0, 324, 259, 2, 328, 170, 2, 327, 150, 2, 348, 145, 2, 363, 149, 2, 348, 52, 2, 318, 42, 2, 283, 21, 2], "style": 2, "bounding_box": [0, 16, 371, 299], "category_id": 1, "occlusion": 1, "category_name": "short sleeve top"}}