{"source": "user", "pair_id": 937, "item1": {"segmentation": [[231.77142857142857, 66.51428571428572, 226.8825396825397, 61.180952380952384, 221.9936507936508, 52.73650793650794, 218.43809523809523, 44.73650793650794, 216.66031746031746, 37.625396825396834, 214.8825396825397, 25.180952380952384, 214.26031746031748, 19.33968253968254, 218.70476190476194, 11.339682539682538, 228.92698412698414, 4.228571428571428, 232.64761904761906, 3.225396825396826, 238.42539682539683, 0.11428571428571477, 218.8698412698413, 0.0, 213.26984126984127, 1.4857142857142858, 207.93650793650795, 2.3746031746031746, 204.82539682539684, 1.9301587301587304, 200.38095238095238, 2.8190476190476192, 195.04761904761907, 3.707936507936508, 191.04761904761907, 4.152380952380953, 184.38095238095238, 5.93015873015873, 180.38095238095238, 8.596825396825396, 172.11428571428573, 10.057142857142859, 155.13469387755103, 10.710204081632654, 133.58367346938778, 17.567346938775508, 122.15510204081635, 25.07755102040816, 115.2979591836735, 31.281632653061223, 108.76734693877555, 38.46530612244897, 103.21632653061226, 45.64897959183672, 98.3183673469388, 51.853061224489785, 93.09387755102044, 61.975510204081615, 89.82857142857146, 69.15918367346937, 85.58367346938779, 79.6081632653061, 84.2775510204082, 84.83265306122446, 83.9510204081633, 89.40408163265303, 83.82040816326531, 95.31428571428572, 77.28979591836735, 115.23265306122448, 71.08571428571429, 134.17142857142858, 64.88163265306123, 153.43673469387755, 58.02448979591838, 174.0081632653061, 53.779591836734696, 188.01632653061225, 48.55510204081633, 200.42448979591836, 43.98367346938776, 208.9142857142857, 38.1061224489796, 215.44489795918366, 33.53469387755103, 227.2, 31.90204081632654, 235.36326530612243, 31.57551020408164, 244.1795918367347, 34.51428571428572, 254.6285714285714, 43.06938775510204, 262.8571428571429, 56.457142857142856, 274.6122448979592, 70.49795918367346, 283.42857142857144, 84.53877551020408, 288.32653061224494, 97.2408163265306, 293.25714285714287, 107.36326530612244, 295.869387755102, 105.60000000000001, 314.3510204081633, 106.57959183673469, 337.53469387755104, 100.70204081632653, 348.31020408163266, 92.86530612244898, 358.1061224489796, 82.74285714285715, 368.22857142857146, 74.9061224489796, 377.0448979591837, 68.2122448979592, 387.4612244897959, 58.64489795918367, 402.87346938775516, 52.76734693877552, 416.58775510204083, 48.52244897959184, 428.6693877551021, 45.58367346938776, 443.36326530612246, 42.873469387755094, 454.26938775510206, 38.95510204081633, 466.35102040816327, 36.34285714285714, 479.0857142857143, 36.01632653061224, 488.2285714285714, 30.13877551020408, 514.6775510204081, 19.36326530612245, 544.3918367346938, 15.11836734693878, 560.7183673469387, 24.979591836734695, 585.3387755102041, 39.0204081632653, 599.0530612244899, 56.979591836734684, 609.5020408163266, 98.74285714285715, 623.0, 316.8, 623.0, 323.6571428571429, 617.8285714285714, 325.02857142857147, 605.4204081632654, 325.6816326530613, 570.8081632653062, 327.6408163265306, 546.3183673469389, 332.21224489795924, 520.8489795918368, 338.41632653061225, 500.60408163265316, 345.37142857142857, 479.54285714285714, 354.1877551020408, 461.25714285714287, 365.61632653061224, 434.48163265306124, 377.0448979591837, 408.6857142857143, 389.1265306122449, 377.99183673469395, 397.8122448979592, 351.5428571428572, 402.3836734693878, 334.8897959183674, 407.28163265306125, 325.4204081632654, 412.17959183673474, 316.6040816326531, 416.7510204081633, 307.13469387755106, 418.7102040816327, 296.03265306122455, 423.7061224489796, 286.7918367346939, 431.21632653061226, 276.34285714285716, 433.1755102040816, 274.38367346938776, 438.0734693877551, 279.28163265306125, 443.29795918367347, 283.8530612244898, 446.8897959183673, 288.0979591836735, 447.8367346938776, 276.9632653061225, 452.08163265306126, 266.8408163265306, 457.9591836734694, 259.0040816326531, 462.53061224489795, 255.08571428571432, 467.0, 252.14693877551022, 467.0, 50.74285714285715, 464.39183673469387, 50.74285714285715, 457.20816326530615, 48.13061224489796, 451.65714285714284, 44.21224489795919, 446.4326530612245, 40.62040816326531, 444.47346938775513, 37.68163265306123, 441.8612244897959, 35.722448979591846, 439.57551020408164, 35.722448979591846, 435.9836734693878, 34.41632653061225, 431.4122448979592, 29.844897959183683, 427.49387755102043, 27.5591836734694, 421.61632653061224, 26.25306122448981, 418.0244897959184, 24.620408163265317, 414.4326530612245, 21.681632653061236, 411.0040816326531, 18.448979591836736, 409.6979591836735, 11.91836734693878, 407.0857142857143, 8.326530612244902, 403.39591836734695, 4.86530612244898, 398.4979591836735, 3.8857142857142866, 394.25306122448984, 3.5591836734693887, 387.06938775510207, 2.906122448979593, 391.96734693877556, 7.804081632653061, 397.8448979591837, 12.70204081632653, 402.0897959183674, 15.314285714285713, 401.7632653061225, 20.865306122448974, 395.8857142857143, 31.967346938775503, 388.7020408163266, 41.43673469387754, 383.4122448979592, 48.587755102040816, 374.59591836734694, 55.118367346938776, 364.8, 59.689795918367345, 355.0040816326531, 65.2408163265306, 347.16734693877555, 70.46530612244898, 334.4326530612245, 77.32244897959183, 327.57551020408164, 80.91428571428571, 319.7387755102041, 83.85306122448979, 311.9020408163266, 87.77142857142857, 307.330612244898, 91.03673469387755, 295.24897959183676, 92.34285714285713, 279.2489795918368, 91.36326530612244, 262.2693877551021, 86.79183673469387, 245.25714285714287, 79.08571428571429, 235.78775510204082, 72.55510204081634]], "scale": 3, "viewpoint": 2, "zoom_in": 2, "landmarks": [310, 15, 1, 227, 7, 2, 234, 69, 2, 294, 93, 2, 357, 67, 2, 404, 9, 2, 115, 33, 2, 71, 132, 2, 34, 234, 2, 106, 294, 2, 111, 244, 2, 116, 183, 1, 102, 215, 2, 72, 385, 2, 16, 560, 1, 0, 0, 0, 0, 0, 0, 348, 473, 2, 408, 319, 2, 426, 266, 2, 435, 275, 2, 444, 285, 2, 0, 0, 0, 0, 0, 0, 0, 0, 0], "style": 2, "bounding_box": [9, 0, 467, 623], "category_id": 1, "occlusion": 1, "category_name": "short sleeve top"}}