{"source": "user", "pair_id": 955, "item1": {"segmentation": [[311.49206349206383, 181.81305114638423, 307.7883597883601, 189.83774250440902, 299.146384479718, 195.39329805996465, 286.49206349206355, 200.94885361552028, 267.66490299823613, 204.65255731922403, 255.62786596119895, 206.81305114638454, 234.53439153439263, 206.12698412698418, 211.69488536155285, 204.8924162257496, 194.71957671957733, 202.11463844797177, 183.60846560846608, 199.33686067019397, 174.65784832451533, 193.4726631393297, 171.26278659612024, 187.2998236331568, 167.86772486772512, 183.28747795414438, 160.76895943562627, 183.90476190476167, 140.089947089947, 194.39858906525563, 116.94179894179854, 203.04056437389772, 99.04056437389708, 210.44797178130523, 83.49382716049428, 219.45679012345641, 79.17283950617323, 228.40740740740716, 76.39506172839543, 241.3703703703703, 66.51851851851876, 265.135802469136, 53.55555555555563, 292.91358024691414, 43.37037037037031, 317.9135802469145, 28.116402116402234, 348.54497354497335, 14.227513227513167, 378.48324514991197, 6.202821869488375, 400.0881834215172, 3.7707231040563975, 407.1393298059963, 5.313932980599628, 408.99118165784813, 10.869488536155254, 409.91710758377405, 25.375661375661615, 415.16402116402105, 42.659611992945784, 421.33686067019397, 53.46208112874839, 425.96649029982365, 55.931216931217556, 428.12698412698415, 54.388007054674326, 439.2380952380954, 49.758377425044635, 461.4603174603179, 46.98059964726683, 487.3862433862442, 39.2927689594357, 550.7583774250436, 31.885361552028193, 594.2768959435626, 24.0, 665.1428571428571, 18.857142857142858, 687.4285714285713, 24.857142857142854, 700.2857142857142, 42.857142857142854, 703.7142857142857, 57.1534391534391, 705.3597883597882, 79.37566137566161, 701.3474426807759, 105.91887125220515, 700.7301587301586, 131.84479717813142, 701.0388007054672, 155.19223985890739, 708.6155202821868, 164.7601410934754, 712.9365079365078, 169.38977072310507, 712.3192239858905, 174.01940035273475, 706.763668430335, 180.50088183421633, 702.4426807760138, 205.26631393298047, 693.5273368606698, 233.0440917107586, 691.0582010582007, 258.04409171075895, 695.3791887125218, 285.2045855379198, 702.7865961199293, 301.87125220458665, 708.0335097001762, 311.7477954144633, 708.9594356261022, 316.377425044093, 708.3421516754848, 317.3033509700189, 705.2557319223985, 316.9947089947103, 692.601410934744, 329.4761904761899, 686.1922398589064, 339.3527336860666, 684.0317460317459, 347.6860670194, 683.1058201058199, 351.6984126984124, 681.2539682539681, 375.1552028218695, 684.6490299823631, 398.30335097001796, 695.7601410934744, 414.35273368606755, 707.488536155203, 422.3774250440923, 708.7231040564375, 428.24162257495664, 705.6366843033511, 430.0934744268085, 695.4514991181658, 429.7848324514998, 667.3650793650789, 431.94532627866033, 635.5749559082884, 432.99470899470896, 563.3139329805996, 431.7601410934744, 510.2275132275124, 427.747795414462, 470.10405643738846, 419.3421516754846, 437.7213403880068, 419.9594356261019, 434.943562610229, 438.47795414462064, 428.15343915343874, 458.8483245149913, 418.8941798941794, 467.0, 413.95590828924105, 467.0, 381.85714285714187, 446.12345679012327, 344.2663139329808, 424.8271604938267, 303.83421516754817, 404.4567901234561, 268.3403880070539, 387.18694885361543, 229.41093474426836, 382.2486772486771, 224.47266313933002, 380.70546737213385, 218.60846560846574, 369.90299823633126, 209.34920634920636, 361.56966490299783, 200.089947089947, 352.6190476190471, 195.76895943562596, 336.5696649029975, 192.6825396825395, 333.79188712521966, 188.97883597883575, 321.13756613756516, 183.42328042328012]], "scale": 3, "viewpoint": 1, "zoom_in": 2, "landmarks": [235, 210, 2, 164, 191, 2, 196, 247, 2, 240, 300, 2, 270, 229, 2, 315, 184, 2, 80, 223, 2, 46, 317, 2, 10, 410, 2, 60, 424, 2, 70, 373, 2, 82, 321, 2, 74, 343, 2, 48, 511, 2, 30, 705, 2, 227, 693, 2, 428, 704, 2, 430, 520, 2, 383, 336, 2, 374, 309, 2, 394, 377, 2, 417, 432, 2, 0, 0, 0, 421, 300, 2, 367, 206, 2], "style": 1, "bounding_box": [0, 181, 466, 720], "category_id": 1, "occlusion": 1, "category_name": "short sleeve top"}}