{"source": "user", "pair_id": 956, "item1": {"segmentation": [[190.6263736263736, 234.4065934065934, 198.83516483516482, 235.31868131868129, 209.78021978021977, 239.87912087912085, 219.8131868131868, 245.35164835164832, 237.1428571428571, 248.99999999999997, 252.64835164835162, 248.99999999999997, 266.3296703296703, 248.99999999999997, 280.9230769230769, 248.99999999999997, 300.07692307692304, 245.35164835164832, 314.67032967032964, 242.61538461538458, 323.79120879120876, 247.17582417582415, 339.29670329670324, 247.17582417582415, 351.15384615384613, 252.64835164835162, 364.8351648351648, 260.85714285714283, 377.60439560439556, 265.4175824175824, 390.37362637362634, 268.15384615384613, 397.67032967032964, 271.8021978021978, 402.2307692307692, 278.18681318681314, 408.6153846153846, 290.9560439560439, 420.4725274725274, 302.8131868131868, 435.065934065934, 313.75824175824175, 450.57142857142856, 326.5274725274725, 464.2527472527472, 337.4725274725274, 464.2527472527472, 397.67032967032964, 455.1318681318681, 408.6153846153846, 441.45054945054943, 426.85714285714283, 430.5054945054945, 438.71428571428567, 423.2087912087912, 438.71428571428567, 407.70329670329664, 437.8021978021978, 395.8461538461538, 437.8021978021978, 385.8131868131868, 434.15384615384613, 383.989010989011, 447.8351648351648, 382.16483516483515, 460.60439560439556, 381.2527472527472, 475.19780219780216, 378.5164835164835, 497.08791208791206, 378.5164835164835, 513.5054945054944, 377.60439560439556, 528.098901098901, 373.9560439560439, 539.043956043956, 375.78021978021974, 555.4615384615385, 379.4285714285714, 576.4395604395604, 382.16483516483515, 599.2417582417582, 383.989010989011, 622.9560439560439, 381.2527472527472, 648.4945054945055, 379.4285714285714, 668.5604395604395, 377.60439560439556, 692.2747252747253, 383.07692307692304, 705.043956043956, 387.6373626373626, 722.3736263736263, 381.2527472527472, 742.4395604395604, 375.78021978021974, 764.3296703296703, 370.30769230769226, 772.5384615384614, 351.15384615384613, 767.978021978022, 334.7362637362637, 765.2417582417581, 323.79120879120876, 759.7692307692307, 320.1428571428571, 754.2967032967032, 301.90109890109886, 754.2967032967032, 286.3956043956044, 754.2967032967032, 268.15384615384613, 755.2087912087911, 235.31868131868129, 751.5604395604395, 206.13186813186812, 750.6483516483515, 181.50549450549448, 751.5604395604395, 157.7912087912088, 749.7362637362637, 134.98901098901098, 746.9999999999999, 101.24175824175823, 744.2637362637362, 76.61538461538461, 743.3516483516482, 63.84615384615384, 737.8791208791208, 36.48351648351648, 733.3186813186812, 25.538461538461537, 726.9340659340659, 18.24175824175824, 710.5164835164835, 17.32967032967033, 695.010989010989, 18.24175824175824, 667.6483516483516, 23.71428571428571, 643.0219780219779, 28.274725274725274, 621.131868131868, 32.83516483516483, 597.4175824175824, 39.21978021978022, 579.1758241758241, 43.780219780219774, 557.2857142857142, 51.07692307692307, 536.3076923076923, 52.9010989010989, 519.8901098901099, 57.46153846153846, 499.82417582417577, 62.93406593406593, 475.19780219780216, 62.021978021978015, 461.5164835164835, 62.021978021978015, 449.6593406593406, 65.67032967032966, 433.2417582417582, 70.23076923076923, 412.26373626373623, 72.96703296703296, 390.37362637362634, 72.05494505494505, 381.2527472527472, 58.37362637362637, 382.16483516483515, 44.692307692307686, 386.7252747252747, 34.65934065934066, 377.60439560439556, 30.098901098901095, 363.9230769230769, 25.538461538461537, 354.8021978021978, 20.978021978021978, 344.7692307692307, 16.417582417582416, 331.08791208791206, 10.032967032967033, 320.1428571428571, 12.769230769230768, 312.8461538461538, 19.153846153846153, 308.2857142857143, 33.747252747252745, 308.2857142857143, 44.692307692307686, 302.8131868131868, 50.16483516483516, 291.86813186813185, 58.37362637362637, 283.6593406593406, 72.05494505494505, 275.45054945054943, 85.73626373626372, 263.5934065934066, 97.59340659340658, 251.7362637362637, 103.06593406593406, 243.5274725274725, 117.65934065934064, 238.96703296703294, 129.5164835164835, 242.61538461538458, 143.1978021978022, 241.70329670329667, 160.52747252747253, 241.70329670329667, 176.94505494505492, 239.87912087912085]], "scale": 3, "viewpoint": 1, "zoom_in": 2, "landmarks": [261, 249, 2, 194, 239, 2, 203, 284, 2, 243, 302, 2, 296, 295, 2, 312, 246, 2, 109, 243, 2, 67, 281, 2, 10, 316, 2, 37, 362, 2, 64, 356, 2, 77, 386, 2, 72, 407, 2, 47, 548, 2, 26, 730, 2, 199, 753, 2, 375, 767, 2, 381, 571, 2, 383, 444, 2, 389, 417, 2, 410, 437, 2, 431, 438, 2, 0, 0, 0, 439, 319, 2, 392, 273, 2], "style": 1, "bounding_box": [5, 231, 466, 778], "category_id": 1, "occlusion": 1, "category_name": "short sleeve top"}}