{"source": "user", "pair_id": 954, "item1": {"segmentation": [[119.82857142857144, 73.02857142857142, 102.85714285714286, 81.77142857142857, 92.57142857142857, 87.42857142857143, 76.11428571428571, 92.57142857142857, 60.17142857142857, 96.68571428571428, 47.31428571428572, 106.45714285714286, 37.542857142857144, 114.68571428571428, 29.314285714285713, 120.34285714285714, 0.0, 141.42857142857142, 0.5142857142857143, 160.97142857142856, 6.685714285714286, 170.22857142857143, 17.485714285714288, 183.6, 18.0, 191.31428571428572, 21.6, 193.8857142857143, 32.4, 195.42857142857144, 42.17142857142857, 189.25714285714287, 46.285714285714285, 192.34285714285716, 48.85714285714286, 216.0, 50.4, 256.62857142857143, 48.85714285714286, 294.1714285714286, 42.17142857142857, 350.74285714285713, 35.48571428571429, 419.65714285714284, 46.285714285714285, 421.7142857142857, 74.57142857142857, 423.25714285714287, 87.42857142857143, 422.74285714285713, 95.14285714285714, 421.7142857142857, 124.97142857142858, 422.22857142857146, 139.8857142857143, 423.25714285714287, 171.25714285714287, 421.2, 174.85714285714286, 420.1714285714286, 191.31428571428572, 416.0571428571429, 213.94285714285715, 412.9714285714286, 223.71428571428572, 410.4, 251.4857142857143, 410.9142857142857, 306.51428571428573, 410.9142857142857, 336.34285714285716, 408.8571428571429, 335.31428571428575, 394.9714285714286, 330.6857142857143, 369.25714285714287, 325.0285714285714, 351.25714285714287, 318.34285714285716, 326.0571428571429, 313.2, 298.8, 308.57142857142856, 275.14285714285717, 303.42857142857144, 252.5142857142857, 298.2857142857143, 225.77142857142857, 294.1714285714286, 197.4857142857143, 290.57142857142856, 176.4, 288.0, 171.77142857142857, 291.0857142857143, 172.28571428571428, 298.2857142857143, 173.31428571428572, 313.2, 174.85714285714286, 333.7714285714286, 176.9142857142857, 336.34285714285716, 176.4, 338.4, 159.42857142857142, 341.48571428571427, 142.97142857142856, 347.14285714285717, 118.28571428571429, 349.2, 109.02857142857142, 349.7142857142857, 93.6, 344.57142857142856, 89.48571428571428, 337.8857142857143, 87.94285714285715, 324.51428571428573, 90.0, 313.7142857142857, 90.0, 304.9714285714286, 87.42857142857143, 291.6, 81.77142857142857, 284.4, 79.71428571428571, 277.2, 75.08571428571429, 272.57142857142856, 73.54285714285714, 257.65714285714284, 71.48571428571428, 240.68571428571428, 70.45714285714286, 236.05714285714285, 69.42857142857143, 220.62857142857143, 62.74285714285714, 214.45714285714286, 60.17142857142857, 207.77142857142857, 57.08571428571429, 202.62857142857143, 66.85714285714286, 195.42857142857144, 73.02857142857142, 186.17142857142858, 76.62857142857143, 176.9142857142857, 80.74285714285715, 170.74285714285713, 83.31428571428572, 157.37142857142857, 83.82857142857144, 145.02857142857144, 82.28571428571429, 133.71428571428572, 79.2, 126.51428571428572, 75.08571428571429]], "scale": 3, "viewpoint": 1, "zoom_in": 2, "landmarks": [171, 85, 2, 120, 74, 2, 132, 102, 2, 164, 108, 2, 197, 96, 2, 208, 59, 2, 61, 99, 2, 29, 120, 2, 0, 0, 0, 24, 195, 2, 38, 189, 2, 50, 177, 2, 47, 192, 2, 50, 295, 2, 37, 419, 2, 174, 416, 2, 335, 408, 2, 308, 277, 2, 287, 172, 2, 290, 170, 2, 313, 173, 2, 334, 175, 2, 350, 95, 2, 307, 90, 2, 274, 76, 2], "style": 2, "bounding_box": [0, 56, 350, 426], "category_id": 1, "occlusion": 1, "category_name": "short sleeve top"}}