{"source": "user", "pair_id": 954, "item1": {"segmentation": [[134.22857142857143, 7.714285714285714, 117.77142857142857, 12.342857142857143, 115.2, 15.428571428571429, 113.65714285714286, 19.542857142857144, 106.45714285714286, 19.542857142857144, 94.11428571428571, 24.17142857142857, 68.91428571428571, 36.0, 40.628571428571426, 51.42857142857143, 21.085714285714285, 62.74285714285714, 14.914285714285715, 67.37142857142857, 11.314285714285715, 73.02857142857142, 10.285714285714286, 95.14285714285714, 12.342857142857143, 108.51428571428572, 15.942857142857143, 118.8, 23.65714285714286, 138.85714285714286, 38.57142857142857, 163.02857142857144, 45.25714285714286, 179.4857142857143, 46.285714285714285, 200.05714285714285, 41.65714285714286, 219.6, 37.02857142857143, 231.94285714285715, 32.4, 238.11428571428573, 29.82857142857143, 243.77142857142857, 33.94285714285714, 252.5142857142857, 36.0, 259.2, 37.02857142857143, 298.8, 41.65714285714286, 355.37142857142857, 40.628571428571426, 377.48571428571427, 40.114285714285714, 418.62857142857143, 41.65714285714286, 440.22857142857146, 45.77142857142857, 460.2857142857143, 54.0, 464.9142857142857, 59.65714285714286, 465.9428571428571, 281.31428571428575, 465.42857142857144, 506.57142857142856, 466.45714285714286, 501.42857142857144, 448.9714285714286, 489.6, 418.1142857142857, 481.8857142857143, 398.0571428571429, 479.31428571428575, 383.65714285714284, 476.74285714285713, 373.8857142857143, 473.14285714285717, 363.6, 469.0285714285714, 333.25714285714287, 464.40000000000003, 303.42857142857144, 461.8285714285714, 284.4, 455.14285714285717, 268.9714285714286, 458.22857142857146, 260.74285714285713, 464.9142857142857, 252.5142857142857, 471.0857142857143, 244.8, 471.0857142857143, 238.11428571428573, 467.48571428571427, 231.94285714285715, 467.48571428571427, 221.14285714285714, 466.45714285714286, 214.45714285714286, 469.54285714285714, 213.42857142857144, 473.65714285714284, 222.68571428571428, 482.40000000000003, 236.05714285714285, 490.1142857142857, 244.28571428571428, 495.25714285714287, 252.0, 500.40000000000003, 254.05714285714285, 505.0285714285714, 250.97142857142856, 513.7714285714286, 245.31428571428572, 520.4571428571429, 240.68571428571428, 527.6571428571428, 231.42857142857144, 533.3142857142857, 219.0857142857143, 532.2857142857143, 211.8857142857143, 526.6285714285715, 191.82857142857142, 519.9428571428572, 162.0, 515.8285714285714, 147.0857142857143, 508.62857142857143, 124.97142857142858, 508.1142857142857, 118.28571428571429, 504.51428571428573, 114.68571428571428, 489.0857142857143, 93.6, 474.6857142857143, 71.48571428571428, 465.42857142857144, 54.51428571428571, 456.1714285714286, 41.65714285714286, 450.0, 36.0, 435.0857142857143, 30.34285714285714, 421.2, 27.771428571428572, 403.7142857142857, 26.742857142857144, 385.2, 22.62857142857143, 367.7142857142857, 19.02857142857143, 358.45714285714286, 13.885714285714286, 351.25714285714287, 10.285714285714286, 346.1142857142857, 5.6571428571428575, 328.62857142857143, 1.0285714285714287, 320.4, 1.0285714285714287, 313.2, 8.22857142857143, 310.1142857142857, 11.314285714285715, 301.37142857142857, 13.885714285714286, 293.14285714285717, 20.057142857142857, 283.37142857142857, 23.142857142857142, 261.7714285714286, 22.62857142857143, 240.68571428571428, 20.571428571428573, 231.42857142857144, 19.542857142857144, 196.97142857142856, 19.02857142857143, 169.2, 17.485714285714288, 145.54285714285714, 11.82857142857143]], "scale": 3, "viewpoint": 1, "zoom_in": 2, "landmarks": [226, 9, 2, 135, 10, 2, 156, 64, 2, 219, 98, 2, 287, 71, 2, 329, 2, 2, 12, 72, 2, 0, 0, 0, 0, 0, 0, 0, 0, 0, 0, 0, 0, 0, 0, 0, 36, 258, 2, 41, 377, 2, 0, 0, 0, 0, 0, 0, 0, 0, 0, 465, 334, 2, 459, 212, 2, 456, 199, 2, 474, 223, 2, 503, 250, 2, 535, 217, 2, 509, 127, 2, 456, 29, 2], "style": 2, "bounding_box": [9, 1, 535, 467], "category_id": 1, "occlusion": 1, "category_name": "short sleeve top"}}