{"source": "user", "pair_id": 954, "item1": {"segmentation": [[193.01978021978022, 76.58901098901099, 189.53846153846152, 73.49450549450549, 185.67032967032966, 69.62637362637362, 180.64175824175823, 65.75824175824175, 171.74505494505493, 54.927472527472524, 164.39560439560438, 46.03076923076923, 156.27252747252746, 33.26593406593406, 149.3098901098901, 22.82197802197802, 143.5076923076923, 15.085714285714285, 144.28131868131868, 19.34065934065934, 141.18681318681317, 29.397802197802196, 134.2241758241758, 44.48351648351648, 125.71428571428571, 65.75824175824175, 116.81758241758241, 86.64615384615384, 110.62857142857142, 70.39999999999999, 109.08131868131868, 71.94725274725275, 108.30769230769229, 82.0043956043956, 105.98681318681318, 89.74065934065933, 105.21318681318681, 96.7032967032967, 106.76043956043955, 99.79780219780218, 112.94945054945055, 102.5054945054945, 116.04395604395603, 103.27912087912087, 114.88351648351647, 108.69450549450549, 115.65714285714284, 113.72307692307692, 118.36483516483516, 118.75164835164834, 119.9120879120879, 125.32747252747252, 121.45934065934065, 138.47912087912087, 120.29890109890108, 160.52747252747253, 115.65714285714284, 208.87912087912088, 111.40219780219779, 244.85274725274724, 106.76043956043955, 277.3450549450549, 104.43956043956044, 298.6197802197802, 101.98279164165453, 318.61143984220905, 94.88219992567817, 321.5042735042735, 89.09653260154928, 329.1308349769888, 88.3075779664408, 337.54635108481267, 89.35951747991878, 342.28007889546353, 91.72638138524424, 350.4326101249179, 117.7618843438242, 351.0, 178.3208791208791, 350.8395604395604, 266.1274725274725, 350.8395604395604, 268.8351648351648, 341.16923076923075, 268.4483516483516, 328.79120879120876, 266.5142857142857, 319.5076923076923, 267.28791208791205, 311.77142857142854, 271.92967032967033, 303.26153846153846, 276.95824175824174, 286.62857142857143, 285.854945054945, 270.7692307692308, 286.62857142857143, 263.4197802197802, 292.04395604395603, 256.45714285714286, 292.04395604395603, 250.65494505494505, 295.1384615384615, 254.90989010989009, 298.232967032967, 256.84395604395604, 308.2901098901099, 258.77802197802197, 321.8285714285714, 258.77802197802197, 336.9142857142857, 256.07032967032967, 353.54725274725274, 250.65494505494505, 364.37802197802193, 246.78681318681316, 364.37802197802193, 240.21098901098898, 358.96263736263734, 223.57802197802195, 351.61318681318676, 196.1142857142857, 345.810989010989, 174.83956043956042, 341.55604395604394, 155.4989010989011, 338.84835164835164, 146.6021978021978, 337.3010989010989, 144.28131868131868, 329.9516483516483, 135.3846153846154, 316.79999999999995, 126.1010989010989, 297.07252747252744, 114.1098901098901, 293.97802197802196, 111.78901098901098, 285.4681318681318, 105.6, 278.1186813186813, 98.25054945054944, 272.1471837147511, 95.30718339366962, 266.5956862713617, 92.38534263399099, 266.30350219539383, 94.72281524173388, 270.6862633349118, 97.64465600141253, 277.1143130062048, 101.1508649130269, 276.52994485426905, 103.78052159673766, 272.73155186668686, 107.87109866028774, 263.67384551168306, 112.2538597998057, 251.10993024506493, 116.3444368633558, 235.95604395604394, 118.75164835164834, 224.35164835164832, 118.75164835164834, 217.77582417582417, 116.81758241758241, 208.87912087912088, 112.17582417582416, 203.07692307692307, 107.14725274725274, 196.1142857142857, 100.57142857142857, 194.56703296703296, 94.76923076923076]], "scale": 3, "viewpoint": 2, "zoom_in": 2, "landmarks": [234, 85, 1, 193, 76, 2, 196, 101, 2, 219, 117, 2, 251, 118, 2, 278, 103, 2, 181, 66, 2, 164, 47, 2, 144, 17, 2, 106, 98, 2, 115, 108, 2, 119, 120, 2, 121, 161, 2, 113, 246, 2, 0, 0, 0, 0, 0, 0, 0, 0, 0, 276, 287, 2, 292, 225, 2, 292, 214, 2, 291, 239, 2, 297, 259, 2, 363, 245, 2, 352, 197, 2, 337, 147, 2], "style": 2, "bounding_box": [84, 17, 365, 351], "category_id": 1, "occlusion": 1, "category_name": "short sleeve top"}}