{"source": "user", "pair_id": 956, "item1": {"segmentation": [[94.11428571428571, 95.14285714285714, 99.77142857142857, 97.2, 109.02857142857142, 99.77142857142857, 121.88571428571429, 101.82857142857144, 131.65714285714287, 102.34285714285714, 147.6, 101.82857142857144, 159.42857142857142, 98.22857142857143, 169.71428571428572, 93.6, 180.5142857142857, 97.2, 188.74285714285713, 100.28571428571429, 197.4857142857143, 102.85714285714286, 209.31428571428572, 107.48571428571428, 221.14285714285714, 114.17142857142858, 227.31428571428572, 118.8, 232.45714285714286, 124.97142857142858, 239.14285714285714, 128.57142857142858, 243.77142857142857, 135.25714285714287, 248.9142857142857, 141.94285714285715, 255.0857142857143, 148.11428571428573, 261.7714285714286, 156.85714285714286, 261.25714285714287, 181.02857142857144, 260.74285714285713, 190.28571428571428, 257.14285714285717, 190.8, 253.02857142857144, 191.31428571428572, 250.97142857142856, 196.97142857142856, 254.57142857142858, 200.57142857142858, 253.02857142857144, 205.2, 245.82857142857142, 207.77142857142857, 238.62857142857143, 208.28571428571428, 238.62857142857143, 214.45714285714286, 239.14285714285714, 226.8, 239.65714285714287, 237.0857142857143, 241.71428571428572, 251.4857142857143, 242.22857142857143, 260.74285714285713, 243.25714285714287, 273.0857142857143, 243.25714285714287, 286.9714285714286, 244.8, 302.9142857142857, 246.34285714285716, 316.8, 248.4, 329.65714285714284, 248.9142857142857, 342.51428571428573, 251.4857142857143, 357.9428571428571, 254.57142857142858, 373.8857142857143, 257.65714285714284, 391.37142857142857, 259.7142857142857, 401.65714285714284, 260.22857142857146, 440.22857142857146, 257.65714285714284, 445.37142857142857, 253.54285714285714, 451.54285714285714, 246.34285714285716, 446.4, 235.54285714285714, 443.31428571428575, 223.71428571428572, 442.2857142857143, 210.85714285714286, 442.2857142857143, 195.94285714285715, 445.37142857142857, 181.02857142857144, 447.9428571428571, 172.8, 443.8285714285714, 160.97142857142856, 442.2857142857143, 149.65714285714287, 441.25714285714287, 136.28571428571428, 443.8285714285714, 122.4, 446.9142857142857, 115.2, 448.9714285714286, 110.05714285714286, 444.34285714285716, 101.31428571428572, 443.31428571428575, 96.17142857142858, 444.34285714285716, 87.42857142857143, 444.34285714285716, 73.02857142857142, 442.8, 54.0, 442.8, 37.02857142857143, 441.25714285714287, 18.514285714285716, 441.25714285714287, 0.0, 443.31428571428575, 0.0, 405.7714285714286, 3.6, 397.0285714285714, 6.685714285714286, 386.22857142857146, 8.22857142857143, 374.9142857142857, 9.771428571428572, 362.57142857142856, 10.8, 349.7142857142857, 10.8, 339.9428571428571, 11.82857142857143, 327.0857142857143, 13.885714285714286, 312.6857142857143, 15.942857142857143, 301.37142857142857, 20.571428571428573, 288.51428571428573, 23.142857142857142, 277.7142857142857, 26.228571428571428, 265.8857142857143, 28.285714285714285, 253.02857142857144, 28.285714285714285, 242.22857142857143, 26.742857142857144, 234.5142857142857, 22.114285714285714, 229.37142857142857, 21.6, 224.22857142857143, 11.314285714285715, 222.17142857142858, 0.0, 229.8857142857143, 0.0, 146.57142857142858, 4.114285714285715, 144.0, 12.857142857142858, 139.8857142857143, 16.45714285714286, 135.25714285714287, 20.057142857142857, 131.65714285714287, 23.65714285714286, 124.97142857142858, 27.771428571428572, 119.82857142857144, 30.34285714285714, 114.17142857142858, 37.02857142857143, 109.02857142857142, 48.85714285714286, 103.88571428571429, 50.91428571428572, 103.88571428571429, 58.628571428571426, 101.82857142857144, 64.8, 99.77142857142857, 74.05714285714286, 98.74285714285715, 81.25714285714285, 95.14285714285714, 86.4, 94.11428571428571]], "scale": 3, "viewpoint": 1, "zoom_in": 2, "landmarks": [131, 104, 2, 94, 95, 2, 106, 134, 2, 131, 142, 2, 157, 132, 2, 170, 96, 2, 33, 111, 2, 0, 0, 0, 0, 0, 0, 6, 227, 2, 19, 218, 2, 30, 202, 2, 28, 217, 2, 15, 319, 2, 0, 0, 0, 124, 449, 2, 258, 446, 2, 249, 320, 2, 241, 222, 2, 239, 209, 2, 227, 199, 2, 218, 188, 2, 0, 0, 0, 242, 135, 2, 223, 117, 2], "style": 1, "bounding_box": [0, 94, 262, 452], "category_id": 1, "occlusion": 1, "category_name": "short sleeve top"}}