{"source": "user", "pair_id": 982, "item1": {"segmentation": [[165.98145249951497, 72.11578606997351, 180.40814848347668, 64.469042229839, 191.9971027614306, 62.11503589212961, 205.5779085559078, 68.45274526288566, 214.99393390674538, 72.25537088533927, 236.1645734980274, 73.31803660350518, 251.918308219621, 70.9640302657958, 263.32618508698187, 68.6100239280864, 274.5529845437497, 66.074940179784, 287.5905581064479, 60.82369527258612, 291.21210631830843, 63.177701610295514, 295.37688676194813, 68.06679169630732, 303.8875250598205, 74.58557847765638, 307.50907327168113, 73.31803660350518, 310.22523443057656, 67.88571428571429, 315.0693138459548, 65.68608937463624, 326.4771907133157, 67.13470865938048, 338.4282998124557, 71.4805665136132, 343.31738989846747, 73.83457285132258, 361.60620836836347, 76.55073401021804, 375.5491689840268, 78.36150811614833, 383.33549763952703, 80.71551445385772, 390.5454827653108, 85.01377481730587, 395.6156502619157, 88.45424561857344, 400.3236629373344, 94.79195498932948, 413.5423139106256, 119.41848282998154, 420.4232555131607, 134.08575308801696, 423.9939985772489, 142.37930543878946, 431.9614046433422, 145.09546659768492, 440.6531203518076, 148.17378257776642, 445.18005561663335, 150.88994373666188, 467.0, 151.23119705102508, 467.0, 222.9758261656858, 457.23184375606286, 227.14060660932546, 448.3590506370044, 229.6756903576279, 432.0620836836317, 234.38370303304666, 429.8891547565153, 233.4783159800815, 427.1729935976199, 236.01339972838392, 421.74067127982903, 238.00525124490727, 423.0082131539802, 239.9971027614306, 423.18929056457324, 248.14558623811692, 424.63790984931745, 251.94821186057055, 426.02444545043, 285.2037508892195, 424.9379809868718, 298.24132445191765, 426.20552286102304, 318.52199443833695, 428.3784517881394, 322.8678522925697, 430.9402315204036, 328.6025221496475, 430.9402315204036, 340.3725538381944, 429.31053482506627, 343.4508698182759, 429.8537670568454, 355.2209015068228, 432.0533919679234, 362.79624911078054, 435.13170794800493, 426.173342818341, 427.3662807993275, 434.27391838582435, 415.2340942895945, 441.5170148095455, 411.97470089892, 464.69492336545335, 402.9208303692685, 471.0326327362094, 396.13508374830246, 479.7504235917996, 391.0649162516976, 486.0881329625556, 387.262290629244, 499.3067839358468, 384.00289723856946, 518.682066869301, 376.9408782254413, 519.9496087434521, 367.8870076957898, 520.3117635646382, 361.18714350384766, 519.7685313328592, 337.1163681045078, 530.7071590247688, 330.0543490913796, 525.6369915281639, 319.55185927698386, 533.0611653624782, 306.51428571428573, 542.6582681239088, 295.830718489297, 550.082441958223, 281.52560305244765, 556.601228739572, 263.41786199314464, 563.1200155209211, 245.6638944577379, 569.3358339261464, 234.61817241156308, 577.3032399922397, 221.94275367005102, 585.8138782901121, 208.7273103537477, 600.76290499903, 192.9735756321541, 600.943982409623, 182.6521632283514, 599.3142857142857, 163.45795770549026, 585.0091702774363, 149.6252991010801, 582.1447325874669, 125.96976007243116, 583.1598008148483, 115.46727025803543, 586.7813490267088, 96.81629696695336, 588.5921231326391, 81.42471706654582, 592.3947487550928, 48.89348768026901, 604.1914764276014, 43.28008795188509, 605.6400957123456, 38.572075276466315, 606.3644053547177, 36.036991528163895, 599.1213089309965, 19.56215482118606, 600.3978529392746, 16.84599366229061, 597.6816917803791, 17.20814848347667, 586.4548923236113, 17.20814848347667, 563.4580611782965, 18.11353553644182, 554.947422880424, 21.372928927116355, 528.8722757550278, 24.673814913018152, 513.3446291146607, 27.208898661320568, 473.68867619478715, 30.738459548599938, 425.4960098299165, 30.195227316820848, 414.26921037314867, 29.470917674448728, 382.21850869818235, 32.21377481730587, 348.200375088922, 35.65424561857344, 341.6815883075729, 33.30023928086405, 332.2655629567354, 35.292090797387374, 303.6553320830367, 39.71513936493576, 255.88721464140207, 32.29096553062154, 260.9573821380069, 25.410023928086407, 265.30323999223964, 17.804772683179152, 266.57078186639086, 9.950255448489923, 266.8705425855268, 0.0, 270.5721787492725, 0.0, 153.26743840134506, 4.230071784259215, 144.90538705296515, 4.4111491948522445, 137.66229062924396, 8.93808445967799, 134.2218198279764, 13.283942313910705, 130.6002716161158, 25.235051413050673, 119.01131733816189, 36.29236241350318, 110.82165168466676, 41.36252991010801, 108.46764534695737, 51.86501972450374, 100.50023928086406, 69.06737373084157, 88.18697536053803, 85.03146866714086, 78.90763758649683, 92.45564250145507, 77.09686348056654, 105.13106124296716, 76.37255383819442, 112.91738989846745, 72.38885080514775, 125.08206686930099, 68.28646446355818, 146.26812390868548, 68.46754187415121, 162.02185863027907, 69.19185151652333]], "scale": 3, "viewpoint": 1, "zoom_in": 2, "landmarks": [233, 76, 2, 181, 69, 2, 176, 106, 2, 219, 119, 2, 267, 101, 2, 288, 66, 2, 89, 80, 2, 38, 111, 2, 0, 0, 0, 0, 0, 0, 40, 258, 2, 58, 185, 2, 49, 228, 2, 32, 373, 2, 19, 599, 2, 221, 586, 2, 384, 518, 2, 433, 376, 2, 423, 250, 2, 428, 235, 2, 0, 0, 0, 0, 0, 0, 0, 0, 0, 420, 135, 2, 390, 85, 2], "style": 1, "bounding_box": [0, 58, 467, 610], "category_id": 1, "occlusion": 1, "category_name": "short sleeve top"}}