{"source": "user", "pair_id": 977, "item1": {"segmentation": [[141.90415620063703, 26.679400264132372, 147.00812595489032, 32.35047776885826, 154.0024548773856, 38.39962710723254, 162.13099930082603, 44.25974052878263, 173.2841183934536, 51.63214128492628, 182.92495015148762, 58.24839837377315, 189.16313540668608, 61.08393712613609, 197.66975166377492, 60.516829375663505, 200.52343786415307, 59.94253308128545, 208.46294637076932, 57.485066162570895, 215.4572752932646, 55.02759924385634, 224.9090711344744, 54.082419659735365, 228.8788253877825, 55.59470699432893, 241.35519589817946, 51.81398865784501, 252.16492218453016, 48.69022451252038, 264.64129269492713, 43.397218841442886, 274.4711603697853, 38.29324908718959, 282.78874071005, 31.109884247870127, 289.9561125928995, 23.860393091125676, 296.95044151539474, 24.61653675842246, 301.8653753528239, 28.20821917808219, 310.5610275267369, 29.15339876220317, 314.1527099463966, 31.421829764093523, 318.3115001165289, 35.39158401740165, 325.4948649558484, 39.17230235388557, 333.43437346246463, 42.38591293989691, 341.7519538027293, 45.03241577543565, 353.98356164383546, 47.86849315068493, 360.23356164383546, 50.36849315068492, 366.2335616438354, 55.368493150684905, 373.9835616438354, 60.368493150684884, 382.9835616438354, 74.86849315068484, 384.2335616438354, 80.11849315068483, 393.73356164383534, 102.86849315068476, 402.2335616438353, 122.8684931506847, 410.5349315068493, 142.92876712328763, 419.0349315068493, 169.42876712328754, 417.5349315068493, 174.6787671232875, 411.7849315068493, 180.4287671232875, 407.0349315068494, 181.42876712328749, 398.0349315068494, 190.67876712328746, 388.03493150684943, 200.42876712328746, 378.78493150684943, 211.9287671232874, 372.30410958904105, 221.2945205479452, 360.0541095890411, 217.29452054794524, 351.5541095890411, 214.29452054794524, 341.55410958904116, 212.29452054794524, 340.80410958904116, 244.54452054794513, 337.05410958904116, 280.544520547945, 336.3054794520548, 289.8849315068495, 336.5554794520548, 320.6349315068494, 338.8054794520548, 364.8849315068492, 339.8054794520548, 396.13493150684917, 342.79657534246576, 427.9527397260274, 343.29657534246576, 460.4527397260273, 343.29657534246576, 483.45273972602723, 341.54657534246576, 485.7013698630136, 341.29657534246576, 512.9513698630135, 342.47465753424655, 534.0938356164384, 343.2246575342465, 546.0938356164382, 338.97465753424655, 548.5938356164382, 331.47465753424655, 546.3438356164382, 323.9746575342466, 544.8438356164382, 316.2246575342466, 546.0938356164382, 307.7246575342466, 549.0938356164382, 299.22465753424666, 553.5938356164382, 293.0431506849314, 558.858904109589, 289.7931506849314, 558.858904109589, 284.04315068493145, 554.608904109589, 278.04315068493145, 550.358904109589, 269.04315068493145, 548.358904109589, 257.2931506849315, 546.358904109589, 241.79315068493156, 544.608904109589, 232.5431506849316, 545.108904109589, 217.04315068493162, 545.858904109589, 203.29315068493167, 546.608904109589, 194.34657534246563, 548.6732876712329, 184.34657534246566, 549.6732876712329, 173.5965753424657, 549.1732876712329, 157.59657534246574, 552.1732876712329, 145.5965753424658, 552.6732876712329, 131.34657534246583, 555.4232876712329, 129.34657534246583, 554.4232876712329, 126.59657534246585, 547.6732876712329, 119.34657534246587, 540.1732876712329, 107.8657534246575, 526.0609589041096, 109.1157534246575, 513.5609589041097, 110.8657534246575, 497.8109589041097, 112.3657534246575, 474.0609589041098, 113.36575342465748, 447.5609589041099, 110.16369863013698, 409.81027397260266, 107.91369863013698, 372.3102739726028, 104.16369863013699, 344.3102739726029, 100.663698630137, 317.56027397260294, 96.91369863013702, 299.810273972603, 94.85821917808217, 274.22123287671224, 92.85821917808218, 267.72123287671224, 92.35821917808218, 248.47123287671232, 88.85821917808218, 224.72123287671238, 86.8582191780822, 210.22123287671243, 80.10821917808221, 208.97123287671243, 74.35821917808224, 209.72123287671243, 70.0616438356164, 211.49657534246577, 65.06164383561641, 213.24657534246577, 62.061643835616415, 215.99657534246577, 60.06164383561642, 216.49657534246577, 54.56164383561644, 210.49657534246577, 48.31164383561646, 203.7465753424658, 39.311643835616486, 196.24657534246583, 26.410273972602717, 182.86164383561643, 15.910273972602749, 172.36164383561646, 10.660273972602766, 166.61164383561646, 7.338356164383559, 161.93493150684932, 3.8383561643835704, 157.68493150684932, 10.58835616438355, 151.93493150684935, 15.838356164383534, 148.93493150684935, 19.588356164383523, 137.68493150684938, 25.338356164383505, 126.18493150684942, 30.838356164383487, 114.18493150684947, 36.10342465753422, 98.98698630136984, 43.10342465753419, 81.2369863013699, 51.35342465753417, 65.73698630136994, 57.3280821917808, 53.70684931506849, 64.57808219178078, 46.70684931506851, 76.32808219178074, 41.45684931506853, 95.68767123287677, 33.49863013698628, 110.93767123287672, 28.498630136986293, 124.43767123287668, 22.498630136986314, 132.18767123287665, 16.99863013698633, 137.68767123287662, 16.74863013698633, 139.43767123287662, 23.24863013698631]], "scale": 3, "viewpoint": 1, "zoom_in": 1, "landmarks": [217, 58, 2, 138, 18, 2, 164, 70, 2, 215, 101, 2, 271, 71, 2, 292, 25, 2, 63, 51, 2, 35, 108, 2, 10, 164, 2, 62, 216, 2, 79, 211, 2, 90, 190, 2, 88, 214, 2, 106, 352, 2, 110, 528, 2, 228, 548, 2, 340, 550, 2, 339, 361, 2, 344, 214, 2, 345, 200, 2, 355, 218, 2, 374, 224, 2, 417, 171, 2, 396, 113, 2, 359, 56, 2], "style": 1, "bounding_box": [4, 13, 419, 561], "category_id": 1, "occlusion": 1, "category_name": "short sleeve top"}}