{"source": "user", "pair_id": 977, "item1": {"segmentation": [[176.98287671232876, 50.97328767123287, 194.4828767123287, 51.72328767123287, 206.45035850213094, 51.636919304947746, 221.0185166707053, 49.13952076176357, 234.92905197192923, 51.47616852681503, 245.70409923090864, 44.48183960431961, 257.8023979076575, 37.109438848175785, 265.7419064142739, 30.493181759328767, 270.5502544438581, 25.830467692044607, 280.1236155260641, 26.246700782575303, 290.5294427893315, 33.32266332159713, 310.92486422533557, 41.647325132211044, 347.2091913389305, 55.82157854974126, 372.3784654426804, 63.66592951290868, 393.55048812699084, 71.7944739363493, 399.2383276552675, 74.13583453309187, 404.23312474163583, 80.3793308910523, 410.0603880090656, 98.27735378387223, 412.9740196427805, 124.08380539677536, 420.466215272333, 163.20971590666076, 427.9584109018855, 194.01096460593226, 430.0286288540761, 207.37382578079345, 436.68835830256717, 223.6069163114906, 442.9318546605276, 238.17507448006495, 444.1805539321197, 254.8243981012928, 435.45860113421674, 261.5428645415228, 420.0390346813394, 269.3925562698671, 408.8007412370106, 276.88475189941965, 400.1088846880913, 284.9833182277237, 396.3137485210897, 281.4633158952573, 391.73518452525207, 275.63605262782755, 386.3092627599246, 268.3481575471941, 379.24819180933116, 258.57049591606904, 373.42092854190145, 256.48933046341557, 366.7611990934103, 258.57049591606904, 363.05784499054795, 266.07972654530363, 364.26380055022616, 293.9503086111782, 365.9287329123489, 309.3509329608139, 371.339763089248, 320.5892264051427, 367.59366527447173, 353.47164055706764, 362.871438142346, 373.08600344960314, 364.12013741393804, 403.88725214887467, 363.2876712328767, 435.1047339386768, 361.6227388707539, 484.2202386212989, 359.9578065086311, 533.335743303921, 357.2880988696134, 535.9464712841929, 344.3848730631619, 533.4490727410086, 330.64918107564887, 531.7841403788859, 319.8271207218508, 540.9412683705611, 311.0862258207062, 547.6009978190523, 301.0966316479695, 545.5198323663989, 280.28497712143474, 533.8653058315393, 265.3005858623297, 524.7081778398641, 249.89996151269392, 518.048448391373, 228.25584080509773, 516.3835160292501, 216.67414869099085, 515.6797265453037, 193.54081507562046, 517.9384944335951, 173.14539363961637, 522.9332915199634, 154.41490456573507, 532.0904195116387, 135.26818240132306, 541.2475475033141, 127.77598677177053, 542.4962467749061, 122.36495659487149, 537.5014496885378, 116.24404943480673, 528.969515202486, 105.00575599047794, 523.558485025587, 89.60513164084219, 520.2286203013414, 71.70710874802228, 517.7312217581573, 71.29087565749158, 499.8331988653373, 68.37724402377671, 466.95078471341236, 65.04737929953114, 442.3930323721013, 63.320382215086745, 420.26349017272145, 60.673879379547934, 410.43362249786304, 58.97255612813013, 396.6340005696964, 53.584114720681896, 371.49437372599897, 49.83801690590564, 349.4340199278721, 43.28976357562781, 328.31441075174195, 44.0107536384759, 307.39447778427177, 46.50815218166007, 293.6587857967588, 31.002428982054774, 310.7340704870913, 16.79129901786098, 300.5384231608056, 8.050404116716367, 290.13259589753824, 8.436303508046684, 267.69266032813994, 9.79664447707154, 233.48655652644942, 11.461576839194322, 199.77167619346307, 13.542742291847802, 160.64576568357768, 15.802534460393709, 108.3229854746057, 14.970068279332317, 87.5113309480709, 21.213564637292755, 85.43016549541743, 28.832648833415508, 75.18885464950684, 58.68254814476919, 63.187809502088285, 86.57016521032581, 49.868350605106016, 106.1331204652685, 40.711222613430714, 124.03114335808843, 32.8027938933475, 133.18827134976374, 36.132658617593066, 147.75642951833808, 44.45732042820698, 163.9895200490352, 48.61965133351393]], "scale": 3, "viewpoint": 1, "zoom_in": 1, "landmarks": [207, 57, 2, 126, 36, 2, 147, 108, 2, 212, 138, 2, 267, 97, 2, 277, 30, 2, 18, 93, 2, 13, 192, 2, 10, 291, 1, 32, 308, 2, 51, 285, 2, 49, 257, 1, 50, 269, 1, 56, 376, 2, 74, 516, 2, 216, 516, 2, 356, 534, 2, 363, 381, 2, 360, 267, 2, 372, 251, 2, 384, 267, 2, 397, 284, 2, 442, 252, 2, 420, 162, 2, 396, 76, 2], "style": 1, "bounding_box": [7, 25, 445, 551], "category_id": 1, "occlusion": 1, "category_name": "short sleeve top"}}