{"source": "user", "pair_id": 984, "item1": {"segmentation": [[209.48220155912503, 218.10603925988553, 194.49206349206372, 220.2099182868415, 179.553976255714, 219.46110107410604, 168.71954541185306, 218.10603925988553, 155.83328637174773, 211.53141730064812, 146.10284587207636, 206.0087348548887, 137.16136000751348, 207.84962900347517, 112.7947778717015, 216.57988165680442, 105.95717103409459, 212.89809335963147, 99.38254907485717, 213.68704799473997, 74.398985629755, 229.20315581854027, 37.12651451113003, 236.11374095989464, 2.736263736263736, 241.70329670329667, 4.56043956043956, 332.0, 21.890109890109887, 323.79120879120876, 47.42857142857142, 315.5824175824176, 62.28496290034751, 313.22165868319695, 64.65182680567298, 314.2735981966749, 62.810932657086504, 355.8252089790554, 59.65511411665255, 391.3281675589374, 59.12914435991355, 414.99680661219213, 59.895275664506535, 440.7680097680097, 63.31407908330999, 473.9041044425662, 64.10303371841847, 492.313045928431, 60.94721517798452, 502.30647130647185, 56.18005071851228, 515.5608152531224, 54.86512632666479, 522.9243918474683, 56.18005071851228, 537.6515450361601, 52.76124729970883, 543.963182117028, 48.02751948905789, 556.3234714003944, 45.76096553019632, 577.5995115995111, 41.81619235465388, 606.7908330985251, 39.449328449328405, 629.1445477599324, 38.660373814219916, 649.6573682727532, 36.95322626091866, 698.8220155912462, 32.74546820700672, 725.6464731849348, 37.216211139288156, 725.9094580633043, 78.24185216492961, 722.2276697661314, 81.66065558373307, 720.3867756175449, 84.02751948905853, 721.9646848877619, 90.86512632666545, 721.9646848877619, 107.69615854231323, 721.438715131023, 114.79675025828963, 719.3348361040669, 119.26749319057107, 711.971259509721, 124.2642058795915, 705.1336526721141, 134.01004977928045, 701.8714191791114, 139.79571710340937, 704.7642528411759, 142.95153564384336, 713.1797689489998, 144.26646003569084, 719.2284211514982, 149.26317272471127, 720.2803606649762, 159.51958298112163, 722.9102094486711, 180.82135812905085, 724.4881187188881, 207.38283084437, 725.8030431107356, 215.79834695219387, 726.8549826242136, 222.1099840330618, 725.2770733539966, 227.10669672208223, 721.8582699351931, 231.84042453273315, 718.1764816380202, 235.25922795153662, 714.2317084624777, 241.04489527566557, 710.2869352869353, 249.30252653329563, 707.0809617732693, 258.7699821545975, 709.1848408002253, 272.18221095144185, 714.1815534892457, 285.06846999154715, 716.0224476378322, 313.2078519770833, 723.1230393538086, 342.6621583544669, 724.7009486240256, 375.4776932469241, 728.6518268056728, 410.19169719169764, 732.0706302244763, 412.0325913402841, 730.2297360758898, 409.92871231332816, 715.5025828871981, 407.2988635296332, 681.577533577533, 403.88006011082973, 638.4480135249356, 400.94928148774306, 575.3374659528504, 395.9525687987226, 526.1592936977546, 393.5857048933971, 511.4321405090628, 381.58260542875934, 441.25734948811953, 378.1638020099559, 428.1081055696447, 373.69305907767443, 408.121254813563, 371.5891800507184, 392.8681318681322, 367.644406875176, 374.19620550389794, 365.80351272658953, 364.20278012585703, 366.3294824833285, 349.47562693716526, 363.96261857800306, 332.11862496477846, 362.64769418615555, 319.23236592467316, 359.370189957083, 309.1277254878474, 353.70588341814073, 297.79911240996273, 352.37310540897784, 292.6345976244565, 357.3710229433387, 297.79911240996273, 367.118437118437, 312.6577439654357, 377.90081713158634, 322.9141542218461, 403.93632009016653, 343.6899596130363, 429.7088381703772, 363.15084061237906, 452.32553771015387, 379.4559030712879, 467.0, 393.2664600356908, 467.0, 317.7897999436453, 467.0, 265.78698224852064, 443.52709683478895, 251.84878369493734, 411.70592655207986, 239.48849441157103, 358.53414107260267, 211.18484080022537, 333.81356250587004, 200.40246078707602, 319.8753639522867, 190.67202028740465, 295.68075514229304, 186.7272471118622, 282.26852634544866, 183.30844369305873, 256.49600826523806, 180.15262515262478, 254.91809899502107, 188.56814126044867, 252.0252653329566, 198.56156663848952, 242.83882783882794, 209.13111674650136, 232.58241758241758, 214.65379919226078]], "scale": 3, "viewpoint": 1, "zoom_in": 2, "landmarks": [207, 220, 2, 147, 206, 2, 165, 230, 2, 210, 234, 2, 245, 215, 2, 258, 181, 2, 90, 220, 2, 6, 246, 2, 0, 0, 0, 0, 0, 0, 0, 0, 0, 0, 0, 0, 0, 0, 0, 0, 0, 0, 7, 330, 2, 66, 309, 2, 66, 322, 2, 60, 381, 2, 65, 481, 2, 42, 595, 2, 35, 728, 2, 221, 716, 2, 407, 730, 2, 399, 603, 2, 385, 477, 2, 371, 385, 2, 354, 303, 2, 344, 291, 2, 369, 312, 2, 420, 357, 2, 0, 0, 0, 0, 0, 0, 0, 0, 0, 0, 0, 0, 409, 240, 2, 349, 212, 2, 0, 0, 0], "style": 1, "bounding_box": [2, 177, 466, 733], "category_id": 11, "occlusion": 1, "category_name": "long sleeve dress"}}