{"source": "user", "pair_id": 999, "item1": {"segmentation": [[192.73961074635469, 3.155818540433931, 185.90200390874784, 4.207758053911908, 181.16827609809695, 7.1005917159763445, 173.01574486864263, 8.152531229454322, 164.0742590040798, 11.571334648257746, 141.31876108904564, 16.52063440598741, 131.32533571100484, 17.835558797834878, 122.64683472481154, 20.728392459899315, 106.25713076292634, 27.369603631352845, 86.53326488521428, 36.04810461754616, 57.089142867435825, 48.821485504309535, 40.78408040852718, 54.34416795006891, 22.14263867498851, 62.777736348653114, 1.1512613367197044, 71.1627678257815, 8.514837931065543, 86.41589077121216, 17.71930867399784, 104.03587762196828, 28.501688687147105, 122.97078886457186, 32.70944674105901, 127.96750155359226, 36.65421991660143, 135.0680932695686, 42.176902362360806, 140.32779083695848, 57.16704042942198, 139.8018210802195, 66.10852629398478, 135.5940630263076, 71.36822386137467, 137.43495717489407, 72.42016337485265, 157.94777768771462, 71.09505462340026, 172.71777939891746, 72.67296389361722, 202.96104041140927, 74.51385804220368, 239.515938504769, 77.12790251546839, 261.96328659047305, 77.12790251546839, 284.8429710086191, 74.23506885340394, 307.98564030513455, 70.66840668990301, 332.6147649797808, 68.56452766294706, 357.8613133032522, 64.175054263147, 392.1531652751884, 61.80819035782155, 407.9322579773581, 58.81603487251539, 419.91893220934315, 56.975140723928924, 440.1687678437942, 57.6986301369863, 466.94693649635695, 383.3753424657534, 467.0, 382.25793773022434, 441.55028144785786, 380.9430133383769, 415.5147784892779, 379.62808894652943, 397.3688218817828, 375.683315770987, 362.65481793700957, 373.84242162240054, 332.9375266812567, 373.80744103104485, 304.4539587329893, 373.80744103104485, 287.3599416389722, 373.80744103104485, 260.7984689236533, 373.01848639593635, 236.6038601136598, 377.12917060693667, 194.5477722839156, 376.8661857285672, 181.1355434870714, 373.71036718813326, 165.61943566327125, 369.76559401259084, 150.89228247457956, 379.75901939063164, 150.36631271784057, 390.2784145254114, 149.5773580827321, 405.0055677141031, 150.89228247457956, 410.8611962209433, 143.8504120396639, 425.588349409635, 124.38953104032133, 441.89341186854364, 104.13969540587027, 451.3608674898454, 92.56836075761252, 443.25687318184686, 85.61000783550838, 427.7407653580467, 75.8795673358371, 406.96495996685667, 62.730323417362385, 395.81690128160096, 54.50783100519668, 378.7228841875839, 41.88455684346096, 368.20348905280406, 33.20605585726765, 356.39965415687226, 25.34699413687824, 344.3023497518755, 21.928190718074816, 328.2602721713364, 18.509387299271392, 312.4811794691667, 15.090583880467966, 290.16813379806007, 9.023879387209222, 282.54157232534476, 5.342091090036302, 275.7039654877379, 5.342091090036302, 267.8144191366531, 7.70895499536175, 254.1392054614394, 9.286864265578716, 241.25294642133417, 10.338803779056693, 224.94788396242552, 10.338803779056693, 208.90580638188635, 7.70895499536175, 197.33447173362862, 4.553136454927819]], "scale": 3, "viewpoint": 1, "zoom_in": 2, "landmarks": [236, 11, 2, 182, 8, 2, 184, 51, 2, 229, 66, 2, 269, 53, 2, 285, 10, 2, 117, 26, 2, 69, 46, 2, 4, 72, 2, 42, 137, 2, 58, 134, 2, 70, 134, 2, 73, 159, 2, 75, 300, 2, 0, 0, 0, 0, 0, 0, 0, 0, 0, 372, 303, 2, 371, 165, 2, 369, 149, 2, 379, 147, 2, 401, 149, 2, 450, 91, 2, 400, 57, 2, 356, 26, 2], "style": 1, "bounding_box": [0, 3, 453, 467], "category_id": 1, "occlusion": 1, "category_name": "short sleeve top"}}