{"source": "user", "pair_id": 991, "item1": {"segmentation": [[435.7676131249487, 79.36382729182068, 433.2882742819729, 73.99192646537314, 429.36265444726126, 70.27291820090944, 425.64364618279757, 69.85969506041349, 421.30480320758994, 70.8927529116534, 417.3791833728783, 72.33903390338928, 412.4205056869267, 69.6530834901655, 409.32133213320697, 64.48779423396594, 404.9824891579993, 60.97539753975023, 397.54447262907195, 60.76878596950225, 393.61885279436024, 62.21506696123813, 390.31306767039257, 64.07457109346997, 385.35438998444096, 64.07457109346997, 376.6767040340257, 59.52911654801436, 369.44529907534627, 54.77705043231076, 364.2426939483526, 53.54331437900305, 360.67551202207375, 52.94878405795657, 354.96802094002754, 51.521911287445015, 351.04412082112077, 51.64081735165431, 345.931160060121, 48.668165746421906, 339.1535144001911, 45.695514141189506, 331.30571416237757, 42.722862535957105, 323.57681998877337, 40.58255338018977, 316.4424561362156, 37.60990177495737, 310.7349650541694, 34.75615623393426, 308.0151952695197, 33.06029977997683, 304.89019526951904, 33.06029977997683, 301.93880638062956, 31.324188668865343, 298.46658415840653, 29.240855335531556, 295.51519526951705, 27.851966446642365, 290.2622290766543, 24.809707130048146, 285.9816107651196, 23.263928295327293, 282.41442883884076, 22.669397974280812, 280.03630755465485, 24.21517680900166, 277.7770923346782, 26.47439202897829, 279.08505904098047, 34.08438013837325, 280.49979494990845, 37.268459390321375, 280.93198195559097, 40.82748452359966, 281.8195559200882, 52.218017067980654, 279.00890503251367, 60.206182748455646, 276.346183139022, 69.52570937567646, 272.05624231061876, 79.28902298514589, 267.3225144999669, 87.27718866562087, 258.5947038490776, 101.4783720975764, 248.0935267813779, 114.70248772274486, 237.95319178816607, 123.39420343121216, 217.3103669805562, 136.79393181509926, 194.1324584246434, 144.21810564941507, 185.07858789498997, 145.66672493415962, 178.77391469342302, 147.03939927718352, 163.02017997182602, 147.58263150896272, 150.16368381971813, 145.22862517125282, 142.73950998540232, 142.5124640123568, 134.40994909812116, 136.89906428397165, 126.6236204426192, 127.48303893313208, 120.82914330364099, 115.1697750128034, 115.85650661037357, 101.72713785638612, 114.5889647362221, 91.76788027376735, 116.39973884215279, 81.80862269114856, 117.12404848452506, 75.47091332039115, 119.47805482223495, 69.67643618141294, 121.18315555529773, 61.73929945046067, 123.56269154578018, 59.12180986092996, 122.0212340760747, 55.32941459825456, 117.81347602216168, 59.274187773798026, 114.6576574817269, 62.4300063142328, 112.5537784547704, 64.79687021955887, 105.97915649553129, 67.68970388162408, 96.51170087422697, 71.89746193553711, 88.62215452314004, 76.3682048678197, 76.21249047982303, 82.48454312886594, 66.30124787627074, 87.51412892768353, 57.27757923721566, 92.39578573241823, 52.39592243248095, 94.91057863182704, 48.25391059816059, 96.83365555490434, 43.963969769757355, 96.83365555490434, 34.94030113070228, 102.4549573300534, 32.9369422149346, 103.92942371160116, 20.80676470013925, 103.63356572343542, 16.220965883570276, 106.59214560509282, 13.114457007830005, 109.55072548675022, 10.202277032437092, 114.60546409670428, 8.870916085691261, 118.15575995469317, 7.83541312711117, 122.59362977717927, 6.356123186282469, 128.95457652274268, 3.5674520824640377, 142.28008731158317, 2.010988910523883, 162.87463316969385, 0.07193073877819867, 173.9549655796692, 0.14374770810199955, 207.2224666911324, 0.008481973128711573, 267.0447856034918, 2.3881466567420526, 268.9917839809936, 5.849477105634185, 276.3471111848894, 11.257805932028141, 283.4861052357294, 17.098801064533614, 288.02910144990034, 23.46757651913357, 291.28169121646994, 31.299545191260428, 293.1328838116999, 41.837103041031106, 292.2784872292861, 44.96989050988185, 290.42729463405607, 52.08986202999717, 286.1553117219869, 55.50744835965253, 282.02572824032, 59.77943127172172, 278.0385441890554, 62.48502044936554, 275.3329550114116, 65.9026067790209, 279.8897367842854, 69.32019310867625, 287.7217054564123, 73.44977659034313, 295.98087241974605, 76.58256405919388, 301.534450205436, 80.71214754086077, 306.8032291303213, 82.56334013609076, 308.93922058635593, 83.27533728810229, 312.214407485609, 83.5601361489069, 317.48318641049434, 83.33734282520663, 322.06115156971026, 84.78362381694251, 328.46611024739775, 87.05635108967033, 332.18511851186145, 89.12246679215014, 335.90412677632514, 91.60180563512594, 341.68925074326864, 95.11420232934165, 347.2677631399642, 100.6927147260372, 354.2925565283956, 103.58527670950895, 357.3917300821153, 103.37866513926096, 366.2760276027786, 103.44922674084577, 381.082180945354, 104.68889616233368, 383.9747429288258, 105.30873087307762, 387.48713962304146, 104.89550773258166, 392.44581730899307, 103.44922674084577, 400.2970569784164, 103.44922674084577, 405.66895780486396, 106.13517715406957, 416.4127594577591, 107.58145814580544, 425.29705697842235, 106.54840029456552, 431.2887925156138, 98.07732591439823, 449.4706106974363, 98.07732591439823, 456.49540408586773, 99.40468592313808, 470.4175053869009, 101.88402476611387, 478.68196819682026, 102.39743065215941, 483.22024929765314, 101.98420751166344, 491.8979352480684, 101.3643728009195, 500.78223276873166, 103.43048850339932, 508.0136377274111, 99.6564962618744, 520.6471341011714, 96.06465952717944, 529.1369300195413, 94.43200646595447, 536.9736647134212, 96.39119013942444, 544.810399407301, 102.66942265160978, 552.4311822185673, 107.74439381654737, 555.9682833335239, 118.81705817641124, 562.4273375434444, 129.8897225362751, 565.9644386584009, 140.34723887614652, 569.3477527683593, 159.41682749591206, 572.2697058633235, 170.1202847557462, 571.5246433734297, 174.0872269045073, 570.4667921337601, 179.90540872269023, 571.1279491585536, 186.64921037558406, 572.318031803182, 224.20292938385566, 569.9378665139253, 254.6248624862503, 563.991199119911, 258.51375137513986, 562.9911991199108, 268.95819581958614, 565.1023102310223, 288.1804180418117, 564.7689768976888, 297.84708470848005, 563.4356435643554, 317.03080308031207, 560.7260726072615, 321.69746974697955, 558.8371837183722, 324.85786121144685, 556.6375563832428, 328.8276154647559, 548.5090119598005, 336.9561598881982, 540.3804675363582, 342.43820147610114, 538.8681802017643, 353.40228465190705, 538.8681802017643, 377.73913043478257, 542.1330713953367, 375.36100915059706, 530.2424649744091, 373.06202000162796, 518.6413371015707, 371.73876858385825, 510.89086451177684, 370.9826249165613, 494.2557038312438, 370.9826249165613, 484.2368002395591, 370.79358899973704, 465.33320855713515, 369.4703375819674, 452.66780212991114, 369.87695820621605, 439.52098423453947, 371.7673173744584, 426.6665418904912, 371.7673173744584, 413.6230636296187, 370.06599412304024, 403.79319595475823, 371.38924554080995, 391.8839331948311, 371.57828145763415, 374.1145570133526, 370.06599412304024, 360.88204283565585, 369.12081453891903, 345.19206173924397, 370.633101873513, 332.7156912288442, 373.0111861847813, 314.40264026402645, 377.7370841053873, 298.71265916761456, 381.32876652504785, 284.5349654057966, 385.2985207783569, 271.30245122809987, 388.3230954475447, 264.308122305603, 398.9091067897021, 265.8204096401969, 409.3060822150353, 266.00944555702114, 419.13594988989576, 269.03402022620895, 422.72763230955627, 270.92437939445136, 427.6425661469865, 276.4064209823543, 433.67172634088956, 281.3624810496166, 450.6381518151837, 290.10798679867753, 467.0, 300.13526570048333, 467.0, 290.74798679867774, 467.0, 124.4725403278257, 465.33660228856934, 120.12668247359204, 461.35289925552183, 112.8835860498693, 458.99889291781193, 107.45126373207724, 456.2827317589159, 104.73510257318121, 451.9368739046822, 100.02708989776141, 447.22886122926246, 98.57847061301686, 444.15054524918025, 97.49200614945846, 441.97761632206345, 88.07598079861889, 439.9857648055397, 84.99766481853672]], "scale": 3, "viewpoint": 2, "zoom_in": 2,