{"source": "user", "pair_id": 1052, "item1": {"segmentation": [[177.897187642471, 78.95955648206474, 170.82122510344925, 76.87839102941128, 161.24786402124332, 74.79722557675781, 154.17190148222153, 72.29982703357365, 147.51217203373045, 68.96996230932811, 142.10114185683145, 66.88879685667465, 135.02517931780966, 64.3913983134905, 127.53298368825722, 62.31023286083703, 122.95441969241959, 59.39660122712218, 119.20832187764336, 56.89920268393803, 115.46222406286712, 53.98557105022318, 111.71612624809089, 51.90440559756972, 104.64016370906911, 48.158307782793486, 103.39146443747704, 46.493375420670716, 100.4778328037622, 42.74727760589448, 99.22913353217011, 41.4985783343024, 93.35036315989096, 40.90610742015538, 86.79312221879438, 42.47749342408137, 86.48554820879818, 36.479800229155316, 80.03090426290879, 37.160009605379145, 74.61987408600979, 37.99247578644054, 71.29000936176425, 40.073641239093995, 68.3763777280494, 41.322340510686075, 63.38158064168109, 44.652205234931614, 58.80301664584347, 47.565836868646464, 55.88938501212862, 48.81453614023854, 48.81342247310685, 51.72816777395339, 44.23485847726923, 53.80933322660685, 41.737459934085074, 55.058032498198926, 38.823828300370224, 57.55543104138309, 37.57512902877815, 57.971664131913776, 32.52437016903362, 61.834696995535054, 26.280873811073228, 64.7483286292499, 20.869843634174227, 69.74312571561822, 18.788678181520762, 71.40805807774099, 14.210114185683144, 75.15415589251721, 9.631550189845527, 78.90025370729344, 7.134151646661371, 82.23011843153898, 5.052986194007907, 84.72751697472314, 0.0, 91.6843171306365, 1.0696772801465295, 101.25767821284244, 0.0, 166.60627342616118, 0.6534441896158372, 170.3523712409374, 0.23721109908514393, 175.7634014178364, 0.23721109908514393, 180.7581985042047, 0.6534441896158372, 184.92052940951163, 3.4146805684023636, 188.47526275118304, 3.2608935634042595, 192.93508589612807, 4.029828588394778, 196.77976102108067, 4.3374025983909865, 200.77822315103137, 5.232008185453456, 206.98088320763836, 5.232008185453456, 209.06204866029182, 5.648241275984148, 214.05684574666012, 6.06447436651484, 214.8893119277215, 6.951781683358751, 219.38645075580192, 8.383407751819295, 229.1470353832932, 8.799640842349987, 238.30416337496845, 9.632107023411372, 245.3801259139902, 10.181308788318931, 259.67864606530514, 10.95024381330945, 272.5967544851458, 11.104030818307555, 279.82474372005674, 12.129505566595528, 289.08460041971296, 13.794437928718299, 298.2417284113882, 14.210671019248991, 307.8150894935941, 14.210671019248991, 318.63714984739215, 15.043137200310376, 326.1293454769446, 15.87560338137176, 334.87024037808914, 16.708069562433145, 340.69750364551885, 17.058785463320607, 345.51859338182743, 18.289081503305436, 348.9019074917857, 28.43902383318029, 355.20717469670797, 34.43671702810634, 357.2064057616833, 35.85479172684501, 353.6007294519703, 37.10349099843708, 347.7734661845406, 39.02200600682767, 344.25388559617625, 40.741984233028596, 338.59817815691275, 41.818493268015324, 334.9072900369583, 43.04878930800015, 331.8315499369962, 44.59568662798955, 326.5455785674753, 45.428152809050935, 324.0481800242911, 45.84438589958163, 321.550781481107, 47.093085171173705, 315.72351821367727, 47.093085171173705, 315.72351821367727, 47.92555135223509, 312.39365348943176, 47.92555135223509, 310.3124880367783, 52.50411534807271, 312.39365348943176, 52.50411534807271, 321.550781481107, 53.336581529134094, 328.21051092959806, 55.41774698178756, 336.5351727402119, 56.250213162848944, 342.77866909817226, 57.91514552497171, 348.1896992750713, 59.99631097762518, 354.84942872356237, 62.07747643027864, 361.09292508152276, 63.74240879240141, 366.08772216789106, 67.90473969770834, 375.661083250097, 70.99238182077613, 383.73349945534795, 71.82484800183751, 389.14452963224693, 72.3508475415032, 398.565669715766, 72.6573141828989, 407.45878561559744, 73.48978036396028, 415.36721433568056, 73.48978036396028, 423.27564305576374, 73.67737465788193, 433.5283078480761, 73.36980064788571, 439.98736205799645, 73.83116166288002, 448.13807332289593, 73.98494866787813, 458.2880156527708, 74.44630968287244, 469.05310600263806, 74.73847963555235, 473.63984700997753, 75.21524470786296, 484.2780194974504, 75.52281871785917, 493.3514527923385, 80.13642886780228, 499.19535898226644, 90.55533707571868, 501.9436971660646, 96.38260034314837, 501.9436971660646, 100.961164338986, 500.27876480394184, 99.71246506739391, 508.187193524025, 98.23091651725827, 517.5063665536086, 99.307425552245, 527.9638828934796, 102.83813156401642, 526.4543340147204, 107.91310272895385, 523.9937419347508, 117.44789703883629, 516.3043916848457, 126.76761595188893, 508.187193524025, 130.8273664736713, 504.7703663099878, 134.0568935786315, 502.15598722502006, 136.67127266359927, 500.1567561600447, 140.66973479354996, 498.00373809007124, 145.4981050257701, 494.86773462704286, 155.07146610797605, 494.0352684459815, 157.1526315606295, 494.0352684459815, 166.42738322275102, 496.11748718124267, 171.30455663867303, 497.7813662607577, 178.38051917769482, 500.27876480394184, 182.95908317353243, 501.11123098500326, 187.12141407883936, 501.9436971660646, 194.18623994654425, 506.8747368091349, 198.34857085185118, 508.5396691712577, 201.67843557609672, 510.2046015333804, 210.1854199260758, 514.0676282161079, 213.414947031036, 515.9130722760851, 222.49009010263134, 519.3617295250557, 228.31735337006103, 521.8591280682398, 238.30694754279764, 526.0214589735467, 247.4640755344729, 530.6000229693843, 253.56675459933132, 534.4667892394737, 260.17959581424975, 537.5425293394358, 265.7159279941815, 540.3106954294017, 270.4833251491227, 543.0788615193675, 276.02696601840006, 545.8878344581848, 280.94815017833935, 550.0400835931335, 284.48525129329573, 553.8847587180861, 286.9458433732654, 557.7294338430388, 288.48371342324646, 560.958960947999, 292.6359625581953, 565.418784092944, 297.0957857031403, 566.4952931279307, 304.9042420277085, 564.3149033023705, 305.73670820876987, 560.5688054875942, 305.3204751182392, 556.4064745822873, 304.9042420277085, 550.9954444053883, 303.2393096655857, 546.4168804095507, 302.4068434845243, 542.6707825947744, 301.57437730346294, 539.3409178705289, 300.32567803187084, 534.3461207841606, 300.32567803187084, 530.6000229693843, 300.32567803187084, 522.6915942493013, 300.32567803187084, 519.7779626155864, 300.32567803187084, 515.6156317102794, 300.32567803187084, 511.8695338955032, 300.7419111224016, 507.70720299019627, 301.57437730346294, 503.12863899435865, 302.4068434845243, 500.2150073606438, 302.823076575055, 496.4689095458676, 302.823076575055, 493.9715110026834, 303.6555427561164, 491.89034555002996, 304.9042420277085, 488.1442477352537, 305.73670820876987, 484.39814992047747, 307.4016405708926, 481.06828519623195, 308.234106751954, 476.905954290925, 310.73150529513816, 470.6624579329646, 312.39643765726095, 466.9163601181884, 314.06137001938373, 462.33779612235077, 316.14253547203714, 456.9267659454518, 317.8074678341599, 451.93196885908344, 319.056167105752, 448.60210413483793, 320.30486637734407, 442.7748408674082, 320.7210994678748, 440.69367541475475, 321.55356564893617, 437.36381069050924, 321.96979873946685, 434.45017905679435, 322.3860318299976, 431.12031433254884, 322.3860318299976, 428.206682698834, 322.8022649205283, 426.54175033671123, 325.2996634637124, 426.54175033671123, 330.7106936406114, 426.1255172461805, 333.20809218379554, 426.1255172461805, 334.04055836485696, 426.1255172461805, 336.12172381751043, 426.1255172461805, 341.9489870849401, 426.1255172461805, 345.69508489971633, 425.7092841556498, 347.7762503523698, 425.7092841556498, 350.68988198608463, 425.7092841556498, 354.0197467103302, 425.7092841556498, 354.85221289139156, 425.7092841556498, 355.02121187865197, 421.376283762385, 356.68614424077475, 417.2139528570781, 357.5186104218361, 412.6353888612405, 357.5186104218361, 407.2243586843415, 357.10237733130543, 403.47826086956525, 356.68614424077475, 400.1483961453197, 355.43744496918265, 