{"source": "user", "pair_id": 1078, "item1": {"segmentation": [[200.74697158383282, 49.99130533227672, 209.42465753424656, 48.958247481036985, 224.3006905920987, 47.71857805954931, 237.93705422846315, 46.06568549756574, 250.95358315408376, 43.379735084342435, 259.83788067474546, 42.96651194384654, 272.85440960036607, 40.69378467111913, 282.2402807653123, 38.46192686516585, 289.6782972942384, 34.949530170950766, 300.62871051737955, 30.197464055248, 305.7939997735782, 25.858621080041125, 310.95928902977687, 21.933001245330146, 312.8187931620084, 21.519778104834256, 320.8766444016783, 23.585893807313717, 325.4220989471331, 24.825563228801396, 330.5873882033318, 25.65200950979318, 334.9262311785386, 27.718125212272643, 337.8187931620099, 28.751183063512375, 340.0915204347373, 31.023910336239783, 342.3642477074647, 32.05696818747951, 345.8766444016798, 33.296637608967195, 350.62871051738256, 33.70986074946309, 356.0006113438292, 34.949530170950766, 361.16590060002784, 36.60242273293433, 365.0915204347388, 38.04870372466996, 371.2898675421772, 40.528042567645315, 375.4220989471361, 41.76771198913299, 391.6376316087397, 45.56741763840136, 405.68721838560003, 50.939318464847965, 418.2905241707248, 58.170723423526084, 428.6211026831221, 67.67485565493162, 436.47234235254405, 76.55915317559331, 444.53019359221395, 95.98064077890027, 449.1803464281671, 109.85527001018905, 453.51918940337396, 123.28502207630555, 459.3043133703165, 139.19411298539742, 465.29604890750693, 156.9627080267208, 467.0, 165.22717083663863, 467.0, 313.2314955281328, 460.0778897316876, 314.0579418091246, 460.6977244424314, 316.12405751160406, 455.87313483527817, 327.519868674289, 450.50123400883155, 340.74300917015756, 446.1623910336247, 350.04052983131515, 440.58387863693014, 356.23887693875355, 434.1789199592438, 363.4702818974317, 431.4929695460205, 362.230612475944, 424.6747877278383, 353.75953809577817, 419.9227216121355, 349.62730669081924, 408.35247367825053, 343.015736442885, 401.9475150005642, 337.23061247594245, 400.0880108683327, 330.6190422280082, 400.0880108683327, 325.86697611230545, 394.3028869013902, 318.8421827238752, 389.689256198348, 329.7402468017672, 385.14380165289316, 348.5418996943303, 383.0776859504137, 363.83115589267834, 383.28429752066165, 388.41793275218396, 383.0896864032602, 419.2058417298767, 382.6764632627643, 445.6521227216138, 381.64340541152455, 464.247164043929, 378.6456243631835, 495.90186799501623, 376.786120230952, 516.5630250198109, 374.3067813879766, 533.0919506396466, 371.8274425450013, 549.6208762594823, 369.9679384127698, 560.1580663421275, 365.4470055473795, 582.5686403260493, 361.7279972829164, 603.4364089210918, 360.2817162911808, 610.4612023095219, 355.5945205479452, 623.0, 94.02739726027397, 623.0, 90.72161213630683, 606.4341899694329, 89.48194271481916, 595.4837767462917, 84.93648816936434, 583.0870825314149, 79.35797577266979, 563.665594928108, 78.32491792143006, 549.6160081512477, 76.25880221895059, 537.8391486471147, 73.98607494622318, 519.6573304652954, 71.50673610324783, 508.50030567190635, 71.02098947130142, 493.8362730669082, 69.16148533906991, 479.373463149552, 68.74826219857401, 473.7949507528574, 69.5747084795658, 461.81147967847653, 71.02098947130142, 453.13379372806276, 73.08710517378088, 442.8032152156655, 75.56644401675624, 425.447843314838, 77.42594814898776, 415.32387637268863, 78.87222914072339, 406.02635571153104, 80.56164383561793, 390.9736216461015, 83.0409826785933, 373.41163817502604, 83.24759424884124, 373.2050266047781, 84.69387524057686, 353.9901505717191, 86.14015623231249, 344.6926299105615, 86.75999094305632, 339.52734065436283, 84.28065210008097, 329.19676214196556, 83.45420581908918, 324.44469602626276, 83.24759424884124, 319.2794067700641, 82.00792482735356, 314.52734065436135, 79.73519755462615, 308.5356051171709, 77.46247028189875, 301.9240348692366, 74.77651986867545, 300.27114230725306, 67.54511490999732, 296.75874561303795, 51.63602400090546, 301.9240348692366, 38.412883505036895, 305.4364315634517, 21.13490320389452, 311.3518170497, 12.663828823728723, 314.4509906034192, 0.0, 321.4027397260274, 0.0, 166.6849315068493, 11.140677006679446, 153.03656741763837, 16.512577833126052, 144.97871617796847, 20.644809238084974, 136.7142533680506, 25.810098494283633, 128.86301369862863, 30.404075625495945, 120.18202196309467, 32.67680289822336, 112.7440054341686, 34.12308388995898, 94.76879882259728, 37.42886901392612, 90.22334427714246, 46.106554964339864, 85.88450130193559, 62.84209215442351, 81.33904675648077, 76.06523265029207, 76.586980640778, 88.04870372467296, 71.00846824408345, 98.04623570700825, 65.47899920751786, 111.88921091362064, 58.86742895958358, 125.5255745499851, 52.04924714140135, 140.60821917808516, 45.85090003396296, 152.59169025246607, 40.6856107777643, 156.905490773237, 41.872931054002805, 164.9633420129069, 46.62499716970557, 176.120366806296, 48.89772444243298, 189.5501188724125, 49.310947582928875]], "scale": 3, "viewpoint": 1, "zoom_in": 2, "landmarks": [230, 47, 2, 311, 22, 2, 0, 0, 0, 0, 0, 0, 0, 0, 0, 155, 45, 2, 436, 83, 2, 0, 0, 0, 439, 361, 2, 398, 328, 2, 403, 315, 2, 406, 298, 2, 394, 310, 2, 383, 392, 2, 381, 465, 2, 371, 550, 2, 0, 0, 0, 0, 0, 0, 0, 0, 0, 78, 555, 2, 71, 476, 2, 82, 394, 2, 82, 312, 2, 70, 297, 2, 32, 306, 2, 0, 0, 0, 0, 0, 0, 18, 147, 2, 38, 89, 2], "style": 2, "bounding_box": [0, 20, 467, 623], "category_id": 10, "occlusion": 1, "category_name": "short sleeve dress"}}