{"source": "user", "pair_id": 1078, "item1": {"segmentation": [[169.37905581342744, 18.5339975093397, 180.94930374731243, 22.45961734405068, 192.5195516811974, 23.49267519529041, 214.42037812747972, 22.666228914298628, 229.0897996150839, 21.633171063058896, 239.00715498698534, 21.219947922563, 247.15718328993563, 20.430023774482205, 260.17371221555624, 20.016800633986314, 272.36379486018507, 17.744073361258902, 284.5538775048139, 13.818453526547923, 290.9299671685726, 10.885542850674007, 300.2274878297302, 7.373146156458921, 302.7068266727056, 3.8607494622438336, 303.3266613834494, 0.5549643382766929, 312.83079361485494, 2.001245330012317, 320.88864485452484, 5.307030453979458, 332.8721159289057, 8.612815577946598, 346.67370089437253, 11.817208196535606, 360.31006453073695, 14.709770180006853, 370.02080833239046, 16.56927431223837, 379.524940563796, 20.08167100645346, 386.96295709272204, 23.387456130420595, 395.2274199026399, 24.420513981660328, 402.0456017208221, 26.693241254387736, 409.8968413902441, 31.858530510586398, 417.74808105966605, 37.43704290728095, 426.8389901505757, 49.83373712215772, 435.31006453074144, 64.50315860976191, 446.26047775388264, 82.27175365108529, 454.1117174233046, 96.73456356844153, 460.72328767123884, 108.51142307257447, 465.33639759990956, 115.78213517491233, 467.0, 119.08792029887947, 467.0, 239.35446620627116, 462.15217932752194, 243.28008604098216, 455.12738593909177, 247.618929016189, 444.3835842861985, 254.43711083437125, 433.4331710630574, 263.11479678478497, 425.3753198233875, 269.5197554624713, 414.2182950299984, 278.19744141288504, 400.9951545341298, 287.90818521453855, 391.69763387297223, 294.31314389222484, 388.1852371787571, 296.9990943054482, 383.8463942035503, 293.0734744707372, 378.8877165175996, 288.9412430657783, 377.44143552586394, 286.255292652555, 378.2678818068557, 272.8255405864385, 378.6811049473516, 265.8007471980083, 379.71416279859136, 260.22223480131373, 379.9207743688393, 256.9164496773466, 376.20176610437625, 252.9908298426356, 371.0364768481776, 248.4453752971808, 369.79680742668995, 249.06521000792463, 369.79680742668995, 257.7428959583384, 371.0364768481776, 271.1726480244549, 371.65631155892146, 282.12306124759607, 372.6893694101612, 291.4205819087536, 372.89598098040915, 298.65198686743173, 374.05164723197123, 313.8311558926753, 376.1177629344507, 326.847684818296, 377.3574323559384, 341.7237178761481, 379.2169364881699, 351.43446167780155, 380.86982905015344, 367.34355258689345, 381.4896637608973, 383.2526434959853, 382.47802558587125, 401.6722064983574, 381.6515793048795, 413.4490660024903, 379.7920751726479, 432.25071889505347, 379.1722404619041, 437.829231291748, 378.13918261066436, 447.5399750934015, 376.4862900486808, 458.0771651760468, 373.9382542737466, 471.55057171968616, 371.25230386052334, 484.7737122155547, 368.5663534473, 496.5505717196877, 365.67379146382876, 501.5092494056384, 364.2275104720931, 506.88115023208496, 363.6076757613493, 519.8976791577056, 364.2275104720931, 530.228257670103, 366.15188497679173, 545.7149099966011, 364.4989924148082, 553.772761236271, 362.84609985282464, 564.5165628891642, 362.4328767123287, 573.4008604098259, 362.6394882825767, 585.3843314842068, 362.4328767123287, 597.1611909883397, 362.84609985282464, 600.4669761123068, 360.72328767123287, 622.2904109589041, 280.4533001245314, 623.0, 278.18057285180396, 615.148760330578, 277.1475150005642, 606.6776859504123, 278.18057285180396, 598.8264462809902, 277.76734971130804, 593.8677685950396, 274.8747877278368, 590.5619834710724, 272.1888373146135, 588.4958677685929, 262.89131665345593, 586.0165289256176, 252.97396128155452, 585.8099173553696, 241.19710177742158, 587.8760330578491, 232.7260273972558, 591.3884297520642, 221.36343258236164, 594.9855088871273, 211.03285406996434, 595.3987320276232, 202.56177968979853, 594.7788973168794, 195.53698630136836, 592.7127816143999, 187.47913506169846, 588.9937733499369, 182.3138458054998, 586.3078229367136, 175.49566398731758, 584.448318804482, 166.81797803690384, 584.448318804482, 153.12595947017, 585.3194611117397, 146.30777765198775, 582.4268991282684, 135.97719913959043, 580.7740065662848, 127.50612475942464, 584.079791690252, 119.24166194950679, 588.6252462357068, 114.28298426355607, 595.4434280538891, 106.63835616438206, 601.6417751613275, 93.44408468244112, 610.9916449677341, 87.45234914525068, 615.743711083437, 79.80772104607667, 620.7023887693877, 72.98953922789444, 623.0, 64.93168798822452, 623.0, 64.3118532774807, 612.6445375297178, 64.99325257557146, 594.3940224159396, 66.0263104268112, 582.4105513415587, 65.81969885656324, 572.9064191101533, 67.67920298879476, 570.22046869693, 68.29903769953859, 565.8816257217231, 68.50564926978655, 558.650220763045, 68.29903769953859, 551.8320389448627, 67.8858145590427, 546.2535265481682, 66.85275670780297, 539.6419563002339, 65.1998641458194, 520.013857126679, 65.81969885656324, 506.79071663081044, 66.09066002490687, 488.35097928223695, 68.77661043813018, 468.3096569681862, 71.25594928110553, 447.23527680289567, 73.73528812408088, 429.2600701913243, 75.1815691158165, 412.9377561417366, 75.80140382656035, 395.37577267066115, 77.36925166987544, 384.1510924940561, 76.7494169591316, 366.1758858824848, 76.7494169591316, 350.06018340314495, 77.57586324012338, 334.564315634549, 79.84859051285079, 316.58910902297765, 82.53454092607409, 306.0519189403324, 83.77421034756176, 301.5064643948776, 88.13322766896998, 294.34914525076437, 91.23240122268918, 281.95245103588763, 94.74479791690426, 267.07641797803547, 94.9514094871522, 259.4317898788615, 91.64562436318506, 253.44005434167101, 89.37289709045766, 251.78716177968744, 84.82744254500284, 255.91939318464637, 82.96793841277133, 259.01856673836556, 79.66215328880418, 268.5226989697711, 75.11669874334936, 275.5474923582013, 63.95967394996027, 283.81195516811914, 58.38116155326571, 287.94418657307807, 54.042839352430306, 285.4730216234575, 42.05936827804942, 278.6548398052753, 35.44779803011514, 273.4895505490766, 26.150277368957553, 266.2581455903985, 17.817117627080876, 260.0237971244206, 8.106373825427399, 252.79239216574248, 5.213811841956151, 249.07338390127944, 4.800588701460258, 245.14776406656847, 8.932820106419184, 235.0237971244191, 16.37083663534525, 214.56925166987241, 23.808853164271316, 195.56098720706137, 28.564745839465765, 182.3710630589836, 32.07714253368085, 168.73469942261914, 36.622597079135666, 153.858666364767, 41.37466319483843, 139.80907958790664, 44.59540360013709, 130.03398618815746, 48.93424657534396, 115.98439941129712, 51.413585418319315, 106.27365560964364, 55.962866523265824, 97.01752518963167, 60.095097928224746, 84.00099626401106, 61.33476734971242, 73.87702932186168, 63.81410619268778, 67.6786822144233, 73.31823842409331, 61.893558247480804, 79.92980867202759, 59.00099626400956, 88.60749462244134, 52.182814445827326, 98.6175478319946, 44.40079248273565, 114.93986188158236, 36.75616438356164, 125.89027510472351, 31.79748669761093, 135.39440733612904, 27.045420581908164, 145.65959470168775, 19.461836295709617, 150.8248839578864, 14.9163817502548, 156.196784784333, 12.023819766783552, 161.36207404053167, 11.197373485791767, 165.70091701573853, 13.26348918827123]], "scale": 3, "viewpoint": 1, "zoom_in": 2, "landmarks": [227, 27, 2, 156, 15, 2, 170, 71, 2, 219, 111, 2, 281, 72, 2, 303, 5, 2, 61, 76, 2, 36, 163, 2, 8, 243, 2, 60, 287, 2, 74, 267, 2, 89, 252, 2, 91, 262, 2, 77, 346, 2, 76, 420, 2, 66, 515, 2, 68, 620, 2, 217, 594, 2, 0, 0, 0, 364, 522, 2, 383, 418, 2, 379, 345, 2, 370, 258, 2, 359, 244, 2, 380, 260, 2, 386, 293, 2, 0, 0, 0, 0, 0, 0, 410, 34, 2], "style": 2, "bounding_box": [0, 0, 467, 623], "category_id": 10, "occlusion": 1, "category_name": "short sleeve dress"}}