{"source": "user", "pair_id": 1129, "item1": {"segmentation": [[182.37601410934778, 59.83033509700174, 177.7463844797182, 61.373544973544945, 174.9791547554663, 62.28985552035849, 166.75849493934953, 63.37152128563702, 160.26850034767838, 64.45318705091555, 153.1295062968401, 65.31851966313837, 144.0435138685005, 66.40018542841689, 135.39018774627226, 67.48185119369542, 128.7510204081632, 70.00816326530612, 121.24081632653058, 71.9673469387755, 110.46530612244898, 74.57959183673468, 102.62857142857146, 76.53877551020406, 97.40408163265312, 76.86530612244897, 92.50612244897965, 80.45714285714283, 84.01632653061233, 86.98775510204077, 76.50612244897971, 93.8448979591836, 69.32244897959198, 100.04897959183664, 62.46530612244914, 107.23265306122437, 54.824489795918346, 114.9061224489796, 47.64081632653061, 121.76326530612243, 42.41632653061227, 126.0081632653061, 37.51836734693881, 131.88571428571424, 32.81632653061217, 135.8040816326531, 24.326530612244852, 136.7836734693878, 16.489795918367328, 137.43673469387758, 11.591836734693874, 137.76326530612246, 8.326530612244905, 139.06938775510207, 5.061224489795936, 143.31428571428572, 2.122448979591864, 147.88571428571427, 0.0, 151.80408163265304, 0.0, 155.069387755102, 0.0, 161.50204081632654, 1.6326530612244843, 165.4204081632653, 4.571428571428556, 168.35918367346937, 7.836734693877525, 171.95102040816326, 13.061224489795874, 178.1551020408163, 19.91836734693871, 183.05306122448974, 27.755102040816233, 188.2775510204081, 34.612244897959066, 193.82857142857134, 39.51020408163252, 199.3795918367346, 45.387755102040664, 203.29795918367336, 46.69387755102025, 205.91020408163251, 50.28571428571412, 207.21632653061212, 53.877551020407985, 205.58367346938763, 59.10204081632634, 203.29795918367336, 64.32653061224468, 200.68571428571417, 68.24489795918345, 197.0938775510203, 70.53061224489772, 195.46122448979582, 72.16326530612221, 195.46122448979582, 73.1428571428569, 197.42040816326522, 73.46938775510179, 200.3591836734693, 74.1224489795916, 209.1755102040815, 75.10204081632628, 223.21632653061206, 75.42857142857117, 238.8897959183671, 76.73469387755077, 252.93061224489767, 77.06122448979566, 267.95102040816295, 77.06122448979592, 286.10612244897965, 76.40816326530611, 300.1469387755102, 74.44897959183675, 315.4938775510204, 73.14285714285715, 329.5346938775509, 71.51020408163266, 339.65714285714273, 69.87755102040819, 354.677551020408, 67.265306122449, 368.7183673469386, 64.00000000000004, 383.085714285714, 61.38775510204086, 395.4938775510201, 59.102040816326586, 407.5755102040813, 56.130612244897954, 420.14693877551025, 52.53877551020409, 435.49387755102043, 49.27346938775512, 449.2081632653061, 46.33469387755105, 463.24897959183664, 43.722448979591874, 475.65714285714273, 42.41632653061228, 480.8816326530611, 42.089795918367386, 484.1469387755101, 44.04897959183677, 487.412244897959, 46.987755102040836, 490.0244897959182, 54.82448979591837, 499.82040816326514, 63.96734693877548, 513.2081632653059, 73.69795918367349, 526.6938775510205, 85.77959183673468, 541.3877551020408, 99.82040816326524, 556.408163265306, 116.79999999999987, 575.3469387755101, 129.73061224489797, 589.3877551020408, 137.8938775510204, 597.8775510204082, 142.79183673469385, 601.795918367347, 146.05714285714282, 603.4285714285714, 151.60816326530608, 604.0816326530612, 168.2612244897958, 605.3877551020408, 183.28163265306108, 605.3877551020408, 205.48571428571404, 605.3877551020408, 227.03673469387724, 604.7346938775511, 243.3632653061221, 605.0612244897959, 259.0367346938771, 605.0612244897959, 279.0857142857143, 605.5836734693878, 296.3918367346938, 605.2571428571429, 313.69795918367333, 605.9102040816327, 332.3102040816325, 605.2571428571429, 353.5346938775508, 604.6040816326531, 375.73877551020377, 602.6448979591837, 389.1591836734694, 602.4816326530613, 401.24081632653053, 601.8285714285714, 411.6897959183673, 603.461224489796, 417.2408163265305, 605.0938775510205, 421.48571428571415, 605.0938775510205, 424.0979591836733, 603.7877551020408, 425.40408163265295, 601.5020408163266, 425.077551020408, 596.6040816326531, 425.077551020408, 589.0938775510205, 425.40408163265295, 581.9102040816327, 425.40408163265295, 577.9918367346941, 424.75102040816313, 574.0734693877553, 423.11836734693867, 568.1959183673471, 422.13877551020397, 557.0938775510206, 418.873469387755, 544.3591836734696, 416.5877551020407, 524.7673469387759, 413.97551020408156, 508.1142857142861, 410.38367346938765, 494.7265306122453, 408.09795918367337, 480.03265306122495, 405.55102040816325, 461.09387755102046, 402.61224489795916, 440.84897959183684, 399.3469387755102, 420.6040816326532, 395.42857142857144, 403.2979591836737, 392.8163265306123, 380.7673469387758, 391.18367346938777, 361.5020408163269, 391.08163265306126, 343.7877551020413, 390.06122448979596, 319.8081632653067, 390.06122448979596, 298.889795918368, 391.08163265306126, 282.5632653061232, 392.10204081632656, 265.216326530613, 394.89387755102047, 246.13877551020408, 397.95510204081637, 230.3224489795919, 401.0163265306123, 218.07755102040827, 402.5469387755102, 208.3836734693879, 409.1795918367347, 212.97551020408176, 416.83265306122445, 217.05714285714296, 423.4653061224489, 219.60816326530622, 429.07755102040807, 221.64897959183682, 432.11333597150764, 221.28151958844487, 435.71444400474866, 220.45049465769696, 438.4845271072417, 217.40340324495457, 440.7005935892362, 214.0793035219629, 446.2407597942223, 208.8161456272261, 455.65904234269874, 193.5806885635142, 463.1746692433477, 181.95712799167532, 467.0, 176.15873015873018, 467.0, 165.35626102292775, 467.0, 148.68959435626113, 467.0, 137.8871252204587, 467.0, 133.5661375661377, 463.85291005291003, 135.10934744268093, 458.91463844797175, 135.41798941798956, 454.5936507936508, 135.41798941798956, 450.27266313932984, 133.87477954144634, 445.0257495590829, 130.78835978835994, 435.1492063492064, 124.30687830687847, 423.1121693121694, 117.82539682539702, 415.08747795414473, 112.26984126984148, 406.13686067019415, 105.78835978836003, 398.3679012345679, 97.57954144620808, 393.7382716049383, 92.64126984126983, 389.72592592592594, 88.32028218694886, 384.78765432098766, 84.61657848324516, 379.2320987654321, 81.53015873015875, 372.44197530864204, 79.06102292768962, 362.2567901234569, 75.0486772486773, 350.21975308641987, 70.72768959435632, 338.4913580246915, 67.02398589065263, 326.14567901234585, 64.24620811287485, 315.0345679012348, 60.54250440917116, 308.5530864197533, 57.45608465608475, 302.68888888888915, 56.221516754850185, 298.11675485008817, 57.36119929453261, 293.7957671957672, 59.83033509700174, 289.1661375661376, 63.22539682539679, 280.5241622574956, 65.69453262786593, 271.57354497354504, 68.78095238095233, 264.4747795414463, 69.08959435626097, 261.0797178130513, 68.4723104056437, 256.141446208113, 67.23774250440913, 248.42539682539697, 66.62045855379185, 238.2402116402118, 66.3118165784832, 232.067372134039, 66.92910052910048, 227.43774250440939, 67.23774250440913, 223.1167548500884, 68.78095238095233, 220.95626102292792, 69.08959435626097, 217.25255731922422, 69.08959435626097, 210.46243386243412, 69.08959435626097, 204.59823633156992, 67.23774250440913, 197.4994708994712, 64.45996472663136, 190.7093474426811, 62.29947089947087, 187.0056437389774, 59.83033509700174]], "scale": 3, "viewpoint": 1, "zoom_in": 2, "landmarks": [242, 73, 2, 184, 64, 2, 195, 115, 2, 242, 158, 2, 285, 123, 2, 307, 61, 2, 98, 77, 2, 46, 124, 2, 0, 0, 0, 45, 209, 2, 61, 201, 2, 73, 189, 2, 76, 220, 2, 74, 341, 2, 122, 483, 2, 228, 603, 2, 426, 603, 2, 390, 346, 2, 396, 223, 2, 399, 195, 2, 411, 209, 2, 429, 223, 2, 0, 0, 0, 423, 119, 2, 383, 84, 2], "style": 1, "bounding_box": [0, 51, 467, 610], "category_id": 1, "occlusion": 1, "category_name": "short sleeve top"}}