{"source": "user", "pair_id": 1152, "item1": {"segmentation": [[187.14950527064607, 41.32393455345017, 179.0010217939598, 34.08083812972905, 176.58782901118798, 30.260518657440333, 169.88796481924595, 21.568802948974984, 158.29901054129215, 27.906512319730968, 149.96944965401286, 31.3469831209985, 137.83726314427997, 37.86576990234751, 123.53214770743075, 44.9277889154756, 111.48646446355818, 50.885339196792344, 107.50276143051155, 53.05826812390868, 99.53535536441832, 61.568906421781, 91.93010411951114, 69.17415766668819, 90.30040742417388, 70.6227769514324, 84.14377546401093, 83.84142792472346, 80.16007243096432, 96.87900148742148, 77.04347151264308, 112.32656017590377, 72.6976136584104, 133.331539804695, 69.80037508892195, 154.15544202289325, 67.80852357239864, 172.08210567160302, 64.0801914246912, 193.61779732264117, 59.915410981051544, 218.06324775269997, 56.12178749272454, 246.48888314039976, 52.86239410205004, 267.674940179784, 50.508387764340675, 280.8935911530751, 48.69761365841039, 292.12039060984284, 52.50023928086398, 297.7337903382267, 55.75963267153849, 299.544564444157, 59.56225829399208, 296.46624846407553, 61.19195498932933, 295.92301623229645, 62.64057427407356, 298.2770225700058, 65.53781284356201, 301.17426113949426, 65.53781284356201, 302.9850352454245, 63.90811614822475, 307.3308930996572, 68.43505141305046, 309.8659768479596, 74.59168337321341, 308.4173575632154, 80.9293927439694, 303.34719006661055, 87.9914117570975, 295.7419388217034, 95.7777404125977, 287.4123779344241, 99.94252085623734, 282.1611330272263, 100.48575308801642, 283.0665200801914, 101.21006273038853, 297.37163551704066, 101.02898531979551, 308.7795123844014, 102.65868201513277, 322.54139558947156, 103.73583392614627, 334.01684019918525, 105.54660803207656, 355.92720688094164, 105.54660803207656, 376.0267994567678, 104.64122097911141, 399.02363060208233, 105.00337580029748, 420.2096876414666, 102.83044687318113, 452.91878678134907, 102.46829205199508, 481.34794024445443, 103.01152428377416, 497.64490719782697, 103.41227446161805, 531.5858500937723, 105.0419711569553, 555.125913470866, 107.41077410593029, 570.0482441958223, 110.48909008601177, 585.8019789174158, 112.9350837483024, 601.6920907973873, 115.38107741059304, 615.6141499062278, 117.55400633770937, 617.6060014227511, 120.08909008601177, 616.8816917803789, 121.53770937075599, 616.3384595485999, 122.80525124490718, 613.9844532108905, 125.70248981439563, 613.8033758002974, 128.96188320507014, 614.5276854426696, 132.40235400633767, 613.9844532108905, 136.56713444997732, 617.062769190972, 141.99945676776815, 616.5195369591929, 145.4399275690357, 614.1655306214835, 147.25070167496597, 611.2682920519951, 147.79393390674505, 603.3008859859018, 151.05332729741957, 603.1198085753089, 153.58841104572195, 599.4982603634483, 154.13164327750104, 599.3171829528552, 157.7531914893616, 602.9387311647158, 160.28827523766398, 603.844118217681, 163.90982344952457, 601.6711892905646, 165.35844273426878, 599.1361055422622, 168.43675871435028, 604.025195628274, 172.23938433680385, 604.568427860053, 176.22308736985048, 600.7658022375995, 178.75817111815286, 606.3792019659833, 184.52243419776244, 607.2459936622906, 205.5274138265537, 611.2296966953372, 218.38390997865866, 612.8593933906745, 229.61070943542643, 613.0404708012676, 243.01043781931048, 612.1350837483025, 252.5773265213736, 608.5788268770614, 255.29348768026904, 607.8545172346893, 264.7095130311065, 605.1383560757938, 272.67691909719974, 601.3357304533403, 279.1957058785487, 599.1628015262239, 283.72264114337446, 595.3601759037704, 295.6737502425143, 594.9980210825843, 300.019608096747, 600.6114208109682, 304.9086981827587, 600.6114208109682, 307.8059367522472, 596.4466403673284, 310.88425273232866, 600.068188579189, 315.2301105865613, 600.7924982215611, 317.22196210308465, 598.9817241156309, 318.4895039772358, 596.6277177779215, 321.5678199573173, 600.6114208109682, 325.00829075858485, 602.2411175063054, 328.243264567031, 598.9521308930996, 328.96757420940315, 596.2359697342042, 331.1405031365195, 599.8575179460647, 332.77019983185676, 602.0304468731811, 336.9349802754964, 602.2115242837741, 338.74575438142665, 604.3844532108905, 343.4775658022376, 621.6935911530751, 343.4656664295415, 623.0, 355.5978529392744, 623.0, 358.1329366875768, 611.968802948975, 359.581555972321, 599.2933842074631, 361.5734074888443, 586.6179654659511, 362.65987195240245, 577.7451723468927, 364.10849123714667, 566.8805277113111, 364.10849123714667, 559.4563538769969, 366.8246523960421, 551.6700252214966, 369.81967276725084, 529.6801914246912, 372.53583392614627, 505.05366358403944, 374.52768544266956, 482.2379098493179, 375.07091767444865, 460.1464657569685, 376.7540063377094, 440.3324581258488, 376.9350837483024, 419.5085559076506, 377.65939339067455, 395.6063377093709, 378.7458578542327, 373.51489361702147, 380.96027937657635, 346.38670374442216, 383.31428571428575, 322.30340813554943, 386.0304468731812, 304.0145896656536, 387.66014356851844, 292.78779020888584, 389.10876285326265, 285.36361637457173, 389.8330724956348, 283.3717648580484, 393.8167755286814, 292.4256353876998, 399.43017525706523, 306.549673413956, 402.8706460583328, 318.31970510250284, 407.7597361443445, 329.54650455927055, 412.1055939985772, 330.4518916122357, 416.27037444221685, 329.7275819698636, 422.2459289917868, 323.9331048308867, 427.31609648839157, 315.96569876479344, 434.9213477332988, 308.5415249304793, 442.88875379939196, 301.29842850675817, 445.0616827265083, 297.3147254737116, 444.5184504947292, 284.6393067321996, 442.88875379939196, 270.87742352712945, 441.98885080514776, 253.44411821768094, 441.2645411627757, 228.6365129664361, 438.9105348250663, 207.8126107482379, 437.8240703615081, 188.43732781478388, 436.0727931190584, 164.09059044169953, 433.53770937075603, 139.64514001164073, 429.9161611588955, 117.55369591929131, 425.20525124490723, 97.23184375606289, 421.04047080126753, 83.28888314039972, 417.08346375218264, 73.92656017590377, 413.64299295091513, 71.57255383819441, 407.1242061695661, 61.97545107676392, 396.98387117635656, 53.283735368298565, 386.544085882429, 45.978555260945456, 378.0334475845567, 42.3570070490849, 367.8931125913471, 38.37330401603828, 362.46079027355626, 36.92468473129406, 353.40691974390484, 29.86266571816596, 351.0529134061955, 29.319433486386878, 343.62873957188134, 25.516807863933288, 336.9349802754964, 21.877565802237594, 332.77019983185676, 20.066791696307313, 331.1405031365195, 20.791101338679425, 328.96757420940315, 26.404501067063297, 321.18124555390295, 31.293591153075056, 308.505826812391, 37.9934553450171, 294.3817887861348, 43.96900989458702, 283.0041259781414, 48.374054193882166, 272.32055875315274, 49.279441246847306, 260.18837224341985, 50.184828299812445, 234.29430252861684, 50.72806053159153, 221.61888378710486, 48.55513160447519, 208.58131022440685, 46.92543490913794, 196.3368557201061, 45.48871499708982]], "scale": 3, "viewpoint": 1, "zoom_in": 1, "landmarks": [251, 52, 2, 172, 26, 2, 201, 76, 2, 246, 91, 2, 297, 71, 2, 335, 22, 2, 84, 76, 2, 64, 181, 2, 49, 287, 2, 78, 307, 2, 96, 276, 2, 102, 238, 2, 102, 254, 2, 106, 301, 2, 108, 357, 2, 104, 490, 2, 117, 617, 2, 234, 608, 2, 356, 623, 2, 373, 488, 2, 380, 352, 2, 384, 302, 2, 390, 267, 1, 374, 238, 2, 393, 288, 2, 411, 330, 2, 446, 300, 2, 436, 183, 2, 417, 77, 2], "style": 1, "bounding_box": [39, 12, 449, 623], "category_id": 10, "occlusion": 1, "category_name": "short sleeve dress"}}