{"source": "user", "pair_id": 1165, "item1": {"segmentation": [[55.21317850391639, 271.54631379962115, 50.86535241695979, 280.4310018903586, 47.462705914124186, 288.18147448015077, 44.06005941128858, 298.38941398865757, 38.956089657035164, 307.6521739130434, 35.55344315419956, 314.6465028355388, 31.583688900891357, 321.2627599243858, 27.04682689711055, 328.4461247637054, 25.534539562516947, 333.739130434783, 25.15646772886855, 340.73345935727843, 25.91261139616535, 348.10586011342224, 27.04682689711055, 354.53308128544506, 16.50285714285712, 375.5428571428566, 6.902857142856778, 391.54285714285714, 1.7828571428565958, 399.8628571428574, 0.0, 406.2628571428577, 0.0, 429.3028571428585, 7.056696428571398, 430.6370535714285, 19.94732142857175, 431.0276785714285, 35.18169642857217, 433.37142857142857, 55.49419642857272, 440.01205357142874, 70.72857142857315, 448.21517857142896, 76.9785714285733, 452.9026785714291, 73.90376476587205, 467.16083963627165, 70.81036797824558, 472.8717260134282, 69.38264638395644, 477.39284439534384, 69.14469278490824, 480.01033398487397, 69.14469278490824, 481.2001019801149, 72.23808957253473, 480.48624118297033, 76.04534715730578, 477.8687515934402, 79.13874394493226, 475.7271692020065, 79.85260474207684, 472.63377241438, 80.09055834112502, 469.54037562675353, 83.89781592589607, 465.2572108438861, 85.08758392113702, 463.829489249597, 86.75325911447436, 460.97404606101867, 87.46711991161894, 457.4047420752958, 88.1809807087635, 453.1215772924284, 85.32553752018522, 447.8865981133682, 85.5634911192334, 439.32026854763336, 88.89484150590808, 435.75096456191045, 95.31958868020922, 431.9437069771394, 97.93707826973932, 454.78725248576575, 100.79252145831761, 486.9109883572715, 103.6479646468959, 505.94727628112673, 104.67633211523753, 520.9125180589779, 104.20042491714115, 541.3765275771223, 104.20042491714115, 555.6537435200138, 104.20042491714115, 566.1237018781342, 104.20042491714115, 571.1207274581461, 98.02899634571257, 623.0, 355.20000000000005, 623.0, 358.5959183673471, 571.6244897959178, 360.2285714285717, 517.7469387755083, 360.55510204081656, 474.64489795918064, 358.92244897959205, 442.64489795917984, 356.8811496196112, 415.4863529632761, 355.4594652984067, 396.96916014042637, 361.50861463678115, 396.4020523899537, 369.63715906022173, 395.26783688900855, 373.41787739670576, 393.56651363759073, 376.25341614906876, 396.02398055630533, 377.9547394004866, 398.8595193086684, 378.71088306778336, 403.5854172292734, 379.8450985687286, 408.878422900351, 380.4122063192012, 414.92757223872536, 380.223170402377, 421.5438293275724, 380.97931406967376, 425.1355117472322, 387.0284634080482, 430.4285174183098, 395.9131514987856, 433.0750202538486, 408.20048609235863, 433.8311639211454, 426.7260059411302, 430.2394815014856, 434.47647853092246, 427.2149068322984, 411.7921685120184, 404.3415608965702, 405.74301917364403, 397.91433972454735, 412.11428571428576, 390.260437483122, 420.4318660545506, 381.1867134755604, 431.96305698082676, 369.0884147988116, 445.7626789089934, 360.58179854172255, 455.9706184175002, 354.3436132865239, 467.0, 351.6971104509851, 467.0, 341.4891709424783, 458.61712125303904, 334.6838779368071, 452.000864164192, 328.63472859843273, 445.384607075345, 324.0978665946519, 441.0367809883884, 320.6952200918163, 441.2258169052126, 315.9693221712113, 440.4696732379158, 311.43246016743046, 436.68895490143177, 308.59692141506747, 433.097272481772, 308.59692141506747, 427.42619497704595, 307.65174183094643, 424.21258439103457, 303.87102349446246, 417.02921955171496, 291.58368890088946, 410.95047258979224, 282.62187415609, 404.3342155009452, 272.98104239805576, 405.46843100189045, 267.8770726438023, 405.09035916824206, 264.4744261409667, 401.4986767485822, 263.71828247366994, 397.52892249527406, 263.71828247366994, 395.63856332703205, 262.3950310559005, 389.5894139886576, 255.58973805022933, 384.8635160680526, 251.2419119632727, 384.6744801512284, 248.2173372940855, 384.29640831758, 245.1927626248983, 383.16219281663484, 243.4914393734805, 379.1924385633266, 243.8695112071289, 375.9788279773152, 245.0037267080741, 373.899432892249, 244.6256548744257, 370.3077504725892, 240.6559006211175, 366.33799621928097, 237.8203618687545, 361.23402646502757, 235.5519308668641, 354.05066162570796, 234.4177153659189, 346.67826086956416, 234.03964353227047, 330.82581690521255, 233.59503105590053, 315.32487172562816, 227.16780988387774, 310.97704563867154, 223.00901971374532, 307.3853632190117, 217.90504995949192, 303.03753713205515, 211.8559006211175, 298.68971104509853, 208.0751822846335, 292.8295976235483, 207.3190386173367, 292.6405617067241, 212.80108020523852, 292.4515257898999, 220.55155279503072, 292.0734539562515, 231.13756413718593, 289.0488792870643, 244.55911423170417, 280.9203348636237, 257.2245206589256, 273.5479341074799, 265.7311369160146, 266.17553335133607, 271.780286254389, 254.26627059141146, 278.0184715095876, 242.54604374831104, 281.4211180124232, 232.71617607345263, 282.17726167972, 224.0205238995394, 281.7991898460716, 212.70861463678114, 278.8189035916826, 192.6708074534159, 270.8793950850662, 182.65190386173327, 262.5618147448014, 175.46853902241367, 251.786767485822, 167.33999459897308, 238.36521739130376, 161.85795301107126, 225.13270321360974, 160.91277342695025, 219.83969754253215, 161.85795301107126, 215.86994328922393, 164.88252768025848, 212.6563327032125, 167.52903051579727, 211.14404536861892, 162.23602484471965, 213.03440453686093, 155.80880367269685, 217.38223062381752, 143.48495814204753, 225.19967593842827, 137.0577369700247, 228.79135835808808, 133.84412638401332, 230.6817175263301, 128.9291925465841, 232.38304077774788, 125.3375101269243, 231.43786119362687, 121.36775587361609, 229.16943019173647, 117.58703753713209, 227.84617877396707, 113.99535511747229, 230.30364569268167, 109.08042128004308, 233.3282203618689, 102.84223602484447, 236.16375911423188, 96.22597893599746, 238.2431541992981, 88.85357817985364, 240.5115852011885, 84.88382392654543, 242.5909802862547, 75.42857142857143, 246.00831758034022, 68.62327842290023, 250.35614366729683, 64.08641641911942, 253.94782608695664, 61.43991358358061, 257.7285444234406, 59.171482581690206, 262.0763705103972, 57.8482311639208, 266.04612476370545]], "scale": 3, "viewpoint": 2, "zoom_in": 2, "landmarks": [234, 219, 1, 160, 218, 2, 183, 267, 2, 238, 285, 2, 280, 262, 2, 293, 208, 1, 71, 250, 2, 29, 336, 2, 2, 428, 2, 85, 460, 2, 97, 425, 2, 113, 378, 2, 109, 414, 2, 105, 506, 2, 0, 0, 0, 0, 0, 0, 0, 0, 0, 339, 514, 2, 357, 402, 2, 356, 395, 2, 379, 395, 2, 384, 422, 2, 466, 349, 2, 415, 292, 2, 367, 241, 2], "style": 1, "bounding_box": [1, 200, 467, 623], "category_id": 1, "occlusion": 1, "category_name": "short sleeve top"}}