{"source": "user", "pair_id": 1165, "item1": {"segmentation": [[61.42916666666704, 74.96686507936462, 54.83194444444468, 77.57103174603134, 50.491666666666816, 77.74464285714245, 45.63055555555561, 78.09186507936468, 41.116666666666625, 81.04325396825364, 37.99166666666657, 84.1682539682537, 32.26249999999978, 87.98769841269822, 27.75833333333331, 92.25813492063469, 24.806944444444365, 98.3345238095237, 23.765277777777676, 105.27896825396829, 23.765277777777676, 110.83452380952396, 23.244444444444333, 118.473412698413, 20.11944444444427, 122.46646825396863, 18.730555555555355, 125.41785714285759, 13.019841269841256, 136.6734126984125, 9.72123015873008, 152.99285714285728, 9.547619047618966, 171.39563492063544, 9.026785714285621, 188.7567460317469, 10.589285714285653, 201.25674603174716, 6.86587301587303, 203.02182539682497, 6.171428571428572, 206.84126984126948, 7.039484126984145, 211.35515873015845, 6.86587301587303, 213.95932539682516, 2.178373015872936, 216.38988095238076, 0.0, 217.70992063492065, 0.0, 260.4182539682548, 9.175198412698556, 270.83492063492173, 23.064087301587723, 280.38353174603304, 33.82797619047683, 284.897420634922, 51.01547619047717, 290.10575396825544, 65.07797619047746, 292.01547619047767, 78.27242063492217, 290.97380952381104, 79.15206239358487, 304.3670676113573, 81.30508046355799, 317.2851760311961, 82.53537650354264, 331.4335804910195, 83.76567254352729, 343.890327895864, 84.53460756851769, 357.88494535068935, 88.68685670346586, 379.4151260504206, 92.83910583841404, 399.099862690175, 98.0517822815399, 414.747119239852, 100.20480035151303, 419.5145163947925, 101.89645740649192, 423.2054045147464, 102.20403141648808, 426.281144614708, 102.20403141648808, 428.74173669467734, 100.97373537650343, 431.0485417696485, 99.58965233152071, 433.35534684461976, 98.35935629153606, 435.9697259295871, 95.74497720656869, 439.1992530345468, 94.20710715658788, 441.6598451145161, 92.66923710660708, 445.04315922447387, 92.05408908661477, 448.27268632943355, 91.90030208161667, 454.4241665293568, 93.2843851265994, 464.7278958642282, 95.12982918657637, 472.26345910913415, 99.28207832152455, 481.1831053990228, 102.66539243148232, 486.87322458395175, 104.20326248146313, 489.7951776789153, 104.04947547646505, 493.7936398088654, 103.12675344647656, 497.3307409238213, 101.74267040149384, 501.0216290437752, 97.30086230570662, 513.9854341736693, 93.91754819574885, 528.1338386334927, 91.9183171307738, 535.8231888833967, 91.30316911078148, 543.0511781183066, 91.1493821057834, 547.818575273247, 91.1493821057834, 551.2018893832048, 92.72521557642665, 554.3233261932219, 94.10929862140938, 558.0142143131758, 92.87900258142473, 563.0891854781125, 92.57142857142857, 569.3944526830338, 92.26385456143241, 574.9307848629647, 91.64870654144009, 580.4671170428956, 91.64870654144009, 585.2345141978361, 94.10929862140938, 589.8481243477785, 99.18426978634604, 594.461734497721, 102.10622288130956, 596.9223265776902, 115.88571428571429, 607.600768935025, 127.26595265557225, 613.2908881199539, 135.5704509254686, 618.0582852748945, 147.63297632778614, 623.0, 396.34285714285716, 623.0, 398.0218597242819, 618.8598231449444, 401.40517383423963, 606.0955017301036, 400.6362388092493, 597.9447904652053, 400.4824518042512, 591.1781622452899, 402.02032185423195, 586.4107650903493, 403.86576591420896, 580.8744329104184, 403.86576591420896, 572.8775086505182, 404.3271269292032, 559.1904652056891, 404.6347009391993, 546.7337178008445, 404.6347009391993, 540.120876585927, 406.36625473718897, 533.0856923161426, 409.59578184214865, 520.0137968913058, 409.28820783215247, 506.7881144614708, 406.8276157521832, 492.6397100016474, 405.9048937221947, 483.7200637117587, 405.9048937221947, 474.3390564068758, 406.520041742187, 463.1126050420159, 406.520041742187, 453.27023672213875, 405.59731971219855, 444.3505904322501, 404.67459768221005, 439.27561926731346, 402.50163124073157, 421.6111166035043, 398.65695611577956, 381.9340693139995, 396.8115120558026, 349.4850112594045, 394.7470753007085, 311.51333003789745, 392.5940572307354, 278.4491239633101, 394.59328829571047, 267.83782061844255, 397.05388037567974, 259.5333223485462, 399.97583347064324, 252.76669412863066, 399.97583347064324, 250.61367605865752, 400.35590706870966, 241.69359037732713, 402.5089251386828, 236.61861921239046, 405.2770912286482, 232.00500906244804, 406.3536002636348, 230.46713901246724, 409.4293403635964, 231.69743505245188, 411.42857142857144, 234.92696215741157, 412.6588674685561, 239.07921129235976, 413.8891635085407, 243.84660844730024, 414.50431152853304, 247.69128357225227, 415.58082056351964, 253.22761575218317, 415.42703355852154, 259.2253089471083, 415.11945954852536, 266.76087219201423, 416.8111166035043, 278.75625858186453, 419.7330696984678, 285.2153127917839, 424.6542538584064, 290.59785796671673, 430.34437304333534, 293.6735980666783, 440.1867413632125, 293.8273850716764, 430.49816004833343, 272.9123523919375, 428.80650299335457, 262.3010490470699, 426.49969791838333, 256.61092986214095, 423.73153182841787, 252.45868072719276, 421.1171527434505, 248.76779260723882, 419.27170868347355, 242.00116438732329, 417.9348162794527, 233.8300653594779, 416.08937221947576, 213.22260668973513, 416.8583072444662, 204.30296039984646, 422.240852419399, 193.84544405997696, 432.85215576426657, 183.23414071510942, 447.76949524908036, 174.00692041522458, 461.3027516889115, 169.085736255286, 467.0, 169.085736255286, 467.0, 73.37142857142858, 463.2912616026806, 68.96222332070084, 453.4488932828034, 60.196364035810255, 448.835283132861, 56.044114900862084, 447.1436260778821, 54.044883835887035, 443.70079365079374, 45.535515873016045, 439.534126984127, 41.368849206349296, 434.32579365079357, 40.32718253968261, 429.11746031746014, 42.93134920634933, 425.1244047619045, 44.667460317460474, 420.7841269841266, 43.7994047619049, 416.9646825396821, 40.153571428571496, 413.66607142857094, 38.417460317460346, 407.763293650793, 35.466071428571404, 403.24940476190403, 33.55634920634914, 398.9091269841262, 32.68829365079357, 389.3605158730149, 32.167460317460225, 383.6313492063481, 32.167460317460225, 376.16607142857015, 33.729960317460254, 373.0410714285701, 33.90357142857137, 369.2216269841256, 32.68829365079357, 364.53412698412546, 32.34107142857134, 359.1873015873025, 31.63115079365121, 354.32619047619124, 30.763095238095637, 345.99285714285776, 29.721428571428948, 337.31230158730204, 29.37420634920672, 331.9303571428575, 28.506150793651145, 327.9373015873018, 26.07559523809554, 325.159523809524, 24.51309523809551, 320.81924603174616, 22.95059523809548, 314.9164682539683, 21.908928571428792, 311.6178571428571, 22.429761904762135, 306.93035714285696, 27.811706349206688, 301.54841269841245, 33.02003968254013, 297.5553571428568, 37.5339285714291, 292.52063492063445, 42.91587301587366, 285.22896825396765, 50.90198412698493, 283.6664682539676, 54.026984126984985, 277.2428571428564, 59.929761904762884, 269.4303571428562, 65.13809523809633, 265.7845238095228, 69.4783730158742, 255.71507936507817, 75.03392857142987, 245.2984126984113, 79.89503968254107, 240.95813492063343, 82.67281746031891, 228.51646825396827, 87.88392857142847, 213.4123015873013, 92.39781746031746, 197.09285714285653, 93.96031746031748, 183.37757936507847, 93.61309523809526, 176.78035714285613, 93.43948412698414, 171.39841269841156, 91.35615079365077, 164.2251984126987, 88.67738095238185, 147.7321428571428, 76.69821428571495, 144.78075396825386, 72.18432539682597, 143.56547619047603, 65.4134920634925, 144.78075396825386, 54.12876984127005, 145.64880952380943, 45.62182539682543, 147.03769841269835, 39.54543650793642, 149.12103174603172, 35.031547619047444, 147.90575396825392, 33.98988095238075, 142.35019841269823, 36.07321428571413, 138.70436507936483, 37.98293650793639, 136.10019841269812, 40.58710317460311, 132.97519841269806, 43.19126984126983, 127.07242063492016, 46.14265873015878, 120.64880952380892, 48.74682539682549, 114.22519841269768, 51.003769841269985, 