{"source": "user", "pair_id": 1173, "item1": {"segmentation": [[213.42433862433728, 0.20564373897705002, 235.64514991181642, 0.0, 243.6698412698417, 2.468430335096957, 250.4599647266323, 4.0116402116402785, 272.26313932980605, 8.228924162257607, 288.92980599647393, 11.006701940035587, 315.47301587301905, 13.4758377425049, 336.15202821869957, 11.31534391534425, 356.7097001763672, 12.034920634920837, 371.52451499118314, 11.417636684303508, 386.03068783069034, 7.7139329805995365, 396.5245149911849, 4.318871252204229, 407.0183421516795, 0.9238095238089201, 422.84373897707167, 0.6172839506173287, 428.09065255731895, 3.0864197530866435, 441.3622574955915, 10.802469135803252, 454.01657848324675, 20.679012345680512, 462.041269841272, 24.691358024693148, 474.07830687830995, 29.93827160494044, 488.89312169312586, 37.65432098765705, 504.4105820105817, 42.274426807760186, 516.7562610229284, 44.7435626102295, 530.0278659612009, 45.05220458553816, 538.3611992945348, 45.05220458553816, 549.163668430338, 49.0645502645508, 563.9784832451539, 58.6324514991194, 583.1142857142911, 72.21269841270063, 602.8437389770717, 83.2112874779541, 611.4857142857143, 85.06313932980609, 623.0, 85.06313932980609, 623.0, 275.24585537918875, 615.0853615520282, 272.1594356261021, 600.2705467372123, 263.5174603174595, 589.468077601409, 255.18412698412558, 580.5174603174578, 244.38165784832233, 573.4186948853585, 236.0483245149884, 570.9495590828892, 232.03597883597575, 568.1717813051112, 227.4063492063458, 563.2335097001726, 227.09770723103713, 553.665608465604, 236.66560846560571, 546.8754850088134, 245.30758377424831, 545.2451499118164, 248.29135802468954, 544.0105820105817, 275.1432098765433, 542.1587301587297, 289.95802469135924, 540.924162257495, 301.99506172839716, 541.850088183421, 314.6493827160524, 545.1446208112881, 330.0610229276872, 548.2310405643747, 381.60423280423413, 550.3915343915354, 423.2708994709038, 553.988712522046, 450.10194003527306, 555.5319223985892, 467.0, 14.81446208112971, 467.0, 7.407054673721765, 462.6790123456787, 2.1601410934744716, 459.9012345679007, 1.8514991181658074, 436.7530864197509, 6.481128747795772, 424.716049382713, 11.419400352734401, 413.91358024690976, 17.59223985890769, 394.1604938271552, 27.976719576719443, 356.0934744268084, 32.29770723104075, 342.20458553791855, 37.235978835979374, 317.2045855379167, 39.70511463844869, 297.14285714285353, 42.174250440918, 279.85890652556833, 43.717460317461324, 267.8218694885304, 47.10793650793631, 245.82786596119908, 48.95978835978829, 233.4821869488525, 55.13262786596158, 228.54391534391385, 56.6758377425049, 223.9142857142839, 56.058553791887576, 217.7414462081106, 52.046208112874936, 211.5686067019373, 48.95978835978829, 206.6303350969987, 45.564726631392986, 203.23527336860337, 24.583421516755028, 208.18342151675503, 10.077248677247805, 209.72663139329836, 0.0, 209.2112874779541, 0.0, 54.51710758377514, 6.172134038800929, 48.96155202821919, 18.517813051147503, 46.49241622574987, 29.320282186950752, 46.80105820105854, 34.87583774250671, 46.1837742504412, 37.962257495593356, 42.17142857142857, 46.91287477954462, 35.99858906525528, 60.18447971781719, 27.973897707230012, 69.75238095238579, 24.887477954143367, 76.85114638448506, 22.418342151674054, 91.84867724867638, 15.12134038800748, 105.4289241622576, 13.269488536155494, 120.24373897707349, 13.57813051146416, 139.07089947090202, 7.405291005290872, 155.42892416226124, 0.9238095238089201]], "scale": 3, "viewpoint": 1, "zoom_in": 3, "landmarks": [327, 9, 1, 0, 0, 0, 254, 50, 2, 332, 82, 2, 397, 55, 2, 0, 0, 0, 86, 19, 2, 41, 41, 2, 0, 0, 0, 0, 0, 0, 27, 207, 2, 51, 210, 2, 50, 243, 2, 31, 354, 2, 0, 0, 0, 0, 0, 0, 0, 0, 0, 547, 371, 2, 545, 254, 2, 553, 235, 2, 585, 249, 2, 0, 0, 0, 0, 0, 0, 578, 72, 2, 537, 48, 2], "style": 1, "bounding_box": [0, 2, 622, 467], "category_id": 1, "occlusion": 1, "category_name": "short sleeve top"}}