{"source": "user", "pair_id": 1165, "item1": {"segmentation": [[25.84285714285714, 21.214285714285715, 12.72857142857143, 28.542857142857144, 5.785714285714286, 31.62857142857143, 0.0, 35.1, 0.0, 264.6, 4.242857142857143, 266.5285714285714, 16.2, 267.6857142857143, 45.128571428571426, 268.84285714285716, 59.785714285714285, 268.07142857142856, 63.642857142857146, 266.5285714285714, 65.35182284634082, 269.22092897650555, 69.32157709964903, 283.2095868214964, 72.34615176883625, 296.4421009991904, 74.61458277072666, 307.97329192546664, 75.71261139616536, 315.26613556575734, 76.09068322981376, 328.3096138266272, 76.09068322981376, 335.1149068322984, 75.71261139616536, 339.6517688360792, 75.98571428571428, 350.0, 369.9, 350.0, 369.70332163110993, 341.1910342965163, 370.83753713205516, 334.95284904131773, 371.59368079935194, 330.6050229543611, 372.5388603834729, 326.4462327842287, 373.67307588441815, 323.0435862813931, 374.61825546853913, 318.12865244396386, 374.9963273021875, 313.02468268971046, 376.31957871995695, 308.10974885228126, 376.69765055360534, 303.19481501485205, 378.02090197137477, 296.01145017553245, 379.9112611396168, 291.47458817175163, 382.3687280583314, 289.3951930866854, 383.31390764245236, 287.126762084795, 383.12487172562817, 282.2118282473658, 384.07005130974915, 273.5161760734526, 385.3933027275186, 268.9793140696718, 388.39900081015395, 265.23588981906556, 393.5029705644074, 253.89373480961353, 395.58236564947356, 248.6007291385359, 397.0946529840672, 242.9296516338099, 397.2836889008914, 240.6612206319195, 397.4727248177156, 239.71604104779848, 409.76005941128864, 240.6612206319195, 420.535106670268, 241.03929246556788, 439.3285714285714, 239.14285714285714, 459.0, 235.28571428571428, 467.0, 234.9, 467.0, 179.74285714285713, 464.3923575479341, 167.9136105860114, 459.4774237105049, 141.25954631379915, 457.9651363759113, 114.22741020793848, 455.89900081015395, 81.25017553335128, 453.25249797461515, 65.37115852011844, 451.36213880637314, 55.352254928435826, 450.03888738860377, 48.735997839588805, 446.44720496894394, 42.875884418038595, 443.30596813394556, 39.84679989197974, 441.03753713205515, 36.63318930596834, 437.0677828787469, 31.151147718066525, 432.7199567917903, 27.748501215230917, 427.2379152038885, 24.345854712395308, 422.5120172832835, 20.9432082095597, 415.8957601944365, 15.65020253848209, 409.46853902241367, 10.735268701052878, 408.7123953551168, 9.979125033756077, 401.421577099649, 5.203321631109914, 393.10399675938424, 5.014285714285714, 386.298703753713, 4.447177963813113, 381.572805833108, 4.0691061301647125, 377.0359438293272, 3.691034296516311, 371.55390224142536, 1.6116392114501066, 365.3157169862268, 0.0, 331.8563597083433, 0.0, 329.7769646232771, 3.3129624628679104, 328.6427491223319, 7.28271671617612, 326.37431812044144, 10.496327302187527, 321.08131244936385, 15.033189305968337, 316.54445044558304, 19.191979476100748, 311.81855252497803, 23.161733729408958, 308.2268701053182, 26.564380232244567, 304.06807993518584, 30.345098568728574, 292.7342155009452, 36.60464488252772, 274.39773156899776, 44.16608155549574, 256.2502835538745, 48.13583580880395, 238.1028355387513, 49.64812314339755, 219.95538752362808, 47.75776397515555, 205.96672967863722, 45.48933297326514, 195.083310829058, 43.31058601134243, 179.20429381582517, 37.82854442344062, 165.59370780448273, 31.401323251417804, 153.8734809613823, 24.028922495273985, 144.23264920334807, 18.357844990547974, 137.42735619767686, 13.820982986767163, 128.5631109910884, 4.189359978395949, 126.10564407237378, 0.0, 93.0243586281387, 0.0, 87.5423170402369, 2.2990008101539448, 80.35895220091727, 4.56743181204435, 72.98655144477345, 6.268755063462153, 67.31547394004744, 7.970078314879958, 60.72122603294648, 7.979746151768763, 51.26943019173646, 8.168782068592964, 44.84220901971365, 11.19335673778017, 40.116311099108636, 12.894679989197975, 33.689089927085824, 16.297326492033584]], "scale": 3, "viewpoint": 2, "zoom_in": 2, "landmarks": [242, 2, 1, 122, 2, 1, 170, 37, 2, 242, 52, 2, 302, 34, 2, 0, 0, 0, 4, 35, 2, 0, 0, 0, 3, 265, 2, 63, 266, 2, 48, 231, 2, 35, 190, 2, 61, 250, 2, 0, 0, 0, 0, 0, 0, 0, 0, 0, 0, 0, 0, 0, 0, 0, 408, 225, 2, 412, 163, 2, 408, 198, 2, 400, 237, 2, 467, 231, 2, 459, 142, 2, 445, 41, 2], "style": 1, "bounding_box": [1, 1, 467, 350], "category_id": 1, "occlusion": 1, "category_name": "short sleeve top"}}