{"source": "user", "pair_id": 1234, "item1": {"segmentation": [[146.45984598459845, 49.465346534653435, 144.23762376237616, 62.798679867987104, 142.9042904290428, 72.13201320132067, 131.34873487348696, 73.02090209020959, 113.12651265126426, 79.68756875687643, 84.23762376237464, 88.57645764576554, 65.73377337733749, 96.39163916391655, 52.84488448844827, 103.05830583058338, 31.51155115511439, 112.8360836083614, 19.95599559955854, 122.16941694169498, 9.491749174917594, 129.33333333333312, 0.0, 137.77777777777777, 0.0, 257.77777777778084, 10.380638063806504, 252.44444444444736, 17.936193619362253, 244.88888888889161, 22.825082508251267, 240.44444444444707, 24.602860286029088, 231.55555555555793, 27.713971397140277, 239.55555555555816, 24.15841584158463, 248.00000000000279, 24.602860286029088, 259.1111111111142, 25.491749174918, 280.4444444444481, 24.602860286029088, 316.444444444449, 22.825082508251267, 351.11111111111654, 20.50605060506019, 379.94719471947224, 19.617161716171278, 393.7249724972504, 14.728272827282265, 411.50275027502863, 11.617161716171076, 435.9471947194737, 9.394939493948797, 450.1694169416963, 8.761276127612705, 462.15621562156224, 8.31683168316825, 471.93399339934024, 5.205720572057058, 482.15621562156275, 0.31683168316804533, 485.7117711771184, 0.0, 573.2673267326761, 14.094609460946174, 571.0451045104539, 37.65016501650233, 569.7117711771206, 62.53905390539185, 567.4895489548983, 85.2057205720591, 565.7117711771205, 108.76127612761526, 564.8228822882315, 132.31683168317142, 564.8228822882315, 166.09460946095004, 566.1562156215649, 194.98349834983966, 567.4895489548983, 226.9834983498405, 568.8228822882317, 260.6908690869085, 570.6886688668862, 283.3575357535757, 571.5775577557752, 309.5797579757986, 572.4664466446641, 332.24642464246585, 573.7997799779974, 352.6908690869108, 574.2442244224419, 375.80198019802253, 576.9108910891086, 399.8019801980231, 577.3553355335531, 420.6908690869125, 578.6886688668865, 435.801980198024, 578.6886688668865, 444.69086908691315, 576.4664466446642, 448.2464246424688, 569.7997799779973, 445.57975797580207, 547.1331133113301, 452.6908690869134, 539.5775577557744, 458.0242024202468, 524.9108910891074, 454.02420242024675, 511.5775577557737, 452.6908690869134, 485.79977997799523, 450.42024202420316, 459.4147414741477, 446.8646864686475, 429.63696369636915, 442.8646864686474, 413.63696369636875, 433.08690869086934, 378.9702970297012, 427.7535753575359, 352.30363036303385, 420.6424642464246, 326.08140814081094, 414.4202420242022, 294.97029702969905, 412.19801980197997, 267.41474147414283, 412.19801980197997, 241.19251925191992, 414.556655665567, 226.60506050605017, 417.6677667766782, 219.04950495049442, 423.44554455445615, 222.1606160616056, 434.5566556655675, 226.60506050605017, 442.55665566556775, 229.2717271727169, 455.0011001100125, 230.60506050605025, 461.2233223322349, 231.0495049504947, 467.0, 217.71617161716105, 467.0, 133.71617161715892, 449.4169416941704, 125.27172717271777, 430.7502750275033, 115.04950495049529, 416.5280528052807, 106.60506050605063, 401.41694169416917, 97.71617161716152, 384.52805280527986, 86.60506050605012, 369.86138613861283, 81.27172717271665, 350.54345434543455, 76.32123212321241, 332.7656765676563, 70.98789878987894, 318.54345434543376, 65.65456545654547, 306.5434543454334, 62.98789878987874, 298.0990099009888, 61.21012101210092, 283.87678767876616, 62.543454345434284, 283.4323432343217, 52.76567656765626, 273.6545654565437, 28.765676567655646, 265.2101210120991, 30.543454345433474, 245.21012101209854, 32.76567656765575, 226.09900990098694, 36.76567656765585, 212.3212321232088, 38.54345434543367, 189.65456545654158, 41.21012101210041, 169.2101210120966, 44.76567656765606, 153.65456545654064, 46.98789878987833]], "scale": 3, "viewpoint": 1, "zoom_in": 2, "landmarks": [214, 40, 2, 149, 52, 2, 177, 71, 2, 211, 89, 2, 250, 58, 2, 274, 31, 2, 74, 93, 2, 0, 0, 0, 0, 0, 0, 0, 0, 0, 16, 245, 2, 27, 230, 2, 27, 246, 2, 21, 379, 2, 0, 0, 0, 230, 566, 2, 452, 577, 2, 428, 364, 2, 411, 239, 2, 407, 217, 2, 429, 225, 2, 461, 230, 2, 0, 0, 0, 425, 109, 2, 374, 86, 2], "style": 1, "bounding_box": [0, 28, 467, 584], "category_id": 1, "occlusion": 1, "category_name": "short sleeve top"}}