{"source": "user", "pair_id": 1216, "item1": {"segmentation": [[175.43225187570644, 39.64685326664135, 186.85093699681374, 45.183185446572175, 201.38380896913216, 51.41155914899434, 234.94782280996276, 53.4876837164684, 265.39764979958227, 51.41155914899434, 284.08277090684874, 51.757579910240025, 306.22809962657203, 44.14512316283515, 309.19172747724605, 47.27272450428432, 314.26669864218263, 51.73254764922859, 317.34243874214417, 53.731778714203614, 325.64693701204044, 58.19160185914789, 331.9522042169616, 62.95899901408832, 339.48776746186746, 61.11355495411138, 349.1763487767464, 58.49917586914405, 372.62886703895344, 64.6506560690672, 384.29617406185054, 66.2796724116855, 393.04409195244835, 68.80290520401532, 406.82703825938154, 73.68707981909294, 413.805337627189, 79.87556956387698, 426.2620850320333, 83.68179793757942, 428.3382095995074, 88.52608859501889, 428.3382095995074, 99.59875295488055, 429.7222926444901, 107.21120970228543, 437.37969783137476, 114.43242317311312, 462.29319264106346, 131.04141971290562, 467.0, 134.5016273253624, 467.0, 240.03795950529377, 462.63921340230917, 244.1902086402419, 441.2177113905163, 261.8019801980198, 432.759426115622, 253.80505593811972, 424.7625018557219, 245.3467706632254, 417.7769022576998, 237.3648977354482, 413.05293089862596, 234.27578882455708, 414.09099318236304, 238.77405872075087, 416.85915927232844, 245.00243242317305, 417.55120079481975, 258.15122135050876, 419.28130460104813, 270.6079687553531, 420.3193668847852, 284.4487992051802, 421.0114084072765, 303.8259618349381, 420.3193668847852, 328.39343588338113, 418.9352838398025, 332.54568501832927, 418.5892630785568, 358.8432628730007, 416.81907567919416, 399.0566994415704, 417.5111172016855, 417.0497790263456, 419.5872417691596, 437.1189831785949, 423.39347014286204, 461.6864572270379, 425.17873171400186, 490.68183219706026, 427.2548562814759, 534.2804481140156, 430.369043132687, 561.2700674911783, 436.70833613973645, 602.9282683370378, 438.9759098358816, 623.0, 203.67113446038485, 622.4981926764104, 183.71648593430768, 618.8700747625783, 174.94090239473798, 617.686388708075, 169.75059097605282, 615.2642433793552, 142.76097159889002, 613.8801603343725, 117.50145602795564, 612.4960772893899, 86.70560827709039, 612.1500565281441, 53.84884716845416, 610.07393196067, 38.27791291239869, 609.0358696769331, 25.821165507554333, 610.4199527219157, 10.942272773990233, 612.1500565281441, 2.6377745040939913, 612.8420980506355, 2.3168316831683167, 500.43564356435644, 3.169344616122508, 486.2137106444208, 6.2835314673335985, 463.37634040220615, 10.781801363527396, 438.46284559251745, 14.934050498475518, 405.93689403542385, 19.432320394669315, 379.98533694199807, 24.968652574600142, 351.2656137586069, 33.6090993182363, 299.31261776696715, 34.993182363219006, 267.1326869711192, 41.22155606564119, 251.21573195381808, 48.83401281304607, 243.25725444516752, 48.83401281304607, 236.33683922025398, 43.29768063311525, 242.91123368392184, 34.301140840727655, 248.44756586385267, 28.41878789955115, 249.83164890883538, 14.923978210969754, 255.02196032752053, 9.718661139470365, 254.66093391346058, 1.0681421083284457, 243.9342903148446, 0.0, 151.4014868614891, 5.431018534379407, 133.7544280379596, 10.034514377556349, 119.70805987986938, 14.77357908801268, 107.1108294220425, 23.770118880400275, 100.88245571962031, 35.880845523998964, 93.26999897221543, 43.839323032649524, 87.38764603103891, 44.79207920792079, 75.97403131316594, 49.636369865360265, 68.70759532700673, 71.08965706259222, 61.78718010209319, 88.04467436363038, 55.90482716091668, 103.61560861968584, 55.21278563842533, 117.11041830826723, 52.44461954845992, 127.49104114563754, 49.67645345849451, 136.06118743362217, 47.21422453664053]], "scale": 3, "viewpoint": 1, "zoom_in": 2, "landmarks": [239, 56, 2, 175, 41, 2, 189, 82, 2, 241, 106, 2, 287, 82, 2, 307, 46, 2, 71, 62, 2, 7, 111, 2, 0, 0, 0, 10, 254, 2, 50, 231, 2, 67, 200, 2, 52, 239, 2, 21, 403, 2, 0, 0, 0, 184, 619, 2, 0, 0, 0, 415, 400, 2, 412, 241, 2, 410, 224, 2, 425, 244, 2, 440, 259, 2, 0, 0, 0, 462, 132, 2, 412, 82, 2], "style": 1, "bounding_box": [0, 35, 467, 623], "category_id": 1, "occlusion": 1, "category_name": "short sleeve top"}}