{"source": "user", "pair_id": 1256, "item1": {"segmentation": [[215.81420431420432, 70.33241079907746, 206.1351919685253, 70.13487993487993, 201.39445122778454, 71.32006512006512, 196.06111789445123, 72.70278116944783, 191.3203771537105, 72.70278116944783, 177.69074752408085, 70.33241079907746, 169.19692036358703, 68.35710215710216, 163.07346357346358, 66.97438610771944, 159.32037715371047, 66.18426265092931, 156.55494505494505, 63.22129968796636, 155.36975986975986, 61.048460181793516, 153.19692036358703, 59.6657441324108, 150.62901912901913, 59.86327499660833, 145.29568579568578, 61.83858363858364, 138.45101071767738, 63.21720255053589, 127.7843440510107, 64.20485687152355, 116.72261565594897, 69.93325193325194, 112.57446750780083, 74.67399267399267, 106.05594898928231, 78.22954822954823, 98.15471442138107, 79.01967168633836, 88.27817121150454, 79.01967168633836, 78.56886446886446, 81.71296974630307, 69.8775064441731, 86.05864875864876, 57.828123728123714, 89.21914258580925, 39.31435354768688, 98.08916022249355, 26.869909103242435, 106.38545651878985, 22.293922127255456, 110.94505494505493, 19.133428300094963, 114.30307963641296, 18.343304843304843, 120.82159815493148, 18.738366571699903, 127.53764753764753, 18.738366571699903, 133.85863519196852, 18.54083570750237, 137.21665988332654, 16.367996201329532, 140.1796228462895, 8.02663139329806, 150.0618776285443, 4.471075837742505, 154.40755664088996, 0.0, 161.58012481345813, 0.0, 210.37024827024825, 1.8785917785917785, 215.90111246777911, 7.6069868403201735, 228.93814950481615, 11.75513498846832, 240.19740876407542, 17.23435083435083, 250.9967982634649, 21.97509157509157, 256.92272418939086, 27.505955772622436, 258.50297110297106, 31.654103920770584, 256.92272418939086, 36.1973137973138, 253.16963776963775, 44.09854836521503, 246.4535883869217, 45.87632614299281, 246.84865011531676, 47.259042192375524, 254.749884683218, 51.999782933116265, 285.36716863383526, 53.58002984669651, 305.3177859177859, 55.86349206349206, 326.9895672229005, 57.246208112874776, 354.2488264821598, 59.023985890652554, 386.2488264821598, 59.023985890652554, 399.2858635191968, 60.73782390449056, 432.99635056301724, 62.120539953873276, 463.811165377832, 63.503256003256, 487.7123999457333, 63.79750373083706, 510.1456247456247, 64.39009632342965, 518.836982770316, 67.15552842219508, 520.2196988196988, 76.43947903947904, 518.441921041921, 92.2419481752815, 516.4666123999457, 106.66170126170125, 515.478958078958, 124.43947903947904, 515.478958078958, 138.06824040157372, 514.8986568986569, 153.47564780898114, 513.1208791208791, 172.63614163614162, 509.367792701126, 193.5744132410799, 505.0221136887803, 207.20404287070951, 502.25668159001486, 240.7129019129019, 498.5675349342016, 251.18203771537102, 497.7774114774115, 270.5400624067291, 497.57988061321396, 289.3054945054945, 496.59222629222626, 302.5400624067291, 496.39469542802874, 310.4412969746303, 498.7650657983991, 320.8620132953466, 502.82469135802467, 329.94843304843306, 505.39259259259256, 337.65213675213676, 506.77530864197524, 347.33114909781574, 507.56543209876537, 358.98547008547007, 507.96049382716046, 374.19534662867994, 507.36790123456785, 392.76324786324784, 506.3802469135802, 405.0420702754036, 506.3925383258716, 418.6716999050332, 506.59006919006913, 425.3877492877493, 506.9851309184642, 429.93095916429246, 506.3925383258716, 433.486514719848, 504.61476054809384, 433.6840455840456, 500.26908153574817, 432.30132953466284, 492.5653778320444, 428.9433048433048, 478.9357482024148, 426.57293447293443, 459.97278523945187, 424.59762583095915, 443.5777235110568, 422.5829602496269, 424.69595712929043, 417.84221950888616, 400.0045991045991, 413.1014787681454, 376.4984262650929, 409.42872066205393, 348.43762040428703, 406.6632885632885, 326.5116944783611, 403.7003256003256, 301.8203364536697, 402.16353276353277, 271.1818206484873, 403.5462488129155, 253.9966354633021, 405.91661918328583, 242.93490706824036, 407.8919278252612, 237.9966354633021, 409.47217473884143, 235.62626509293173, 411.84254510921176, 236.81145027811692, 419.5462488129155, 243.7250305250305, 422.1141500474834, 244.71268484601816, 426.064767331434, 245.7003391670058, 429.8178537511871, 244.12009225342555, 434.16353276353277, 240.16947496947495, 450.5585944919278, 226.34231447564778, 462.0153846153846, 214.885524352191, 464.1882241215575, 213.10774657441323, 463.5956315289649, 207.1818206484873, 460.82113688780356, 200.2297517297517, 453.5124949124949, 182.45197395197394, 441.265581332248, 158.94580111246776, 432.00050196716865, 139.22636005969338, 427.8523538190205, 130.93006376339707, 423.70420567087234, 125.99179215845882, 423.70420567087234, 123.81895265228597, 422.7165513498847, 117.10290326956992, 420.9387735721069, 111.96710080043412, 416.64474291140954, 98.28669108669108, 413.6817799484466, 86.8299009632343, 412.10153303486635, 86.03977750644417, 405.1879527879528, 84.85459232125899, 396.69412562745896, 82.08916022249355, 390.76819970153304, 80.70644417311084, 382.07684167684164, 79.71878985212318, 377.73116266449597, 77.54595034595035, 369.23733550400215, 73.59533306199972, 339.4135259801926, 60.221462488129156, 332.69747659747657, 58.64121557454891, 329.3394519061186, 57.258499525166194, 320.8456247456247, 53.505413105413105, 308.79624202957535, 48.3696106362773, 301.8826617826618, 46.59183285849952, 297.93204449871115, 46.59183285849952, 293.783896350563, 44.61652421652421, 288.6480938814272, 42.04862298195631, 286.87031610364943, 42.64121557454891, 279.16661239994573, 50.14738841405508, 272.8456247456247, 53.90047483380817, 262.5740198073531, 59.43133903133903, 251.11722968389634, 63.57948717948718, 239.1965947632614, 67.8612264278931, 227.34474291140955, 70.03406593406594]], "scale": 3, "viewpoint": 1, "zoom_in": 2, "landmarks": [220, 72, 2, 150, 63, 2, 176, 103, 2, 223, 111, 2, 270, 92, 1, 290, 45, 2, 27, 109, 2, 16, 140, 2, 0, 0, 0, 26, 259, 2, 44, 247, 2, 57, 224, 1, 49, 250, 2, 59, 372, 2, 68, 516, 2, 250, 498, 2, 432, 505, 2, 411, 378, 2, 407, 238, 2, 420, 203, 1, 465, 214, 2, 425, 242, 2, 345, 168, 2, 373, 126, 2, 411, 87, 2], "style": 1, "bounding_box": [0, 37, 466, 524], "category_id": 1, "occlusion": 1, "category_name": "short sleeve top"}}