{"source": "user", "pair_id": 1268, "item1": {"segmentation": [[112.85257772530504, 154.23471074380166, 119.83145743145747, 151.29623507805326, 126.44302767939135, 150.19430670339761, 131.58536009445103, 150.9289256198347, 137.4623114259478, 148.72506887052342, 144.8085005903188, 151.66354453627181, 147.74697625606717, 155.3366391184573, 159.8681883772793, 154.23471074380166, 178.96828020464383, 149.82699724517906, 202.84339498884952, 145.05197428833793, 219.00501115046566, 143.21542699724517, 235.1666273120818, 142.4808080808081, 260.5109799291617, 138.8077134986226, 277.0399055489964, 138.44040404040405, 279.9783812147448, 130.35959595959596, 285.8553325462416, 120.8095500459137, 291.3649744195198, 121.5441689623508, 294.7954348681622, 125.08545192181556, 309.48781319690414, 126.1873802964712, 331.52638069001705, 126.1873802964712, 352.0957103502558, 126.1873802964712, 369.7265643447462, 127.28930867112686, 378.1746818837728, 122.88159517250426, 384.4189426734881, 128.75854650400106, 390.66320346320344, 130.96240325331235, 405.3555817919454, 137.9412829594648, 425.5576019939656, 153.00097074642528, 444.6576938213301, 165.48949232585593, 463.02316673225755, 175.7741571559753, 467.0, 180.85688049324412, 467.0, 293.2535747081201, 450.7029778302506, 294.3555030827757, 433.07212383576024, 293.6208841663386, 431.60288600288607, 299.86514495605394, 429.0317197953562, 308.68057195329914, 427.07511478420565, 333.49515938606856, 425.2385674931129, 381.980007870917, 426.7078053259871, 397.03969565787753, 433.319375573921, 434.5052603961695, 437.359779614325, 460.5842319296865, 442.1348025711662, 482.6227994227994, 446.1794044339499, 506.86186540731995, 445.8120949757313, 543.2255017709563, 446.1794044339499, 568.2025449298176, 445.4447855175128, 586.9353272989636, 434.4255017709563, 588.0372556736193, 428.181240981241, 587.6699462154007, 417.16195723468456, 591.3430407975862, 404.3061261970353, 588.0372556736193, 397.3272464908829, 585.833398924308, 375.28867899777, 582.8949232585595, 350.3116358389086, 582.527613800341, 313.58069001705377, 581.7929948839039, 300.3684638593729, 577.7727403909222, 279.7991341991342, 578.8746687655778, 254.4547815820543, 585.4862390135117, 200.82760068214617, 591.3631903450084, 167.03513052603967, 591.7304998032271, 148.66965761511221, 590.2612619703528, 123.86010756919852, 592.081857536403, 100.67511478420568, 597.4118326118327, 87.45197428833791, 602.1868555686738, 70.55573921028467, 602.1868555686738, 58.43452708907255, 601.8195461104552, 49.67493112947659, 605.4447855175129, 38.28833792470158, 610.5871179325725, 35.34986225895319, 600.6697625606716, 36.81910009182738, 584.5081463990555, 39.02295684113868, 565.408054571691, 39.02295684113868, 522.4328479601207, 37.92102846648303, 468.8056670602126, 38.104473304473295, 393.0311950675587, 36.635235471599096, 340.87325200052476, 36.267926013380546, 327.28280204643846, 32.22752197297651, 318.10006559097474, 27.085189557916827, 310.75387642660377, 18.6370720188902, 305.9788534697626, 13.494739603830519, 302.6730683457957, 5.781240981240991, 301.57113997114004, 0.0, 300.78404827495734, 0.0, 197.2027810573266, 4.922786304604488, 193.27361930998293, 16.676688967598054, 187.7639774367047, 21.819021382657738, 183.72357339630068, 33.94023350386985, 180.41778827233372, 45.326826708644866, 181.15240718877084, 50.46915912370455, 177.84662206480388, 54.876872622327134, 173.80621802439984, 61.85575232847956, 173.07159910796275, 65.52884691066505, 171.23505181687, 71.77310770038038, 167.5619572346845, 79.11929686475136, 164.6234815689361, 92.34243736061912, 159.848458612095, 102.99441164895704, 157.6446018627837]], "scale": 3, "viewpoint": 1, "zoom_in": 2, "landmarks": [211, 147, 2, 140, 153, 2, 170, 174, 2, 216, 180, 2, 265, 168, 2, 284, 128, 2, 58, 177, 2, 0, 0, 0, 0, 0, 0, 0, 0, 0, 0, 0, 0, 0, 0, 0, 0, 0, 0, 0, 0, 0, 0, 0, 0, 27, 310, 2, 37, 323, 2, 40, 447, 2, 38, 609, 2, 233, 577, 2, 443, 586, 2, 432, 432, 2, 430, 310, 2, 434, 293, 2, 0, 0, 0, 0, 0, 0, 0, 0, 0, 0, 0, 0, 0, 0, 0, 0, 0, 0, 0, 0, 0, 0, 0, 0, 377, 126, 2], "style": 1, "bounding_box": [0, 121, 466, 611], "category_id": 2, "occlusion": 1, "category_name": "long sleeve top"}}