{"source": "user", "pair_id": 1289, "item1": {"segmentation": [[150.5663134003488, 51.43144173586312, 158.35264205584946, 54.87191253713085, 172.29560267151342, 57.04484146424731, 184.06563436006093, 58.67453815958466, 204.16522693588823, 59.57992521254985, 220.8243487104478, 59.761002623142886, 232.05114816721618, 59.57992521254985, 246.20211463688418, 58.92222229112563, 261.7747719478855, 56.024983721637014, 276.07988738473557, 51.31697104621801, 287.84991907328305, 46.24680354961293, 300.9382637652939, 40.588089819356746, 312.5272180432484, 31.172064468518737, 316.5642421724326, 25.585235989755763, 320.54794520547944, 26.671700453313996, 334.49090582114343, 31.922945360512117, 352.41756946985424, 37.89849991008239, 367.3512666116821, 43.41344313735216, 384.5536206180208, 49.75115250810852, 393.6074911476727, 53.73485554115536, 406.28290988918536, 59.5293326801326, 416.4232448823956, 61.70226160724906, 436.7039148688159, 68.76428062037758, 449.5604110209216, 73.83444811698266, 458.5320178348847, 80.68353993935163, 463.60218533148975, 89.19417823722445, 467.0, 106.57760965415615, 467.0, 409.44657534246574, 461.4851274673358, 411.8751954953885, 455.14741809657943, 416.40213076021445, 449.1718635470092, 417.4885952237727, 441.7476897126946, 414.7724340648771, 430.70196766651924, 407.3482602305625, 429.07227097118187, 406.8050279987834, 424.18318088516986, 409.1590343364929, 420.7427100839021, 409.1590343364929, 419.11301338856475, 423.645227183936, 417.3022392826344, 435.7774136936696, 413.5367419708923, 452.7136980100063, 410.45842599081067, 466.11342639389113, 407.380110010729, 479.694232188369, 404.30179403064733, 496.53443137352167, 400.8613232293796, 513.1935531480812, 398.5153239859355, 529.6184550128053, 396.52347246941207, 543.0181833966901, 395.07485318466775, 552.9774409793072, 391.5810612872627, 570.6513205628266, 389.2270549495532, 583.1456618937464, 386.6919712012506, 592.3806098339913, 384.3379648635411, 598.1750869729685, 383.07042298938984, 603.9695641119458, 381.0279789404492, 616.7994890144303, 381.75228858282134, 623.0, 264.18737791227755, 623.0, 260.0225974686377, 618.6901554661192, 254.5902751508465, 613.0767557377351, 246.80394649534585, 607.2822785987578, 239.56085007162432, 603.479652976304, 231.5934440055306, 598.952717711478, 225.4368120453673, 598.590562890292, 216.38294151571537, 605.2904270822344, 205.88045170131912, 611.8092138635838, 199.1805875093767, 615.6118394860375, 190.7068989253208, 619.9869971536118, 185.0934991969366, 623.0, 140.72953360164212, 623.0, 139.28091431689782, 619.8059197430188, 132.76212753554842, 619.0816101006466, 126.06226334360599, 616.9086811735301, 118.45701209869837, 612.7439007298902, 113.74899942327937, 607.8548106438782, 112.84361237031416, 598.2577078824471, 111.75714790675593, 595.5415467235515, 108.68938898776483, 590.4686506632264, 107.05969229242747, 583.768786471284, 106.6975374712414, 570.006903266213, 106.6975374712414, 550.631620332758, 106.51646006064836, 542.6642142666642, 103.25706666997367, 531.980647041675, 102.17060220641544, 524.9186280285464, 99.45444104751985, 514.0539833929641, 96.4319961304007, 493.658485523109, 93.89691238209817, 476.63720892736336, 91.36182863379562, 461.7888612587342, 89.55105452786525, 451.10529403374494, 87.74028042193486, 439.15418493460436, 85.74842890541143, 422.4950631600448, 84.84031328872618, 405.15131002065004, 82.66738436160972, 395.91636208040507, 79.7701457921211, 381.430169232962, 77.41613945441159, 367.306131206705, 76.69182981203944, 356.6225639817157, 74.51890088492297, 357.70902844527393, 73.25135901077171, 364.5899700478094, 71.44058490484132, 372.5573761139031, 69.08657856713182, 378.35185325288035, 64.55964330230586, 384.3274078024506, 59.30839839510773, 387.5868011931253, 54.41930830909569, 387.5868011931253, 45.37326627681422, 387.0994400243087, 39.03555690605787, 383.840046633634, 33.060002356487594, 379.85634360058714, 26.17906075395213, 372.97540199805167, 20.927815846754008, 368.0863119120396, 19.117041740823623, 361.02429289891114, 19.660273972602738, 350.5218030845149, 20.927815846754008, 340.7436229124908, 23.28182218446351, 326.9817397074199, 24.368286648021744, 314.4873983765002, 24.671841842525232, 292.55793174870206, 24.128609610746118, 276.07988738473557, 25.033996663711306, 260.68830748432725, 25.939383716676502, 244.21026312036074, 28.112312643792965, 221.75666420682396, 30.466318981502468, 204.5543102004853, 31.733860855653738, 191.69781404837954, 33.241079767080635, 172.45283739620533, 34.14646682004583, 157.60448972757615, 37.21950426958222, 143.4456947605377, 43.01398140855945, 129.14057932368763, 47.72199408397846, 118.27593468810534, 55.11158957440647, 101.01753102190926, 59.81960224982548, 87.61780263802441, 63.26007305109321, 76.75315800244209, 67.55005984236362, 65.44901616674036, 76.24177555082947, 59.11130679598401, 90.54689098767952, 56.75730045827451, 104.67092901393653, 53.860061888785886, 111.73294802706505, 50.238513676925116, 118.97604445078659, 47.160197696843454, 127.12452792747334, 45.89265582269219, 131.93663282834177, 43.072581035242045, 136.64464550376076, 42.34827139286989, 143.16343228511016, 45.245509962358504]], "scale": 3, "viewpoint": 1, "zoom_in": 2, "landmarks": [235, 67, 2, 136, 47, 2, 154, 119, 2, 235, 147, 2, 308, 111, 2, 323, 33, 2, 66, 72, 2, 31, 205, 2, 21, 356, 2, 62, 388, 2, 84, 320, 2, 84, 249, 1, 75, 296, 1, 90, 448, 2, 114, 609, 2, 247, 605, 2, 0, 0, 0, 405, 485, 2, 438, 351, 2, 444, 326, 2, 437, 370, 2, 423, 402, 2, 0, 0, 0, 0, 0, 0, 0, 0, 0], "style": 1, "bounding_box": [17, 24, 467, 623], "category_id": 1, "occlusion": 1, "category_name": "short sleeve top"}}