{"source": "user", "pair_id": 1289, "item1": {"segmentation": [[134.2972819784566, 27.229582591763762, 143.53222991870157, 32.84298232014796, 157.2941131237725, 38.637459459125196, 168.33983516994786, 43.70762695573028, 183.5503376597631, 48.77779445233536, 196.22575640127582, 48.59671704174232, 209.44440737456762, 45.15624624047459, 225.37921950675502, 42.62116249217205, 235.87933795122092, 40.193313778626724, 242.03596991138423, 39.46900413625457, 247.4682922291754, 38.2014622621033, 249.64122115629186, 39.287926725661535, 253.98707901052478, 43.995939401080534, 259.96263356009507, 44.72024904345269, 267.7489622155957, 47.43641020234827, 276.9839101558407, 51.7822680565812, 288.75394184438824, 57.3956677849654, 296.54027049988883, 62.46583528157048, 303.4212121024243, 67.17384795698948, 312.1129278108902, 74.235866970118, 319.7181790557978, 84.01404714214208, 323.4059197430188, 91.2999076009104, 327.5707001866587, 97.81869438225979, 333.1840999150429, 108.50226160724907, 336.4434933057176, 112.848119461482, 336.0813384845315, 115.56428062037757, 332.0976354514847, 123.89384150765736, 329.3814742925891, 130.59370569959978, 327.38962277606566, 135.3017183750188, 339.0371766807027, 138.0999076009104, 349.53966649509897, 140.99714617039902, 348.45320203154074, 148.4213200047136, 346.6424279256103, 159.46704205088898, 344.46949899849386, 169.9695318652852, 340.304718554854, 179.38555721612323, 335.777783290028, 188.62050515636818, 331.069770614609, 195.3203693483106, 325.99960311800396, 201.83915612966, 318.93758410487544, 207.8147106792303, 314.6216189064664, 211.0277829799627, 310.81899328401255, 214.83040860241653, 309.91360623104737, 216.82226011893994, 306.8352902509657, 216.09795047656777, 300.4975808802094, 211.20886039055574, 299.7732712378372, 225.1518210062197, 297.4192649001277, 241.0866331384071, 296.8760326683486, 252.6755874163616, 295.13910093825405, 260.3189170082533, 295.8634105806262, 275.89157431925463, 296.7687976335914, 291.10207680906984, 297.6741846865566, 306.6747341200712, 298.4817080808899, 321.99128595967846, 297.93847584911083, 340.8233366613545, 297.93847584911083, 357.12030361472796, 297.32199408397844, 359.893878715341, 297.1409166733854, 375.8286908475284, 298.40845854753667, 381.9853228076917, 301.1246197064322, 394.8418189597974, 302.93539381236263, 404.61999913182154, 302.548624865898, 413.7265979151282, 300.7378507599676, 418.25353317995416, 294.7622962103973, 426.0398618354548, 288.0624320184549, 432.0154163850251, 280.81933559473333, 437.80989352400235, 271.40331024389536, 439.6206676299327, 263.2548267672086, 441.79359655704917, 245.50924052909082, 441.9746739676422, 237.31858585983986, 438.95964330230584, 229.12146697507848, 443.975896860291, 213.36773225348412, 450.8568384628265, 205.76248100857651, 454.1162318535012, 196.52753306833154, 457.91885747595495, 183.8820069826427, 463.066960193976, 176.8199879695142, 465.7831213528716, 174.1038268106186, 467.0, 57.277875689117636, 467.0, 54.380637119629014, 461.96584582374715, 51.12124372895432, 460.1550717178167, 43.69706989463974, 457.4389105589212, 35.794134828256475, 452.7654762273888, 34.34551554351217, 449.6871602473071, 32.89689625876786, 440.63328971765515, 31.267199563430513, 433.2091158833406, 30.36181251046532, 425.42278722783993, 23.299793497336815, 422.70662606894433, 19.135013053696923, 419.6283100888627, 15.87561966302223, 416.18783928759495, 10.805452166417147, 416.368916698188, 9.768215953416128, 408.27025431454103, 9.043906311043973, 397.7677645001448, 9.587138542823089, 388.71389397049285, 12.303299701718668, 381.10864272558524, 16.468080145358556, 376.5817074607593, 18.846700608346666, 362.41549824193805, 22.830403641393517, 331.6323384411215, 26.08979703206821, 302.6599527462353, 28.80595819096379, 285.09544391871054, 31.52211934985937, 268.7984769653371, 32.789661224010636, 253.95012929670793, 38.4464178299242, 232.68322987529152, 44.96520461127359, 214.93764363717372, 51.1218365714369, 198.82175409439327, 55.10553960448375, 190.4921932071135, 59.81355227990275, 182.16263231983373, 59.63247486930972, 174.55738107492613, 58.736459192469894, 171.19721686500463, 56.02029803357432, 169.92967499085336, 48.23396937807366, 171.0161394544116, 44.61242116621288, 172.28368132856286, 42.07733741791034, 173.9133780239002, 34.29100876240968, 173.73230061330716, 24.048717264987573, 175.34206887142858, 16.62454343067299, 177.33392038795202, 13.908382271777409, 178.05823003032418, 11.735453344660947, 178.42038485151025, 6.846363258648903, 177.15284297735897, 5.578821384497632, 173.89344958668428, 3.719411870492616, 168.3292781088573, 2.089715175155268, 164.16449766521743, 0.0978636586318431, 161.99156873810097, 0.0, 144.24598249998317, 2.270792585748307, 142.25413098345973, 4.081566691678693, 140.98658910930848, 6.073418208202118, 137.00288607626163, 9.332811598876813, 133.74349268558694, 9.332811598876813, 120.88699653348118, 9.127120063005169, 103.30433779618826, 9.489274884191246, 84.65336450510529, 12.327913826997275, 69.55656126555769, 15.044074985892854, 63.58100671598742, 23.55471328376567, 56.518987702858915, 26.995184085033404, 52.354207259219024, 30.435654886301137, 45.6543430672766, 37.54571646502169, 40.26187762391727, 47.32389663704578, 36.09709718027739, 56.92099939847682, 34.467400484940036, 69.9585729611756, 32.65662637900965, 83.35830134506047, 29.578310398927997, 99.65526829843395, 26.13783959766026, 109.41174150579437, 23.31444340400746, 115.38729605536464, 23.31444340400746, 118.82776685663238, 21.503669298077075, 122.81146988967923, 20.598282245111882, 128.06271479687734, 23.31444340400746]], "scale": 3, "viewpoint": 1, "zoom_in": 2, "landmarks": [191, 54, 2, 125, 23, 2, 136, 60, 2, 179, 82, 2, 222, 72, 2, 250, 39, 2, 28, 49, 2, 11, 93, 2, 0, 0, 0, 8, 177, 2, 35, 174, 2, 56, 172, 2, 55, 191, 2, 27, 290, 2, 11, 415, 2, 0, 0, 0, 301, 413, 2, 296, 313, 2, 297, 219, 2, 299, 195, 2, 301, 209, 2, 308, 216, 2, 349, 143, 2, 335, 114, 2, 316, 82, 2], "style": 1, "bounding_box": [0, 20, 350, 466], "category_id": 1, "occlusion": 1, "category_name": "short sleeve top"}}