{"source": "user", "pair_id": 1293, "item1": {"segmentation": [[118.89890015264787, 78.4802428329066, 105.3436088327905, 78.83696102553442, 84.50839968093763, 79.10567523393182, 76.0660691220791, 78.748957041304, 59.899098554366816, 85.70776101635667, 55.261762050205085, 92.48540667628535, 50.38661341762481, 102.23570394144592, 48.484116390276405, 114.48302855500125, 47.28475505485737, 130.57789426942955, 46.21460047697389, 146.9869311303095, 45.620070155927515, 162.20690734909672, 45.56811859833909, 186.21697589891502, 46.63827317622257, 211.90068576811845, 48.03424386675501, 230.62178558847708, 51.83923792145182, 234.90240390001097, 58.260165388752675, 241.5611434957304, 60.63828667293818, 245.48504361463648, 60.15236172277479, 261.4919053448343, 59.55783140172842, 269.8153298394836, 60.390173851193346, 276.1173512425752, 60.15236172277479, 281.7059362604111, 62.64938907116957, 283.846245416178, 66.93000738270348, 287.4134273424563, 73.23202878579505, 287.5323334066656, 77.03702284049186, 279.922345297272, 83.10123211516489, 272.3123571878784, 87.14403829828025, 265.5347115279497, 85.59825946355969, 277.1875058204586, 87.26294436248952, 293.83435480975714, 89.40325351825649, 303.3468399464992, 92.70261741805133, 327.62607079567186, 94.60511444539974, 352.12072002278256, 95.43745689486467, 364.3680446363379, 95.93928097597447, 389.7118316257739, 94.51240820546317, 393.75463780888924, 94.869126398091, 400.8890016614458, 93.20444149916115, 401.6024380467014, 94.3935021412539, 409.56914434872283, 97.7228719391136, 410.40148679818776, 102.12239631485679, 411.8283595686991, 108.54332378215764, 411.70945350448983, 113.18066028631938, 411.352735311862, 116.60878285269277, 413.6338961913618, 121.60283754948233, 416.84435992501227, 127.42923469573681, 421.481696429174, 131.59094694306145, 426.237938997545, 135.6337531261768, 424.92997229124296, 146.92982922605793, 420.17372972287194, 157.6313750048927, 418.033420567105, 164.37946285771352, 417.9510150204947, 169.2546114902938, 420.8047605615173, 174.60538437971118, 422.9450697172843, 181.2641239754306, 426.7500637719811, 183.40443313119755, 431.3874002761428, 186.37708473642942, 431.9819305971892, 196.6030062584271, 432.4575548540263, 210.15829757828448, 433.05208517507265, 219.0762523939801, 433.05208517507265, 227.98569888017744, 432.22019081656475, 232.86084751275772, 432.69581507340183, 237.97380827375656, 433.8848757154946, 244.63254786947596, 433.4092514586575, 251.0534753367768, 431.5067544313091, 255.0962815198922, 430.79331804605346, 261.7550211156116, 431.3878483670998, 267.9381364544939, 434.59831210075026, 275.310312435469, 440.06799105437693, 280.9985464037326, 443.35100773226833, 287.65728599945203, 444.1833501817332, 295.14836804463636, 443.58881986068684, 306.5633502087268, 444.064444117524, 314.4111504465389, 443.8266319891054, 319.7619233359563, 446.08584720908163, 324.0425416474902, 448.82068668589494, 330.7012812432096, 447.51271997959293, 332.1281540137209, 443.9455380533147, 332.603778270558, 427.1797829998069, 334.0306510410693, 409.58168549683415, 337.9352940461938, 379.0364856712119, 342.33481842193703, 355.7308970861939, 346.41927546931447, 333.3859615262625, 347.2516179187794, 326.7272219305431, 350.9377059092669, 315.3122397664527, 352.84020293661536, 306.86990920759416, 352.53498821061896, 289.05325668998444, 353.01061246745604, 266.69891661864074, 354.6752973663859, 266.9367287470593, 354.1996731095488, 288.57763243314736, 359.19372780633836, 288.57763243314736, 367.04152804415054, 289.88559913944937, 374.05698583249773, 289.64778701103086, 378.3376041440317, 287.7452899836824, 386.06649831763457, 287.8641960478917, 399.32866796864977, 287.52763115095945, 405.8685015001599, 286.8141947657038, 417.4023897284596, 281.34451581207713, 431.5522113693633, 275.51811866582267, 441.30250863452386, 271.83203067533515, 446.81988498098985, 270.0690410988485, 446.58207285257134, 265.55061065889606, 444.3228576325951, 249.97391624748104, 439.9233332568519, 236.89424918446076, 435.9989850469888, 218.1993491883749, 428.39929763092147, 190.55984646136363, 422.572900484667, 168.32441245422916, 414.15072322150405, 141.9624224444981, 411.4158837446907, 127.93150686780362, 395.3270645588396, 101.21235057448771, 377.6100609916576, 96.9317322629538, 360.8443059381498, 93.00783214404773, 335.3708641002212, 88.26189026900302, 321.8155727803638, 84.33799015009693, 316.8215180835743, 80.88971428802796, 310.20823542590915, 75.36808377681287, 305.92761711437527, 74.2979291989294, 298.0798168765631, 78.22182931783547, 283.4543709788223, 80.24323240939314, 265.618461347431, 81.07557485885808, 236.30867528386972, 81.45289443813847, 214.9055837262002, 80.26383379604572, 198.49654686532023, 79.07477315395298, 172.8475451498878, 75.43503828343373, 161.90818724263445, 71.86785635715547, 152.99023242693883, 69.8464532655978, 146.68821102384726, 69.3708290087607, 142.40759271231335, 70.20317145822563, 137.4018930493265, 73.15992393251106, 131.2187777104442, 76.13257553774295]], "scale": 3, "viewpoint": 1, "zoom_in": 1, "landmarks": [224, 84, 2, 137, 75, 2, 161, 108, 2, 213, 133, 2, 271, 123, 2, 310, 77, 2, 56, 98, 2, 46, 162, 2, 49, 229, 2, 73, 289, 2, 91, 265, 2, 108, 238, 2, 85, 243, 1, 94, 322, 2, 96, 410, 2, 219, 433, 2, 332, 446, 2, 346, 339, 2, 357, 223, 2, 356, 257, 2, 354, 267, 2, 355, 288, 2, 446, 271, 2, 430, 201, 2, 396, 110, 2], "style": 3, "bounding_box": [41, 60, 461, 458], "category_id": 1, "occlusion": 1, "category_name": "short sleeve top"}}