{"source": "user", "pair_id": 1293, "item1": {"segmentation": [[77.88007223442176, 199.63320785886756, 74.07507817972495, 223.53332676493187, 70.50789625344669, 240.41798788264893, 64.21519568213076, 263.6105914125797, 59.81567130638758, 280.97087678713393, 53.69591359942559, 311.07552492101047, 50.128731673147335, 321.77707069984524, 43.42678774120318, 349.8047673098751, 224.19864735916502, 350.0, 240.1320599632079, 348.0860456108006, 270.69091846499157, 345.47011219819655, 295.18556769210227, 343.56761517084817, 312.241534522574, 342.1700910083531, 355.7747587124673, 338.40527802559245, 373.25395015123075, 335.6704385487791, 389.1873627552736, 333.53012939301215, 414.6901950410368, 329.47963952972043, 429.0778288103591, 325.6746454750236, 443.8221807723092, 326.26917579607004, 458.4999007991405, 323.6223821433054, 459.4511493128147, 318.62832744651587, 457.42974622125706, 309.3536544381924, 450.5331944971191, 295.79836311833503, 441.2585214887956, 278.081359551153, 431.05124163034924, 256.05930051921865, 423.9168777777927, 242.86072739198912, 414.4043926410507, 224.54919350376076, 408.81580762321477, 213.7287416607167, 403.87125483013705, 200.21841734813827, 401.49313354595154, 192.13280498190755, 397.68813949125473, 180.9556349462357, 392.21846053762806, 171.68096193791223, 389.06984280375366, 160.1148273567627, 387.40515790482385, 155.00186659576386, 380.7464183091044, 147.272972422161, 375.99017574073343, 139.5440782485581, 370.1637785944789, 133.36096290967578, 369.09362401659547, 128.24800214867696, 373.37424232812936, 127.29675363500276, 374.68220903443137, 124.08628990135233, 377.0603303186169, 121.11363829612046, 385.38375481326614, 125.39425660765436, 398.4634218762864, 131.69627801074594, 412.4943374529809, 136.6903327075355, 426.40634696546607, 143.23016623904562, 436.6104780401689, 148.86208111256127, 440.8910963517028, 150.76457813990967, 446.0040571127017, 150.40785994728185, 450.28467542423556, 146.48395982837576, 454.803105864188, 137.32819288426157, 461.4618454599074, 120.44353176654451, 467.0, 105.15881180314766, 467.0, 91.96023867591812, 453.6602728226086, 87.79852642859349, 438.44029660382137, 84.23134450231524, 426.6685962471031, 81.0208807686648, 411.7900963800459, 77.69012485811578, 399.54277176649055, 75.07419144551173, 385.3929501255868, 70.67466706976855, 376.3560892456819, 64.96717598772334, 368.13318019060057, 62.19379259057308, 361.4744405948811, 61.00473194848033, 354.34007674232464, 61.83707439794526, 345.42212192662896, 56.01067725169077, 336.14744891830554, 48.40068914229717, 330.5588639004696, 46.85491030757659, 323.5945451674334, 45.0606123999725, 316.6979934432955, 46.13076697785597, 308.37456894864624, 47.20092155573945, 301.1212990318804, 44.70389420734467, 293.86802911511467, 42.92030324420554, 281.6549645643733, 43.74798527778265, 271.42904304237567, 41.36986399359714, 264.8892095108655, 40.180803351504395, 260.13296694249453, 42.67783069989917, 252.87969702572872, 44.10470347041047, 245.26970891633513, 44.818139855666125, 239.32440570587136, 47.67188539668873, 232.30894791752414, 49.6932884882464, 225.53130225759546, 50.88234913033916, 222.79646278078212, 47.07735507564235, 217.44568989136474, 44.22360953461975, 213.71349981981888, 42.96350758043029, 208.71944512302932, 44.50928641515087, 205.8656995820067, 47.244125891964195, 202.536329784147, 48.789904726684775, 196.59102657368325, 46.41178344249927, 189.93228697796383, 44.271474286732314, 183.63026557487225, 47.36303195617347, 179.1118351349198, 50.21677749719608, 169.83716212659635, 50.21677749719608, 162.8217043382491, 52.83271090980013, 153.78811776154268, 55.84239480322464, 146.65375390898618, 58.45832821582869, 139.99501431326675, 61.07426162843275, 135.23877174489576, 62.14441620631622, 122.51582287450331, 62.14441620631622, 115.39707742120953, 61.94363636609032, 105.76568622025823, 62.77597881555524, 101.48506790872433, 64.55956977869437, 99.46366481716666, 69.6725305396932, 96.25320108351623, 75.38002162173841, 90.90242819409885, 79.06610961222594, 80.6395999033635, 81.7159265292791, 69.7002419961102, 83.73732962083677, 61.25791143725166, 85.75873271239446, 50.76495469827417, 88.79159316580312, 42.91715446046201, 90.93190232157006, 35.16206046258641, 92.45450459630649, 22.4360883279054, 94.4233825198638, 16.371879053232366, 95.13681890511944, 6.535173115622312, 98.61595500734894, 0.0, 100.39954597048808, 0.0, 150.59931895573212, 3.0266884053765524, 157.89579320872264, 7.307306716910457, 159.79829023607104, 19.435725266256522, 160.15500842869886, 29.30492859562636, 159.67938417186176, 37.27163489764779, 156.46892043821134, 44.881623007041405, 152.18830212667743, 52.644275165638426, 146.33570515615025, 57.40051773400943, 143.36305355091838, 63.94035126551957, 140.98493226673287, 70.83690298965752, 135.39634724889694, 74.76080310856361, 131.23463500157231, 76.90111226433055, 133.96947447838562, 83.79766398846851, 135.5152533131062, 88.67281262104879, 135.03962905626912, 86.53250346528185, 145.1466445140575, 84.51110037372416, 164.17161478754153, 83.10110659570994, 179.41149326311438, 81.79313988940791, 182.02742667571843, 80.24736105468735, 191.18319361983262]], "scale": 3, "viewpoint": 1, "zoom_in": 2, "landmarks": [228, 50, 2, 187, 46, 2, 192, 70, 2, 233, 78, 1, 262, 65, 2, 267, 44, 2, 108, 65, 2, 53, 90, 2, 0, 0, 0, 4, 160, 2, 52, 147, 2, 84, 133, 2, 89, 145, 2, 73, 229, 2, 0, 0, 0, 268, 344, 2, 460, 321, 2, 405, 201, 2, 363, 131, 2, 374, 124, 2, 410, 135, 2, 447, 150, 2, 467, 94, 2, 400, 77, 2, 333, 50, 2], "style": 3, "bounding_box": [0, 41, 467, 350], "category_id": 1, "occlusion": 1, "category_name": "short sleeve top"}}