{"source": "user", "pair_id": 1293, "item1": {"segmentation": [[62.79449495965156, 584.6669482981316, 61.367622189140256, 595.6063062053848, 59.49602724177071, 623.0, 416.472190692395, 623.0, 412.8123025261802, 505.37966665811877, 411.6232418840874, 489.4462540540759, 408.65059027885553, 476.84221124789275, 410.4341812419947, 460.7898925796406, 420.8979148924109, 446.75897700294615, 434.5000074231935, 437.06443736916617, 446.1528017157025, 433.25944331446937, 458.40012632925783, 431.00022809449314, 467.0, 430.64350990186534, 467.0, 327.6775742623033, 464.10291515559686, 322.802425629723, 462.2004181282485, 318.046183061352, 458.98995439459804, 314.0033768782367, 454.4715239546456, 312.21978591509753, 451.617778413623, 305.56104631937814, 447.6938782947169, 302.3505825857277, 443.413259983183, 300.8048037510071, 433.900774846441, 301.0426158794257, 426.8853170580938, 299.6157431089144, 422.48579268235056, 298.78340065944946, 419.632047141328, 297.4754339531474, 415.2325227655848, 297.2376218247289, 411.9031529677251, 298.66449459524017, 409.8817498761674, 296.40527937526394, 406.923205038054, 293.9232549759016, 402.64258672652005, 294.517785296948, 399.90774724970674, 297.49043690217985, 397.52962596552123, 298.44168541585407, 393.48681978240586, 298.0849672232262, 390.3952621129647, 295.2312216822036, 387.4226105077328, 293.56653678327376, 383.617616453036, 293.80434891169233, 380.76387091201343, 295.9446580674593, 372.55935248157346, 296.53918838850564, 366.01951895006334, 296.18247019587784, 363.52249160166855, 295.3501277464129, 361.2632763816923, 292.73419433380883, 353.7648035350598, 292.449580994465, 348.0573124530146, 290.309271838698, 339.139357637319, 286.1475595913734, 332.5995241058088, 283.17490798614153, 324.39500567536885, 282.3425655366766, 314.6447084102083, 283.05600192193225, 311.6720568049764, 285.1963110776992, 310.2451840344651, 289.59583545344236, 304.77550508083846, 294.2331719576041, 295.1441138798872, 299.82175697544005, 284.08584990842456, 306.00487231432237, 270.86018077500836, 307.75800928843967, 250.28943166680375, 309.4226941873695, 231.77524189488483, 307.48929508004227, 214.41495652033063, 305.8246101811124, 199.07517805542017, 303.5082930568846, 186.23332312081845, 302.5570445432104, 178.02880469037848, 297.6818959106301, 167.2795615187044, 292.6564910429047, 158.71832489563658, 292.89430317132326, 139.34604094093706, 298.0540651432474, 132.80620740942692, 298.17297120745667, 127.81215271263736, 300.4321864274329, 124.60168897898693, 303.88046228950185, 122.10466163059216, 308.0421745368265, 119.72654034640665, 306.37748963789664, 117.34841906222115, 300.7889046200607, 113.3056128791058, 299.83765610638653, 103.17709985275083, 300.8254051376597, 97.11289057807781, 306.77070834812343, 94.49695716547375, 310.21898421019245, 91.52430556024187, 310.8135145312388, 89.14618427605637, 307.48414473337914, 85.93572054240593, 307.72195686179765, 81.18373213878407, 309.4432955740221, 81.30263820299334, 311.58360472978904, 77.97326840513364, 309.9189198308592, 74.52499254306466, 308.2542349319293, 69.88765603890292, 309.9189198308592, 65.01250740632264, 315.1507866560673, 59.30501632427744, 318.7179685823455, 51.5447719797387, 322.05808716448854, 43.143196103228306, 325.5171118108408, 37.07898682855527, 330.5111665076303, 31.847120003347168, 336.57537578230335, 29.35009265495239, 340.9749001580465, 29.468998719161668, 347.2769215611381, 25.069026252461484, 355.79225315519466, 18.767004849369904, 364.591301906681, 2.833144154370034, 393.8070374574347, 0.0, 481.6345062429058, 6.472879024889282, 480.77641206012515, 17.107470297103195, 483.62500725448456, 26.857767562263753, 487.90562556601844, 36.96478302005214, 494.4454590975286, 46.59617422100343, 503.6012260416428, 52.77928955988574, 510.4977777657807, 59.74929041017869, 526.5256889735882, 59.63038434596941, 541.3889469997476, 54.08815244810176, 568.5107265147027, 45.95058852428263, 585.1219711683161, 40.59981563486525, 589.2836834156408, 40.3620035064467, 592.8508653419191, 43.92918543272495, 592.1374289566634, 50.46901896423508, 586.6677500030368, 56.057603982071015, 578.2254194441782, 60.69494048623275, 565.621376637995, 63.191967834627526, 553.9685823454861, 68.27917686231065, 538.0342735595292, 70.77620421070543, 527.9272581017408, 76.24588316433208, 519.0093032860451, 78.26728625588976, 515.917745616604, 79.57525296219178, 518.8903972218359, 75.53244677907642, 528.5217884227872, 71.96526485279819, 543.2661403847372, 68.0413647338921, 556.9403377688039, 65.06871312866022, 569.6632866391964]], "scale": 3, "viewpoint": 2, "zoom_in": 2, "landmarks": [243, 289, 1, 166, 295, 2, 203, 309, 2, 249, 313, 2, 293, 306, 2, 311, 289, 2, 48, 327, 2, 7, 395, 2, 0, 0, 0, 62, 571, 2, 81, 509, 2, 101, 458, 2, 87, 498, 2, 0, 0, 0, 0, 0, 0, 0, 0, 0, 0, 0, 0, 0, 0, 0, 403, 456, 2, 393, 383, 2, 399, 419, 2, 407, 477, 2, 0, 0, 0, 0, 0, 0, 419, 300, 2], "style": 3, "bounding_box": [1, 282, 466, 623], "category_id": 1, "occlusion": 1, "category_name": "short sleeve top"}}