{"source": "user", "pair_id": 1324, "item1": {"segmentation": [[229.3, 5.285714285714282, 226.05, 4.785714285714281, 221.55, 8.035714285714285, 221.55, 9.535714285714286, 211.3, 10.785714285714286, 196.04999999999998, 12.535714285714288, 186.04999999999998, 17.535714285714292, 179.79999999999998, 21.5357142857143, 175.54999999999995, 24.5357142857143, 173.29999999999995, 27.7857142857143, 165.79999999999995, 43.53571428571431, 157.54999999999995, 65.53571428571433, 150.29999999999995, 83.78571428571436, 144.43571428571428, 98.92857142857143, 137.18571428571428, 120.92857142857144, 135.18571428571428, 128.92857142857144, 129.93571428571428, 140.92857142857147, 126.18571428571427, 152.17857142857147, 124.18571428571427, 157.42857142857147, 123.68571428571427, 160.1785714285715, 123.43571428571427, 162.6785714285715, 123.43571428571427, 164.1785714285715, 122.68571428571425, 165.6785714285715, 124.43571428571427, 167.6785714285715, 130.68571428571428, 168.9285714285715, 158.93571428571428, 184.1785714285715, 181.9357142857143, 190.9285714285715, 186.87857142857146, 193.59285714285716, 191.62857142857146, 193.09285714285716, 192.37857142857146, 196.09285714285716, 188.62857142857146, 259.0928571428572, 187.87857142857146, 279.3428571428572, 187.50714285714287, 314.0857142857143, 188.00714285714287, 339.58571428571435, 186.75714285714287, 354.83571428571435, 186.75714285714287, 357.58571428571435, 188.25714285714287, 359.08571428571435, 191.75714285714287, 359.33571428571435, 198.50714285714287, 359.83571428571435, 198.50714285714287, 359.83571428571435, 200.25714285714287, 360.83571428571435, 200.00714285714287, 370.58571428571435, 202.25714285714287, 373.83571428571435, 206.75714285714287, 374.58571428571435, 222.0071428571429, 376.08571428571435, 242.75714285714292, 373.08571428571435, 268.0071428571429, 370.08571428571435, 287.14285714285717, 370.2142857142857, 311.3928571428572, 373.2142857142857, 317.1428571428572, 373.9642857142857, 321.3928571428572, 376.4642857142857, 326.1428571428572, 376.7142857142857, 329.1428571428572, 373.2142857142857, 329.3928571428572, 370.7142857142857, 330.6428571428572, 342.46428571428567, 332.8928571428572, 292.71428571428567, 335.61428571428576, 251.82857142857148, 332.61428571428576, 236.32857142857145, 328.11428571428576, 216.07857142857142, 327.86428571428576, 206.07857142857142, 327.86428571428576, 201.32857142857142, 359.11428571428576, 192.82857142857142, 380.3642857142858, 187.82857142857142, 381.6142857142858, 185.32857142857142, 380.8642857142858, 176.5785714285714, 378.8642857142858, 169.5785714285714, 372.61428571428576, 150.57857142857137, 368.3357142857143, 123.60000000000002, 366.8357142857143, 103.10000000000001, 364.0857142857143, 86.35, 361.8357142857143, 70.34999999999998, 359.12857142857143, 60.15714285714286, 354.62857142857143, 47.907142857142844, 349.12857142857143, 38.657142857142844, 345.12857142857143, 34.40714285714284, 338.0571428571429, 28.114285714285717, 330.0571428571429, 24.178571428571427, 310.0571428571429, 19.928571428571423, 306.0571428571428, 19.928571428571423, 299.5571428571428, 30.678571428571434, 293.0571428571428, 35.42857142857144, 284.5571428571428, 38.17857142857144, 272.3071428571428, 39.428571428571445, 256.5571428571428, 35.67857142857144, 246.3071428571428, 28.42857142857143, 244.5571428571428, 25.67857142857143, 234.51428571428573, 17.82857142857143]], "scale": 2, "viewpoint": 2, "zoom_in": 1, "landmarks": [265, 12, 1, 228, 8, 2, 245, 28, 2, 274, 40, 2, 298, 34, 2, 307, 20, 1, 183, 19, 2, 154, 79, 2, 132, 140, 2, 128, 151, 2, 122, 162, 2, 191, 192, 2, 194, 183, 2, 194, 173, 2, 194, 135, 2, 194, 105, 2, 193, 111, 2, 195, 150, 2, 193, 199, 2, 189, 275, 2, 187, 357, 2, 262, 369, 2, 325, 376, 2, 333, 293, 2, 329, 207, 2, 326, 166, 2, 328, 133, 2, 329, 114, 2, 324, 145, 2, 326, 179, 2, 326, 189, 2, 328, 200, 2, 380, 185, 2, 378, 173, 2, 376, 165, 2, 364, 99, 2, 345, 35, 2], "style": 1, "bounding_box": [118, 2, 383, 380], "category_id": 11, "occlusion": 1, "category_name": "long sleeve dress"}}