{"source": "user", "pair_id": 1340, "item1": {"segmentation": [[150.21324333504145, 94.84390675831415, 141.88486736835495, 104.12409712119339, 135.69807379310214, 100.5547931354706, 130.93900181213843, 91.75050997068774, 117.64124371985088, 94.04620462046205, 106.69537816363433, 92.61848302617294, 101.22244538552607, 95.47392621475116, 85.04160065024945, 96.18778701189572, 66.24326632544279, 110.22704935573867, 59.54817873220992, 113.57030527561979, 53.123431557908916, 122.61254203945083, 49.07822037408976, 135.93794358614923, 44.08119479407786, 152.356741920474, 34.325097233102255, 166.39600426431696, 36.70463322358411, 171.15507624528067, 39.084169214065966, 179.95935941006354, 40.273937209306894, 191.14317856532824, 36.94258682263229, 204.23062651297846, 33.23465719564223, 213.71421615689235, 33.47261079469042, 222.99440651977156, 35.61419318612408, 228.22938569883166, 40.84917236518417, 229.1812000950244, 47.98778033662973, 226.087803307398, 54.65048110997893, 224.42212811406068, 59.64750668999082, 221.56668492548246, 62.74090347761724, 220.8528241283379, 61.07522828427994, 231.79868968455443, 57.03001710046078, 251.54883840555382, 54.88843470902711, 267.72968314083045, 53.93662031283437, 292.23890384279355, 51.08117712425614, 320.55538212952763, 50.047186277223794, 341.6370029626401, 47.90560388579013, 368.7637132541333, 47.429696687693756, 377.80595001796434, 44.81220709816371, 387.32409397989176, 44.336299900067345, 395.6524699465782, 43.86039270197097, 399.4597275313492, 37.673599126718145, 416.83034026186675, 36.00792393338085, 431.1075562047579, 37.911552725766335, 436.58048898286614, 29.58317675907984, 452.28542652004637, 25.77591917430887, 460.3758488876847, 23.15842958477883, 472.7494360381903, 9.976899653082501, 511.95674427645025, 9.738946054034315, 516.2399090593176, 3.3141988797333077, 533.372568190787, 0.0, 536.2363358287049, 0.0, 590.4897564116912, 5.4181484775485265, 589.062034817402, 16.36401403376506, 586.6824988269202, 32.30690516999349, 584.3029628364384, 51.105239494800145, 582.1613804450047, 77.53616501168014, 579.1014712866466, 99.15778663330175, 578.224919058743, 126.3309056983127, 577.0561827548715, 155.54931329509867, 575.8874464510002, 185.93645719575608, 573.8421579192251, 206.973710665442, 572.3812375393858, 234.73644507307876, 570.2234121371321, 261.2670573179767, 568.6927998922341, 288.81807772613996, 568.1825958106015, 307.2169560151282, 567.53553225145, 324.31097310914527, 565.4316532244941, 349.5575214326167, 563.0647893191687, 366.91452340500325, 560.9609102922127, 384.5345102557593, 559.6459859003652, 399.26374649299254, 558.4064678657215, 410.22787249139117, 559.1064763281063, 440.73411838225246, 563.5772192603877, 442.0490427740999, 557.7915519362588, 462.29887840855093, 554.6357333958248, 457.5651505979001, 538.5936558152857, 449.93858912518476, 516.5029260322483, 447.3087403414898, 509.9283040730109, 437.31531496344905, 497.8309996680142, 424.7674471589171, 468.6279089447406, 418.98177983478826, 432.3359957297505, 413.19611251065936, 417.34585766268935, 410.82924860533393, 395.5181127580214, 404.78059640283556, 369.745594677811, 398.73194420033724, 336.3465151248853, 394.69239231615467, 316.34404150474217, 392.32552841082924, 312.1362834508303, 391.0106040189818, 280.84108292486053, 384.6989669381139, 256.9094589932366, 383.38404254626647, 238.23753262900254, 383.14174374538663, 235.77562154382872, 387.80646677745665, 239.44076106902656, 391.47160630265444, 241.77312258506154, 409.46410942635293, 241.43992808277082, 409.1309149240622, 232.7768710232123, 405.29917814771903, 214.4511733972231, 397.96889909732334, 197.95804553383283, 391.3050090515091, 182.79769567960543, 387.63986952631126, 180.29873691242508, 384.3361635622121, 171.2616882679522, 381.3374130415957, 145.77230884271268, 375.1733147492175, 136.77605728086345, 363.5115071690426, 123.28167993808958, 356.1947098499938, 118.55231937187888, 339.20179023316746, 115.22037434897176, 324.5412321323761, 113.22120733522749, 317.21095308198045, 111.38863757262857, 314.04560531021866, 111.72183207491928, 309.71407678043937, 115.88676335355318, 306.38213175753225, 117.7193331161521, 303.8831729903519, 113.05461008408213, 294.553726926212, 104.72474752681431, 291.198865159319, 103.94980089429185, 283.5353916066326, 108.78112117750719, 272.5399730310391, 111.94646894926896, 259.0455956882652, 113.94563596301323, 255.7136506653581, 113.77903871186788, 248.8831633683985, 109.61410743323397, 243.5520513317471, 106.78195416376292, 243.5520513317471, 103.45000914085578, 222.72739493857756, 102.2838283828383, 209.2665789694338, 102.55678395827923, 191.27407584573533, 101.8903949536978, 173.44816997318222, 101.55720045140708, 159.45932319179443, 98.55844993079067]], "scale": 3, "viewpoint": 1, "zoom_in": 2, "landmarks": [232, 107, 2, 153, 97, 2, 187, 152, 2, 237, 191, 2, 284, 153, 2, 295, 105, 2, 93, 98, 2, 54, 127, 2, 38, 165, 2, 39, 230, 2, 60, 223, 2, 75, 221, 2, 57, 261, 2, 46, 387, 2, 0, 0, 0, 243, 571, 2, 462, 556, 2, 404, 370, 2, 385, 256, 2, 385, 239, 2, 398, 243, 2, 410, 243, 2, 393, 187, 2, 383, 155, 2, 356, 120, 2], "style": 1, "bounding_box": [1, 88, 463, 594], "category_id": 1, "occlusion": 1, "category_name": "short sleeve top"}}