{"source": "user", "pair_id": 1387, "item1": {"segmentation": [[305.7881342017316, 85.39209676536603, 289.6724317223957, 91.38383230255504, 269.42449783810184, 93.65655957528189, 254.3418532100054, 93.86317114552979, 251.24267965628695, 93.65655957528189, 247.11044825132905, 97.37556783974402, 242.35838213562744, 95.72267527776086, 240.08565486290055, 93.65655957528189, 230.78813420174524, 94.48300585627348, 218.39143998687146, 91.59044387280292, 202.48234907778343, 87.04498932734921, 190.52668382162477, 84.47450483517198, 176.58848526804445, 78.68883751104431, 164.75416574141968, 69.48436676811392, 154.4977554850115, 56.59810772801137, 149.50104279599216, 46.078712593233774, 144.50433010697282, 47.393636985080974, 135.8258291207813, 56.07213797127249, 120.04673641861491, 66.85451798441952, 100.84884029764581, 80.26674678126095, 85.85870223058774, 89.20823264582191, 72.56215554654706, 95.36016128305576, 65.75943445811299, 104.43045606763454, 60.090500217751256, 114.40778033067119, 50.47733484984006, 128.90338647245983, 45.21417695510433, 146.63191832841179, 38.56597750912235, 169.62360807909945, 32.19478637338962, 191.7842728990394, 24.992570306909133, 209.2357964447421, 22.49949551466589, 220.87014547521056, 18.621379171176404, 235.55158591842076, 14.411381982497897, 247.53256694415222, 9.652310001535112, 260.857968490848, 7.272774011053719, 270.13815885372543, 3.4655164262834903, 281.321978008988, 0.6100732377058193, 291.553982768058, 2.5137020300909336, 298.9305443385503, 8.700495605342553, 303.2137091214168, 19.40840756250882, 312.2559458852461, 23.929525944423467, 318.6806930595459, 25.119293939664164, 330.5783730119528, 35.113345099686015, 339.6206097757821, 48.43874664638181, 345.5694497519856, 58.670751405451796, 348.42489294056327, 65.09549857975156, 347.948985742467, 70.56843135785877, 340.33447057292653, 77.70703932930294, 325.34339383289375, 84.60769370169896, 310.35231709286097, 88.89085848456548, 301.785987527128, 93.41197686648013, 315.8252498709682, 96.04304635761099, 325.8807947019927, 98.79304635761045, 344.38079470198903, 102.0430463576098, 364.630794701985, 103.79304635760946, 374.88079470198295, 106.79304635760886, 387.1307947019805, 109.29304635760835, 405.88079470197675, 109.0430463576084, 417.13079470197454, 108.08081539735538, 428.6371067880964, 107.29956539735558, 448.5589817880914, 104.95581539735616, 478.6371067880839, 100.65894039735724, 500.9027317880783, 94.01831539735889, 518.480856788074, 90.11206539735986, 548.5589817880665, 83.47144039736152, 575.5121067880598, 83.86206539736142, 608.3246067880516, 80.55325578350441, 631.2195181619859, 76.8071579687291, 658.6909021370049, 75.14222560660674, 695.7356471942273, 73.89352633501497, 726.9531289840216, 55.950331125827816, 828.248344370861, 384.31456953642385, 830.0, 383.82657375470825, 804.3781026417545, 383.82657375470825, 777.2049835767494, 381.869183642933, 740.4280067091597, 378.06418958823724, 703.3293146758762, 375.21044404721545, 675.267483522495, 373.78357127670455, 648.1569008827878, 378.84811322485143, 600.9475702152791, 374.41598026086433, 575.4628056723535, 366.659747573887, 538.8977087194602, 364.44368109189344, 490.14424611560247, 361.6918352849485, 459.2029491968096, 357.19356538875576, 439.47976580581076, 352.34927473131745, 427.71505992346056, 358.23162767249255, 411.10606338367205, 364.80602213615884, 383.77042324527014, 371.72643736107074, 359.202949196833, 376.57072801850904, 339.8257865670797, 380.37695639221056, 321.8327069823089, 383.14512248217534, 307.9918765324851, 384.52920552715767, 294.49706684390696, 385.56726781089446, 303.839627397538, 385.22124704964887, 319.41056165358975, 387.98941313961365, 329.79118449095756, 390.0655377070872, 341.5558903733077, 390.75757922957837, 352.2825339719211, 394.5638076032799, 360.5870322418154, 402.52228511192857, 359.8949907193242, 428.4738422053481, 349.1683471207108, 455.4634615825044, 333.9434336259047, 467.0, 327.5426784400226, 467.0, 173.77273955938318, 459.57419921610904, 150.9155967022455, 448.79868901202985, 121.20131098796654, 440.30889309366444, 97.03804568184957, 433.45175023652314, 87.56865792674968, 425.61501554264737, 79.40539262062907, 415.49256656305784, 69.28294364103954, 404.39052574673383, 67.3237599675706, 394.2680767671443, 65.69110690634648, 379.2476686038824, 60.14008649818447, 365.117549668868, 54.20695364238664, 354.3675496688701, 49.20695364238763, 348.11754966887133, 49.95695364238748, 343.3675496688723, 56.70695364238614, 339.61754966887304, 63.20695364238485, 331.11754966887474, 70.95695364238331, 319.11754966887713, 79.70695364238158, 312.36754966887844, 82.45695364238102]], "scale": 3, "viewpoint": 1, "zoom_in": 2, "landmarks": [247, 98, 2, 149, 48, 2, 188, 121, 2, 243, 143, 2, 313, 113, 2, 350, 52, 2, 75, 97, 2, 34, 190, 2, 2, 293, 2, 63, 347, 2, 79, 324, 2, 92, 296, 2, 97, 326, 2, 104, 370, 2, 112, 419, 2, 86, 610, 2, 0, 0, 0, 0, 0, 0, 0, 0, 0, 369, 618, 2, 354, 431, 2, 370, 377, 2, 381, 330, 2, 386, 296, 2, 389, 332, 2, 393, 361, 2, 0, 0, 0, 467, 176, 2, 428, 83, 2], "style": 1, "bounding_box": [0, 44, 467, 830], "category_id": 10, "occlusion": 1, "category_name": "short sleeve dress"}}