{"source": "user", "pair_id": 1417, "item1": {"segmentation": [[151.24013205327645, 99.01445755701442, 137.94373316130972, 118.95905589496452, 136.2816832998139, 131.147421545934, 130.74151709482774, 135.85656282017223, 110.51991044662834, 146.1058702993966, 85.86617083444003, 161.06431905285916, 65.36755587599131, 171.0366182218342, 57.05730656851211, 170.7596099115849, 46.17353621978514, 181.0500512275642, 29.553037604826727, 201.82567449626222, 14.871597161613462, 224.2633476264561, 4.899297992638413, 241.71487117216242, 0.0, 252.24118696163606, 0.30077790004933136, 310.5756460365044, 13.043160171517448, 319.43991196448223, 26.33955906348418, 329.6892194437066, 39.358949645201605, 339.9385269229309, 52.65534853716834, 347.6947596099115, 68.72183053162813, 356.83603384813864, 83.6802792850907, 348.52578454065946, 87.83540393883031, 343.81664326642124, 91.4365119720713, 335.7834022691913, 99.1927446590519, 317.7778621029864, 100.30077790004913, 331.0742609949531, 99.1927446590519, 350.46484271240456, 101.68581945129566, 377.6116571168367, 107.50299396653111, 408.91359617500837, 109.73824611998634, 418.714924297044, 113.06234584297802, 430.9032899480135, 116.94046218646832, 443.091655598983, 117.77148711721624, 467.468386900922, 118.34195727241683, 492.3003832580732, 122.22007361590713, 515.569081319015, 126.65220657989605, 544.9319622054416, 129.97630630288774, 552.1341782719235, 138.28655561036692, 559.6134026486548, 146.04278829734753, 568.754676886882, 154.07602929457744, 576.7879178841118, 161.0012370508101, 577.3419345046104, 167.09541987629484, 570.9707433688764, 179.28378552726434, 556.8433195461618, 195.07325921147486, 537.1757295184609, 210.58572458543603, 524.9873638674915, 215.84888248017285, 522.2172807649983, 226.37519826964655, 523.0483056957463, 234.68544757712573, 526.372405418738, 242.99569688460494, 535.2366713467158, 248.5358630895911, 547.9790536181839, 255.18406253557447, 563.7685273023944, 257.67713732781823, 571.2477516791257, 268.69071452965505, 575.134094789967, 301.10068682882394, 569.0399119644823, 306.6408530338101, 561.2836792775016, 306.36384472356076, 545.4942055932911, 308.0258945850566, 527.4886654270862, 309.1339278260539, 510.31415019162915, 311.62700261829764, 478.45819451295887, 314.9511023412893, 443.8321557317955, 318.372101847987, 415.5407581679505, 321.41919326072934, 395.8731681402497, 323.6352597427238, 384.79283573027743, 325.29730960421966, 365.95627063332455, 329.7294425682086, 349.33577201836613, 337.20866694493986, 334.65433157515287, 338.03969187568777, 346.56568891587307, 341.0867832884302, 353.49089667210575, 345.24190794216975, 356.8149963950974, 354.3831821803969, 368.4493454255683, 367.40257276211435, 359.86208780783977, 387.90118772056303, 346.28868060562377, 401.1975866125298, 338.2554396083939, 419.480135088984, 330.7762152316626, 441.64079990892856, 326.621090577923, 454.10617387014736, 324.1280157856792, 452.5346184495124, 313.24974006754445, 453.64265169050964, 309.37162372405413, 445.3324023830304, 301.33838272682425, 440.9002694190415, 283.33284256061927, 432.313011801313, 260.6181611201761, 424.00276249383376, 239.56552954122878, 411.81439684286426, 214.08076499829258, 403.2271392251358, 197.46026638333416, 393.91674572154966, 187.55563313474744, 388.3765795165635, 186.17059158350088, 372.8641141426023, 179.52239213751753, 357.3516487686411, 170.6581262095397, 342.11619170492924, 161.51685197131258, 329.09680112321183, 152.92959435358406, 326.5388229044131, 152.95154251887823, 317.67455697643527, 146.85735969339345, 307.9792661177095, 141.87121010890593, 300.22303343072895, 135.77702728342118, 297.1759420179866, 128.85181952718852, 291.35876750275116, 118.04849542746554, 286.92663453876224, 111.12328767123287, 280.00142678252956, 106.69115470724397, 269.7521193033052, 103.92107160475089, 246.77324023830295, 103.77022729859975, 227.10565021060216, 101.8311691268546, 215.7483094903806, 99.89211095510946, 199.68182749592077, 99.06108602436154, 181.95329563996515, 98.23006109361361, 168.93390505824772, 96.29100292186847, 156.74553940727822, 96.56801123211777]], "scale": 3, "viewpoint": 1, "zoom_in": 2, "landmarks": [216, 100, 1, 153, 101, 2, 179, 153, 2, 217, 207, 2, 262, 161, 2, 291, 117, 2, 60, 176, 2, 14, 231, 2, 0, 0, 0, 84, 346, 2, 97, 321, 2, 108, 297, 2, 101, 329, 2, 115, 441, 2, 128, 545, 2, 210, 528, 2, 308, 568, 2, 315, 445, 2, 335, 329, 2, 331, 307, 2, 337, 333, 2, 346, 357, 2, 450, 309, 2, 427, 251, 2, 394, 191, 2], "style": 1, "bounding_box": [0, 95, 456, 582], "category_id": 1, "occlusion": 1, "category_name": "short sleeve top"}}