{"source": "user", "pair_id": 1414, "item1": {"segmentation": [[101.80433473734803, 41.75165677953599, 95.53824148210002, 46.70292566311235, 86.18151633590112, 48.303418122330584, 72.88511744393426, 51.1350586271013, 67.59118084805857, 56.1827656138665, 62.14927585727117, 67.47171226552324, 56.362880043174485, 83.59975166226081, 50.8263600602082, 107.77631431378255, 49.595212014655715, 130.4294383519483, 49.348982405545215, 150.4558899050078, 49.225867600989965, 158.95081141931996, 51.93439330120544, 162.5211407514222, 52.79802004410214, 170.8177167263268, 68.31048541806346, 171.8026351627688, 83.69983598746956, 174.63427566753953, 94.5230001222717, 177.2123941191599, 98.72269595525687, 192.49898678771217, 95.13128170100813, 214.28933454761636, 92.66898560990316, 233.12589964456942, 95.56127196144652, 255.70379294788287, 96.91553481155425, 262.72133680753205, 98.39291246621724, 264.3218292667503, 100.29786820134566, 277.257339709816, 105.19090341812233, 288.2503391981516, 110.23861040488752, 298.2226383671267, 115.03826467153227, 323.7571100907761, 118.85482361274498, 347.39515256538385, 123.19324795331117, 358.1974223879391, 129.3444355902976, 362.95185578702825, 132.21691659236458, 364.1145821512529, 138.7011607364965, 363.0749705915835, 155.81411856967605, 362.95185578702825, 164.3551010426812, 360.8285811862027, 177.03592591187183, 354.1803817402193, 193.04085050405416, 352.94923369466676, 204.62755705654428, 350.8314284268711, 214.23051181185366, 347.38421389932415, 224.07969617627356, 342.82896613078, 239.0997023320139, 338.6430627759015, 246.55932826538825, 335.10852570021547, 256.034254681041, 331.8209856529139, 257.63966067536063, 318.3649122807016, 252.9327982898848, 303.3879908254173, 250.8398466124456, 298.95585786142834, 248.50066532589585, 276.05650421415214, 244.0721785839268, 244.53066865674157, 236.80840511516715, 229.387547696446, 227.17877365849134, 200.6915295327962, 225.70139600382836, 188.62627868638185, 219.66877058062119, 177.79217588551995, 218.19139292595818, 150.8822339434263, 226.8094292448256, 135.61599817857547, 236.53549880469023, 144.97272332477436, 240.10582813679244, 147.80436382954508, 246.13845355999965, 151.1284635525368, 251.18616054676482, 153.46764483908652, 271.67657150566896, 135.0004241557992, 275.6356295087635, 131.071689076091, 268.20253708357, 114.78793872092099, 260.06644240901363, 103.84119315879062, 239.27252431728206, 77.16381267998165, 227.2072734708677, 65.71413585634352, 220.9678569169861, 57.6868199698959, 213.45785383911596, 53.131572201351695, 204.9629323248038, 51.407964937578214, 197.32981444237836, 51.407964937578214, 173.8027949590391, 46.95644771626266, 170.35558043149211, 60.49907621734001, 166.04656227205842, 67.51662007698918, 158.97019567664654, 75.13515307133497, 154.0456034944366, 79.56728603532392, 143.53123936127167, 74.92704060954901, 129.92177190565013, 66.64301694090982, 117.64670604653901, 55.93106667172614]], "scale": 2, "viewpoint": 2, "zoom_in": 1, "landmarks": [153, 54, 1, 101, 45, 2, 126, 65, 2, 154, 80, 2, 168, 64, 2, 174, 47, 1, 67, 57, 2, 51, 107, 2, 53, 170, 2, 94, 180, 2, 94, 144, 2, 91, 117, 2, 94, 129, 2, 97, 167, 2, 96, 214, 2, 104, 284, 2, 127, 364, 2, 207, 348, 2, 259, 324, 2, 244, 244, 2, 222, 188, 2, 217, 154, 2, 223, 120, 2, 224, 114, 2, 230, 142, 2, 245, 156, 2, 274, 128, 2, 254, 91, 2, 219, 59, 2], "style": 2, "bounding_box": [39, 40, 279, 371], "category_id": 10, "occlusion": 1, "category_name": "short sleeve dress"}}