{"source": "user", "pair_id": 1414, "item1": {"segmentation": [[199.43153299012974, 71.89016978880747, 192.2908743259253, 72.87508822524946, 187.12005253460487, 73.4906622480257, 178.6192493369932, 72.35424977970041, 173.20219793656224, 72.35424977970041, 162.4912099402556, 76.54015313457887, 148.333007416402, 83.9270414078938, 136.70603726330967, 89.28289631793976, 125.99504926700304, 91.12961838626849, 118.02024437445459, 93.46879967281822, 104.47761587337725, 102.45618040535138, 94.87466111806785, 105.78028012834308, 90.72157502624631, 107.4349511124603, 78.04075015705571, 108.78921396256804, 72.98243495177105, 109.55921212612462, 67.17568819910868, 110.88474556976436, 60.34134716705863, 116.83970981600066, 48.423538960354456, 119.26687199854965, 48.17730935124396, 123.08343093976237, 53.092826456999326, 129.11781632487663, 57.38276728540177, 136.36633703493592, 57.29812460736074, 140.40722118923838, 52.94489746291648, 151.4550944313859, 50.89615477048781, 158.99755667708095, 53.980400421496384, 161.36633703493638, 74.09874361676302, 160.62669206452216, 83.34242654220267, 163.0120483858047, 85.80472263330765, 165.47434447690964, 93.0336548593669, 163.14148496393048, 100.43010456350905, 162.40183999351626, 104.86797438599433, 164.47284591067609, 103.53325448926346, 184.0646799647522, 105.95057955742912, 198.6226959552564, 105.95057955742912, 211.93630542271228, 105.06300559293206, 232.0546486179789, 102.49745928146488, 251.5278766490849, 99.78893358124942, 273.31919705536393, 93.28947069790078, 302.6973008024634, 90.6371591680475, 318.4418556605405, 88.91355190427402, 327.0598919794079, 88.54420749060827, 342.07989813514826, 87.53090982683823, 355.7773224216513, 84.57615451751226, 378.06110204615135, 85.19172854028851, 395.5434042929966, 84.19907031457524, 419.0900129439196, 83.70661109635424, 443.34362944130356, 84.43498020465735, 449.6283661569207, 80.98776567711039, 452.21377705258095, 79.38727321789214, 457.8770580621224, 78.52546958600541, 463.5403390716638, 79.2641584133369, 469.57296449487103, 81.23399528622087, 474.8669010907467, 89.18822242036143, 482.0997406176543, 91.40715733160407, 487.57311339871944, 97.32431709491779, 492.01098322120475, 110.32778810761599, 492.8191650117845, 142.20492459218232, 491.7214514898156, 180.44745075788265, 490.75798005998234, 209.5894625922027, 489.72247710140243, 239.6675765356675, 487.64060343119274, 286.09900299910873, 489.83281186674236, 312.1829182424942, 490.85964785792885, 333.5480586852552, 490.54364918537715, 348.1930290994567, 493.35430007295116, 371.5658101645459, 502.5258977060874, 385.76699359649876, 507.5554835049041, 394.39481399967116, 507.3931506849315, 402.2741614912071, 491.5113408973045, 407.3760470028713, 486.74268078270666, 415.8709685171834, 469.6297229495271, 417.163808057064, 448.29285077409446, 418.7910269919753, 413.23367917646067, 418.1993110156439, 388.8253951527916, 417.01512077478003, 361.3639273622652, 413.0754470290121, 342.0349030470912, 407.1942287428062, 313.34184972035354, 403.9397908729837, 285.3832698386962, 400.4734700494448, 263.57864959066256, 396.0211057564603, 243.1103530274856, 393.2971004777023, 229.55668298359453, 390.9579191911526, 204.07191844065807, 386.6385813126905, 164.1149217672877, 386.39235170358, 158.45164075774625, 393.64871524681814, 152.1634838291318, 405.1871767852799, 152.60727081138032, 410.5126205722623, 153.1989867877117, 415.2966733705207, 151.85947794263362, 435.11815690391575, 149.88964106974964, 431.9171719854793, 134.13094608667782, 429.7243248712987, 118.39216871787742, 431.0785877214064, 104.35708099857908, 435.1413762717296, 98.8169147935929, 427.13891397563845, 93.27674858860671, 410.5873516403361, 79.63866268651685, 396.675378725593, 73.11357804508867, 377.2447272432528, 76.7646348382915, 364.5228337521283, 80.1670017021969, 357.02137011598927, 82.32396901891845, 349.8807114517848, 84.17069108724718, 335.38082191780825, 78.09599578503709, 323.1253780931541, 73.57765803598161, 307.1204535009718, 68.52995104921642, 291.854217736121, 65.57519573989045, 281.6356889580353, 84.78110525050924, 273.5101118573889, 94.26094520126338, 261.643930060672, 103.59001294391955, 253.14526221934042, 112.01883764286299, 250.07113843247865, 113.93165652656045, 242.3464456512929, 110.6874766961174, 232.2872740536596, 104.77031693280368, 219.71330955661793, 96.93008024641301, 206.34381129934368, 88.29747912782706, 200.42665153602996, 81.1968874118506]], "scale": 3, "viewpoint": 2, "zoom_in": 1, "landmarks": [246, 110, 2, 201, 71, 2, 213, 109, 2, 240, 128, 2, 272, 103, 2, 290, 66, 2, 130, 88, 2, 97, 108, 2, 51, 116, 2, 56, 160, 2, 85, 165, 2, 103, 163, 2, 105, 186, 2, 106, 228, 2, 96, 293, 2, 88, 384, 2, 91, 488, 2, 242, 487, 2, 395, 500, 2, 418, 389, 2, 401, 281, 2, 390, 225, 2, 386, 177, 2, 386, 150, 2, 410, 148, 2, 434, 146, 2, 435, 97, 2, 397, 74, 2, 362, 81, 2], "style": 2, "bounding_box": [48, 66, 437, 513], "category_id": 10, "occlusion": 1, "category_name": "short sleeve dress"}}