{"source": "user", "pair_id": 1417, "item1": {"segmentation": [[145.40009866049394, 100.81089818995943, 134.04275794027234, 109.95217242818656, 125.17849201229451, 122.41754638940537, 119.36131749705908, 132.66685386862972, 111.88209312032778, 137.93001176336656, 96.09261943611729, 147.6253026220923, 77.53306264941372, 160.6446932038097, 56.10652297651113, 172.57432550373775, 36.99294956930895, 183.65465791371003, 29.513725192577667, 187.53277425720032, 23.419542367092912, 187.80978256744964, 16.771342921109547, 199.16712328767122, 7.550533146131359, 218.9700147990741, 0.9023337001479939, 241.68469623951728, 0.0, 249.44092892649786, 0.0, 325.06419762455863, 9.489591317876508, 329.21932227829825, 27.21812317383215, 336.42153834478023, 46.33169658103433, 344.1777710317608, 65.7222782984858, 348.60990399574973, 88.71396804917829, 352.76502864948935, 93.97712594391511, 352.76502864948935, 100.4698971654081, 363.0417485675255, 111.55022957538038, 382.70933859522626, 120.69150381360751, 395.72872917694366, 121.52252874435543, 398.4988122794367, 125.12363677759642, 399.606845520434, 130.94081129283188, 408.7481197586611, 140.63610215155762, 429.5237430273591, 146.4231017341479, 447.8492467650742, 153.3483094903806, 469.45589496452016, 159.44249231586534, 491.6165597844647, 164.98265852085146, 504.3589420559328, 169.41479148484038, 507.9600500891738, 175.23196600007583, 509.068083330171, 186.3122984100481, 507.9600500891738, 197.39263082002037, 506.29800022767796, 202.93279702500652, 515.1622661556557, 210.3343072894926, 522.2008272302963, 220.86062307896628, 529.957059917277, 228.06283914544827, 533.0041513300193, 239.69718817591914, 535.7742344325125, 253.8246119986338, 531.0650931582742, 262.6888779266116, 523.0318521610443, 267.95203582134843, 513.3365613023186, 271.55314385458945, 503.3642621333435, 272.38416878533735, 485.6357302773879, 275.1542518878304, 472.33933138542113, 278.75535992107143, 462.6440405266954, 281.8024513338138, 459.59694911395303, 287.61962584904927, 475.66343110841285, 295.92987515652845, 490.8988881721247, 304.79414108450624, 501.979220582097, 314.76644025348133, 508.35041171783104, 320.30660645846746, 508.35041171783104, 321.69164800971396, 499.76315410010255, 323.9077144917085, 482.0346222441469, 326.1237809737029, 465.41412362918845, 324.7387394224564, 450.7326831859752, 325.5697643532043, 437.4362842940085, 329.83183698250673, 421.08092437293664, 331.21687853375323, 408.89255872196713, 333.4329450157477, 387.2859105225212, 340.08114446173107, 367.0643038743218, 343.12823587447343, 350.7208135696127, 348.9454103897089, 335.7623648161501, 351.4384851819527, 329.94519030091465, 355.03959321519363, 324.1280157856792, 359.19471786893325, 334.93133988540217, 363.6268508329222, 343.5185975031307, 370.82906689940415, 345.18064736462657, 376.6462414146396, 346.01167229537447, 383.57144917087226, 342.41056426213345, 391.32768185785284, 338.8094562288925, 390.21964861685564, 332.992281713657, 395.48280651159246, 326.621090577923, 405.4551056805675, 319.1418662011917, 415.15039653929324, 314.4327249269535, 430.9398702235037, 309.1695670322166, 447.5603688384622, 302.244359275984, 457.83708875649825, 295.3877281523926, 466.14733806397743, 287.9085037756613, 467.0, 269.3489469889577, 458.11409706674755, 253.55947330474723, 445.92573141577805, 232.22983341555062, 434.7338671119037, 209.65321595264288, 424.76156794292865, 193.0327173376845, 413.40422722270705, 178.62828520472053, 394.01364550525557, 161.45376996926348, 388.47347930026945, 161.7307782795128, 369.08289758281796, 155.08257883352942, 347.1992410731227, 145.11027966455438, 328.33435282510516, 135.33272113231877, 303.68061321291685, 122.86734717109996, 300.3565134899252, 116.2191477251166, 295.9243805259363, 111.51000645087838, 293.9853223541911, 105.41582362539363, 295.09335559518837, 103.75377376389778, 285.67507304671193, 90.73438318218037, 280.13490684172575, 83.80917542594769, 277.641832049482, 79.37704246195878, 265.4196486168556, 80.88915872955641, 249.9071832428944, 87.26034986529048, 227.74651842294986, 95.01658255227107, 210.84901149774214, 100.55674875725721, 191.73543809053996, 102.77281523925166, 172.34485637308848, 102.77281523925166, 154.06230789663422, 100.83375706750651]], "scale": 3, "viewpoint": 1, "zoom_in": 2, "landmarks": [211, 103, 2, 275, 82, 2, 0, 0, 0, 0, 0, 0, 0, 0, 0, 148, 102, 2, 396, 165, 2, 437, 214, 2, 466, 273, 2, 374, 345, 2, 361, 337, 2, 356, 323, 2, 344, 343, 2, 328, 419, 2, 319, 508, 2, 252, 529, 2, 168, 507, 2, 139, 425, 2, 95, 350, 2, 91, 296, 2, 89, 321, 2, 91, 342, 2, 0, 0, 0, 0, 0, 0, 26, 187, 2], "style": 1, "bounding_box": [0, 78, 467, 541], "category_id": 1, "occlusion": 1, "category_name": "short sleeve top"}}