{"source": "user", "pair_id": 1412, "item1": {"segmentation": [[184.9375342465753, 208.36164383561646, 182.37753424657532, 214.12164383561645, 181.7375342465753, 220.52164383561643, 183.65753424657532, 228.2016438356164, 188.13753424657529, 234.60164383561641, 193.89753424657528, 242.2816438356164, 199.65753424657527, 247.40164383561637, 208.61753424657525, 253.80164383561635, 222.52692200167726, 258.50041934582043, 239.36365669555477, 261.56164383561634, 256.71059547106495, 261.56164383561634, 274.83878424657513, 257.65539383561634, 283.8231592465751, 254.53039383561637, 297.8856592465751, 245.1553938356164, 308.8231592465751, 233.4366438356164, 317.807534246575, 221.32726883561642, 318.979409246575, 217.42101883561645, 313.9012842465751, 214.29601883561645, 311.1669092465751, 211.95226883561645, 303.7450342465751, 209.21789383561645, 298.2762842465751, 206.87414383561645, 308.0419092465751, 206.87414383561645, 315.4637842465751, 208.04601883561645, 321.323159246575, 210.78039383561645, 328.71138698630153, 216.28446061643845, 339.64888698630153, 220.97196061643845, 352.5395119863015, 230.34696061643842, 365.0395119863015, 237.37821061643842, 377.1488869863014, 245.1907106164384, 385.7426369863014, 253.78446061643837, 393.9457619863014, 263.55008561643837, 402.6750349454851, 270.35812133072403, 404.20564719038305, 282.6030192899077, 407.26687168017895, 296.8887335756219, 411.34850433324016, 318.3173050041933, 413.38932065977076, 332.6030192899076, 417.47095331283197, 354.031590718479, 419.51176963936257, 367.80710092256055, 424.1036063740564, 383.6234274531728, 430.2260553536483, 395.35812133072375, 415.940341067934, 402.50097847358086, 392.9811573944647, 409.1336315348054, 379.2056471903831, 412.70506010623393, 361.8587084148729, 415.2560805143972, 340.9403410679342, 416.78669275929514, 342.2650265585686, 439.8748672071571, 342.77523064020124, 460.28303047246317, 345.83645512999715, 483.75241822756516, 349.4078837014257, 510.7932345540957, 352.92328767123286, 542.3671232876712, 355.8082191780822, 567.3698630136986, 357.73150684931505, 590.4493150684931, 363.5013698630137, 622.1835616438356, 370.2328767123288, 638.5315068493151, 354.59010343863565, 649.0909141738888, 339.7941850712888, 659.2949958065418, 320.406429969248, 666.9480570310316, 296.937042214146, 675.111322337154, 283.16153201006443, 678.1725468269499, 267.3452054794522, 677.6623427453172, 246.93704221414612, 678.1725468269499, 224.2151523623147, 677.1735532569191, 189.52127481129438, 676.1531450936538, 161.97025440313118, 671.56130835896, 144.623315627621, 665.9490634610008, 134.9294380766006, 659.826614481409, 124.72535644394759, 654.7245736650825, 117.0722952194578, 649.1123287671234, 115.54168297455985, 648.6021246854907, 121.66413195415167, 613.9082471344703, 127.8986301369863, 586.6027397260274, 133.66849315068492, 553.9068493150685, 137.5150684931507, 515.4410958904109, 139.43835616438355, 489.4767123287671, 141.36164383561643, 455.8191780821918, 141.87184791724908, 431.83958624545716, 143.9126642437797, 416.0232597148449, 125.54531730500423, 414.492647469947, 108.19837852949406, 412.962035225049, 90.8514397539839, 410.9212188985184, 88.54593234554088, 409.9727704780542, 88.03572826390823, 413.54419904948276, 80.8928711210511, 412.0135868045848, 74.77042214145928, 407.93195415152354, 57.42348336594911, 402.3197092535644, 61.50511601901032, 391.6054235392787, 64.56634050880623, 378.34011741682974, 70.17858540676541, 359.46256639642166, 71.70919765166336, 341.0952194576462, 73.75001397819398, 326.8095051719319, 76.81123846798988, 314.5646072127483, 79.87246295778579, 301.2993010902993, 83.954095610847, 284.46256639642183, 88.03572826390823, 272.21766843723816, 90.07654459043883, 263.03399496785045, 95.17858540676535, 257.42175006989123, 99.26021805982657, 251.29930109029945, 106.40307520268368, 247.7278725188709, 117.62756499860203, 240.0748112943811, 132.42348336594893, 232.42175006989132, 146.70919765166317, 225.2788929270342, 161.5051160190101, 219.66664802907502, 172.21940173329577, 214.5646072127485]], "scale": 3, "viewpoint": 2, "zoom_in": 1, "landmarks": [247, 216, 1, 184, 209, 2, 199, 246, 2, 253, 264, 2, 299, 247, 2, 311, 209, 2, 90, 264, 2, 75, 329, 2, 57, 403, 2, 146, 417, 2, 144, 373, 2, 138, 325, 2, 141, 361, 2, 139, 496, 1, 116, 649, 2, 271, 680, 2, 371, 639, 2, 350, 506, 1, 346, 389, 2, 351, 338, 2, 349, 375, 2, 342, 417, 2, 431, 398, 2, 418, 339, 2, 403, 271, 2], "style": 1, "bounding_box": [53, 197, 434, 683], "category_id": 1, "occlusion": 1, "category_name": "short sleeve top"}}