{"source": "user", "pair_id": 1414, "item1": {"segmentation": [[186.8797193657058, 31.743502953490424, 178.26168304683839, 33.4671102172639, 169.52053192341575, 35.31383228559263, 162.62610286832182, 35.56006189470313, 152.73700232315957, 40.79792559986846, 137.8401109719745, 47.81546945951763, 120.10365929242722, 57.060048824295805, 113.82480426010954, 59.89168932906652, 87.71654587080538, 72.41130463746484, 77.62113189727499, 78.44393006067203, 60.2119699633607, 86.7035909890082, 54.056229735598265, 91.9975275848839, 46.837560134414446, 104.42907364542094, 46.591330525303945, 113.1702247688436, 46.468215720748695, 127.82088651091819, 43.80885142254995, 143.9038664180915, 45.46226995029031, 173.03692685209802, 56.38281591959159, 170.82694334116889, 75.99474147999197, 167.0043014288908, 90.71030664862104, 156.8287380310906, 115.45638236422602, 149.9343089759967, 109.89914873701919, 192.31474890061006, 110.39160795524018, 215.2141025478863, 113.4554598464438, 227.40032971156552, 113.57857465099904, 253.99312749549924, 112.36144482812416, 317.25188192784293, 114.25022156448566, 334.8963044477332, 113.26530312804367, 354.47155837201774, 114.1661122284201, 394.0002411700967, 115.88971949219359, 410.8669693941657, 116.368160487737, 434.8621594842669, 116.368160487737, 442.7415069758028, 111.93602752374804, 449.88216564000726, 111.61574688945387, 465.6198332890627, 111.28887087622579, 485.34089324795355, 113.50780578746843, 489.48290508227313, 125.19419632001302, 497.9148577449952, 133.77407797681792, 498.21071573316084, 144.97284981258747, 494.47562284707203, 155.28035855078704, 493.57176454715255, 172.51643118852184, 493.0793053289315, 187.13612709734912, 495.6505471346354, 204.44381940504172, 496.2422631109668, 215.55236131665382, 496.41041416326203, 243.00696273247428, 495.42549572682003, 268.5947254582022, 495.8018492518246, 296.0875415417038, 492.2784307368081, 324.48990840560964, 489.61570884331695, 343.66153210471526, 487.58119379197814, 371.9267348857605, 486.86353229866296, 393.34871087837377, 490.31074682620994, 409.0195995785036, 492.0296344330069, 413.75332738915455, 491.2899894625927, 415.64437023826093, 485.09787036685674, 419.0915847658079, 481.1581966210888, 422.5387992933549, 469.70851979745066, 425.20923023733326, 423.608737778115, 420.6539824687891, 398.7395472579548, 416.8934964182867, 357.65943578002924, 420.71005535949945, 330.45106397331926, 421.07939977316516, 299.58643207393624, 421.3256293822757, 279.7649485405412, 414.88160487736997, 234.38983712585954, 409.1653001766613, 195.8180363188674, 405.7180856491143, 175.50409356725137, 402.63625562343736, 162.42802632633024, 393.89510450001467, 151.34769391635785, 385.40018298570254, 134.35785088773355, 403.9905184735451, 141.1291651382722, 412.6055055928694, 144.40024117009665, 425.9019044848363, 136.27466406945024, 433.352785472453, 125.99610248885851, 437.1693444136657, 116.14691812443863, 441.9287671232876, 96.12735804905198, 447.0995889146081, 86.0319440755216, 453.8218393857752, 73.64245268301732, 452.04916834263014, 65.22463139343192, 439.4914582779948, 61.9005316704402, 392.4037086226741, 47.710332789435704, 372.0818460474667, 38.11743634500817, 356.8156102826158, 31.3461220944695, 336.8100684299068, 24.672935402673954, 330.6543282021443, 24.672935402673954, 322.7749807106084, 27.381461102889425, 314.15694439174104, 27.381461102889425, 308.37054857764434, 26.150313057336938, 304.5539896364316, 27.99703512566567, 302.618287607989, 34.48006509906108, 298.24007457242453, 37.33191213423029, 289.95605090378535, 52.56859852476311, 285.2223230931344, 61.296409175650844, 274.88150031411135, 73.97279162819338, 267.24838243168597, 77.91246537396133, 249.8891949893959, 92.80935672514642, 237.43282807813938, 87.51514955013417, 224.82497712678716, 76.43904763109407, 219.4079257263562, 69.29838896688966, 209.91711675246756, 65.42484642271393, 205.85432820214436, 64.80927239993768, 199.51088595282505, 58.64881251519871, 196.00514383772446, 51.635988312526074, 190.97450427317992, 40.66780168397442]], "scale": 3, "viewpoint": 2, "zoom_in": 1, "landmarks": [251, 93, 2, 184, 32, 2, 217, 70, 2, 251, 100, 2, 282, 65, 2, 307, 30, 2, 117, 59, 2, 78, 79, 2, 48, 103, 2, 48, 170, 2, 91, 157, 2, 115, 150, 2, 110, 192, 2, 114, 253, 2, 116, 317, 2, 117, 400, 2, 114, 493, 2, 276, 494, 2, 415, 492, 2, 420, 399, 2, 417, 302, 2, 414, 234, 2, 406, 176, 2, 385, 134, 2, 414, 132, 2, 417, 100, 2, 447, 68, 2, 404, 58, 2, 366, 38, 2], "style": 3, "bounding_box": [38, 23, 457, 502], "category_id": 10, "occlusion": 1, "category_name": "short sleeve dress"}}