{"item2": {"segmentation": [[245.1129098193013, 198.48319843021235, 237.014144387204, 201.2486305289773, 230.29809500448917, 197.69307497342237, 220.81661352300938, 189.59430954132506, 215.6808110538745, 185.05109966478267, 210.34747772054214, 177.93998855367283, 207.1869838933822, 173.39677867713044, 201.06352710325984, 175.3720873191054, 194.74253944894, 176.35974164009286, 188.42155179462014, 180.11282805984527, 183.0882184612878, 188.0140626277451, 177.3598233995604, 198.48319843021235, 175.77957648598044, 206.97702559070464, 174.59439130079548, 217.2486305289744, 173.21167525141303, 226.13751941786168, 170.64377401684558, 234.0387539857615, 174.001798708203, 235.22393917094647, 180.12525549832534, 235.81653176353896, 186.4462431526452, 238.18690213390892, 190.91781319245501, 240.81788705417094, 191.10684910927918, 248.19028781031332, 192.0520286934, 251.40389839632408, 192.80817236069666, 258.39822731881816, 195.83274702988325, 261.4228019880048, 196.96696253082825, 263.50219707307053, 194.5094956121141, 270.30749007874044, 199.2353935327182, 268.7952027441471, 205.09550695426728, 265.9596639917847, 210.577548542168, 265.3925562413122, 212.84597954405797, 265.9596639917847, 215.49248237959625, 264.2583407403672, 218.89512888243118, 266.1486999086088, 222.4868113020903, 267.2829154095538, 224.5662063871561, 265.0144844076639, 229.10306839093602, 268.60616682732297, 237.23161281437504, 272.19784924698206, 245.1711213209899, 275.2224239161687, 253.29966574442892, 278.0579626685311, 258.5926714155055, 280.3263936704211, 263.1295334192854, 281.0825373377177, 266.9102517557687, 281.0825373377177, 266.53217992212035, 274.466280248872, 264.45278483705454, 267.0938794927296, 263.1295334192854, 263.50219707307053, 264.64182075387873, 260.4776224038839, 261.99531791834045, 258.0201554851698, 262.9418472510685, 256.8545397546924, 268.85900701438123, 257.44625573102365, 275.21995375994237, 256.7066107606096, 278.91817861201275, 254.3397468552845, 279.509894588344, 251.38116697362815, 278.47439162976434, 238.80720247658869, 276.6992437007705, 222.97880010972725, 275.95959873035645, 209.22140366002523, 274.9683336261395, 201.94751381918593, 270.9698714961901, 195.64224661426576, 265.7411133262563, 191.1824234693222, 260.20478114632635, 187.18396133937281, 256.206319016377, 186.41502631438257, 253.74572693640815, 187.33774834437088, 256.05253201137896, 188.87561839435142, 255.12980998139062, 191.33621047432027, 251.43892186143734, 195.1808855992716]], "scale": 1, "viewpoint": 2, "zoom_in": 1, "landmarks": [237, 193, 1, 207, 174, 2, 217, 188, 2, 237, 202, 2, 249, 197, 2, 258, 188, 2, 191, 179, 2, 177, 204, 2, 171, 234, 2, 191, 238, 2, 194, 225, 2, 198, 213, 2, 198, 219, 2, 195, 240, 2, 0, 0, 0, 0, 0, 0, 0, 0, 0, 263, 262, 2, 263, 241, 2, 266, 229, 2, 265, 244, 2, 265, 256, 2, 278, 253, 2, 277, 226, 2, 274, 201, 2], "style": 0, "bounding_box": [170, 172, 280, 284], "category_id": 1, "occlusion": 1, "category_name": "short sleeve top"}, "source": "user", "pair_id": 1521, "item1": {"segmentation": [[198.14037749172243, 268.6092715231788, 206.1370455466982, 265.7771182537082, 221.13079814977777, 265.1107292491269, 231.1266332184975, 265.61052100256285, 238.79010677118262, 266.2769100071442, 249.28573359333834, 265.61052100256285, 261.9471246803833, 265.61052100256285, 263.44649994069124, 271.10823029035873, 263.44649994069124, 282.93663512167706, 264.2794861964179, 291.4330949300888, 267.4448339681791, 305.09406952400576, 269.5281506198916, 314.38870744708686, 269.5281506198916, 323.6688978099642, 270.4799650160842, 331.9972737766491, 270.9558722141805, 347.22630411573, 268.33838262465093, 355.55468008241485, 265.72089303512143, 354.3649120871741, 265.2449858370251, 361.5035200586183, 266.4347538322658, 369.3559888272069, 264.29317144083257, 375.0668752043622, 265.2449858370251, 377.92231839293987, 261.9136354503512, 381.49162237866193, 257.6304706674847, 383.8711583691433, 251.20572349318496, 385.06092636438404, 244.0671155217408, 387.20250875581723, 233.59715716362268, 389.58204474629866, 225.26878119693785, 389.58204474629866, 218.13017322549368, 387.67841595391354, 216.70245163120484, 385.29887996343217, 217.17835882930112, 379.3500399872287, 211.9433796502421, 367.6903136338699, 206.94635407023117, 355.792633681463, 202.9011428864128, 343.89495372905606, 200.28365329688327, 326.76229459759, 197.42821010830562, 317.00619703661636, 196.47639571211306, 304.1567026880169, 197.42821010830562, 291.3072083394174, 196.47639571211306, 278.69566758986605]], "scale": 1, "viewpoint": 2, "zoom_in": 1, "landmarks": [199, 270, 2, 234, 268, 1, 262, 266, 1, 200, 327, 1, 220, 386, 2, 251, 383, 2, 266, 367, 2, 271, 318, 2], "style": 1, "bounding_box": [192, 264, 276, 390], "category_id": 9, "occlusion": 2, "category_name": "skirt"}}