{"source": "user", "pair_id": 1678, "item1": {"segmentation": [[243.6164383561644, 0.6410958904109589, 275.0301369863014, 2.5643835616438357, 294.90410958904107, 4.487671232876712, 310.2904109589041, 1.2821917808219179, 375.68219178082194, 0.0, 396.55100444041915, 0.06639244248213316, 410.1414543945054, 1.5356302753563256, 428.87423676365137, 5.208724857541807, 454.95320829716826, 15.126080229442605, 476.62446633206264, 21.003031560939377, 489.4802973697118, 26.512673434217596, 489.4802973697118, 26.512673434217596, 500.8668905744868, 30.920386932840174, 514.0900310703545, 33.12424368215146, 533.190122897719, 37.164647722555486, 533.190122897719, 37.164647722555486, 584.5587984452244, 56.23617494999811, 612.474317269834, 65.78622086368036, 623.0, 69.49857730480396, 623.0, 114.67764066568537, 623.0, 162.42787023409664, 623.0, 205.77038630388532, 601.1202032781111, 199.52612551417, 575.4085412028128, 194.01648364089175, 550.064188585733, 187.03760393473937, 541.6160710467063, 184.83374718542808, 528.3929305508386, 181.16065260324257, 519.5775035535935, 178.58948639571275, 500.11010226801045, 177.4875580210571, 495.64390974013975, 181.14765726340966, 493.14651119695554, 189.0560859834929, 491.4815788348328, 202.79177797100584, 491.4815788348328, 202.79177797100584, 491.0653457443021, 224.43589867860206, 491.8978119253635, 238.58782375664572, 494.92602739726027, 309.0082191780822, 494.92602739726027, 309.0082191780822, 501.33698630136985, 390.42739726027395, 503.9013698630137, 441.7150684931507, 508.38904109589043, 464.7945205479452, 258.36164383561646, 467.0, 118.82489280157861, 467.0, 118.27087618107998, 449.012590596896, 118.5478844913293, 403.5832277160097, 119.65591773232653, 359.2618980761206, 119.11698857815047, 320.4526391682161, 122.16407999089284, 306.8792319660001, 125.48817971388452, 271.14515994383953, 128.2582628163776, 236.7961294729255, 128.80473570371493, 214.18156566614806, 129.91276894471216, 195.0679922589459, 129.08174401396423, 186.7577429514667, 126.31166091147117, 182.6026182977271, 119.10944484498918, 180.38655181573264, 111.0762038477593, 179.83253519523404, 96.67177171479534, 183.15663491822573, 73.12606534360427, 187.86577619246393, 65.36983265662369, 189.25081774371046, 34.72202785261639, 193.62672940462187, 13.392387963419775, 199.4439039198573, 0.0, 201.3041095890411, 0.0, 136.55342465753424, 0.0, 74.36712328767123, 6.133950593860282, 71.70743368876406, 17.49129131408186, 67.82931734527376, 28.017607103555513, 64.50521762228209, 38.82093120327848, 60.350092968542484, 49.62425530300144, 57.580009866049416, 62.36663757446955, 54.80992676355635, 72.6159450536939, 52.8708685918112, 86.46636056615924, 50.100785489318135, 95.88464311463567, 49.54676886881953, 102.57534246575342, 45.51780821917808, 103.21643835616439, 41.03013698630137, 119.88493150684931, 36.54246575342466, 149.37534246575342, 30.13150684931507, 171.40298258262823, 21.44071642697223, 182.4833149926005, 17.562600083481932, 191.90159754107694, 12.299442188745106, 200.76586346905475, 7.867309224756198, 208.79910446628466, 5.09722612226313, 218.21738701476107, 2.60415133001937, 225.41960308124305, 0.6650931582742228, 231.2367775964785, 0.0]], "scale": 3, "viewpoint": 1, "zoom_in": 3, "landmarks": [304, 4, 2, 0, 0, 0, 256, 35, 2, 309, 61, 2, 368, 25, 2, 0, 0, 0, 114, 37, 2, 53, 60, 2, 0, 0, 0, 0, 0, 0, 62, 191, 2, 121, 181, 2, 132, 197, 2, 122, 335, 2, 0, 0, 0, 0, 0, 0, 0, 0, 0, 497, 321, 2, 493, 188, 2, 502, 178, 2, 561, 187, 2, 0, 0, 0, 0, 0, 0, 574, 55, 2, 511, 32, 2], "style": 1, "bounding_box": [0, 0, 623, 467], "category_id": 1, "occlusion": 1, "category_name": "short sleeve top"}}