{"source": "user", "pair_id": 1780, "item1": {"segmentation": [[193.69771059946214, 284.79778155330274, 186.5971188834858, 288.3480774112909, 177.129663262184, 293.67352119827314, 159.37818397224314, 297.22381705626134, 146.95214846928454, 300.18239693791816, 135.70954491898866, 304.916124748569, 121.50836148703596, 310.2415685355513, 110.26575793674007, 314.38358036987086, 102.57345024443237, 323.85103599117264, 98.43143841011283, 337.46050344679395, 94.88114255212466, 352.84511883140937, 94.2894265757933, 365.86287031069935, 91.33084669413648, 375.33032593200113, 91.74741474147373, 390.74429042904256, 90.46741474147373, 406.7442904290426, 90.46741474147373, 418.9042904290426, 98.14741474147377, 415.70429042904266, 111.5874147414738, 415.70429042904266, 121.8274147414738, 418.2642904290426, 129.5074147414738, 418.2642904290426, 138.46741474147385, 415.70429042904266, 141.02741474147385, 424.66429042904264, 140.38741474147383, 438.10429042904263, 138.46741474147385, 459.2242904290427, 136.54741474147383, 487.3842904290428, 133.98741474147383, 507.8642904290428, 132.06741474147384, 528.3442904290429, 128.86741474147382, 543.0642904290429, 128.2274147414738, 557.7842904290429, 125.02741474147382, 573.7842904290429, 121.8274147414738, 594.264290429043, 120.5474147414738, 612.824290429043, 122.46741474147382, 621.144290429043, 118.62741474147379, 628.1842904290431, 115.4274147414738, 637.144290429043, 112.8674147414738, 648.024290429043, 107.10741474147378, 658.2642904290432, 102.62741474147376, 680.0242904290432, 121.18741474147382, 687.0642904290432, 149.98741474147386, 693.4642904290432, 182.62741474147396, 701.1442904290432, 209.507414741474, 706.2642904290433, 245.34741474147407, 710.7442904290433, 290.78741474147415, 714.5842904290432, 320.86741474147425, 713.3042904290432, 345.1874147414743, 712.6642904290433, 341.34741474147427, 708.8242904290432, 336.22741474147426, 704.9842904290432, 334.9474147414743, 699.8642904290432, 332.38741474147423, 692.8242904290432, 334.9474147414743, 675.5442904290431, 336.22741474147426, 653.1442904290432, 331.74741474147424, 630.1042904290431, 331.10741474147426, 605.144290429043, 330.4674147414743, 570.584290429043, 335.5874147414743, 545.6242904290428, 338.1474147414743, 521.3042904290428, 342.6274147414743, 495.70429042904277, 343.90741474147427, 472.66429042904275, 345.1874147414743, 456.0242904290427, 364.07095410627977, 456.11382850241586, 385.07789855072446, 450.3846618357491, 400.5292874396135, 445.17632850241574, 401.57095410628017, 449.69021739130466, 418.14741474147445, 439.38429042904266, 414.9474147414744, 424.66429042904264, 405.3474147414744, 399.70429042904254, 399.5874147414744, 382.42429042904257, 395.74741474147436, 360.66429042904247, 390.62741474147435, 339.54429042904246, 381.6674147414744, 323.54429042904246, 357.3474147414743, 308.8242904290424, 334.30741474147425, 299.86429042904234, 321.50741474147424, 296.66429042904235, 302.9474147414742, 288.34429042904236, 297.1874147414742, 301.78429042904236, 285.02741474147416, 318.4242904290424, 267.74741474147413, 330.5842904290424, 256.8674147414741, 335.06429042904244, 240.86741474147405, 336.98429042904246, 224.86741474147402, 331.2242904290424, 212.707414741474, 316.5042904290424, 204.38741474147398, 306.90429042904236, 197.98741474147397, 296.02429042904237]], "scale": 2, "viewpoint": 2, "zoom_in": 1, "landmarks": [249, 295, 1, 197, 286, 2, 208, 313, 1, 240, 337, 2, 283, 320, 2, 301, 289, 2, 110, 315, 2, 94, 365, 2, 92, 420, 2, 140, 422, 1, 140, 403, 2, 135, 387, 2, 139, 416, 1, 130, 540, 2, 103, 680, 2, 210, 708, 2, 344, 711, 1, 333, 558, 2, 349, 428, 2, 350, 406, 2, 349, 433, 2, 346, 456, 2, 419, 439, 2, 400, 383, 2, 383, 323, 2], "style": 2, "bounding_box": [88, 280, 423, 720], "category_id": 1, "occlusion": 1, "category_name": "short sleeve top"}}