{"source": "user", "pair_id": 1828, "item1": {"segmentation": [[106.11645443403481, 61.845904568021766, 101.57959243025408, 63.358191902615346, 94.2071916741104, 66.0046947381541, 87.40189866843932, 67.89505390639607, 80.87704356135362, 70.7326699765263, 76.34018155757289, 74.70242422983443, 71.23621180331958, 76.5927833980764, 64.43091879764847, 77.72699889902158, 54.41201520596604, 79.99542990091194, 47.944078605704334, 81.70132325141778, 40.76071376638485, 83.40264650283555, 33.76638484388957, 84.53686200378073, 29.229522840108842, 87.18336483931948, 22.160410477990848, 93.14360497725337, 16.30029705644074, 97.11335923056151, 9.495004050769653, 102.59540081846323, 0.9022387400765686, 110.4898899493494, 0.0, 135.61772048258538, 0.0, 161.9142873196928, 4.70063172765875, 166.29704845921069, 9.083392867176652, 170.09544144679288, 15.511442538469575, 175.35475481421435, 21.941675219486047, 180.18735577331648, 26.700747200449765, 183.28075256094291, 30.03209758712437, 186.6121029476175, 31.221865582365297, 191.60912852762942, 34.5532159690399, 190.65731413143666, 38.83638075190724, 188.75368533905117, 42.667418052033455, 187.25274725274724, 46.875176105945364, 188.04170188785574, 50.81994928148777, 188.30468676622522, 53.44979806518271, 196.45721799567954, 55.29069221376918, 203.03183995491688, 56.34263172724715, 212.23631069784918, 59.235465389311585, 220.65182680567298, 61.865314173006524, 229.0673429134968, 64.23217807833197, 238.2718136564291, 65.28411759180995, 245.8983751291444, 65.81008734854893, 253.78792148022922, 67.3879966187659, 264.307316615009, 66.59904198365741, 272.4598478444633, 65.28411759180995, 282.97924297924305, 61.865314173006524, 293.7616229923923, 60.02442002442007, 302.44012397858563, 58.7094956325726, 309.540715694562, 54.55433455433454, 319.57922419460886, 52.976425284117575, 328.25772518080214, 58.76209260824644, 329.04667981591064, 67.44059359443975, 329.5726495726496, 74.0152155536771, 331.1505588428666, 84.00864093171786, 331.9395134779751, 94.26505118812813, 333.25443786982254, 106.09937071475537, 334.04339250493103, 114.77787170094867, 334.3063773833005, 125.82323659246742, 334.3063773833005, 134.76472245703022, 334.04339250493103, 144.4951629567015, 333.517422748192, 159.44773175542403, 333.16427162581016, 167.60026298487833, 332.1123321123322, 177.59368836291912, 331.0603925988542, 189.16502301117686, 330.2714379637457, 199.9474030243261, 329.4824833286372, 207.31097961867192, 328.43054381515924, 214.67455621301778, 327.9045740584203, 221.7751479289941, 326.8526345449423, 231.24260355029588, 325.80069503146433, 240.71005917159766, 325.01174039635583, 250.44049967126895, 324.4857706396168, 259.6449704142012, 323.6968160045083, 271.21630506245896, 323.43383112613884, 272.00525969756745, 320.01502770733543, 269.37541091387254, 313.17742086972856, 267.00854700854705, 304.2359350051658, 264.9046679815911, 295.820418897342, 261.7488494411572, 286.8789330327792, 260.4339250493097, 278.9893866816944, 258.59303090072325, 272.414764722457, 257.8040762656148, 266.3661125199587, 257.0151216305063, 260.5804451958298, 255.96318211702834, 254.00582323659245, 255.8627735900463, 244.64217600581242, 256.27599673054215, 235.13804377440744, 256.89583144128596, 225.8405231132504, 257.1024430115339, 219.0223412950686, 259.1685587140133, 216.5430024520934, 260.40822813550085, 210.5512669149033, 262.6809554082281, 203.31986195622562, 264.9536826809554, 196.7082917082917, 267.6396330941785, 190.09672146035783, 270.73880664789755, 183.8983743529198, 272.1850876396331, 179.5595313777132, 274.87103805285625, 176.46035782399417, 276.5239306148397, 170.88184542729996, 281.68921987103806, 175.2206884025066, 287.06112069748434, 179.5595313777132, 288.90473163200437, 179.61402234129505, 292.2105167559713, 177.9611297793116, 293.8634093179548, 174.03550994460085, 295.10307873944237, 169.69666696939424, 299.0, 166.3908818454273, 299.0, 139.1181545727, 299.0, 114.94460085369172, 299.0, 92.2127872127872, 294.8437925710653, 87.66733266733266, 290.0917264553628, 83.32848969212604, 284.5132140586686, 78.7830351466715, 279.7611479429661, 76.30369630369628, 274.3892471165198, 72.99791117972934, 268.6041231495777, 70.93179547725, 263.8520570338752, 69.0722913450186, 258.48015620742893, 68.4524566342748, 249.4496412678231, 68.23540096267368, 242.63145944964128, 68.64862410316955, 237.67278176369086, 68.85523567341748, 231.4962310416856, 68.90972663699937, 226.12433021523933, 68.90972663699937, 219.09953682680958, 68.70311506675144, 211.04168558714014, 69.1163382072473, 204.63672690945418, 69.1163382072473, 198.0251566615203, 68.90972663699937, 193.2730905458178, 68.4965034965035, 190.38052856234674, 66.43038779402416, 186.66152029788392, 66.22377622377623, 182.73590046317318, 67.8766687857597, 179.26119335210248, 68.91790028153665, 170.9967305421851, 70.36418127327218, 163.5587140132595, 70.98401598401598, 157.5669784760694, 71.39723912451186, 153.02152393061488, 71.81046226500773, 148.68268095540824, 72.01707383525566, 141.45127599673054, 71.81046226500773, 134.83970574879666, 71.39723912451186, 130.707474343838, 71.19062755426393, 127.60830079011897, 70.57079284352012, 123.4760693851603, 70.36418127327218, 117.69094541821815, 68.71128871128872, 112.93887930251566, 67.05839614930524]], "scale": 3, "viewpoint": 1, "zoom_in": 2, "landmarks": [146, 74, 2, 105, 63, 2, 114, 87, 2, 145, 102, 2, 171, 88, 2, 187, 68, 2, 34, 87, 2, 0, 0, 0, 0, 0, 0, 32, 191, 2, 43, 188, 2, 50, 188, 2, 53, 192, 2, 66, 248, 2, 54, 327, 2, 166, 331, 1, 270, 323, 2, 254, 241, 2, 273, 179, 2, 267, 163, 2, 276, 170, 2, 287, 179, 2, 0, 0, 0, 0, 0, 0, 263, 70, 2], "style": 1, "bounding_box": [0, 58, 299, 341], "category_id": 1, "occlusion": 1, "category_name": "short sleeve top"}}