{"source": "user", "pair_id": 1840, "item1": {"segmentation": [[76.11428571428571, 36.34285714285714, 44.57142857142858, 49.371428571428574, 21.25714285714286, 60.34285714285715, 0.0, 75.42857142857143, 0.0, 267.42857142857144, 15.771428571428572, 272.9142857142857, 31.850088183421512, 275.2102292768959, 43.88712522045856, 276.4447971781305, 59.93650793650795, 276.4447971781305, 60.55379188712524, 286.9386243386243, 60.55379188712524, 305.45714285714286, 62.097001763668445, 326.44479717813056, 67.03527336860672, 348.97566137566145, 74.1340388007055, 368.4201058201059, 79.9982363315697, 379.2225749559084, 80.30687830687833, 401.7534391534392, 82.62927689594356, 418.2074074074074, 86.02433862433863, 434.25679012345677, 91.27125220458555, 454.0098765432099, 90.65396825396826, 463.5777777777778, 88.18483245149912, 473.1456790123457, 85.0984126984127, 481.1703703703704, 83.24656084656085, 488.88641975308644, 82.62927689594356, 500.3061728395062, 81.39470899470899, 524.3802469135803, 77.96331569664902, 543.078659611993, 77.34603174603174, 559.1280423280424, 77.0373897707231, 566.8440917107584, 83.21022927689594, 573.0169312169312, 99.25961199294534, 583.8194003527337, 120.24726631393301, 594.3132275132276, 138.14850088183425, 602.9552028218695, 163.57707231040567, 619.7139329805997, 170.98447971781306, 623.0, 232.4042328042329, 623.0, 332.36754850088187, 623.0, 343.17001763668435, 609.1516754850088, 356.44162257495594, 583.5343915343915, 359.2194003527337, 568.7195767195767, 359.83668430335103, 554.5220458553791, 355.51569664903, 533.5343915343915, 351.194708994709, 523.0405643738976, 349.6514991181658, 508.53439153439143, 345.5957671957672, 490.11957671957674, 343.4352733686067, 474.378835978836, 344.05255731922404, 416.66278659611993, 346.2130511463845, 401.23068783068777, 356.85079365079366, 346.4574955908289, 371.97425044091716, 298.30934744268075, 377.2405643738977, 250.64056437389775, 377.857848324515, 241.38130511463848, 379.7097001763669, 246.01093474426813, 384.3393298059965, 251.56649029982367, 391.7467372134039, 254.6529100529101, 400.6973544973545, 258.9738977072311, 410.5738977072311, 261.44303350970023, 421.0677248677249, 261.7516754850089, 430.94426807760146, 261.7516754850089, 441.74673721340395, 258.66525573192246, 451.9319223985891, 257.12204585537927, 461.80846560846567, 253.72698412698418, 467.0, 250.64056437389775, 467.0, 207.43068783068784, 467.0, 153.1097001763668, 467.0, 0.0, 304.0814814814815, 0.0, 299.76049382716053, 6.548500881834215, 291.7358024691358, 13.955908289241629, 280.93333333333334, 22.59788359788361, 270.13086419753085, 28.462081128747812, 259.63703703703703, 34.9435626102293, 245.13086419753085, 41.11640211640214, 224.76049382716047, 48.215167548500915, 211.18024691358022, 51.30158730158733, 193.37707231040565, 51.53192239858907, 169.6116402116402, 51.53192239858907, 144.61164021164018, 47.51957671957672, 136.5869488536155, 45.05044091710758, 124.85855379188709, 37.64303350970017, 118.99435626102289, 28.692416225749547, 117.6035273368607, 21.01834215167549, 118.83809523809526, 17.623280423280427, 122.23315696649033, 13.91957671957672, 115.13439153439155, 15.46278659611993, 106.80105820105821, 21.01834215167549, 101.86278659611993, 22.870194003527345, 96.30723104056437, 25.33932980599648, 88.89982363315696, 29.660317460317472]], "scale": 3, "viewpoint": 2, "zoom_in": 2, "landmarks": [200, 5, 1, 116, 17, 2, 137, 46, 2, 193, 53, 2, 262, 35, 2, 0, 0, 0, 0, 0, 0, 0, 0, 0, 0, 0, 0, 60, 276, 2, 47, 242, 2, 35, 211, 2, 43, 230, 2, 80, 403, 2, 77, 567, 2, 0, 0, 0, 359, 555, 2, 346, 401, 2, 378, 222, 2, 406, 184, 2, 386, 219, 2, 380, 247, 2, 0, 0, 0, 0, 0, 0, 452, 47, 2], "style": 1, "bounding_box": [0, 0, 467, 623], "category_id": 1, "occlusion": 1, "category_name": "short sleeve top"}}