{"source": "user", "pair_id": 1902, "item1": {"segmentation": [[147.28502415458928, 21.32850241545903, 157.70169082125588, 45.63405797101443, 167.42391304347805, 59.52294685990322, 178.53502415458908, 69.24516908212539, 193.81280193236677, 73.41183574879202, 217.4239130434777, 78.96739130434753, 249.36835748792197, 81.05072463768086, 266.03502415458854, 78.96739130434753, 286.1739130434772, 74.8007246376809, 300.7572463768105, 67.16183574879206, 309.09057971014374, 57.4396135265699, 316.0350241545882, 43.55072463768111, 309.09057971014374, 37.30072463768115, 300.062801932366, 26.88405797101455, 320.8961352656993, 26.18961352657011, 325.0628019323659, 28.96739130434787, 329.923913043477, 33.82850241545895, 338.9516908212547, 38.68961352657003, 356.17512077294685, 47.915458937198075, 383.25845410628006, 59.721014492753554, 404.0917874396132, 68.74879227053127, 417.2862318840576, 74.99879227053123, 424.9251207729464, 82.63768115942007, 440.2028985507241, 85.41545893719783, 444.36956521739074, 91.66545893719778, 451.31400966183514, 105.55434782608658, 455.4806763285018, 122.91545893719758, 455.4806763285018, 138.19323671497526, 459.0495169082126, 159.96618357487927, 465.2995169082125, 188.4384057971013, 467.0, 198.8550724637679, 467.0, 251.43115942029016, 378.9758454106279, 254.90338164251236, 369.9480676328502, 271.5700483091789, 366.475845410628, 278.5144927536233, 366.475845410628, 290.3200483091788, 364.39251207729467, 306.2922705314009, 360.9202898550725, 329.2089371980674, 356.0591787439614, 350.7367149758451, 355.36473429951695, 363.9311594202894, 355.36473429951695, 376.4311594202893, 352.5869565217392, 390.3200483091781, 354.1582125603864, 401.0314009661837, 350.68599033816423, 438.53140096618347, 350.68599033816423, 470.4758454106277, 347.213768115942, 509.36473429951633, 345.3949275362319, 530.8900966183573, 337.756038647343, 578.1123188405793, 333.5893719806764, 604.501207729468, 333.82125603864733, 628.753623188406, 338.6823671497584, 644.7258454106282, 317.8490338164252, 650.975845410628, 294.23792270531425, 655.8369565217391, 258.5034889962426, 661.1426015387368, 219.5460130017298, 657.3017236237848, 195.4033518220317, 653.4608457088328, 163.5452973101924, 643.5600286276614, 131.17218345559726, 632.0373948828055, 100.99385698097468, 618.8686706029703, 78.49728633625602, 601.3103715631898, 64.77986521142759, 585.3981630583888, 64.23116836643445, 579.3624977634643, 64.77986521142759, 570.583348243574, 69.71813681636583, 559.0607144987182, 75.75380211129034, 540.9537186139446, 76.85119580127662, 522.8467227291711, 80.14337687123545, 506.9345142243701, 83.43555794119428, 490.4736088745759, 82.88686109620113, 477.8535814397338, 81.70173555197711, 450.32349257470025, 83.89652293194965, 419.0477724100914, 80.60434186199083, 388.3207490904757, 76.76346394703886, 368.5676626707227, 64.71825609828832, 295.3277867239221, 65.26695294328147, 272.83121607920344, 65.26695294328147, 254.72422019442988, 66.6088149340964, 224.06435259736386, 49.05051589431599, 220.77217152740505, 22.164370489652228, 220.2234746824119, 8.99564620981692, 226.80783682232956, 1.3138903799129888, 236.1356831872129, 7.3495556748375055, 211.99302200751484, 8.99564620981692, 192.23993558776186, 5.703465139858092, 180.71730184290595, 1.862587224906127, 169.74336494304322, 5.703465139858092, 156.5746406632079, 4.057374604878678, 144.50331007335888, 7.030416890320321, 111.98085525138669, 15.809566410210529, 88.38689091668175, 18.55305063517622, 73.57207610186703, 23.937376990517127, 67.24524363332729, 34.36261704538675, 57.36870042345081, 38.203494960338716, 52.979125663505705, 46.43394763523578, 52.979125663505705, 51.920916085167164, 56.271306733464534, 66.18703405498874, 50.78433828353315, 105.60177730064999, 34.808671795789415, 125.90356056539608, 27.67561281087862], [379.2747062682652, 252.74777837418753, 376.5312220432995, 262.62432158406403, 371.0442535933682, 273.04956163893365, 367.7520725234093, 282.377408003817, 369.3981630583888, 294.448738593666, 385.31037156318973, 295.5461322836523, 437.985268682531, 290.0591638337209, 467.0, 285.6695890737758, 467.0, 250.00429414922186]], "scale": 3, "viewpoint": 2, "zoom_in": 2, "landmarks": [235, 27, 1, 149, 20, 1, 181, 70, 2, 251, 82, 2, 301, 68, 2, 324, 31, 2, 40, 53, 2, 0, 0, 0, 0, 0, 0, 66, 253, 1, 67, 211, 1, 68, 171, 1, 67, 225, 1, 84, 419, 2, 65, 583, 2, 196, 651, 2, 338, 642, 1, 350, 441, 2, 372, 270, 2, 388, 229, 2, 377, 262, 2, 368, 292, 2, 0, 0, 0, 465, 188, 2, 440, 91, 2], "style": 2, "bounding_box": [4, 25, 467, 664], "category_id": 1, "occlusion": 2, "category_name": "short sleeve top"}}