{"source": "user", "pair_id": 1906, "item1": {"segmentation": [[171.08163265306126, 224.7061224489798, 165.53061224489795, 227.318367346939, 159.97959183673464, 229.6040816326533, 153.12244897959175, 233.848979591837, 146.26530612244883, 237.76734693877583, 137.44897959183652, 241.35918367346974, 131.2448979591834, 242.99183673469423, 118.51020408163228, 249.52244897959224, 109.65714285714279, 255.6000000000003, 98.88163265306106, 263.43673469387795, 87.12653061224465, 273.23265306122494, 82.88163265306093, 280.0897959183678, 79.61632653061193, 293.4775510204088, 76.02448979591803, 317.9673469387763, 74.75102040816346, 338.4489795918363, 73.11836734693895, 357.3877551020405, 71.15918367346956, 372.7346938775508, 69.20000000000014, 378.2857142857141, 67.56734693877564, 390.04081632653055, 67.56734693877564, 390.69387755102036, 77.36326530612266, 391.02040816326524, 91.40408163265337, 391.99999999999994, 105.771428571429, 394.2857142857143, 115.56734693877601, 395.91836734693874, 120.13877551020462, 396.2448979591837, 122.75102040816384, 401.14285714285717, 125.68979591836793, 411.9183673469389, 127.64897959183733, 420.0816326530614, 128.95510204081694, 424.9795918367349, 129.93469387755164, 432.8163265306125, 130.26122448979655, 439.3469387755105, 131.05306122448977, 449.8448979591834, 132.35918367346937, 470.742857142857, 133.9918367346939, 485.43673469387755, 133.9918367346939, 494.90612244897966, 133.9918367346939, 505.6816326530614, 129.42040816326528, 521.3551020408166, 125.57959183673493, 535.7183673469386, 120.35510204081652, 561.5142857142857, 114.47755102040831, 577.8408163265308, 109.5795918367348, 587.6367346938778, 106.3142857142858, 599.7183673469391, 99.35510204081615, 657.8204081632653, 109.15102040816316, 660.4326530612244, 119.92653061224489, 660.4326530612244, 139.8448979591838, 661.738775510204, 157.80408163265335, 663.6979591836734, 171.84489795918407, 666.3102040816327, 186.2122448979597, 668.2693877551021, 208.08979591836803, 670.2285714285715, 215.92653061224564, 670.5551020408163, 228.65714285714267, 671.9183673469389, 245.3102040816326, 673.2244897959184, 263.59591836734705, 671.591836734694, 277.31020408163283, 670.9387755102042, 309.9632653061229, 671.591836734694, 329.228571428572, 671.591836734694, 340.00408163265377, 674.5306122448981, 342.28979591836804, 672.8979591836736, 342.28979591836804, 639.2653061224488, 344.24897959183744, 605.9591836734689, 342.6163265306129, 593.5510204081627, 341.31020408163334, 580.4897959183667, 340.33061224489865, 543.9183673469379, 341.1673469387753, 485.5061224489793, 343.1265306122447, 443.710204081632, 347.6000000000002, 408.7632653061229, 348.25306122449, 380.02857142857164, 356.7428571428574, 378.0693877551022, 371.43673469387795, 372.191836734694, 393.9673469387761, 364.3551020408164, 412.25306122449047, 356.51836734693876, 419.1102040816334, 353.90612244897954, 417.151020408164, 349.66122448979587, 415.5183673469395, 344.11020408163256, 411.6000000000007, 338.88571428571413, 400.17142857142915, 317.9877551020405, 393.9673469387761, 307.5387755102037, 392.33469387755156, 299.0489795918363, 391.028571428572, 292.8448979591832, 385.47755102040867, 273.25306122448916, 382.0285714285713, 266.86122448979603, 375.1714285714284, 253.8, 369.2938775510202, 244.6571428571428, 368.6408163265304, 237.473469387755, 365.0489795918365, 233.55510204081617, 349.7020408163262, 228.98367346938758, 325.86530612244843, 219.84081632653036, 307.70612244897995, 212.80816326530632, 290.72653061224514, 206.60408163265322, 272.44081632653075, 201.7061224489797, 265.2571428571429, 217.37959183673493, 252.8489795918367, 235.66530612244935, 241.74693877551007, 243.82857142857188, 229.99183673469366, 250.3591836734699, 214.64489795918334, 257.8693877551026, 201.91020408163223, 261.7877551020414, 185.2571428571423, 259.5020408163271, 172.84897959183607, 252.6448979591842, 167.29795918367276, 241.86938775510248, 164.68571428571357, 232.72653061224526, 167.95102040816255, 226.84897959183704]], "scale": 3, "viewpoint": 2, "zoom_in": 1, "landmarks": [222, 210, 1, 171, 226, 2, 176, 255, 2, 203, 263, 2, 246, 242, 2, 274, 203, 2, 84, 277, 2, 76, 337, 2, 70, 392, 2, 119, 394, 2, 112, 363, 2, 104, 322, 2, 116, 372, 2, 131, 494, 1, 99, 659, 2, 218, 671, 2, 342, 675, 2, 340, 498, 1, 349, 362, 1, 332, 313, 2, 336, 348, 2, 348, 379, 2, 417, 354, 2, 392, 298, 2, 366, 235, 2], "style": 2, "bounding_box": [66, 197, 420, 680], "category_id": 1, "occlusion": 1, "category_name": "short sleeve top"}}