{"source": "user", "pair_id": 2044, "item1": {"segmentation": [[62.00122234445667, 151.16978364503115, 57.0257914680357, 152.43515462657376, 53.470235912480135, 155.2005867253392, 52.08751986309741, 156.78083363891946, 47.14924825815913, 157.17589536731452, 43.198630974208506, 160.1388583302775, 39.44554455445541, 161.12651265126513, 36.28505072729491, 164.48453734262318, 30.951717393961562, 168.4351546265738, 23.062217332844394, 172.94511673389562, 15.358513629140672, 176.6982031536487, 9.233101087886554, 181.1103777044371, 2.96296296296297, 186.1835961373915, 0.0, 188.94902823615695, 0.0, 281.2331010878866, 4.875687568756884, 280.640508495294, 11.59173695147295, 282.41828627307177, 18.702848062584074, 284.59112577924463, 24.233712260114952, 286.76396528541744, 28.57939127246064, 289.5293973841829, 30.949761642831017, 292.88742207554094, 32.7275394206088, 295.2577924459113, 32.92507028480633, 292.29482948294833, 35.09790979097917, 292.29482948294833, 35.295440655176705, 296.4429776310965, 33.91272460579398, 301.5787801002323, 31.937415963818673, 305.7269282483805, 31.34482337122608, 311.2577924459113, 35.09790979097917, 315.9985331866521, 39.83865053171992, 321.924459112578, 42.01149003789277, 325.2824838039361, 42.48478181151451, 328.362791834739, 44.06502872509476, 331.12822393350444, 41.49712749052685, 335.27637208165265, 37.54651020657623, 341.2022980075786, 37.151448478181166, 349.1035325754798, 37.151448478181166, 357.9924214643687, 36.91480259137029, 369.6565212076763, 37.30986431976535, 380.52071873854055, 36.12467913458016, 391.7799779977998, 36.33981175895372, 399.0, 124.48160371592701, 399.0, 188.28407285172963, 399.0, 188.28407285172963, 393.6868353502017, 187.29641853074196, 387.36584769588075, 187.09888766654444, 377.6868353502017, 186.9013568023469, 369.98313164649795, 186.50629507395183, 363.8596748563745, 185.5186407529642, 358.52634152304114, 186.11123334555677, 350.62510695513987, 184.13592470358145, 348.6497983131646, 185.32110988876664, 342.72387238723866, 187.29641853074196, 335.6127612761275, 188.6791345801247, 328.10658843662134, 189.27172717271728, 317.43992176995465, 188.48160371592715, 305.58806991810275, 187.09888766654444, 297.48930448600396, 185.72595037281508, 288.41657499083243, 185.13335778022247, 280.1202786945361, 184.7382960518274, 272.02151326243734, 183.94817259503728, 261.15731573157314, 189.87409852096323, 260.76225400317804, 195.20743185429657, 257.60176017601754, 198.5654565456546, 254.83632807725212, 197.77533308886447, 248.91040215132617, 196.39261703948176, 244.76225400317801, 195.9975553110867, 239.0338589414496, 195.9975553110867, 234.09558733651133, 195.60249358269164, 225.00916758342487, 195.60249358269164, 215.52768610194337, 194.05353868720212, 209.67803447011366, 192.6708226378194, 203.5545776799902, 192.27576090942435, 195.65334311208895, 190.10292140325151, 188.3447011367803, 187.13995844028852, 182.22124434665682, 181.2140325143626, 173.13482459357036, 173.7078596748564, 167.0113678034469, 169.36218066251072, 164.6409974330765, 164.63121867742328, 162.50140569612518, 152.7793668255714, 158.9458501405696, 141.71763843050965, 154.79770199242145, 135.00158904779357, 151.8347390294585, 131.44603349223803, 150.84708470847082, 128.08800880088, 151.24214643686588, 133.2238112700158, 152.62486248624862, 135.98924336878125, 155.39029458501403, 137.45801246791362, 158.87348734873487, 138.05060506050623, 163.4166972252781, 135.98924336878125, 167.0446155726684, 129.27319398606517, 170.00757853563135, 118.09998777655557, 171.1204009289818, 106.05060506050614, 172.10805524996948, 96.18188485515218, 171.87727661655055, 85.11233345556784, 169.34262315120404, 78.40410707737435, 166.74147414741472, 69.31768732428792, 162.000733406674, 64.96418530741964, 157.68830216354968, 62.59381493704927, 155.51546265737684]], "scale": 3, "viewpoint": 2, "zoom_in": 2, "landmarks": [107, 158, 1, 61, 150, 2, 81, 166, 2, 111, 172, 2, 131, 166, 2, 133, 151, 2, 10, 179, 2, 0, 0, 0, 0, 0, 0, 34, 291, 2, 36, 267, 2, 42, 246, 2, 40, 264, 2, 39, 327, 2, 0, 0, 0, 0, 0, 0, 0, 0, 0, 188, 326, 2, 185, 253, 2, 185, 240, 2, 180, 251, 1, 183, 264, 1, 199, 250, 2, 193, 207, 2, 179, 171, 2], "style": 1, "bounding_box": [0, 149, 201, 399], "category_id": 1, "occlusion": 1, "category_name": "short sleeve top"}}