{"source": "user", "pair_id": 2045, "item1": {"segmentation": [[205.8360692856329, 69.369353560512, 198.82780482282263, 70.29497339522278, 194.19172421600956, 71.42494056379445, 187.1834597531993, 72.48279180346393, 179.91073248047164, 73.5406430431334, 171.18345975319846, 74.59849428280287, 162.4561870259253, 75.65634552247235, 155.05122834823896, 76.58196535718315, 150.15866636476764, 77.37535378693525, 147.91073248047002, 78.16874221668736, 146.85288124080054, 79.4910562662742, 146.05949281104841, 82.26791577040657, 145.04605234679153, 84.70370465108002, 144.24168578545854, 88.15098991393569, 142.9776811890781, 91.48336566802949, 141.94349561022142, 94.35610338707588, 141.483857575174, 96.53938405355113, 141.36894806641214, 98.14811717621711, 142.05840511898327, 99.52703128135938, 142.9776811890781, 100.90594538650164, 142.9776811890781, 101.71031194783464, 141.59876708393585, 101.48049293031093, 139.07075789117502, 100.67612636897793, 133.89982999689153, 100.90594538650164, 131.83145883917814, 100.21648833393051, 129.41835915517916, 96.88411257983671, 127.12016897994206, 94.01137486079031, 124.70706929594309, 93.55173682574289, 121.94924108565856, 93.89646535202846, 119.7659604191833, 94.24119387831402, 117.92740827899361, 95.6201079834563, 115.39939908623279, 97.57356963240784, 113.44593743728126, 99.52703128135938, 111.03283775328228, 101.48049293031093, 109.99865217442559, 102.85940703545319, 105.33084690669129, 107.42361665873018, 98.78100490726553, 111.44544946539513, 94.52935308307687, 114.0883681669178, 90.39261076765007, 116.38655834215491, 86.9453255047944, 117.9952914648209, 78.4384801249843, 121.77121989036351, 71.65881910803482, 124.52904810064804, 67.52207679260802, 126.48250974959959, 63.38533447718122, 128.2061523810274, 59.8231397055637, 130.38943304750268, 55.52269069272405, 134.72859515255, 53.22450051748693, 137.83115188912012, 50.581581815964256, 140.35916108188093, 48.62812016701271, 142.19771322207063, 46.55974900929932, 143.8064463447366, 44.721196869109626, 144.38099388854587, 40.584454553682825, 144.38099388854587, 36.182180762102284, 144.1868873296522, 33.19453353429404, 144.07197782089034, 32.04543844667548, 144.53161585593776, 30.781433850295073, 145.68071094355633, 28.368334166296105, 147.2894440662223, 25.840324973535285, 149.24290571517383, 24.231591850869307, 151.08145785536354, 23.082496763250752, 152.57528146926765, 22.62285872820333, 154.0691050831718, 22.62285872820333, 155.7927477145996, 22.891390837934743, 158.80479353673337, 23.695757399267734, 161.21789322073232, 22.20193378536361, 163.05644536092203, 19.444105575079078, 165.00990700987356, 16.226639329747123, 166.84845915006323, 13.124082593177025, 168.45719227272923, 6.8832566614067865, 170.5725897533772, 4.699975994931531, 171.6067753322339, 2.5166953284562767, 173.100598946138, 0.0, 175.57255993150642, 0.0, 185.72880993150733, 0.0, 194.32255993150807, 0.0, 204.47880993150895, 0.0, 210.33818493150946, 0.0, 215.0256849315099, 0.0, 219.32255993151026, 0.0, 222.83818493151057, 0.0, 225.96318493151082, 0.0, 227.52568493151097, 1.156226532356078, 229.35106300333968, 3.9917652847192002, 234.2659968407691, 6.07116036978549, 237.66864334360483, 8.717663205324403, 243.33972084833107, 11.742237874511734, 249.01079835305734, 15.522956210995897, 256.19416319237723, 18.547530880183228, 261.67620478027925, 22.895356967140017, 269.0486055364234, 26.29800346997576, 273.5854675402044, 28.75547038869047, 275.66486262527064, 30.645829556932547, 274.90871895797386, 34.0484760597683, 272.64028795608334, 37.64015847942825, 269.99378512054443, 42.93316415050608, 267.5363182018297, 46.33581065334183, 265.83499495041184, 48.072115928904665, 262.0223593343141, 48.6010415487394, 260.4355824748099, 51.37790105287178, 258.5843428053883, 53.229140722293366, 256.33640892109065, 54.28699196196284, 253.82401222687565, 54.6836861768389, 252.6339295822475, 55.212611796673635, 252.23723536737145, 57.46054568097127, 251.8405411524954, 58.25393411072338, 252.23723536737145, 58.620404021578054, 253.11756869160615, 58.92274718106408, 256.94724871176254, 59.32587139371213, 260.8777097850809, 59.32587139371213, 265.5136382305334, 59.02352823422609, 268.94019403804174, 58.620404021578054, 270.14956667598585, 59.32587139371213, 272.66909300503613, 59.829776659522174, 275.4909624935724, 59.829776659522174, 278.91751830108075, 59.42665244687414, 281.336263576969, 59.42665244687414, 285.66984886293545, 59.527433500036146, 291.615930999494, 60.082203860742645, 299.8025364382176, 60.88845228603873, 306.15174278742427, 60.88845228603873, 313.81110282773705, 61.5939196581728, 322.4782733996699, 61.79548176449682, 329.53294712101064, 62.09782492398285, 337.3938692676474, 62.400168083468884, 349.808533256021, 62.80329229611692, 358.17336066846786, 63.30719756192697, 366.4374070277527, 63.91188388089903, 373.0889565364454, 64.6173512530331, 382.9654997463224, 65.02047546568114, 390.92720294612116, 65.02047546568114, 399.090468252244, 65.05369524775925, 410.29511246406133, 65.97962117368522, 418.08832234060486, 65.13085574158642, 422.9494334517162, 64.35925080331478, 427.27042110603736, 64.12776932183328, 431.359927278877, 63.973448334178954, 436.76116184677846, 63.896287840351796, 442.2395569085071, 63.27900388973448, 447.7179519702357, 63.10988499915447, 453.1286994757308, 63.0327245053273, 457.6040081177063, 62.646922036191484, 462.15647725350897, 62.02963808557418, 466.24598342634863, 62.02963808557418, 472.18734145104025, 61.335193641129706, 480.82931675968257, 60.899060033030516, 484.22587915724506, 60.22843055581665, 488.8593191816318, 59.557801078602786, 492.8221297288046, 58.134488143930895, 501.3435556307188, 57.52482498282738, 506.4647261839883, 56.793229189503165, 512.1955598983614, 56.244532344510006, 518.3531578255067, 55.817768131737544, 523.1694967982245, 55.451970235075436, 527.3761726098388, 55.51820846721924, 552.9335602867083, 55.640141099439944, 557.3841013627639, 55.640141099439944, 565.7974529859924, 55.45724215110889, 569.2115666881721, 56.02439070221914, 578.0061926744374, 56.938885443874405, 584.6515211304658, 57.97531281775038, 590.9920180059423, 58.70690861107459, 597.1545485673955, 59.37753808828845, 600.8734938501269, 60.962662307157586, 604.4705065006376, 62.97455073879918, 608.9820138928036, 64.49870864155795, 612.0912960144316, 65.10837180266148, 612.7619254916455, 65.53513601543393, 612.9448244399764, 70.29050867204133, 612.7619254916455, 72.66819500034502, 612.2741949627626, 76.63100554751786, 611.8474307499902, 80.53284977858034, 611.7254981177695, 85.9677483372851, 611.1996396732209, 96.24741575981014, 611.0988586200589, 104.51146211909497, 611.3004207263829, 108.24036108608935, 612.106669151679, 112.17082215940775, 613.316041789623, 115.29503480743006, 614.0215091617571, 118.21768534912836, 614.0215091617571, 120.56563366087157, 614.2192747215577, 123.58906525573187, 614.4208368278817, 127.21718316956424, 616.3356768379598, 129.7367094986145, 616.9403631569319, 135.5820105820111, 617.1419252632559, 141.5280927185697, 616.8395821037699, 152.5132275132288, 616.2348957847978, 159.26555807508348, 615.7309905189878, 165.4874075454633, 615.4823598642909, 173.2475486389381, 615.1800167048049, 178.2866012970386, 614.8776735453188, 184.53502659308322, 614.2729872263468, 191.89204347390998, 613.6683009073747, 195.52016138774235, 612.9628335352406, 200.65999509900485, 612.1565851099446, 208.0170119798316, 611.8542419504585, 214.23981058684234, 610.9990267035278, 217.96870955383673, 610.2935593313937, 222.80620010561321, 610.0919972250696, 225.22494538150147, 609.6888730124216, 230.566341199088, 608.6810624808015, 235.7061749103505, 608.2779382681534, 240.745227568451, 607.6732519491813, 245.28037496074148, 606.4638793112373, 250.520989725166, 605.8591929922652, 255.83486058045685, 605.1565730300238, 262.58719114231155, 604.8542298705377, 268.0293680130601, 604.0479814452416, 274.3785743622667, 604.0479814452416, 282.13871545574153, 603.6448572325936, 288.48792180494814, 