{"source": "user", "pair_id": 2045, "item1": {"segmentation": [[211.70189294870005, 104.4574358443175, 208.31547506877027, 104.99777660429994, 205.46370769350114, 105.96972317891118, 202.628168941138, 106.72586684620802, 198.09130693735696, 106.3477950125596, 192.04215759898227, 106.3477950125596, 187.45379706423415, 106.00558713592005, 179.18975070494932, 104.69543344481392, 173.04210646206667, 104.4938713384899, 167.70071064448013, 104.39309028532789, 165.88665168756395, 104.79621449797592, 163.7469346338237, 106.44250199318682, 161.83209462374552, 109.1635904285611, 160.42115987947736, 110.57452517282924, 159.7156925073433, 112.28780307658342, 159.51413040101926, 115.0088915119577, 159.01022513520923, 117.72997994733197, 157.19616617829303, 118.53622837262805, 154.27351563659474, 119.24169574476213, 150.24227351011433, 120.65263048903027, 144.49775347987975, 121.35809786116434, 140.26494924707532, 121.9627841801364, 137.14073659905299, 122.66825155227048, 134.2180860573547, 123.67606208389057, 132.79859182638165, 124.28871700887338, 127.45719600879511, 125.69965175314152, 123.02282966966665, 126.70746228476162, 119.89861702164434, 127.61449176321972, 116.27049910781197, 128.52152124167782, 112.34003803449357, 129.6301128264599, 108.30879590801315, 130.63792335808003, 104.17677272837074, 131.84729599602414, 92.94831657675813, 134.07982549691567, 86.29676706806545, 135.59154129434583, 80.9553712504789, 136.09544656015586, 74.968120743985, 138.17436916928108, 70.93687861750459, 139.68608496671123, 64.22512554489103, 142.55650055049938, 61.30247500319273, 144.37055950741555, 57.77513814252238, 146.5877426769798, 54.65092549450006, 149.10726900603004, 52.232180218611816, 151.12289006927026, 47.24846050038556, 155.28929477422557, 43.31799942706716, 159.21975584754398, 39.18597624742474, 162.14240638924227, 34.55004780197227, 165.46818114358862, 31.52661620711196, 168.49161273844894, 29.208651984385725, 171.41426328014722, 27.091658987289343, 172.74345216523895, 23.060416860808928, 176.06922691958528, 19.53308000013857, 178.0848479828255, 15.199494714172129, 180.2012500992277, 13.284654704093935, 181.51140379033384, 11.168252587691718, 182.92233853460198, 8.447164152317443, 185.64342696997625, 6.532324142239247, 187.65904803321646, 4.7682838660577636, 189.12420091324148, 2.6849505327243017, 193.11725646879728, 1.5128187115538871, 197.72051912494484, 0.0, 204.83409581706962, 0.0, 208.7658840164644, 0.0, 211.92170255689857, 0.0, 213.49961182711564, 1.8513302388766624, 216.2591871391386, 3.710834371108191, 220.39141854409752, 5.776950073587668, 224.31703837880855, 8.876123627306884, 229.89555077550312, 11.018283866058148, 234.26308980213315, 13.448839421613854, 240.51308980213355, 15.532172754947315, 245.0269786910227, 16.92106164383629, 250.5825342465786, 18.309950532725264, 254.05475646880103, 20.393283866058724, 255.96447869102337, 22.303006088281066, 256.1380898021345, 24.212728310503408, 255.79086757991226, 28.379394977170328, 254.74920091324555, 31.157172754948277, 252.66586757991206, 33.587728310503984, 250.75614535768972, 35.84467275494857, 250.23531202435635, 39.19939117199459, 248.5217656012182, 42.64383561643921, 244.85509893455136, 47.199391171994996, 242.29954337899568, 48.97716894977286, 241.0773211567734, 50.31050228310626, 239.63287671232888, 51.75494672755078, 238.63287671232882, 53.310502283106416, 237.9662100456621, 55.8660578386621, 237.63287671232877, 58.19939117199554, 237.63287671232877, 61.088280060884586, 237.855098934551, 63.31050228310691, 238.07732115677322, 64.08828006088474, 238.74398782343994, 63.97716894977361, 240.6328767123289, 64.19939117199586, 242.18843226788454, 63.97716894977361, 245.9662100456625, 64.19939117199586, 251.188432267885, 64.08828006088474, 256.85509893455196, 63.8660578386625, 261.5217656012189, 63.97716894977361, 266.63287671233024, 64.75859969558628, 272.4697108066953, 65.09193302891963, 278.6919330289178, 65.75859969558633, 285.4697108066959, 65.98082191780857, 289.2474885844739, 65.42526636225298, 295.02526636225195, 65.86971080669746, 299.69193302891887, 65.42526636225298, 304.6919330289191, 64.75859969558628, 309.4697108066971, 64.2030441400307, 315.80304414003075, 63.86971080669735, 320.80304414003103, 63.20304414003065, 325.02526636225343, 62.8697108066973, 330.0252663622537, 62.31415525114171, 333.02526636225383, 61.18538812785425, 338.05540334855345, 60.07427701674308, 341.72207001522025, 58.74094368340968, 345.49984779299825, 57.62983257229852, 350.3887366818874, 56.74094368340958, 354.4998477929987, 56.07427701674288, 358.9442922374434, 55.29649923896506, 362.16651445966573, 54.40761035007613, 365.61095890411036, 53.740943683409434, 369.6109589041106, 53.357077625570405, 375.6410958904102, 52.91263318112594, 379.97442922374375, 51.93668188736711, 383.9150684931501, 50.60334855403371, 389.8039573820393, 48.60334855403361, 395.3595129375951, 47.04779299847797, 400.80395738203987, 45.9366818873668, 405.91506849315124, 43.996042617960526, 413.38843226788373, 42.55159817351601, 419.0550989345507, 41.32937595129373, 425.49954337899544, 39.99604261796033, 432.16621004566247, 38.99604261796028, 437.61065449010715, 37.32937595129353, 444.2773211567742, 36.44048706240459, 449.4995433789967, 36.01248097412481, 455.5561643835607, 35.01248097412476, 463.11171993911665, 34.23470319634695, 469.11171993911694, 33.2347031963469, 475.1117199391173, 32.23470319634685, 480.6672754946731, 31.45692541856903, 484.0006088280066, 30.45692541856898, 486.22283105022893, 29.438051750381007, 490.8249619482487, 28.215829528158725, 496.824961948249, 27.21582952815867, 500.49162861491584, 26.32694063926974, 504.7138508371383, 25.438051750380808, 508.7138508371385, 24.438051750380758, 512.047184170472, 23.32694063926959, 514.936073059361, 22.660273972602887, 518.1582952815834, 21.882496194825073, 520.4916286149169, 20.46331811263339, 523.1101978691012, 19.352207001522224, 527.2213089802125, 18.352207001522174, 530.4435312024349, 17.796651445966592, 534.7768645357685, 17.254459043891462, 536.8156555772995, 16.846295778585322, 539.2646351691363, 16.76466312552409, 540.4074923119936, 17.254459043891462, 541.3054514956671, 17.989152921442514, 541.7136147609732, 19.37690802348339, 542.1217780262793, 21.989152921442688, 542.2850433324018, 24.601397819401985, 542.5299412915855, 26.805479452055145, 542.7748392507691, 30.560581492871634, 543.101369863014, 35.21364271736164, 543.101369863014, 42.40380206877255, 543.241151803187, 46.56706737489518, 543.9758456807381, 53.75074084428325, 543.9758456807381, 62.56706737489588, 543.8942130276769, 67.22012859938587, 543.9758456807381, 72.68951635448815, 543.9758456807381, 77.3349734414313, 543.2796197931226, 84.028850992452, 542.9530891808777, 89.09007548224814, 542.708191221694, 94.06966731898305, 541.8102320380206, 97.17170813530973, 541.1571708135307, 100.0288509924527, 540.4224769359796, 104.60027956388147, 540.177578976796, 107.53905507408568, 540.177578976796, 110.9797036622865, 540.4703382722951, 114.32664243779683, 540.8785015376012, 121.10215264187877, 541.1233994967849, 128.69398937657297, 541.2866648029074, 135.79603019289982, 541.1233994967849, 140.04092815208367, 541.1233994967849, 142.69343024881158, 541.007995526978, 147.26485882024036, 540.9263628739168, 151.7546547386079, 540.7630975677943, 154.6117975957509, 540.1100363433045, 158.1220016773837, 539.7835057310596, 162.20363433044508, 539.7018730779984, 166.93832820799634, 539.7018730779984, 171.26485882024141, 540.0284036902433, 173.95582890690497, 540.2301369863013, 177.13950237629285, 539.9852390271176, 180.4864411518032, 540.1485043332401, 182.85378809057883, 539.9036063740564, 185.057869723232, 539.2505451495666, 188.15991053955867, 538.9240145373217, 191.67011462119146, 538.8423818842605, 194.93542074364058, 538.7607492311992, 197.0578697232325, 538.2709533128318, 199.6701146211918, 537.617892088342, 202.608890131396, 537.1280961699747, 207.58848196813094, 537.0464635169134, 210.8517752306396, 536.8878948839808, 