{"source": "user", "pair_id": 2057, "item1": {"segmentation": [[5.832799726225308, 194.35787672535082, 8.254945054945056, 206.46860336894957, 8.946986577436412, 216.15718468382858, 10.677090383664805, 224.46168295372485, 11.36913190615616, 233.45822274611248, 12.061173428647518, 241.41670025476307, 12.753214951138872, 250.4132400471507, 15.867401802349978, 251.45130233088776, 32.130377580896855, 250.7592608083964, 45.971208030723986, 248.33711547967664, 57.04387239058569, 247.99109471843096, 63.2722460930079, 246.26099091220257, 66.73245370546469, 244.1848663447285, 74.69093121411528, 243.83884558348282, 73.99888969162393, 250.4132400471507, 72.9608274078869, 259.4097798395384, 72.61480664664121, 269.44438191566303, 75.38297273660665, 282.24715008175315, 77.11307654283503, 290.5516483516494, 75.03695197536096, 300.24022966652836, 72.61480664664121, 310.2748317426531, 69.8466405566758, 321.34749610251475, 67.77051598920173, 340.72465873227276, 64.31030837674494, 356.9876345108196, 61.866664131715964, 369.67222327845155, 60.82860184797893, 378.6687630708392, 60.13656032548757, 387.66530286322677, 56.67635271303079, 399.7760295068255, 54.60022814555672, 412.23277691166993, 53.90818662306536, 426.76564888398843, 52.87012433932833, 439.9144378113242, 52.17808281683697, 455.83139282862544, 47.844990303813894, 466.2483288337963, 45.42284497509415, 479.74313852237776, 38.848450511426265, 487.7016160310284, 31.58201452526702, 493.92998973345055, 25.35364082284481, 499.8123426746271, 21.20139168789667, 508.46286170576906, 16.357101030457173, 515.3832769306827, 13.420479866154619, 526.598768013993, 14.458542149891652, 530.4049963876955, 27.953351838473104, 535.5953078063807, 45.25438990075702, 539.4015361800831, 66.70767709798908, 542.1697022700486, 93.69729647515199, 542.8617437925399, 105.11598159625937, 540.7856192250658, 116.18864595612108, 540.4395984638202, 124.14712346477168, 543.2077645537855, 152.3374272786037, 546.2104566713564, 185.9014411194345, 547.2485189550933, 222.2336210502307, 547.2485189550933, 241.18545191832405, 547.2485189550933, 255.02628236815116, 546.9024981938477, 268.8671128179783, 551.4007680900415, 288.2442754477363, 554.5149549412527, 305.89133427126586, 554.8609757024983, 337.7896117723108, 558.9223772767025, 367.54739723943914, 562.0365641279136, 393.84497509411074, 563.0746264116507, 411.4920339176403, 562.728605650405, 415.9903038138341, 559.9604395604396, 414.6062207688514, 551.3099205292976, 412.18407544013166, 538.1611316019619, 404.9176394539724, 518.7839689722039, 401.11141108026993, 491.44832883379524, 397.65120346781316, 457.5382942317188, 392.7647667211681, 427.2016654625652, 387.9204760637286, 396.75183847294545, 385.84435149625455, 370.10823985702825, 383.76822692878045, 337.5822882999345, 384.4602684512718, 300.5580668466469, 385.49833073500884, 286.02519487432846, 386.1903722575002, 273.568447469484, 390.34262139244834, 272.18436442450127, 398.9931404235903, 273.91446823072965, 413.5260123959088, 277.7206966044322, 414.9100954408915, 277.7206966044322, 430.481029696947, 282.218966500626, 440.51563177307173, 286.02519487432846, 446.05196395300254, 285.67917411308275, 448.12808852047664, 275.99059279820375, 449.1446518879044, 263.13256777824256, 451.2207764553785, 249.9837788509068, 462.29344081524016, 238.56509372979943, 467.0, 231.99069926613151, 467.0, 210.53741206889947, 459.8754249210997, 205.35208182820642, 455.3771550249059, 199.81574964827558, 449.4948020837294, 198.0856458420472, 441.53632457507877, 201.54585345450397, 434.61590935016517, 201.54585345450397, 425.61936955777753, 194.27941746834472, 417.31487128788126, 190.12716833339658, 396.5536256131406, 177.67042092855218, 379.59860831210233, 165.55969428495342, 368.17992319099494, 158.98529982128554, 350.4808852047606, 152.73713068937985, 330.0656602912656, 145.47069470322063, 315.18676755770144, 142.01048709076383, 304.1141031978397, 140.28038328453545, 297.19368797292617, 134.74405110460458, 293.3874595992237, 132.66792653713054, 286.46704437431015, 135.09007186585026, 274.3563177307114, 139.93436252328976, 255.67119662344476, 142.7025286132552, 239.75424160614358, 142.7025286132552, 217.2628921251745, 138.89630023955274, 199.6158333016449, 133.70598882086756, 189.86786569831554, 128.3017985474733, 188.4837826533328, 123.45750789003381, 182.6014297121563, 123.11148712878814, 165.99243317236372, 125.53363245750789, 149.72945739381686, 128.647819308719, 133.46648161526997, 130.72394387619306, 118.24156812046013, 133.4921099661585, 110.28309061180953, 135.22221377238688, 95.94515380812956, 137.1827141716414, 83.14238564203946, 141.68098406783523, 68.2634929084753, 150.33150309897718, 61.34307768356173, 153.4456899501883, 54.768683219893845, 153.4456899501883, 48.540309517471634, 156.21385604015373, 43.28064945435179, 154.0923076923077, 37.74431727442093, 148.90199627362253, 32.207985094490084, 150.63210007985094, 29.78583976577033, 153.40026616981635, 22.350948705273957, 156.1890794326781, 11.278284345412251, 156.88112095516948, 1.7011977641735117, 157.54012700102666, 0.0, 161.69237613597483, 0.0, 171.03493668960812, 3.7773223316475812, 182.7996425719612]], "scale": 3, "viewpoint": 1, "zoom_in": 2, "landmarks": [243, 143, 2, 188, 124, 2, 206, 162, 2, 247, 177, 2, 284, 167, 2, 293, 134, 2, 110, 136, 2, 62, 153, 2, 0, 0, 0, 13, 251, 2, 48, 249, 2, 75, 244, 2, 73, 261, 2, 61, 378, 2, 12, 531, 2, 224, 545, 2, 416, 561, 2, 389, 398, 2, 386, 287, 2, 385, 271, 2, 414, 277, 2, 446, 285, 2, 0, 0, 0, 417, 192, 2, 368, 160, 2], "style": 2, "bounding_box": [0, 123, 467, 565], "category_id": 1, "occlusion": 1, "category_name": "short sleeve top"}}