{"source": "user", "pair_id": 2211, "item1": {"segmentation": [[1.3432820599983062, 113.31703917735967, 5.150539644769246, 96.18438004589046, 8.481890031443818, 72.86492733916846, 11.813240418118388, 59.30157219342198, 13.478915611455674, 43.83458825529004, 15.14459080479296, 34.554397892410876, 22.75910597433484, 21.70490354380896, 37.75018271437041, 14.09038837426708, 56.62520608481329, 10.551814396192734, 75.4235404096198, 8.648185603807265, 88.27303475822173, 4.365020820939958, 102.93899889521552, 1.7347497238038776, 109.83965326761285, 0.0, 132.92115237528668, 0.0, 149.57790430865953, 0.0, 159.57195546868326, 2.448610520948429, 176.94256819920065, 9.111311294297572, 200.0289623523414, 15.743282059998307, 214.54413189428064, 19.312586045721062, 231.67679102574985, 20.740307640010165, 253.56852213818274, 21.6921220362029, 274.03253165632657, 20.740307640010165, 289.7374691935067, 17.408957253335593, 298.21147276281147, 12.42729667714794, 307.7296167247388, 4.812781507606061, 315.82003909237704, 8.857992691425185, 316.5338998895216, 9.80980708761792, 316.5338998895216, 10.047760686666102, 327.71771904478624, 14.330925469533408, 344.85037817625545, 24.800883827653493, 363.8866661001101, 35.03288858672539, 379.1156964391939, 41.695589360074536, 393.6308659811331, 51.68964052009825, 408.8598963202169, 60.255970085832864, 417.69463754567875, 79.16417098665764, 425.3091527152206, 101.7697628962351, 431.02003909237703, 118.90242202770432, 434.5893430780998, 138.1766635506072, 440.3002294552562, 156.49909067731733, 443.9923174980879, 172.86649103424847, 446.6098070876179, 185.95393898189857, 448.2754822809552, 196.899804538115, 449.7032038752443, 204.99022690575327, 441.85073510665427, 213.79451007053606, 435.90189513044965, 219.98130364578884, 425.66989037137773, 225.69219002294523, 426.1457975694741, 237.11396277725805, 428.0494263618596, 244.49052434775177, 430.6669159513896, 251.39117872014907, 426.85965836661865, 263.0509050735101, 424.4801223761368, 265.4304410639919, 416.3897000084986, 261.623183479221, 409.48904563610125, 257.5779722954019, 404.7299736551376, 250.43936432395634, 403.0642984618003, 238.06577717345078, 402.3504376646558, 233.7826123905835, 402.3504376646558, 233.7826123905835, 402.3504376646558, 232.3548907962944, 391.4045721084393, 234.49647318772804, 379.1053624543213, 250.838310529447, 377.20173366193586, 255.12147531231432, 377.6776408600322, 274.63367043426535, 378.3915016571768, 300.3326591314692, 381.0089912467068, 326.5075550267694, 382.1987592419477, 348.8751933372987, 383.31428571428575, 381.1419733152037, 384.50405370952666, 404.6993796209739, 383.31428571428575, 430.8742755162741, 387.79189258094675, 490.46982238463545, 388.7309254695334, 507.9787201495707, 389.68273986572615, 536.1134018866322, 391.11046146001524, 546.8213138438006, 388.9688790685816, 568.7130449562335, 381.11641029999157, 568.9509985552817, 362.7939831732814, 564.9057873714626, 353.75174640945045, 564.9057873714626, 340.188391263704, 567.9991841590889, 326.14912891986114, 568.7130449562335, 317.10689215603014, 567.5232769609926, 310.68214498172915, 562.5262513809806, 309.49237698648824, 555.8635506076315, 305.3450497153053, 553.5914336704344, 292.7335089657516, 551.4498512790008, 279.88401461714966, 550.498036882808, 267.98633466474047, 555.4950624628199, 261.32363389139135, 565.96502082094, 238.5722784057109, 573.7765615704936, 230.95776323616903, 573.0627007733491, 204.78286734086882, 572.1108863771564, 189.07792980368868, 571.3970255800118, 172.8970850684122, 573.0627007733491, 160.52349791790664, 577.1079119571682, 141.55138947905158, 580.0707741990313, 128.70189513044966, 581.7364493923686, 116.09035438089593, 582.9262173876095, 99.90950964561944, 583.6400781847541, 78.80343333050047, 580.7846349961759, 55.0080734256821, 576.7394238123568, 43.3483470723211, 572.2183054304412, 40.55694739525786, 565.6989207104616, 39.36717940001694, 557.3705447437751, 38.415365003824206, 553.325333559956, 41.508761791450596, 547.1385399847032, 41.508761791450596, 526.198623268463, 41.508761791450596, 501.2134953684038, 40.08104019716149, 484.79469703407915, 40.572312399082065, 448.10157219342204, 40.0964052009857, 407.17355315713445, 40.81026599813025, 378.6191212713524, 40.81026599813025, 346.2574318007994, 40.33435880003388, 324.3657006883665, 39.94030764001017, 285.1982663380642, 38.27463244667288, 259.26132404181214, 38.03667884762469, 251.88476247131845, 27.32876689045643, 251.64680887227027, 18.457992691425183, 246.4503101895131, 15.364595903798795, 241.45328460950125, 11.79529191807604, 230.5074190532848, 0.0, 220.92536755332713, 0.0, 216.64220277045982, 0.0, 178.8075805217986, 0.0, 131.65714285714287]], "scale": 3, "viewpoint": 1, "zoom_in": 2, "landmarks": [223, 20, 2, 0, 0, 0, 177, 45, 2, 229, 63, 2, 282, 51, 2, 309, 8, 2, 24, 22, 2, 0, 0, 0, 0, 0, 0, 39, 251, 2, 49, 229, 2, 58, 201, 2, 41, 266, 2, 44, 410, 2, 46, 571, 2, 239, 576, 2, 391, 572, 2, 384, 390, 2, 376, 269, 2, 391, 234, 2, 406, 249, 2, 425, 265, 2, 444, 201, 2, 432, 129, 2, 402, 56, 2], "style": 1, "bounding_box": [0, 0, 454, 595], "category_id": 1, "occlusion": 1, "category_name": "short sleeve top"}}