{"source": "user", "pair_id": 2219, "item1": {"segmentation": [[153.69660377358494, 16.549433962263848, 143.4566037735846, 22.309433962264045, 136.41660377358434, 26.789433962264198, 128.09660377358406, 29.989433962264307, 119.77660377358379, 35.749433962264504, 115.29660377358363, 39.589433962264636, 89.05660377358272, 51.10943396226503, 58.33660377358167, 65.82943396226554, 35.9366037735809, 77.34943396226593, 27.616603773580607, 83.10943396226614, 23.77660377358049, 89.50943396226636, 16.736603773580242, 115.10943396226723, 12.896603773580097, 129.1894339622677, 9.05660377357998, 139.4294339622681, 9.05660377357998, 147.10943396226833, 5.886792452830189, 191.64779874213838, 3.924528301886793, 218.46540880503147, 3.270440251572327, 247.8993710691824, 0.6540880503144655, 372.8301886792453, 8.087120989011197, 378.59807983036535, 14.330617346971827, 381.09547837354955, 22.655279157585998, 384.00911000726455, 30.147474787138755, 381.09547837354955, 35.558504964037965, 374.85198201558893, 38.88836968828363, 366.94355329550547, 41.802001321998596, 359.45135766595274, 42.63446750306001, 350.2942296742771, 50.95912931367418, 338.6397031394173, 60.11625730534978, 326.15271042349605, 66.3597536633104, 316.57934934128974, 69.27338529702536, 322.82284569925037, 73.43571620233244, 331.14750750986457, 80.5116787413545, 356.9539591227685, 83.72327044025158, 382.6415094339623, 87.64779874213838, 419.9245283018868, 91.57232704402516, 454.5911949685535, 95.49685534591195, 501.03144654088055, 95.49685534591195, 544.2012578616352, 93.53459119496856, 578.867924528302, 91.57232704402516, 600.4528301886793, 94.5460637831385, 602.533786215879, 109.530455042244, 601.2850869442868, 132.00704193090226, 600.4526207632254, 140.74793683204715, 602.1175531253482, 156.32704402515725, 601.7610062893082, 160.90566037735852, 606.9937106918239, 168.75471698113208, 611.5723270440252, 179.874213836478, 613.5345911949686, 197.53459119496856, 610.2641509433963, 206.03773584905662, 606.9937106918239, 210.61635220125788, 603.0691823899372, 210.97326553184217, 591.8307842328811, 211.80573171290357, 586.0035209654511, 216.38429570874138, 581.4249569696134, 223.46025824776342, 581.0087238790827, 231.36868696784688, 581.4249569696134, 236.36348405421538, 584.7548216938591, 236.7797171447461, 597.658047500311, 237.1959502352768, 606.3989424014559, 241.35849056603774, 614.8427672955976, 249.8616352201258, 620.0754716981132, 261.6352201257862, 621.3836477987422, 273.40880503144655, 619.4213836477987, 283.2201257861635, 610.9182389937107, 288.4528301886793, 599.1446540880504, 297.61006289308176, 596.5283018867925, 306.11320754716985, 591.9496855345913, 310.6918238993711, 593.9119496855346, 320.91943010098225, 598.4906707504629, 330.49279118318856, 606.3990994705463, 337.98498681274134, 613.0588289190376, 347.3207547169811, 622.0377358490566, 372.8301886792453, 622.6918238993711, 374.7924528301887, 591.9496855345913, 377.40880503144655, 563.8238993710693, 384.6037735849057, 542.8930817610063, 387.874213836478, 509.5345911949686, 387.2201257861635, 451.9748427672956, 391.14465408805034, 411.4213836477988, 391.14465408805034, 380.02515723270443, 389.18238993710696, 355.8238993710692, 396.37735849056605, 344.0503144654088, 402.9182389937107, 330.31446540880506, 402.9182389937107, 325.7358490566038, 410.7672955974843, 324.42767295597486, 421.8867924528302, 328.3522012578617, 432.3522012578617, 336.20125786163527, 438.89308176100633, 355.1698113207547, 448.7044025157233, 383.29559748427675, 454.5911949685535, 395.0691823899371, 461.13207547169816, 393.1069182389937, 463.748427672956, 385.91194968553464, 466.36477987421387, 384.6037735849057, 466.36477987421387, 225.6603773584906, 463.748427672956, 212.57861635220127, 456.5534591194969, 170.7169811320755, 453.28301886792457, 149.7861635220126, 446.0880503144654, 128.85534591194968, 438.23899371069183, 92.8805031446541, 435.8010719965444, 89.13424826078733, 430.8062749101759, 85.38815044601094, 411.2433196552326, 74.56609009221252, 385.4368680423287, 61.662864285760556, 365.45767969685465, 50.84080393196213, 355.88431861464835, 44.181074483470795, 348.46960167714894, 37.83647798742123, 336.91404612159306, 31.614255765198834, 319.58071278825923, 20.503144654087407, 315.13626834381466, 22.725366876309693, 312.9140461215924, 27.61425576519872, 301.80293501048095, 35.61425576519895, 284.02515723270267, 44.05870020964363, 273.80293501048016, 48.058700209643746, 255.13626834381296, 49.836477987421574, 235.1362683438124, 50.28092243186603, 209.83036985272753, 48.10808292569315, 204.31151729559764, 45.277515723270355, 192.59276729559733, 41.76189072327026, 177.35839229559693, 33.55876572327004, 161.3427672955965, 22.621265723269758]], "scale": 3, "viewpoint": 1, "zoom_in": 2, "landmarks": [236, 52, 2, 153, 20, 2, 181, 70, 2, 238, 88, 2, 293, 67, 2, 319, 25, 2, 26, 86, 2, 4, 248, 2, 0, 0, 0, 34, 375, 2, 50, 339, 2, 68, 315, 2, 77, 328, 2, 92, 453, 2, 94, 602, 2, 243, 616, 2, 0, 0, 0, 388, 454, 2, 402, 329, 2, 403, 325, 2, 441, 355, 2, 459, 393, 2, 0, 0, 0, 0, 0, 0, 437, 88, 2], "style": 1, "bounding_box": [0, 18, 467, 623], "category_id": 1, "occlusion": 1, "category_name": "short sleeve top"}}