{"source": "shop", "pair_id": 6, "item1": {"segmentation": [[286.8676101108534, 377.7554804581831, 275.47243114810686, 376.87892823027954, 270.21311778068537, 383.0147938256046, 266.9990929450389, 387.39755496512254, 262.32414772955315, 392.65686833254404, 261.1554114256817, 399.3771020798048, 252.9742572985816, 406.38951990303343, 250.6367846908387, 416.3237784859407, 250.92896876680658, 429.4720619044944, 252.68207322261372, 440.28287271530525, 252.38988914664588, 462.19667841289476, 254.4351776784209, 482.94174780661285, 258.23357066600306, 497.8431356809737, 259.09366747204587, 510.8945327864247, 259.6780356239816, 515.2772939259426, 260.846771927853, 517.6147665336855, 260.5545878518852, 530.7630499522392, 265.5217171433388, 532.2239703320785, 271.365398662696, 534.8536270157892, 274.8716075743103, 534.8536270157892, 273.99505534640673, 531.0552340282071, 283.0527617014104, 531.9317862561106, 293.57138843625336, 535.4379951677249, 312.85553745013215, 538.9442040793393, 322.4976119570715, 540.1129403832107, 328.6334775523966, 541.2816766870822, 331.26313423610736, 541.57386076305, 331.5553183120752, 546.5409900545037, 335.6458953756253, 552.092487497893, 339.7364724391753, 555.3065123335394, 341.48957689498246, 561.4423779288645, 341.48957689498246, 567.8704276001574, 343.2426813507896, 576.3437658032254, 343.5348654267575, 582.7718154745183, 341.48957689498246, 587.1545766140363, 340.9052087430467, 593.5826262853292, 344.4114176546611, 597.0888351969435, 348.79417879417895, 600.5950441085578, 349.0202201013012, 606.5610576421387, 345.80619526565476, 609.1907143258495, 343.7609067338797, 614.7422117692388, 344.34527488581546, 621.1702614405317, 345.5140111896869, 624.968654428114, 346.0983793416226, 630.2279677955354, 347.2671156454941, 636.0716493148926, 347.2671156454941, 644.8371715939285, 346.68274749355834, 651.2652212652214, 345.22182711371903, 656.8167187086107, 343.4687226579119, 667.9197135953895, 342.2999863540404, 681.6523651658788, 344.1897109464677, 697.2697645670618, 344.77407909840343, 710.1258639096476, 343.3131587185641, 728.5334606956228, 344.48189502243554, 748.986346013373, 346.8193676301784, 770.3157835590268, 349.4490243138892, 784.3406192054841, 352.37086507356776, 801.28729561162, 352.0786809975999, 814.1433949542059, 356.16925806114995, 822.0323650053381, 359.09109882082856, 824.6620216890489, 361.42857142857144, 836.933752879699, 364.05822811228217, 846.5758273866384, 366.5677200812336, 857.2214418160364, 365.39898377736216, 868.3244367028151, 369.78174491688003, 870.9540933865259, 377.96289904398014, 874.1681182221723, 393.15647099430885, 875.3368545260437, 405.428202184959, 872.9993819183009, 416.82338114770556, 871.2462774624937, 440.7824753770701, 865.6947800191043, 459.9296831729264, 859.8181876560255, 475.99980735115867, 853.9745061366683, 499.6667175045554, 842.287143097954, 526.5476524935985, 827.385755223593, 547.0005378113487, 818.3280488685893, 562.1941097616775, 814.2374718050393, 576.2189454081348, 813.0687355011679, 585.8610199150742, 814.821839956975, 590.2437810545921, 818.3280488685893, 590.5359651305599, 821.8342577802036, 592.5812536623349, 816.86712848875, 591.7047014344314, 808.3937902856821, 589.6594129026563, 796.9986113229355, 589.9515969786241, 784.1425119803497, 588.198492522817, 772.4551489416353, 588.4906765987848, 763.6896266625995, 588.198492522817, 760.7677859029209, 585.5688358391063, 757.8459451432423, 584.2939018614694, 742.3887653617385, 580.2033247979194, 734.4997953106061, 579.3267725700158, 727.4873774873776, 580.2033247979194, 721.6436959680203, 574.3596432785622, 714.3390940688238, 574.9440114304979, 704.1126514099487, 572.0221706708193, 698.5611539665593, 570.2690662150121, 689.7956316875236, 567.6394095313015, 679.5691890286485, 562.9644643158157, 667.2974578379983, 560.9191757840406, 660.5772240907376, 559.7504394801691, 648.3054929000874, 555.952046492587, 638.0790502412123, 548.9396286693584, 623.1776623668515, 541.0506586182261, 604.4778815049084, 534.6226089469332, 588.1155732507082, 530.510920781191, 562.5803706884788, 527.0047118695767, 544.7571420544393, 524.375055185866, 533.6541471676607, 520.8688462742516, 517.8762070653962, 518.5313736665088, 505.3122917987782, 526.7125277936088, 498.59205805151737, 534.8936819207089, 493.3327446840959, 541.6139156679698, 489.8265357724816, 550.9638060989413, 488.949983544578, 557.0996716942664, 488.07343131667443, 555.638751314427, 478.13917273376717, 552.4247264787806, 469.0814663787635, 549.7950697950698, 465.867441543117, 546.2935165637869, 454.44898417871394, 540.7420191203975, 450.65059119113175, 538.4045465126545, 439.8397803803209, 533.7296012971688, 431.9508103291887, 531.3921286894259, 429.6133377214458, 530.2233923855545, 420.2634472904743, 526.7171834739402, 410.62137278353487, 519.9969497266794, 403.6089549603062, 520.2891338026473, 391.629407845624, 520.2891338026473, 387.24664670610605, 510.93924337167573, 377.8967562751345, 501.5893529407042, 372.9296269836809, 493.7003828895719, 369.13123399609873, 484.57685484712516, 366.55126465937286, 481.0706459355108, 360.4153990640478, 474.05822811228217, 348.14366787339765, 467.0458102890535, 332.3657277711332, 462.9552332255035, 322.43146918822595, 452.43660649066055, 322.43146918822595, 442.2101638317854, 322.43146918822595, 430.8149848690389, 323.0158373401617, 427.30877595742453, 323.3080214161295, 431.69153709694245, 332.0735436951653, 438.11958676823537, 344.6374589617833, 446.88510904727116, 359.83103091211206, 453.02097464259623, 370.05747357098716, 457.9881039340499, 376.1933391663122, 449.51476573098194, 381.74483660970157, 438.41177084420326, 387.00414997712306, 421.7572785140352, 393.72438372438387, 405.97933841177075, 396.06185633212675, 386.9873734738598, 396.9384085600303, 351.91846137792083, 394.9024313889179, 334.09523274388135, 391.68840655327136, 311.88924297032395, 385.8447250339142, 294.6503824882202, 380.00104351455695]], "scale": 2, "viewpoint": 2, "zoom_in": 1, "landmarks": [361, 357, 1, 276, 380, 2, 334, 392, 2, 398, 398, 2, 459, 380, 2, 427, 324, 1, 255, 410, 2, 255, 473, 2, 262, 529, 2, 327, 542, 2, 325, 502, 2, 312, 459, 2, 316, 473, 2, 330, 541, 2, 345, 617, 2, 347, 739, 2, 368, 867, 2, 490, 848, 2, 592, 819, 2, 570, 691, 2, 535, 585, 2, 518, 513, 2, 503, 443, 2, 501, 422, 2, 511, 469, 2, 518, 506, 2, 556, 484, 1, 521, 392, 2, 463, 322, 1], "style": 1, "bounding_box": [245, 314, 596, 881], "category_id": 10, "occlusion": 1, "category_name": "short sleeve dress"}}