{"source": "shop", "pair_id": 17, "item1": {"segmentation": [[202.8857142857143, 196.71428571428572, 212.9142857142857, 204.42857142857144, 223.71428571428572, 206.74285714285713, 242.22857142857143, 208.28571428571428, 257.65714285714284, 205.97142857142856, 272.1632653061218, 206.73877551020308, 280.3265306122452, 205.75918367346827, 286.2040816326541, 202.16734693877396, 286.85714285714397, 200.53469387754927, 297.63265306122685, 207.71836734693787, 309.71428571428953, 212.61632653061193, 320.48979591837247, 216.20816326530624, 333.224489795925, 219.4734693877556, 344.6530612244978, 224.0448979591847, 357.0612244898054, 237.43265306122714, 364.24489795919396, 247.22857142857524, 369.46938775511296, 270.41224489796576, 369.7959183673579, 303.7183673469493, 371.7551020408275, 310.575510204093, 373.71428571429715, 311.2285714285829, 369.46938775511296, 330.1673469387892, 366.5306122449085, 342.2489795918519, 370.4489795918478, 353.3510204081797, 376.32653061225665, 361.5142857143031, 383.18367346940033, 369.0244897959367, 388.7510204081658, 375.7714285714204, 394.9551020408196, 346.71020408162104, 400.50612244898355, 363.68979591835773, 407.68979591837217, 384.5877551020337, 409.6489795918418, 399.6081632653008, 403.11836734694305, 407.4448979591793, 380.91428571428736, 422.4653061224464, 367.5265306122449, 435.52653061224385, 358.7102040816316, 441.0775510204078, 347.28163265305886, 442.38367346938753, 354.46530612244743, 488.7510204081686, 357.7306122448968, 523.036734693887, 360.66938775510124, 559.9346938775648, 362.1755102040791, 592.4163265306095, 354.9918367346905, 635.5183673469412, 352.379591836731, 649.2326530612286, 352.6000000000068, 668.0530612244888, 349.98775510204734, 680.4612244897965, 344.76326530612835, 680.1346938775515, 341.17142857143403, 676.8693877551021, 333.9877551020454, 668.0530612244888, 328.4367346938815, 661.848979591835, 311.7836734693897, 666.0938775510192, 281.7428571428555, 669.0326530612236, 257.9061224489751, 666.4204081632641, 245.82448979591246, 661.5224489795901, 238.96734693876877, 656.2979591836711, 231.45714285713524, 648.1346938775476, 223.94693877550168, 646.175510204078, 213.82448979590862, 643.5632653061185, 191.94693877549787, 646.8285714285679, 172.35510204080165, 649.1142857142825, 156.9836734693946, 649.0204081632683, 141.9632653061275, 647.0612244897986, 135.10612244898385, 640.204081632655, 124.33061224490092, 631.7142857142866, 118.779591836737, 638.2448979591853, 110.94285714285851, 637.5918367346954, 109.63673469387876, 623.2244897959182, 102.12653061224522, 621.2653061224486, 105.39183673469458, 590.5714285714246, 114.20816326530787, 536.367346938765, 126.61632653061548, 482.81632653059535, 130.86122448979967, 463.877551020389, 137.5306122449001, 434.63265306122247, 130.67346938775643, 435.6122448979573, 123.48979591836782, 432.99999999999784, 113.36734693877477, 427.12244897958897, 107.16326530612096, 424.8367346938744, 96.06122448979312, 421.89795918366997, 89.85714285713931, 418.6326530612206, 86.59183673468993, 412.7551020408117, 87.24489795917981, 388.5918367346864, 88.22448979591462, 366.3877551020307, 90.51020408162918, 358.2244897959073, 93.77551020407856, 371.2857142857047, 100.30612244897729, 394.4693877550953, 108.79591836734565, 408.8367346938725, 117.61224489795894, 389.5714285714212, 124.14285714285768, 367.04081632652054, 120.55102040816338, 347.1224489795794, 109.77551020408046, 320.34693877549455, 118.67755102040724, 267.2979591836656, 125.86122448979584, 237.25714285713144, 133.04489795918445, 228.44081632651813, 144.47346938775723, 220.93061224488457, 161.45306122449398, 215.0530612244757, 176.14693877551613, 209.17551020406685, 196.39183673470222, 198.72653061222888]], "scale": 3, "viewpoint": 2, "zoom_in": 1, "landmarks": [247, 196, 1, 207, 199, 2, 227, 210, 2, 250, 209, 2, 272, 206, 2, 288, 202, 2, 129, 238, 2, 0, 0, 0, 0, 0, 0, 0, 0, 0, 94, 361, 2, 106, 416, 2, 138, 438, 2, 143, 397, 2, 152, 347, 2, 138, 298, 2, 144, 317, 2, 146, 386, 2, 134, 446, 2, 115, 539, 2, 116, 638, 2, 234, 654, 2, 348, 676, 2, 365, 570, 2, 346, 445, 2, 331, 389, 2, 332, 338, 2, 332, 326, 2, 332, 392, 2, 347, 446, 2, 345, 381, 2, 367, 339, 2, 405, 402, 2, 378, 426, 2, 361, 443, 2, 370, 324, 2, 347, 234, 1], "style": 1, "bounding_box": [74, 186, 415, 684], "category_id": 11, "occlusion": 1, "category_name": "long sleeve dress"}}