{"source": "shop", "pair_id": 46, "item1": {"segmentation": [[486.03353083376777, 189.60600085320186, 487.76363463999616, 207.94510119922262, 495.376091387401, 224.20807697776934, 507.48681803099964, 234.2426790538939, 527.5560221832487, 238.04890742759633, 538.974707304356, 238.04890742759633, 560.7740152628336, 232.51257524766555, 576.3449495188889, 221.09389012655828, 586.3795515950135, 209.32918424420532, 591.9158837749443, 197.2184576006067, 589.4937384462246, 189.60600085320186, 575.3068872351519, 182.3395648670427, 575.3068872351519, 180.95548182206, 579.8051571313457, 180.95548182206, 589.8397592074703, 184.41568943451674, 598.4902782386121, 190.2980423756932, 606.1027349860169, 195.14233303313264, 622.019690003318, 202.40876901929184, 649.9147272123998, 219.07700146940323, 667.9078067971749, 231.8797696354932, 672.0600559321231, 236.72406029293265, 683.1327202919846, 278.5925724036593, 697.3466417026117, 333.1488837275442, 702.8829738825425, 349.4118595060909, 691.8103095226809, 354.9481916860217, 663.4052377115229, 362.5759349670569, 644.7201166042565, 363.61399725079394, 632.6093899606578, 361.1918519220742, 630.8792861544296, 385.7593259705171, 630.1060340332748, 424.8859458690809, 630.1060340332748, 445.3011707825757, 632.1821586007488, 480.59528842963454, 636.3124330473527, 536.2920510025122, 638.042536853581, 575.0463762620277, 624.201706403754, 578.1605631132388, 602.7484192065222, 581.6207707256956, 583.71727733801, 584.7349575769066, 573.6826752618855, 587.503123666872, 557.0736787220931, 587.8491444281177, 541.8487652272834, 590.2712897568374, 476.3398540076788, 589.3356164383562, 453.8485045267099, 594.5259278570413, 439.3156325543916, 592.7958240508129, 427.8969474332843, 587.9515333933734, 425.82082286581027, 572.0345783760724, 432.3952173294781, 536.7404607290136, 438.2563919040622, 463.061605915533, 444.83078636772996, 364.7917097217613, 445.868848651467, 343.3384225245295, 433.06608048537703, 342.99240176328385, 402.270232734512, 337.45606958335304, 402.270232734512, 344.03046404702087, 391.8896098971417, 339.87821491207274, 380.1249040147888, 336.418007299616, 370.4363226999099, 330.5356543584395, 381.88287434232353, 297.69823671612073, 391.5714556572024, 266.55636820401, 398.4918708821159, 250.2933924254633, 399.8759539270986, 237.83664502061902, 405.06626534578373, 225.03387685452904, 410.25657676446883, 215.34529553965015, 416.484950466891, 212.23110868843906, 425.1354694980329, 207.38681803099962, 438.28425842536853, 201.85048585106884, 451.0870265914585, 197.35221595487508, 461.121628667583, 192.16190453618992, 477.38460444612974, 189.04771768497886]], "scale": 2, "viewpoint": 2, "zoom_in": 1, "landmarks": [525, 188, 1, 485, 188, 1, 492, 220, 2, 528, 237, 2, 573, 227, 2, 596, 187, 2, 417, 213, 2, 390, 273, 2, 370, 331, 2, 443, 343, 2, 443, 312, 2, 440, 268, 2, 445, 295, 2, 438, 461, 1, 423, 582, 2, 541, 591, 1, 638, 574, 1, 626, 441, 2, 630, 330, 2, 636, 287, 2, 634, 325, 2, 630, 357, 2, 706, 345, 2, 685, 275, 2, 667, 229, 2], "style": 1, "bounding_box": [366, 176, 709, 598], "category_id": 1, "occlusion": 1, "category_name": "short sleeve top"}}