{"source": "shop", "pair_id": 46, "item1": {"segmentation": [[189.96672847500759, 203.59802593668184, 170.49661496660255, 204.4349145250763, 159.13297860296612, 215.38532774821684, 147.3561190988338, 222.41012113664664, 120.2436318351637, 235.79409034303177, 103.50809464508093, 245.09161100418888, 94.83040869466765, 256.45524736782534, 89.8717310087172, 271.7445035661725, 89.21863466545905, 295.19413562775947, 82.19384127702925, 322.8800860409828, 75.16904788859945, 351.8057058756937, 70.39898109362616, 373.57681421940464, 69.36592324238649, 383.70078116155344, 78.45683233329564, 387.83301256651214, 86.10146043246924, 391.96524397147084, 87.34112985395684, 384.94045058304107, 98.91137778784122, 385.7668968640328, 117.09319596965952, 388.6594588475039, 133.41551001924643, 392.1718555417188, 134.03534472999021, 396.09747537642954, 136.72129514321338, 396.9239216574213, 135.6882372919737, 404.15532661609905, 131.7564785815063, 464.11105996777985, 132.04866265747415, 488.65452234908025, 130.8799263536027, 503.84809429940907, 127.56985542442995, 511.53794254923463, 125.63079725268477, 520.6792167874619, 127.01583880393132, 529.8204910256891, 123.6917390809396, 545.6099647098997, 122.58370583994237, 563.8925131863542, 121.47567259894512, 576.0808788373238, 119.81362273744926, 587.1612112472963, 121.47567259894512, 597.9645353470194, 118.70558949645202, 606.8288012749972, 116.48952301445755, 616.8011004439724, 123.13772246044098, 624.557333130953, 135.60309642165993, 630.6515159564378, 158.04076955185403, 636.1916821614241, 172.0958904109589, 641.4746575342466, 200.84589041095913, 646.2246575342466, 240.09589041095944, 648.7246575342466, 268.84589041095967, 645.4746575342466, 293.53013698630156, 638.9150684931508, 298.53013698630156, 632.6650684931507, 307.2801369863016, 633.4150684931507, 321.2801369863017, 628.1650684931507, 345.28013698630195, 622.1650684931507, 343.53013698630195, 590.1650684931503, 336.2801369863019, 546.66506849315, 327.6136986301369, 518.8445205479453, 333.113698630137, 478.0945205479449, 334.863698630137, 431.34452054794457, 335.90205479452055, 409.54246575342484, 335.90205479452055, 397.2924657534247, 340.4020547945206, 411.04246575342484, 352.15205479452067, 411.54246575342484, 372.90205479452084, 405.54246575342484, 397.65205479452106, 398.0424657534247, 415.1520547945212, 392.7924657534247, 411.4020547945212, 373.04246575342455, 403.6520547945211, 344.0424657534243, 393.152054794521, 313.7924657534241, 381.0054794520546, 271.0075342465756, 376.5054794520546, 256.50753424657546, 358.75547945205443, 240.25753424657532, 339.50547945205426, 230.00753424657523, 324.50547945205415, 224.25753424657518, 311.25547945205403, 217.00753424657512, 300.75464734518295, 207.98272387637286, 291.8703498245217, 205.09016189290176, 279.6802671798935, 204.0571040416621, 287.53150684931506, 209.84222800860428, 295.79596965923247, 213.56123627306712, 298.48192007245564, 218.10669081852168, 291.66373825427377, 228.85049247141433, 278.4405977584059, 246.61908751273677, 253.53979395448889, 271.55100192460077, 240.93648816936482, 280.435299445262, 230.19268651647218, 284.77414242046865, 213.66376089663734, 281.8815804369976, 198.16789312804218, 271.9642250650967, 182.67906713460897, 255.6391712894826, 172.3484886222122, 231.46561757047414, 173.5881580436998, 219.68875806634182, 180.61295143212962, 214.73008038039137, 190.73691837427845, 206.46561757047397]], "scale": 3, "viewpoint": 2, "zoom_in": 1, "landmarks": [230, 226, 1, 171, 210, 2, 185, 254, 2, 230, 284, 2, 274, 256, 2, 307, 212, 2, 98, 251, 2, 85, 314, 2, 72, 384, 2, 137, 398, 2, 137, 358, 1, 129, 306, 2, 138, 353, 2, 131, 500, 2, 120, 623, 2, 230, 651, 2, 345, 622, 1, 334, 494, 2, 338, 392, 2, 330, 353, 2, 338, 384, 2, 343, 410, 2, 415, 394, 2, 394, 321, 2, 380, 260, 2], "style": 5, "bounding_box": [60, 198, 419, 655], "category_id": 1, "occlusion": 1, "category_name": "short sleeve top"}}