{"source": "shop", "pair_id": 46, "item1": {"segmentation": [[202.51006304213868, 201.9048585106887, 201.47200075840163, 217.47579276674406, 207.7003744608238, 234.77683082902783, 213.58272740200027, 242.73530833767833, 224.30937100061618, 248.27164051760914, 242.64847134663694, 250.69378584632886, 261.67961321514906, 250.69378584632886, 275.1744229037304, 247.23357823387212, 289.0152533535574, 240.6591837702043, 300.7799592359103, 228.89447788785134, 314.966810446983, 207.44119069061952, 294.89760629473386, 200.8667962269517, 300.7799592359103, 199.82873394321467, 308.3924159833152, 200.8667962269517, 316.3508934919657, 200.8667962269517, 325.00141252310755, 207.78721145186518, 336.4200976442148, 211.93946058681328, 353.02909418400725, 219.55191733421813, 369.6380907237996, 227.85641560411432, 385.209024979855, 235.81489311276485, 395.02960610513344, 246.05550552211216, 400.9119590463099, 253.667962269517, 412.67666492866283, 292.4222875290326, 427.90157842347253, 342.5952979096554, 439.98291700241737, 376.9686590510499, 434.4465848224866, 379.0447836185239, 417.49156752144853, 385.2731573209461, 406.7649239228326, 387.6953026496658, 396.730321846708, 387.0032611271744, 373.20091008200217, 389.0793856946485, 355.8998720197184, 389.0793856946485, 357.97599658719247, 407.07246527942357, 356.93793430345545, 420.2212542067592, 357.97599658719247, 439.9444375977627, 359.4383656444044, 465.5652083234583, 363.24459401810685, 495.669014551832, 372.5468076029767, 564.9923401431482, 378.0831397829075, 602.7086031189268, 382.4114708252358, 634.6934824856614, 370.6467649428829, 638.8457316206095, 347.117353178177, 643.690022278049, 341.9270417594919, 644.728084561786, 337.0827511020524, 641.9599184718206, 326.3561075034365, 642.9979807555576, 308.7090486799071, 645.0741053230316, 283.10351234772713, 646.80420912926, 257.4979760155472, 647.4962506517514, 229.47029435464754, 646.1121676067687, 194.43241219130684, 643.7218182680002, 171.94106271033797, 637.8394653268238, 159.48431530549368, 632.303133146893, 158.79227378300232, 621.2304687870313, 158.79227378300232, 597.7010570223255, 158.79227378300232, 566.213167748969, 153.94798312556287, 511.1958667109067, 151.0227046499502, 457.9313741290231, 148.2545385599848, 409.14244679338293, 145.4863724700194, 364.85178935393657, 140.98810257382564, 343.05248139545904, 136.48983267763188, 331.2877755131061, 129.56941745271837, 326.44348485566667, 128.53135516898135, 324.7133810494383, 122.3029814665592, 329.2116509456321, 116.42062852538274, 336.4780869317912, 112.96042091292598, 339.938294544248, 106.10974072142959, 342.0499502298905, 89.5007441816372, 332.0153481537659, 100.91942930274446, 324.40289140636105, 89.84676494288287, 312.6381855240081, 73.92980992558184, 296.02918898421575, 61.12704175949186, 287.03264919182817, 55.590709579561064, 285.99458690809115, 61.12704175949186, 282.53437929563444, 69.77756079063373, 278.3821301606863, 79.46614210551263, 273.1918187420012, 82.92634971796937, 269.3855903682988, 87.77064037540882, 266.963445039579, 92.96095179409394, 262.1191543821396, 95.38309712281367, 258.31292600843716, 100.5734085414988, 254.50669763473476, 105.07167843769255, 249.66240697729532, 106.45576148267526, 247.2402616485756, 110.95403137886905, 246.20219936483858, 122.3727164999763, 236.85963881120534, 128.94711096364412, 232.70738967625726, 128.94711096364412, 225.78697445134375, 131.36925629236384, 224.0568706451154, 136.2135469498033, 222.67278760013266, 142.09589989097975, 224.74891216760673, 149.36233587713895, 224.74891216760673, 155.2446888183154, 221.63472531639565, 160.43500023700054, 219.90462151016726, 166.66337393942268, 218.1745177039389, 175.65991373181024, 216.09839313646484, 178.77410058302132, 214.71431009148216, 180.50420438924968, 212.29216476276244, 191.92288951035695, 207.1018533440773, 196.42115940655071, 204.3336872541119]], "scale": 3, "viewpoint": 2, "zoom_in": 1, "landmarks": [244, 221, 1, 201, 207, 2, 211, 239, 2, 244, 254, 2, 291, 241, 2, 321, 200, 2, 132, 227, 2, 102, 257, 2, 59, 284, 2, 112, 340, 2, 122, 329, 2, 137, 302, 2, 139, 324, 2, 152, 461, 2, 159, 630, 2, 266, 646, 2, 382, 634, 1, 365, 455, 2, 355, 372, 2, 354, 329, 2, 359, 353, 2, 356, 386, 2, 435, 374, 2, 412, 300, 2, 392, 246, 2], "style": 2, "bounding_box": [51, 182, 442, 652], "category_id": 1, "occlusion": 1, "category_name": "short sleeve top"}}