{"source": "shop", "pair_id": 49, "item1": {"segmentation": [[286.43666696551315, 169.62169774669775, 293.5372586814895, 180.66706263821652, 302.47874454605227, 191.1864577729963, 315.23874095989476, 198.59934403203624, 328.650969756739, 204.1220264777956, 338.64439513477976, 201.49217769410066, 348.1118507560816, 194.9175557348633, 358.89423076923083, 185.45010011356152, 372.56944444444457, 172.56384107345627, 406.2175004482697, 184.49024266331958, 423.5745024206563, 190.80187974418746, 435.93479170402253, 197.9024714601638, 452.7658239196702, 201.32127487896722, 469.07088637857885, 207.1069422030961, 483.535054688901, 213.68156416233347, 495.3693742155283, 221.57111051341832, 503.7848903233521, 229.46065686450314, 505.1494979379594, 231.83293736178348, 507.77934672165435, 232.88487687526145, 511.19815014045776, 240.5114383479768, 511.98710477556625, 248.66396957743112, 512.5130745323053, 258.6573949554719, 510.40919550534926, 268.91380521188216, 509.3572559918713, 282.3260340087264, 510.9351652620883, 299.42005110274357, 515.1429233160002, 320.7218262506726, 518.2987418564342, 336.2379340744728, 521.961105134182, 350.87337875799415, 525.9058783097245, 370.07127487896724, 533.0064700257008, 392.16200466200473, 536.4252734445042, 405.574233458849, 535.1103490526567, 410.5709461478694, 528.7987119717889, 415.3046739585203, 519.3312563504871, 417.1455681071067, 507.49693682385987, 418.9864622556932, 506.7079821887514, 398.2106568645031, 494.8736626621241, 392.95095929711323, 478.7337128683283, 390.77442322634624, 461.11372601757216, 392.6153173749327, 461.37671089594164, 407.34247056362443, 464.0065596796366, 417.5988808200347, 477.78898451975374, 454.61213466021155, 482.2597274520352, 471.4431668758592, 486.73047038431656, 495.6377756858527, 491.4641981949675, 516.6765659554122, 494.35703185703187, 545.6049025760567, 495.4089713705099, 562.6989196700738, 501.35078596617046, 604.8312264658417, 506.34749865519086, 637.1783665052895, 509.14283366206445, 661.9090311398004, 511.77268244575936, 674.7952901799056, 513.0876068376068, 680.5809575040345, 513.6135765943459, 693.2042316657702, 508.61686390532543, 695.5710955710956, 504.93507560815254, 696.0970653278347, 502.0422419460881, 696.0970653278347, 495.1751240212779, 698.2891040583347, 493.86019962943044, 704.0747713824636, 487.02259279182357, 708.545514314745, 475.9772279003048, 711.17536309844, 463.0909688601996, 711.4383479768095, 451.25664933357234, 709.3344689498535, 439.4223298069451, 704.8637260175722, 429.1659195505348, 700.6559679636601, 423.3802522264059, 698.8150738150738, 416.01667563206007, 698.2891040583347, 407.07518976749725, 700.6559679636601, 396.818779511087, 703.8117865040941, 388.9292331600021, 709.0714840714841, 383.40655071424277, 713.5422270037654, 378.40983802522237, 720.3798338413723, 369.79857749088524, 726.769544558006, 362.6979857749089, 728.6104387065925, 348.4968023429562, 728.6104387065925, 329.8248759787221, 725.4546201661585, 312.73085888470496, 721.7728318689857, 298.00370569601324, 718.8799982069212, 283.53953738569106, 718.0910435718127, 264.8676110214569, 721.7728318689857, 248.14771233040466, 724.8847573366804, 232.89458938497398, 725.6737119717889, 215.53758741258733, 724.3587875799415, 202.6513283724821, 722.2549085529855, 192.39491811607184, 718.5731202558126, 186.87223567031242, 718.0471504990736, 181.34955322455306, 714.1023773235312, 180.82358346781405, 708.3167099994023, 180.03462883270558, 703.3199973103818, 179.5086590759666, 694.904481202558, 180.82358346781405, 685.4370255812562, 184.24238688661748, 678.5994187436494, 187.66119030542092, 670.7098723925645, 189.23909957563788, 663.8722655549577, 188.7131298188989, 654.9307796903948, 191.86894835933282, 644.6743694339846, 193.97282738628877, 633.6290045424659, 195.04381836112606, 618.6525013448091, 196.62172763134302, 608.3960910883989, 201.88142519873293, 586.3053613053613, 209.50798667144826, 561.5847827386289, 215.55663887394664, 541.3349471041778, 222.131260833184, 517.4033231725538, 231.04865220249837, 479.2888201542048, 234.7304404996713, 457.19809037116727, 236.83431952662724, 429.3216932640009, 239.2011834319527, 417.4873737373736, 221.31821170282709, 421.16916203454656, 207.38001314924387, 426.6918444803059, 193.44181459566067, 431.42557229095684, 188.44510190664028, 434.58139083139076, 191.86390532544368, 451.41242304703843, 182.65943458251138, 451.9383928037774, 174.50690335305706, 452.4643625605164, 164.25049309664678, 451.6754079254079, 153.205128205128, 450.8864532902994, 148.63147002570082, 450.116923674616, 144.4237119717889, 447.75005976929054, 144.6866968501584, 444.8572261072261, 145.73863636363637, 438.8085739047277, 144.94968172852788, 436.17872512103276, 144.94968172852788, 431.97096706712085, 147.05356075548386, 430.6560426752734, 148.10550026896183, 413.03605582451723, 149.94639441754828, 388.3154772577848, 151.52430368776524, 367.8026567449642, 153.1461060307214, 352.5146061203754, 152.88312115235192, 333.84267975614125, 153.67207578746041, 320.16746608092757, 152.6201362739824, 298.8656909329985, 150.51625724702646, 279.4048099336559, 148.7581062100293, 266.7077580539119, 145.86527254796485, 256.18836291913215, 147.4241303568225, 252.58894417548274, 154.26173719442937, 244.69939782439792, 173.72261819377195, 233.91701781124863, 204.22886408463333, 220.50478901440442, 236.57600412408115, 205.25166606897375, 256.03688512342376, 195.78421044767194, 278.1276149064613, 183.1609362859362]], "scale": 3, "viewpoint": 2, "zoom_in": 1, "landmarks": [331, 165, 1, 286, 169, 1, 303, 190, 1, 330, 204, 1, 353, 191, 1, 373, 171, 1, 147, 254, 2, 151, 345, 2, 140, 447, 2, 243, 419, 1, 240, 373, 1, 224, 328, 2, 235, 354, 1, 221, 516, 1, 178, 712, 2, 350, 726, 2, 514, 691, 2, 486, 500, 1, 447, 349, 1, 465, 311, 2, 454, 346, 1, 457, 385, 1, 535, 407, 2, 516, 323, 2, 505, 228, 2], "style": 1, "bounding_box": [140, 158, 539, 731], "category_id": 1, "occlusion": 3, "category_name": "short sleeve top"}}