{"source": "shop", "pair_id": 46, "item1": {"segmentation": [[203.8978812153387, 206.11268900791578, 208.0971607337536, 233.86836043039293, 211.90338910745604, 257.3977721950988, 218.13176280987818, 269.50849883869745, 227.4743233635114, 276.0828933023653, 244.0833199033038, 279.54310091482205, 260.00027492060485, 277.1209555861023, 283.18366592406505, 268.8164573162061, 301.17674550884016, 258.43583447883583, 319.16982509361526, 244.24898326776318, 322.630032706072, 239.40469261032374, 309.827264539982, 229.37009053419916, 324.36013651230036, 232.13825662416457, 328.1663648860028, 235.25244347537563, 337.1629046783903, 248.4012324027113, 358.51706877755134, 268.6849978669953, 374.43402379485235, 287.37011897426174, 381.0084182585202, 295.67461724415796, 384.12260510973124, 300.5189079015974, 384.12260510973124, 327.50852727876, 385.88878039531687, 370.655315921695, 385.5427596340712, 436.7452813196189, 380.6984689766318, 438.82140588709296, 370.3178461392615, 439.1674266483386, 346.7884343745556, 438.82140588709296, 318.57371190216617, 435.6332085130587, 317.53564961842915, 480.2698867137508, 317.53564961842915, 510.0276721808788, 318.2276911409205, 530.7889178556193, 320.9237142721714, 552.0367350808172, 321.96177655590844, 563.8014409631702, 324.0379011233825, 575.5661468455231, 322.3077973171541, 586.9848319666304, 324.72994264587385, 597.0194340427549, 326.1140256908565, 604.6318907901598, 324.38392188462814, 609.4761814475992, 324.0379011233825, 621.9329288524435, 321.61575579466273, 630.9294686448311, 315.04136133099496, 636.8118215860076, 306.10841351850974, 641.8877755131061, 299.18799829359625, 647.0780869317912, 283.6170640375409, 647.0780869317912, 269.7762335877139, 647.0780869317912, 257.3194861828696, 651.576356827985, 243.82467649428827, 655.0365644404418, 234.13609517940938, 657.4587097691615, 215.10495331089726, 650.538294544248, 199.88003981608756, 643.9639000805802, 185.9114850452671, 638.0283737024221, 166.5343224155093, 626.6096885813148, 144.7350144570318, 614.4989619377162, 130.20214248471345, 601.3501730103806, 122.42056310407617, 595.1788765933605, 119.73227473100438, 591.3430914348011, 120.78075555766222, 582.1087453192397, 125.62504621510168, 559.2713750770251, 134.9676067687349, 514.9807176375788, 142.58006351613975, 474.1502678105892, 144.90254538559984, 438.59028297862255, 145.24856614684552, 414.36882969142533, 144.2105038631085, 381.4968573730862, 144.90254538559984, 356.5833625633976, 147.52642555813622, 340.799734559416, 147.52642555813622, 329.03502867706305, 140.9520310944684, 323.84471725837795, 129.53334597336112, 317.2703227947101, 123.30497227093898, 312.08001137602497, 116.38455704602548, 308.61980376356826, 107.04199649239226, 307.58174147983124, 111.85635872398919, 297.4621699767739, 118.08473242641134, 289.15767170687775, 119.12279471014837, 281.5452149594729, 121.19891927762241, 274.97082049580507, 121.19891927762241, 269.0884675546286, 123.62106460634214, 262.86009385220643, 126.7352514575532, 255.93967862729295, 128.81137602502727, 247.63518035739673, 136.07781201118644, 238.29261980376353, 142.30618571360858, 227.5659762051476, 153.72487083471586, 217.18535336777737, 167.21968052329717, 215.1092288003033, 174.14009574821068, 213.37912499407494, 185.9048016305636, 212.6870834715836, 194.90134142295113, 209.9189173816182]], "scale": 3, "viewpoint": 2, "zoom_in": 1, "landmarks": [242, 214, 1, 204, 204, 1, 205, 235, 1, 225, 275, 2, 292, 270, 2, 329, 239, 2, 156, 216, 2, 125, 263, 2, 105, 308, 2, 144, 333, 1, 158, 292, 1, 155, 267, 1, 158, 325, 2, 147, 451, 2, 119, 599, 2, 187, 638, 2, 323, 635, 2, 322, 511, 2, 297, 404, 2, 307, 375, 2, 300, 407, 2, 291, 432, 2, 384, 436, 2, 390, 370, 2, 379, 291, 2], "style": 9, "bounding_box": [97, 188, 395, 661], "category_id": 1, "occlusion": 2, "category_name": "short sleeve top"}}