{"source": "shop", "pair_id": 46, "item1": {"segmentation": [[181.70998905619078, 211.68158043699762, 185.75039309659482, 227.1085776821767, 191.99465388631018, 239.22978980338883, 201.912009258211, 244.00481276022995, 226.88905241707235, 246.5759789677598, 243.05066857868852, 245.47405059310415, 255.90649961633775, 241.4336465527001, 266.9257833628942, 234.82207630476623, 277.9450671094507, 227.1085776821767, 290.0662792306628, 215.72198447740166, 293.7393738128483, 206.53924802193794, 280.8835427751991, 199.92767777400405, 288.9643508560072, 199.19305885756694, 299.98363460256365, 204.33539127262662, 310.6356088909016, 209.11041422946778, 317.24717913883546, 214.62005610274602, 331.20493855114034, 219.7623885178057, 346.7175717322666, 225.51940324792133, 366.9195919342868, 238.00792482735199, 377.5715662226247, 266.65806256839886, 387.8562310527441, 299.7159138080683, 401.6533579883518, 341.67697900549706, 407.8976187780671, 360.0424519164245, 405.6937620287558, 362.6136181239544, 399.0821917808219, 362.9809275821729, 385.4917418267356, 366.28671270613984, 371.90129187264927, 372.16366403763664, 358.3108419185629, 376.5713775362592, 347.658867630225, 379.1425437437891, 332.5991798432645, 378.04061536913343, 333.44303810206674, 414.61947494874016, 338.4986301369863, 472.16712328767125, 348.11506849315066, 533.7123287671233, 355.29312552674946, 599.5581594273997, 340.52900612601735, 606.7180195479075, 322.1635332150899, 611.8603519629671, 306.36922651169226, 617.0026843780269, 278.4537076870825, 625.0834924588349, 254.21128344465825, 629.123896499239, 230.33616866045256, 630.9604437903317, 201.5853956753085, 630.9250965445236, 170.73140118495036, 626.1500735876825, 156.0390228562084, 622.1096695472785, 141.71395398568495, 614.0288614664704, 141.71395398568495, 605.9480533856623, 142.0812634439035, 598.6018642212913, 147.59090531718175, 593.4595318062316, 144.65242965143335, 584.6441048089864, 147.59090531718175, 574.359439978867, 147.22359585896322, 565.1767035234034, 150.1620715247116, 550.1170157364428, 151.26399989936726, 528.4457577015484, 146.4889769425261, 506.4071902084354, 147.97321408355032, 487.5941205328503, 151.6463086657358, 461.14783954111476, 149.44245191642452, 431.39577342541224, 144.6138848006843, 375.8496069034051, 126.98303080619394, 371.44189340478255, 105.67908222951807, 364.4630136986301, 105.97465061574651, 368.47022151779316, 101.56693711712393, 367.73560260135605, 91.64958174522309, 362.22596072807784, 81.3649169151037, 356.71631885479957, 72.54948991785852, 352.6759148143955, 67.03984804458028, 349.00282023221, 75.48796558360692, 331.00465677950115, 86.13993987194485, 304.92568524598414, 97.15922361850133, 278.11209479603, 105.97465061574651, 253.86967055360577, 113.3208397801175, 240.27922059951945, 126.17667081776672, 232.93303143514845, 137.56326402254174, 227.05608010365168, 152.62295180950227, 220.4445098557178, 175.80734115752796, 213.27075487125302]], "scale": 3, "viewpoint": 2, "zoom_in": 1, "landmarks": [224, 212, 1, 176, 214, 1, 198, 242, 2, 236, 247, 2, 278, 230, 2, 298, 206, 2, 112, 239, 2, 86, 305, 2, 68, 349, 2, 144, 378, 2, 146, 349, 2, 136, 313, 2, 143, 328, 2, 152, 468, 2, 142, 609, 1, 262, 629, 2, 357, 600, 1, 335, 473, 2, 332, 341, 2, 328, 301, 2, 332, 331, 2, 334, 372, 2, 408, 358, 2, 383, 281, 2, 360, 233, 2], "style": 7, "bounding_box": [65, 203, 410, 649], "category_id": 1, "occlusion": 1, "category_name": "short sleeve top"}}