{"source": "shop", "pair_id": 66, "item1": {"segmentation": [[175.87894736842105, 221.9415252416756, 182.51160042964554, 228.57417830290012, 192.71568206229864, 236.73744360902256, 202.40955961331906, 240.8190762620838, 218.22588614393132, 245.41091299677768, 241.18506981740074, 250.00274973147157, 279.96058002148243, 247.96193340494096, 292.71568206229875, 243.37009667024708, 303.9401718582171, 234.69662728249196, 302.9197636949518, 225.5129538131042, 299.34833512352327, 220.9211170784103, 291.1850698174008, 214.28846401718582, 286.5932330827069, 209.69662728249193, 291.1850698174008, 209.69662728249193, 311.51908577672566, 225.67713713349116, 330.10116959064345, 235.80093567251464, 337.2122807017546, 240.68982456140353, 353.2122807017546, 247.35649122807018, 370.54561403508797, 251.80093567251464, 382.1011695906435, 257.5787134502924, 391.4345029239769, 268.2453801169591, 398.1011695906435, 281.134269005848, 410.19847399564037, 324.2480099657429, 426.7665213329185, 370.9935720959205, 442.74285269386525, 421.8811460604176, 436.82569293055167, 426.61487387106854, 422.03279352226764, 430.7568857053881, 400.73101837433853, 437.26576144503304, 381.79610713173497, 439.63262535035847, 358.12746807848055, 443.774637184678, 353.985456244161, 432.5320336343822, 351.02687636250414, 447.91664901899753, 353.3937402678296, 465.07641233260705, 355.76060417315506, 494.66221114917516, 361.0860479601373, 510.63854251012197, 364.22492469467113, 522.9664494222026, 367.05850375157456, 532.8035204556658, 368.3872555999781, 542.9456377676761, 372.13335341475437, 551.6865326688207, 375.8794512295307, 563.757292294211, 375.8794512295307, 577.492984281724, 377.96061668218414, 604.96436825675, 381.5795321637427, 643.927485380117, 373.5795321637427, 649.7052631578947, 351.7058646616543, 664.1926530612244, 321.0936197636951, 677.9681632653061, 297.1140279269603, 686.6416326530612, 276.1956605800215, 692.2538775510204, 254.25688506981743, 692.7640816326531, 196.60382384532755, 692.7640816326531, 165.99157894736834, 691.233469387755, 118.03239527389887, 688.6824489795918, 98.64464017185801, 687.6620408163265, 96.60382384532741, 676.9477551020408, 97.62423200859271, 672.3559183673468, 100.68545649838865, 663.6824489795918, 103.2364769065519, 653.9885714285713, 104.76708915144988, 646.3355102040815, 104.76708915144988, 636.6416326530612, 106.29770139634783, 626.9477551020407, 108.84872180451109, 616.7436734693877, 109.35892588614377, 588.6824489795916, 112.42015037593967, 572.8661224489794, 113.95076262083764, 563.6824489795916, 117.01198711063356, 558.580408163265, 120.58341568206214, 551.9477551020406, 122.62423200859276, 541.7436734693875, 122.62423200859276, 533.0702040816324, 125.17525241675602, 524.3967346938773, 123.1344360902254, 519.8048979591833, 120.58341568206214, 509.6008163265303, 120.07321160042949, 502.45795918367315, 117.01198711063356, 494.2946938775507, 115.4813748657356, 478.9885714285711, 114.97117078410294, 462.66204081632617, 118.49630484528882, 439.83788279773114, 118.49630484528882, 427.7395841209825, 117.74016117799204, 421.6904347826082, 105.64186250124342, 417.1535727788275, 90.51898915530768, 419.42200378071783, 73.12768480748156, 419.42200378071783, 50.44337478857793, 420.9342911153114, 39.101219779126126, 423.2027221172018, 46.662656452093984, 380.1025330812849, 55.736380459655436, 342.2953497164455, 60.27324246343616, 321.1233270321354, 67.07853546910727, 291.6337240075607, 73.48399570354457, 274.9050912996778, 79.6064446831364, 260.61937701396346, 87.76970998925886, 253.47651987110632, 108.177873254565, 243.7826423200859, 123.99419978517727, 235.1091729323308, 140.32073039742218, 227.456111707841, 161.23909774436098, 220.31325456498382, 175.87894736842105, 221.9415252416756]], "scale": 3, "viewpoint": 2, "zoom_in": 1, "landmarks": [244, 217, 1, 177, 220, 2, 200, 241, 2, 245, 253, 2, 283, 250, 2, 308, 226, 2, 86, 258, 2, 57, 347, 2, 41, 424, 2, 116, 423, 1, 116, 388, 1, 114, 359, 1, 117, 371, 2, 121, 523, 2, 99, 688, 2, 267, 696, 2, 383, 644, 2, 359, 501, 2, 352, 377, 2, 358, 358, 2, 352, 402, 2, 360, 448, 2, 442, 423, 2, 416, 335, 2, 387, 263, 2], "style": 3, "bounding_box": [34, 206, 446, 700], "category_id": 1, "occlusion": 1, "category_name": "short sleeve top"}}