{"item2": {"segmentation": [[260.1023368735104, 482.22772689722393, 258.1553384960091, 484.60739158083663, 258.8043379551762, 499.1017128355687, 260.45824175824174, 523.365934065934, 259.76039320333535, 541.0075645284948, 258.8950605911125, 554.8528863240598, 258.4623942850011, 570.4288733440704, 255.44070569776355, 596.0399425885092, 253.06104101415082, 625.0285850979734, 250.2068364842296, 654.4429385649503, 248.6925044128397, 677.5905859419105, 249.6764719866396, 693.4666734023144, 254.65213450692076, 696.4953375450942, 268.7137894555415, 700.1730011470412, 268.7137894555415, 703.4179984428768, 279.0977808022152, 705.7976631264895, 291.2124373733346, 706.8793288917681, 301.3800955669526, 707.3119951978795, 314.7927510564062, 703.2016652898211, 325.60940870919137, 697.3606701573171, 333.58585335702685, 692.6711266559295, 339.4268484895308, 696.5651234109322, 348.08017461175893, 698.9447880945448, 359.7621648767669, 700.0264538598234, 367.76649153982794, 697.430456023155, 371.66048829483054, 692.0221271967624, 371.66048829483054, 683.1524679214785, 374.4728192845547, 672.5521434217492, 382.0444796415043, 677.9604722481417, 392.86113729428945, 682.0708021562001, 404.3267944062417, 683.58513422759, 415.6598957559477, 682.5732442246774, 420.6355582762289, 679.7609132349533, 420.20289197011743, 662.8869272966085, 423.8805555720644, 658.7765973885502, 433.1828811534596, 661.1562620721628, 449.62420078569306, 662.2379278374414, 464.76752149959225, 659.8582631538286, 480.1271753665472, 654.6662674804918, 489.8621672540538, 647.3109402765979, 491.3764993254437, 641.4699451440939, 488.1315020296082, 630.8696206443644, 499.65301410325725, 628.6923177957794, 506.57567500103977, 625.0146541938325, 508.09000707242967, 620.6879911327184, 505.7103423888169, 615.7123286124372, 498.23637011987415, 600.9318782353399, 493.0443744465373, 587.9518890519977, 487.41971246708897, 576.4862319400454, 481.7950504876407, 564.3715753689261, 475.95405535513675, 552.9059182569738, 467.8241080714846, 533.3172591064963, 459.62438502546644, 517.1829851597831, 450.9710589032383, 503.3376633642182, 443.8320648524001, 492.5210057114331, 437.55840341378473, 480.8390154464251, 432.79907404655927, 469.80602464058427, 431.28474197516937, 465.04669527335875, 408.2417582417582, 471.9274725274725, 382.9307692307692, 477.6428571428571, 359.2527472527472, 480.9087912087912, 337.2076923076923, 481.7252747252747, 305.36483516483514, 483.3582417582417, 279.2373626373626, 483.3582417582417]], "scale": 2, "viewpoint": 2, "zoom_in": 1, "landmarks": [258, 482, 1, 346, 484, 1, 431, 465, 1, 258, 590, 2, 251, 693, 2, 383, 675, 2, 506, 624, 2, 472, 547, 2], "style": 1, "bounding_box": [247, 463, 507, 709], "category_id": 9, "occlusion": 2, "category_name": "skirt"}, "source": "shop", "pair_id": 82, "item1": {"segmentation": [[231.34398873165816, 236.96165494862066, 227.42204934059947, 240.63235309849713, 221.79738736115118, 249.06934606766956, 216.60539168781432, 263.13100101629027, 209.68273079003183, 279.13965434241226, 204.70706826975066, 295.7973071277014, 201.0294046678037, 308.3446300049322, 197.35174106585674, 317.214289280216, 200.3804052086366, 319.377620810773, 207.5193992594748, 323.48795071883137, 217.47072430003712, 328.46361323911253, 217.90339060614852, 320.2429534229958, 228.07104879976657, 323.05528441271997, 238.0223738403289, 326.0839485554998, 249.59272490624554, 328.63811326585824, 252.34225568914584, 332.9717518825146, 252.77492199525727, 345.73540791280107, 254.04500858795072, 366.76160740287304, 255.12667435322925, 378.0109313617696, 255.55934065934065, 395.31758360622587, 255.99200696545205, 413.27323530984916, 255.99200696545205, 427.5512234115256, 257.07367273073055, 445.0742088090375, 257.13647293755434, 461.5016076406017, 257.81337461889046, 480.8529867644532, 257.38070831277906, 495.1309748661296, 256.94804200666766, 508.75996350863886, 257.6319495539613, 527.6577092458651, 258.2669776951004, 547.1067663542515, 258.2669776951004, 559.4377560784266, 247.66665319537097, 559.0050897723152, 258.2669776951004, 560.0867555375937, 257.52032045834176, 567.7910221741486, 257.52032045834176, 569.7380205516498, 259.46731883584306, 569.9543537047056, 267.36694144146793, 571.3570061631171, 283.79430996261686, 573.2342388817241, 308.02362310485563, 575.1812372592254, 334.16506695035616, 575.3068477763447, 349.09205451119965, 575.3068477763447, 367.2640393678787, 572.9271830927321, 389.7626872856718, 569.4658526438408, 411.55655150690336, 563.4852857796612, 432.1082010471951, 556.1299585757673, 449.41485329165135, 547.9092987596506, 461.52950986277074, 539.9049720965895, 468.6685039136089, 532.1169785865843, 467.3705049952747, 528.4393149846373, 461.006120920723, 515.5988773260272, 455.16512578821903, 500.88822291823936, 447.8097985843251, 490.50423157156564, 445.43013390071235, 488.77356634712004, 449.7567969618264, 484.2305701329503, 451.27112903321637, 479.4712407657248, 450.83846272710497, 473.6302456332208, 448.0261317373808, 469.9525820312739, 443.48313552321105, 466.49125158238263, 440.0218050743198, 464.3279200518256, 433.37827753641676, 458.0612240652807, 427.5372824039128, 453.73456100416666, 424.51558371320345, 439.4984060288003, 422.35225218264645, 433.22474459018486, 416.5042915980719, 423.5944264496991, 411.74496223084645, 410.83077041941266, 410.66329646556795, 397.6344480830148, 410.4120653278575, 380.7604419377264, 410.4120653278575, 364.53545545854865, 414.73872838897154, 350.25746735687227, 417.33472622564, 332.3018156532489, 418.8909419406987, 334.06736875887754, 423.8666044609799, 335.7980339833232, 435.54859472598787, 336.8796997486017, 446.5815855318287, 336.8796997486017, 451.98991435822126, 335.1490345241561, 455.6675779601682, 332.12037038137623, 454.11835800759525, 324.8138922732216, 451.08969386481544, 313.3482351612694, 447.6283634159242, 299.2865802126487, 445.0323655792557, 288.0372562537521, 442.652700895643, 277.4369317540227, 438.0259474976074, 264.7220844055885, 433.4829512834376, 258.44842296697306, 427.3767637986669, 251.61648470512694, 417.6417719111603, 244.69382380734444, 405.9597816461523, 237.98749606261765, 396.00845660558997, 232.3628340831694, 390.5582643424721, 226.78702119946036, 387.52960019969225, 234.35868155640998, 383.4192702916339, 245.39167236225083, 377.3409951325039, 252.63535026358164, 370.20200108166574, 260.42334377358696, 359.60167658193626, 267.77867097748083, 351.0948674365108, 271.26792385548464, 337.8985451001129, 273.43125538604164, 327.08188744732774, 271.91692331465174, 312.58756619259566, 268.0229265596491, 300.04024331536493, 263.2635971924236, 294.6319144889723, 256.55726944769685, 290.08891827480255, 247.687610172413, 286.41125467285565, 236.87095251962785, 283.4802786180826, 224.6306652244456, 280.23528132224703, 223.54899945916708, 273.52895357752027, 225.9286641427798, 265.52462691445925, 227.44299621416974, 256.4386344861197, 227.87566252028114, 246.48730944555737, 229.17366143861537, 236.31965125193935, 233.50032449972943]], "scale": 2, "viewpoint": 2, "zoom_in": 1, "landmarks": [335, 232, 1, 283, 227, 2, 297, 265, 2, 340, 275, 2, 373, 261, 1, 390, 227, 1, 228, 241, 2, 212, 277, 2, 198, 317, 2, 249, 326, 2, 252, 314, 2, 254, 303, 2, 252, 322, 2, 257, 435, 1, 248, 559, 2, 360, 573, 2, 465, 534, 2, 423, 441, 2, 414, 337, 2, 0, 0, 0, 0, 0, 0, 0, 0, 0, 454, 331, 2, 444, 291, 2, 431, 254, 2], "style": 0, "bounding_box": [197, 223, 467, 576], "category_id": 1, "occlusion": 1, "category_name": "short sleeve top"}}