{"item2": {"segmentation": [[260.57988846840686, 91.06289334188004, 249.05725472355047, 97.09855863680482, 245.76507365359151, 97.64725548179798, 244.11898311861202, 98.19595232679114, 239.18071151367357, 98.7446491717843, 206.80759765907703, 110.81597976163386, 191.4440859992685, 124.5334008864629, 186.50581439433006, 136.05603463131928, 181.01884594439844, 146.48127468618935, 177.1779680294463, 157.4552115860526, 168.9475153545489, 191.47441597562863, 165.10663743959674, 214.51968346534142, 157.42488160969248, 248.53888785491742, 154.34218417188816, 267.4405635861067, 162.02394000179243, 270.7327446560656, 187.81269171647102, 277.86580364097676, 220.18580557106756, 282.8040752459152, 224.57538033101287, 284.99886262588785, 227.40085888978592, 348.9431037216271, 222.46258728484747, 391.19276078610056, 218.0730125249022, 421.37108726072444, 217.52431567990902, 432.3450241605877, 226.3034651997996, 432.3450241605877, 255.93309482943033, 435.63720523054667, 284.48835397839593, 437.7578564978532, 321.2510425929377, 437.7578564978532, 387.09466399211715, 436.66046280786685, 425.50344314163846, 434.4656754278942, 432.63650212654954, 432.81958489291475, 430.9904115915701, 427.3326164429831, 429.3443210565906, 420.19955745807204, 427.1495336766179, 393.3134120534071, 419.46777784671366, 338.9924243990841, 418.5972730593985, 271.8492324448026, 420.24336359437797, 263.6187797699052, 424.63293835432324, 267.45965768485735, 436.70426894417284, 268.00835452985046, 442.7399342390976, 270.20314190982316, 451.5190837589882, 270.20314190982316, 463.5904143488377, 270.7518387548163, 469.6260796437625, 266.362263994871, 469.6260796437625, 261.9726892349257, 464.6878080388241, 241.12220912518558, 461.3956269688651, 213.6873668755275, 463.04171750384455, 202.1647331306711, 464.6878080388241, 185.70382778087625, 466.8825954187967, 159.91507606619766, 463.22087115963916, 138.76525976935443, 456.08781217472807, 125.04783864452538, 449.5034500348101, 118.46347650460744, 434.1399383750016, 108.58693329473054, 412.7407614202683, 101.45387430981944, 395.73115922548027, 94.32081532490834, 380.9163444106649, 91.02863425494937, 374.8806791157401, 103.64866168979208, 367.19892328583586, 111.33041751969634, 357.87107692095213, 116.2686891246348, 342.5075652611436, 120.10956703958693, 322.2130887634355, 120.57626955077282, 295.87564020376374, 116.73539163582069, 268.98949479909885, 104.11536420097798, 260.21034527920824, 95.88491152608056]], "scale": 2, "viewpoint": 2, "zoom_in": 1, "landmarks": [326, 100, 1, 263, 97, 2, 289, 117, 2, 325, 124, 2, 361, 119, 2, 381, 94, 1, 193, 125, 2, 168, 192, 2, 155, 267, 2, 224, 284, 2, 226, 266, 2, 226, 245, 2, 227, 260, 2, 228, 347, 2, 0, 0, 0, 0, 0, 0, 0, 0, 0, 421, 346, 1, 420, 253, 1, 419, 219, 1, 418, 243, 1, 416, 274, 1, 470, 268, 2, 465, 203, 2, 455, 123, 2], "style": 1, "bounding_box": [152, 88, 471, 445], "category_id": 1, "occlusion": 2, "category_name": "short sleeve top"}, "source": "shop", "pair_id": 91, "item1": {"segmentation": [[228.25045200799266, 408.75823667803166, 216.15215333124357, 442.0285580390917, 210.103003992869, 464.7128680579963, 210.85914766016583, 513.1060627649928, 208.59071665827537, 521.4236431052577, 207.07842932368172, 523.6920741071482, 207.07842932368172, 534.2780854493037, 207.07842932368172, 536.5465164511942, 201.78542365260398, 540.3272347876782, 203.29771098719763, 552.4255334644274, 207.07842932368172, 563.7676884738796, 205.5661419890881, 566.792263143067, 204.80999832179126, 570.572981479551, 204.80999832179126, 579.6467054871129, 204.80999832179126, 585.6958548254875, 204.80999832179126, 594.7695788330493, 204.80999832179126, 598.5502971695333, 213.12757866205627, 600.8187281714238, 211.61529132746264, 589.4765731619715, 211.61529132746264, 584.1835674908938, 225.2258773388054, 591.745004163862, 231.27502667717994, 594.7695788330493, 244.12946902122587, 597.0380098349397, 256.9839113652718, 596.2818661676429, 260.0084860344591, 593.2572914984556, 269.83835370931774, 596.2818661676429, 285.717370722551, 603.843302840611, 302.352531403081, 608.380164844392, 313.69468641253326, 606.1117338425015, 318.2315484163142, 607.6240211770952, 320.49997941820465, 615.1854578500634, 328.81755975846966, 615.9416015173601, 332.59827809495374, 613.6731705154698, 338.6474274333283, 612.9170268481729, 343.1842894371092, 612.9170268481729, 363.6001684541234, 612.1608831808761, 374.9423234635757, 603.843302840611, 383.25990380384064, 595.5257225003461, 387.0406221403248, 590.2327168292684, 401.2230338839752, 590.6773945341067, 412.5651888934275, 590.6773945341067, 431.468780575848, 575.5545211881704, 439.03021724881614, 573.2860901862799, 437.5179299142225, 592.1896818687004, 452.6408032601589, 591.4335382014036, 435.24949891233206, 468.182120432022, 429.2003495739575, 453.8153907533824, 420.8827692336925, 416.7643510558383, 417.8581945645052, 403.1537650444956, 372.48957452669606, 412.9836327193542, 333.1701038272614, 418.2766383904319, 297.6313514643109, 416.00820738854145]], "scale": 2, "viewpoint": 2, "zoom_in": 1, "landmarks": [228, 408, 1, 324, 418, 1, 418, 405, 1, 211, 500, 2, 208, 599, 2, 327, 610, 2, 330, 577, 2, 333, 608, 2, 452, 594, 2, 439, 500, 2], "style": 0, "bounding_box": [198, 401, 459, 630], "category_id": 7, "occlusion": 2, "category_name": "shorts"}}