{"source": "shop", "pair_id": 110, "item1": {"segmentation": [[239.48705839614937, 294.5941331395877, 237.63581872672788, 298.5610752883481, 236.1812732721824, 302.26355462719107, 235.78457905730636, 307.2883480156209, 236.1812732721824, 314.6933066933069, 238.42920715647995, 323.42057942057966, 241.99945509036425, 332.5445463627285, 246.0986286440833, 339.4205794205798, 249.53664517300894, 345.106529833803, 254.43851386708545, 354.0861678004538, 261.4679923251354, 362.4761904761908, 267.1742802651894, 370.8407955680684, 272.33130505857787, 377.3201344110437, 276.95940423213165, 382.6093906093908, 281.8519662156028, 388.1631096176553, 286.6122967941152, 392.13005176641565, 293.09163563709046, 397.4193079647628, 298.89766483516496, 400.9066697191699, 305.32127594627616, 404.55250305250325, 312.0108981927164, 408.1547543365726, 313.7299064571792, 409.6092997911181, 315.44891472164204, 409.6092997911181, 322.19271637453465, 404.1878121878122, 329.862137862138, 396.51839070020884, 342.15965852329515, 382.63409317954756, 350.4902370356919, 370.9977295431839, 357.0683861592952, 361.89265280174385, 362.09317954772496, 353.16538007447105, 367.3824357460721, 342.58686767777675, 370.68822087003906, 334.12405776042135, 373.0683861592953, 330.4215784215783, 375.5807828535102, 325.0000908182725, 377.29979111797303, 319.1819090000906, 378.18181818181813, 315.4721641994371, 379.1074380165289, 306.87712287712293, 379.3719008264462, 300.3977840341477, 379.5041322314049, 293.91844519117245, 378.4462809917355, 290.0837344473708, 376.99173553719004, 287.04241213332114, 375.80165289256195, 285.455635273817, 372.6280991735536, 283.6043956043955, 369.8512396694214, 282.67877576968476, 365.75206611570235, 281.35646172009797, 369.8512396694214, 280.69530469530457, 373.4214876033057, 281.22423031513927, 376.0661157024793, 282.8110071746434, 380.0330578512396, 285.455635273817, 385.3223140495868, 286.9101807283625, 389.4214876033058, 289.6870402324947, 393.52066115702485, 292.7283625465443, 397.8842975206613, 295.63745345563524, 405.2892561983473, 298.4143129597675, 412.82644628099195, 301.05894105894106, 419.70247933884326, 303.83580056307335, 425.7851239669425, 305.55480882753614, 433.58677685950454, 307.4060484969577, 441.3259467804922, 309.0843701752792, 448.99536826809555, 310.00999000999, 455.3424757061121, 311.33230405957676, 462.87966578875677, 314.63808918354374, 471.7391699209883, 318.07610571246937, 477.6895831441288, 320.19180819180826, 482.31768231768257, 322.3075106711471, 489.1937153755339, 324.15875034056864, 492.76396330941816, 326.4066842248662, 498.3176823176827, 331.5637090182546, 503.8714013259472, 336.5885024066844, 511.8779402415766, 344.7853964217599, 515.8448823903369, 353.11597493415667, 518.4895104895105, 359.72754518209064, 519.4151303242213, 362.9010989010989, 519.8118245390973, 366.33911543002455, 520.6052129688494, 368.1903550994461, 525.4977749523205, 375.9920079920081, 531.448188175461, 386.43828898374375, 536.4729815638908, 396.620107165562, 542.158931977114, 407.59531377713233, 545.068022886205, 413.54572700027285, 550.4996821360456, 425.72845336481686, 554.0931449502878, 433.878946450375, 558.1545438688296, 442.90947148090004, 560.8756323042037, 447.4446188731903, 567.5575333757153, 458.65407319952783, 570.0699300699301, 464.07556080283365, 571.9211697393516, 472.00944510035436, 561.0430975274743, 477.94797390109795, 549.8712715855573, 485.50218035932323, 539.656706929434, 491.44746162928016, 532.3839796567066, 495.81109799291653, 525.834990406419, 498.88086516657944, 519.7125414268272, 501.8287109715681, 513.5900924472353, 504.09628466771323, 508.1827263645448, 507.25855962219583, 501.75893947322527, 509.83429269143556, 492.8438833893381, 512.9445100354191, 487.7397523111809, 513.8468515611373, 481.617303331589, 515.2073957788243, 473.141404050495, 515.4569067296339, 473.0091726455363, 517.8370720188901, 473.0091726455363, 521.8040141676505, 473.141404050495, 525.2420306965762, 472.8769412405776, 530.0023612750886, 472.21578421578425, 532.3825265643447, 471.42239578603215, 540.0519480519482, 470.10008173644536, 544.0188902007085, 468.12837955695136, 551.7264957264957, 467.2213500784933, 559.4362462933892, 465.2307692307692, 568.4424666242846, 463.6439923712651, 576.111888111888, 462.1894469167196, 583.2523839796567, 461.39605848696755, 587.4837889383344, 459.99277566845166, 598.7287102962785, 459.4084075165159, 615.0910185504788, 460.60267005721545, 627.0209790209793, 461.7488522819335, 641.7908971935432, 463.0721036997029, 664.2861712956228, 465.9076424520659, 685.2691580631089, 467.98703753713204, 706.252144830595, 469.87739670537405, 727.8022393485535, 471.2006481231434, 742.9251126944894, 475.7009493342197, 766.0120899894056, 478.7255240034068, 778.6774964166269, 484.4820208147239, 801.1790024720079, 490.0355029585798, 818.0726965342349, 493.58579881656806, 835.824175824176, 496.5443786982249, 850.0253592561289, 500.68639053254446, 864.2265426880818, 501.37567326756516, 872.5012080687757, 500.20693696369375, 880.3901781199079, 499.3303847357901, 887.4025959431365, 497.577280279983, 892.9540933865259, 492.61015098852937, 894.4150137663652, 480.6306038738471, 894.707197842333, 471.2807134428756, 894.4150137663652, 457.84024594835404, 893.5384615384615, 443.231042149961, 892.9540933865259, 430.86390532544266, 892.0371935756563, 424.5391055069696, 892.727476682108, 411.6846631629241, 893.1055485157564, 401.2876877375932, 896.3191591017677, 391.64685597955906, 897.2643386858887, 380.11566505328295, 899.3437337709549, 366.6941149587649, 900.8560211055485, 354.8799717448366, 902.1564148050635, 344.0691609340258, 903.9095192608708, 327.1224845278899, 904.7860714887743, 309.38548785807774, 905.6124140509773, 296.90911734768065, 906.3685577182741, 288.0244292569433, 907.6918091360436, 273.46866366148004, 908.8260246369888, 255.7356820872892, 909.9907351627579, 240.04570099088073, 910.9359147468789, 223.59957622717545, 910.9359147468789, 209.79995429900896, 910.7468788300547, 199.59201479050225, 911.1249506637031, 186.5544556453649, 909.729946820856, 178.84095702277529, 908.9953279044189, 171.86207731662276, 908.6280184462004, 168.18898273443722, 907.1587806133261, 162.6793408611589, 906.0568522386704, 159.00624627897335, 903.118376572922, 159.00624627897335, 892.8337117428025, 159.3735557371919, 881.4471185380273, 160.10817465362902, 868.5912875003779, 161.9447219447218, 857.9393132120399, 162.6793408611589, 843.2469348832977, 163.04665031937745, 828.5545565545556, 165.52155536770945, 802.6576500422656, 168.4801352493663, 774.2552831783598, 173.80557903634863, 745.852916314454, 180.9061707523251, 726.3262890955187, 185.63989856297604, 705.6162299239207, 185.63989856297604, 681.3558748943345, 188.00676246830153, 660.6458157227365, 188.55114116652592, 640.7912087912085, 186.7759932375318, 623.0397295012674, 185.59256128486905, 607.6551141166518, 183.22569737954356, 591.0870667793735, 179.67540152155536, 576.8858833474205, 174.349957734573, 560.3178360101422, 170.62480376766104, 554.1978021978025, 169.31868131868143, 547.3406593406596, 169.16786620626542, 539.0717881361473, 169.81686566543254, 531.2837946261419, 168.51886674709831, 527.6061310241948, 168.4103784377432, 521.2459878016094, 168.172424838695, 512.6796582358746, 167.45856404155043, 505.541050264429, 167.45856404155043, 500.544024684417, 170.31400723012868, 497.4506278967906, 171.02786802727326, 494.8331383072605, 168.64833203679137, 494.59518470821234, 167.9344712396468, 497.2126742977424, 166.98265684345407, 497.92653509488696, 164.36516725392397, 496.9747206986942, 164.84107445202037, 501.733792679658, 165.79288884821312, 507.2067254577663, 166.2687960463095, 515.5351014244529, 166.0308424472613, 520.5321270044649, 165.79288884821312, 525.767106183525, 164.60312085297218, 528.8605029711514, 163.17539925868306, 530.0502709663924, 155.08497689104465, 530.5261781644888, 128.2429741585008, 525.370691176759, 114.44166541370589, 522.0393407900843, 88.98063031554977, 514.4248256205423, 