{"source": "shop", "pair_id": 115, "item1": {"segmentation": [[70.57133051418766, 337.14784580498866, 72.38538947110376, 330.5718820861678, 73.67967457253174, 322.666648280934, 74.35994668137528, 318.8117729974873, 74.35994668137528, 314.04986823558255, 76.8542777471349, 309.2879634736778, 77.60080897223754, 302.9074829931973, 77.60080897223754, 296.1047619047619, 77.60080897223754, 289.9823129251701, 77.60080897223754, 284.3133786848073, 77.60080897223754, 280.23174603174607, 78.28108108108108, 274.78956916099776, 79.18811055953913, 270.70793650793655, 80.5486547772262, 265.7192743764173, 82.3627137341423, 259.59682539682547, 85.31055953913096, 252.79410430839008, 87.12461849604706, 249.6195011337869, 89.6189495618067, 244.63083900226763, 94.63271434700006, 240.08418214132496, 98.03407489121774, 234.86876264019116, 102.34246491389348, 231.694159465588, 106.19734019734018, 229.65334313905737, 111.63951706808848, 227.83928418214128, 116.17466446037872, 226.25198259483972, 122.75062817919958, 224.89143837715264, 128.19280504994788, 221.03656309370592, 134.76876876876872, 218.54223202794628, 142.70527670527667, 213.553569896427, 153.13611570754423, 208.33815039529324, 156.3107188821474, 206.52409143837713, 157.21774836060544, 204.0297603726175, 158.351535208678, 202.89597352454493, 161.07262364405216, 202.44245878531592, 161.7528957528957, 203.57624563338848, 160.84586627443764, 204.93678985107556, 159.25856468713607, 205.8438193295336, 158.351535208678, 207.20436354722068, 159.71207942636508, 210.60572409143836, 162.4331678617392, 215.36762885334312, 167.648587362873, 223.53089415946556, 172.8640068640068, 228.97307103021384, 176.492124777839, 232.60118894404604, 180.82807807807808, 234.85888030888032, 185.13646810075383, 237.12645400502544, 190.1251302322731, 240.0742998100141, 197.608123429552, 242.56863087577375, 205.0911166268309, 244.38268983268983, 212.57410982410983, 245.06296194153336, 219.8303456517742, 245.06296194153336, 226.85982410982407, 243.02214561500276, 234.5695746767175, 238.71375559232703, 239.10472206900775, 235.76590978733836, 245.9074431574431, 229.64346080774655, 250.8961052889624, 225.3350707850708, 253.39043635472203, 222.84073971931116, 256.3382821597107, 220.57316602316604, 259.9664000735429, 218.53234969663544, 261.780459030459, 214.45071704357423, 262.233973769688, 209.23529754244043, 262.9142458785315, 205.1536648893792, 262.9142458785315, 201.75230434516152, 263.59451798737507, 198.12418643132932, 263.59451798737507, 194.2693111478826, 263.36776061776055, 192.228494821352, 266.54236379236374, 193.13552429981007, 274.46527854385, 195.14836060550348, 283.9890880676595, 198.54972114972117, 294.8734418091561, 201.72432432432433, 305.5310381810382, 205.57919960777105, 313.4675461175461, 208.98056015198873, 317.77593614022186, 210.1143470000613, 321.1772966844395, 210.7946191089048, 322.9913556413556, 210.56786173929032, 323.89838511981367, 208.30028804314517, 328.6602898817184, 209.20731752160324, 332.2884077955506, 210.7946191089048, 335.23625360053927, 214.422737022737, 346.34736471165036, 226.8943923515352, 351.1092694735551, 238.45901820187532, 355.6444168658454, 247.3025556168413, 358.59226267083403, 254.33203407489117, 361.2845375988233, 265.0933351719066, 363.77886866458294, 273.93687258687254, 366.2731997303426, 283.6874394802966, 367.63374394802963, 294.5717932217932, 369.67456027456024, 302.5083011583011, 370.3548323834038, 308.1772353986639, 368.08725868725867, 305.45614696328977, 365.13941288227, 304.0956027456027, 359.0169639026782, 303.86884537598814, 348.8128822700251, 305.00263222406073, 339.5158301158301, 307.7237206594349, 330.67229270086415, 310.67156646442356, 322.0555126555127, 314.29968437825573, 316.38657841514987, 314.52644174787025, 315.06143592572164, 318.9537568180425, 314.8346785561071, 327.7972942330085, 314.3811638168781, 336.6408316479745, 314.6079211864926, 341.62949377949377, 313.47413433842, 347.52518538947106, 312.567104859962, 353.1941196298339, 310.9798032726604, 358.86305387019667, 309.6192590549733, 362.4911717840289, 309.1657443157443, 366.11928969786106, 308.03195746767176, 370.4276797205368, 308.03195746767176, 374.7360697432125, 308.03195746767176, 378.59094502665926, 307.3516853588282, 385.62042348470914, 307.3516853588282, 389.70205613777034, 307.3516853588282, 393.33017405160257, 307.3516853588282, 398.0920788135073, 307.3516853588282, 402.17371146656853, 307.80520009805724, 406.48210148924426, 307.3199944842802, 414.70420420420425, 307.7735092235092, 422.86746951032666, 308.4537813323527, 430.5772200772201, 308.4537813323527, 436.0193969479684, 307.5467518538947, 438.9672427529571, 308.00026659312374, 440.78130170987316, 308.68053870196724, 442.36860329717473, 308.90729607158175, 445.3164491021634, 308.90729607158175, 449.85159649445364, 308.90729607158175, 453.2529570386713, 309.1340534411963, 455.97404547404545, 309.8143255500398, 458.6951339094196, 309.8143255500398, 463.23028130170985, 310.04108291965434, 467.3119139547711, 310.04108291965434, 471.62030397744684, 310.04108291965434, 476.8357234785806, 310.4945976588834, 480.2370840227983, 311.6283845069559, 485.4525035239321, 311.6283845069559, 488.17359195930624, 312.30865661579946, 492.935496721211, 314.321076178219, 499.93328430471286, 315.0013482870625, 505.1487038058466, 315.68162039590607, 511.497910155053, 316.1351351351351, 516.0330575473432, 316.95080284366, 522.7472942330086, 317.6310749525035, 526.6021695164552, 317.85783232211804, 532.4978611264326, 317.6310749525035, 535.2189495618068, 314.45647177790033, 538.6203101060244, 311.0551112336827, 536.8062511491083, 307.20023595023594, 533.8584053441197, 304.7059048844763, 533.6316479745051, 301.53130170987316, 533.8584053441197, 298.810213274499, 532.7246184960471, 292.91452166452166, 530.910559539131, 288.83288901146045, 529.5500153214439, 283.61746951032666, 528.4162284733713, 278.8555647484219, 527.5091989949133, 275.2274468345897, 526.1486547772263, 273.64014524728816, 523.4275663418521, 268.6514831157689, 522.7472942330086, 262.529034136177, 522.520536863394, 257.3136146350433, 522.520536863394, 248.9235919593063, 522.2937794937795, 245.74898878470313, 520.0262057976344, 241.2138413924129, 519.3459336887909, 235.99842189127912, 519.3459336887909, 231.67810565667708, 518.511334804192, 226.83184408898688, 517.0783599926457, 221.6164245878531, 515.9445731445732, 211.49669976098548, 516.0170037384323, 204.01370656370656, 517.3775479561194, 191.76880860452292, 520.0986363914935, 183.83230066801497, 522.1394527180241, 177.70985168842316, 523.2732395660967, 166.37198320769753, 526.901357479929, 159.11574738003316, 529.8492032849175, 154.34808788380215, 531.8616228473371, 142.47810259238832, 532.2711037568181, 135.7478120978121, 532.4789299503585, 127.36396089967519, 532.7686523257952, 122.82881350738495, 532.0883802169516, 121.92178402892691, 529.3672917815775, 121.92178402892691, 525.7391738677453, 123.05557087699947, 521.6575412146841, 124.18935772507203, 517.1223938223939, 124.41611509468655, 514.8548201262487, 125.32314457314459, 511.2267022124165, 126.45693142121715, 508.0520990378133, 127.59071826928971, 503.7437090151376, 128.9512624869768, 500.7958632101489, 128.72450511736227, 498.3015321443893, 127.81747563890423, 495.3536863394006, 126.45693142121715, 493.31287001287, 126.00341668198813, 491.2720536863394, 125.09638720353007, 489.2312373598088, 123.50908561622849, 488.77772262057977, 119.8809677023963, 487.64393577250723, 119.8809677023963, 485.60311944597663, 122.60205613777043, 482.8820310106025, 124.64287246430105, 479.7074278359993, 125.77665931237362, 477.21309677023964, 127.59071826928971, 474.03849359563645, 130.76532144389287, 469.73010357296073, 130.9920788135074, 466.3287430287431, 131.2188361831219, 461.3400808972238, 130.9073052644481, 456.6794202365631, 132.4946068517497, 453.95833180118893, 134.5354231782803, 449.6499417785132, 135.89596739596738, 445.568309125452, 136.57623950481093, 440.3528896243182, 136.57623950481093, 436.271256971257, 