{"source": "shop", "pair_id": 115, "item1": {"segmentation": [[261.1527027027027, 203.8364864864865, 263.6527027027027, 204.8364864864865, 266.4027027027027, 207.0864864864865, 269.9027027027027, 211.0864864864865, 273.90270270270264, 217.58648648648648, 278.65270270270264, 223.33648648648648, 284.15270270270264, 231.33648648648648, 290.15270270270264, 238.08648648648648, 299.15270270270264, 245.33648648648645, 306.65270270270264, 251.83648648648645, 312.90270270270264, 255.58648648648645, 320.6067567567569, 261.8743243243244, 329.10675675675685, 265.8743243243244, 334.35675675675685, 267.8743243243244, 343.35675675675685, 269.1243243243244, 353.35675675675685, 269.8743243243244, 364.35675675675685, 268.6243243243244, 374.1067567567568, 266.1243243243244, 382.8567567567568, 260.8743243243244, 392.1067567567568, 254.3743243243244, 397.6067567567568, 246.12432432432442, 398.1067567567568, 243.37432432432442, 397.8567567567568, 240.37432432432442, 396.8567567567568, 238.12432432432442, 396.1067567567568, 234.12432432432445, 395.61891891891895, 230.427027027027, 393.86891891891895, 224.677027027027, 391.61891891891895, 217.42702702702704, 389.11891891891895, 211.17702702702704, 385.36891891891895, 207.67702702702704, 383.86891891891895, 205.92702702702704, 382.11891891891895, 204.42702702702704, 383.86891891891895, 202.92702702702704, 388.86891891891895, 204.42702702702704, 393.36891891891895, 207.42702702702704, 401.1189189189189, 211.92702702702704, 410.3689189189189, 216.42702702702704, 417.6189189189189, 219.17702702702704, 424.1189189189189, 220.17702702702704, 434.1189189189189, 225.427027027027, 448.36891891891884, 232.677027027027, 453.11891891891884, 232.677027027027, 463.36891891891884, 236.677027027027, 464.36891891891884, 239.177027027027, 469.14459459459465, 244.77432432432443, 475.89459459459465, 254.2743243243244, 478.39459459459465, 257.77432432432437, 479.89459459459465, 262.27432432432437, 480.64459459459465, 265.77432432432437, 480.39459459459465, 268.77432432432437, 482.14459459459465, 271.77432432432437, 483.14459459459465, 276.27432432432437, 483.89459459459465, 281.27432432432437, 485.39459459459465, 287.27432432432437, 486.14459459459465, 292.52432432432437, 487.14459459459465, 301.5243243243243, 487.64459459459465, 309.7743243243243, 487.64459459459465, 317.0243243243243, 487.39459459459465, 322.2743243243243, 487.39459459459465, 326.5243243243243, 487.89459459459465, 333.2743243243243, 488.39459459459465, 341.0243243243243, 488.64459459459465, 345.7743243243243, 489.39459459459465, 347.77432432432425, 491.14459459459465, 348.52432432432425, 490.14459459459465, 350.77432432432425, 485.14459459459465, 353.52432432432425, 478.39459459459465, 356.52432432432425, 470.14459459459465, 360.27432432432425, 462.6445945945947, 362.27432432432425, 455.1445945945947, 363.27432432432425, 438.6445945945947, 363.02432432432425, 437.3878378378379, 365.75540540540544, 436.6378378378379, 371.00540540540544, 435.8878378378379, 376.25540540540544, 433.8878378378379, 385.00540540540544, 432.3878378378379, 389.50540540540544, 430.3878378378379, 394.25540540540544, 429.3878378378379, 399.5054054054054, 427.1378378378379, 410.2554054054054, 425.8324324324325, 421.1810810810812, 425.5824324324325, 434.1810810810812, 427.8324324324325, 450.6810810810811, 427.4445945945946, 477.94864864864877, 427.1945945945946, 494.94864864864877, 427.1945945945946, 516.4486486486487, 427.1945945945946, 539.4486486486487, 427.2513513513514, 543.1837837837838, 428.2513513513514, 546.9337837837838, 428.5013513513514, 551.6837837837838, 428.0013513513514, 554.6837837837838, 428.7513513513514, 556.4337837837838, 432.0013513513514, 557.4337837837838, 435.0013513513514, 558.9337837837838, 437.5013513513514, 559.9337837837838, 439.7513513513514, 561.1837837837838, 437.5013513513514, 563.4337837837838, 435.5013513513514, 566.1837837837838, 432.7513513513514, 567.1837837837838, 430.0013513513514, 568.4337837837838, 429.7513513513514, 568.6837837837838, 429.5013513513514, 571.6837837837838, 430.5013513513514, 573.9337837837838, 431.7513513513514, 574.9337837837838, 431.9783783783784, 577.1256756756758, 433.38648648648655, 581.25, 435.38648648648655, 583.5, 437.13648648648655, 585.75, 437.63648648648655, 587.25, 437.63648648648655, 587.5, 438.13648648648655, 590.0, 438.13648648648655, 592.25, 438.13648648648655, 596.0, 224.2783783783784, 596.0, 226.0283783783784, 582.75, 228.0283783783784, 575.75, 227.2783783783784, 569.5, 227.5283783783784, 555.5, 228.2783783783784, 551.0, 229.7783783783784, 543.2500000000001, 230.4702702702703, 535.3432432432433, 231.4702702702703, 523.8432432432433, 232.93783783783783, 512.2878378378379, 233.68783783783783, 498.5378378378379, 237.87972972972975, 470.6, 237.62972972972975, 464.35, 235.62972972972975, 458.1, 234.37972972972975, 454.8500000000001, 232.37972972972975, 450.3500000000001, 229.12972972972975, 441.1000000000001, 226.37972972972975, 423.8500000000001, 227.62972972972975, 401.85000000000014, 228.4256756756757, 390.65405405405403, 228.6756756756757, 381.1540540540541, 228.4256756756757, 377.1540540540541, 229.6756756756757, 374.9040540540541, 231.1756756756757, 373.1540540540541, 227.6756756756757, 372.4040540540541, 220.4256756756757, 370.9040540540541, 211.17567567567573, 370.4040540540541, 203.42567567567573, 368.6540540540541, 197.42567567567573, 367.1540540540541, 191.67567567567576, 365.9040540540541, 187.17567567567576, 364.9040540540541, 182.42567567567576, 363.1540540540541, 177.1756756756758, 362.1540540540541, 174.4256756756758, 361.6540540540541, 168.9256756756758, 360.1540540540541, 164.9256756756758, 360.1540540540541, 162.9256756756758, 360.1540540540541, 161.6756756756758, 361.9040540540541, 160.4256756756758, 363.1540540540541, 158.9256756756758, 362.6540540540541, 157.4256756756758, 361.6540540540541, 155.1756756756758, 358.9040540540541, 155.9256756756758, 356.4040540540541, 158.1756756756758, 354.1540540540541, 167.9256756756758, 311.65405405405414, 176.4256756756758, 286.4040540540542, 178.0554054054054, 278.4081081081082, 180.0554054054054, 271.9081081081082, 183.3054054054054, 263.1581081081082, 188.5554054054054, 252.15810810810822, 191.3054054054054, 248.15810810810822, 192.3054054054054, 244.90810810810822, 192.5554054054054, 243.65810810810822, 194.3054054054054, 241.65810810810825, 197.6891891891892, 238.40270270270273, 209.1891891891892, 230.15270270270273, 222.93918918918916, 223.90270270270273, 230.93918918918916, 219.65270270270275, 235.18918918918916, 219.40270270270275, 242.93918918918914, 215.15270270270275, 251.18918918918914, 210.15270270270275, 256.9391891891891, 206.40270270270275]], "scale": 2, "viewpoint": 2, "zoom_in": 2, "landmarks": [335, 209, 1, 263, 207, 2, 297, 246, 2, 352, 271, 2, 397, 250, 2, 385, 206, 2, 196, 244, 2, 174, 296, 2, 157, 360, 2, 231, 373, 2, 232, 358, 2, 235, 344, 2, 233, 362, 2, 237, 474, 1, 0, 0, 0, 0, 0, 0, 0, 0, 0, 427, 462, 1, 442, 358, 2, 449, 334, 2, 444, 347, 2, 440, 362, 2, 490, 351, 2, 487, 294, 2, 466, 242, 2], "style": 3, "bounding_box": [153, 196, 495, 595], "category_id": 1, "occlusion": 1, "category_name": "short sleeve top"}}