{"item2": {"segmentation": [[202.8857142857143, 595.5428571428572, 210.6, 592.4571428571429, 225.25714285714287, 587.8285714285714, 236.82857142857142, 584.7428571428571, 250.71428571428572, 582.4285714285714, 263.0571428571429, 578.5714285714286, 273.0857142857143, 575.4857142857143, 283.8857142857143, 570.0857142857143, 292.37142857142857, 565.4571428571429, 303.1714285714286, 560.8285714285714, 313.9714285714286, 556.2, 327.8571428571429, 550.0285714285715, 335.57142857142856, 544.6285714285715, 341.00542627569655, 539.7789418762392, 350.22857142857146, 534.6, 357.1714285714286, 529.2, 364.1142857142857, 523.8, 372.6, 518.4, 379.54285714285714, 512.2285714285714, 388.8, 505.2857142857143, 395.74285714285713, 499.1142857142857, 404.22857142857146, 489.0857142857143, 411.9428571428571, 481.37142857142857, 418.1142857142857, 474.42857142857144, 421.9714285714286, 470.57142857142856, 426.0309923823437, 461.76579359282067, 431.86244391109256, 468.9373891265783, 438.8748617343212, 472.44359803819265, 445.595095481582, 476.8263591777105, 449.9778566210999, 479.74819993738913, 454.9449859125535, 482.9622247730356, 460.204299279975, 485.0075133048106, 466.8889700511322, 488.5369091098821, 467.0, 501.6851925284358, 467.0, 515.4178440989252, 467.0, 533.8254408849003, 467.0, 545.5128039236147, 467.0, 560.4141917979756, 466.8889700511322, 572.9781070645936, 466.5967859751643, 583.4967337994365, 467.0, 595.9277887926537, 467.0, 612.2900970468538, 467.0, 627.4836689971826, 467.0, 640.3397683397684, 467.0, 664.0021287696964, 467.0, 683.8706459355108, 467.0, 700.6782009809037, 455.1552332255035, 701.0, 443.4678701867891, 701.0, 428.2742982364604, 701.0, 409.86670145048527, 701.0, 398.17933841177086, 701.0, 381.81703015757074, 701.0, 367.2078263591777, 701.0, 352.59862256078475, 701.0, 314.07655222790356, 701.0, 287.19561723886045, 701.0, 269.0802045288532, 701.0, 249.5038714390066, 701.0, 229.63535427319215, 701.0, 220.57764791818846, 701.0, 212.98086194302414, 701.0, 210.14394239799645, 697.7859751643535, 209.8517583220286, 693.9875821767714, 210.4361264739643, 691.3579254930606, 211.02049462590003, 689.6048210372535, 205.17681310654282, 684.345507669832, 203.42370865073568, 679.9627465303141, 202.19622247730356, 669.9617447563394, 201.02748617343212, 662.6571428571428, 203.364958781175, 651.5541479703642, 203.364958781175, 645.1260982990713, 202.19622247730356, 638.1136804758427, 201.02748617343212, 632.2699989564854]], "scale": 2, "viewpoint": 2, "zoom_in": 3, "landmarks": [191, 600, 1, 341, 539, 1, 426, 462, 1, 0, 0, 0, 0, 0, 0, 0, 0, 0, 0, 0, 0, 0, 0, 0, 400, 668, 2, 0, 0, 0, 0, 0, 0, 0, 0, 0, 0, 0, 0, 0, 0, 0], "style": 0, "bounding_box": [162, 435, 467, 701], "category_id": 8, "occlusion": 2, "category_name": "trousers"}, "source": "shop", "pair_id": 194, "item1": {"segmentation": [[276.3136804758426, 113.68905353229677, 283.50234790775335, 107.94125013043931, 289.93039757904626, 99.17572785140352, 296.650631326307, 86.90399666075342, 299.5724720859856, 74.0478973181676, 301.3039549201711, 55.33260982990713, 297.50556193258893, 47.44363977877492, 294.2915370969425, 38.67811749973913, 290.7853281853282, 31.95788375247836, 283.51159344672857, 18.72453302723573, 279.42101638317854, 11.127747052071378, 277.08354377543566, 8.498090368360641, 275.87924449546074, 1.6247939058749876, 283.1838463946572, 1.0404257539392683, 299.83833872482523, 0.45605760200354917, 313.192317498088, 3.085714285714286, 325.3279510495449, 6.655018271436891, 333.226412849495, 9.126642304750812, 344.41023200475917, 14.599575082858808, 355.6454972346864, 20.616758843785863, 363.345586238116, 27.466520080190833, 369.32114078768575, 33.98530686153958, 373.3048438207322, 45.5742611394929, 378.65785123966793, 61.406375442736866, 383.7416884065533, 78.86196389439633, 385.78697693832834, 89.67277470520713, 389.0010017739748, 102.82105812376082, 390.75410622978194, 117.4302619221538, 394.26031514139623, 124.15049566941457, 396.58697693832835, 125.70885943858917, 400.3853699259105, 133.5978294897214, 401.26192215381406, 144.9930084524679, 399.21663362203907, 155.219451111343, 394.5416884065533, 161.35531670666805, 387.82145465929256, 166.61463007408952, 378.7838046540749, 173.30854638422204, 378.1267452780966, 184.81824063445686, 379.58766565793593, 197.67433997704268, 381.3407701137431, 208.77733486382135, 385.0016070124178, 229.59666075341752, 388.3531879369717, 254.0658666388396, 389.81410831681103, 269.2594385891683, 391.9908379421893, 287.92991756235, 393.850631326307, 306.56796410309926, 394.72718355421057, 322.3459042053637, 394.43499947824273, 344.2597099029532, 395.01936763017846, 358.8689137013462, 396.9363456120213, 374.1444224146927, 398.9816341437963, 385.8317854534071, 401.61129082750705, 398.9800688719608, 402.5821559010748, 410.2253156631535, 403.4587081289784, 424.5423353855786, 405.21181258478555, 428.9250965250965, 411.3476781801106, 431.8469372847751, 417.77572785140353, 437.98280288010017, 421.2819367630178, 441.78119586768236, 421.2819367630178, 447.0405092351038, 425.9568819785036, 457.2669518939789, 430.0474590420536, 464.27936971720754, 448.2587498695607, 477.1772931232391, 446.2134613377857, 486.5271835542106, 438.6166753626213, 501.1363873526036, 433.3573619951999, 510.19409370760724, 427.80586455181054, 519.5439841385787, 420.50126265261406, 529.1860586455181, 412.32010852551394, 539.4125013043932, 404.1389543984139, 547.8858395074611, 396.54216842324956, 556.6513617864969, 390.4063028279245, 561.9106751539184, 381.9329646248566, 568.0465407492435, 369.0768652822707, 576.2276948763435, 361.05019305019306, 580.6182823750391, 349.65501408744655, 588.2150683502035, 342.05822811228217, 592.5978294897214, 329.49431284566424, 599.3180632369822, 317.2225816550141, 606.038296984243, 305.8274026922676, 611.2976103516644, 296.76969633726395, 614.8038192632788, 285.674381717625, 618.7336533444642, 271.6495460711677, 623.40859855995, 260.2543671084212, 625.7460711676928, 250.61229260148184, 627.2069915475321, 245.93734738599608, 628.0835437754357, 236.88575602629658, 627.7326098299071, 226.07494521548577, 628.9013461337786, 217.0172388604821, 628.9013461337786, 207.37516435354274, 627.4404257539393, 199.18006887196077, 626.3180632369822, 200.3488051758322, 618.42909318585, 202.10190963163936, 608.7870186789106, 203.56283001147867, 598.2683919440676, 203.56283001147867, 588.6263174371283, 202.6862777835751, 584.2435562976104, 199.47225294792864, 574.8936658666389, 197.13478034018576, 565.8359595116352, 195.3229260148179, 549.7332568089324, 193.2776374830429, 533.6631326307001, 190.35579672336428, 512.9180632369821, 186.26521965981425, 497.1401231347177, 184.21993112803924, 486.9136804758426, 181.00590629239278, 474.0575811332568, 178.0840655327142, 456.8187206511531, 174.285672545132, 443.9626213085673, 170.19509548158197, 430.2299697380779, 165.85714285714286, 413.48571428571427, 162.5843681519357, 401.7627882708964, 158.20160701241784, 389.1988730042784, 153.52666179693207, 375.46622143378903, 148.2673484295106, 364.65541062297825, 142.13148283418553, 356.76644057184603, 139.5018261504748, 350.92275905248886, 136.87216946676406, 346.53999791297093, 134.53469685902118, 340.9885004695816, 128.98319941563187, 329.8855055828029, 122.8473338203068, 317.9059584681207, 117.58802045288533, 306.80296358134206, 112.036523009496, 296.28433684649906, 107.26413440467495, 281.45549410414276, 106.55757069811122, 275.0366899718251, 98.668600646979, 273.283585516018, 86.68404861052001, 273.12412679527415, 75.9761366533522, 270.0307300076479, 67.40490451841802, 269.19300845246795, 53.087884795992906, 265.6867995408536, 46.36765104873213, 263.3493269331107, 40.23178545340708, 262.1805906292393, 32.634999478242726, 261.01185432536784, 28.380548888657, 259.72718355421057, 26.601126995721586, 259.41181258478554, 24.263654387978708, 263.2102055723677, 19.88089324846081, 263.2102055723677, 13.4528435771679, 261.1649170405927, 13.16065950120004, 254.15249921736407, 13.16065950120004, 247.14008139413545,