{"item2": {"segmentation": [[305.23076923076934, 359.3092621664049, 348.65934065934067, 348.86028257456815, 381.31240188383043, 344.2888540031396, 396.33281004709573, 354.41130298273146, 401.23076923076917, 382.1664050235477, 406.4552590266876, 406.58084772370495, 409.3940345368917, 423.5604395604396, 403.84301412872844, 446.09105180533754, 394.0470957613815, 479.39717425431706, 380.3076923076924, 521.3437990580849, 377.3689167974883, 536.690737833595, 380.96075353218214, 558.2417582417582, 379.3281004709577, 579.1397174254316, 373.7770800627944, 608.8540031397174, 363.22786474711563, 645.2344741626738, 361.1466992944621, 654.3916021543491, 359.06553384180864, 665.2136625081473, 357.81683457021654, 666.4623617797394, 354.486969845971, 661.0513316028403, 344.91360876376496, 656.056534516472, 337.0051800436817, 654.8078352448798, 329.51298441412916, 656.056534516472, 326.5993527804143, 657.7214668785947, 327.8480520520064, 646.0669403437353, 330.76168368572127, 617.7630901876479, 337.0051800436817, 583.2157436736001, 339.0863454963352, 566.1501869618414, 339.0863454963352, 554.0794273364513, 337.0051800436817, 529.1054419046095, 339.50257858686587, 509.5424866496667, 339.34431219749774, 502.4072326565402, 340.7293537487443, 498.5291163130499, 344.33046178198526, 481.90861769809146, 342.66841192048946, 476.92246811360394, 345.9925116434811, 472.7673434598643, 345.7155033332318, 457.25487808590316, 347.1005448844783, 436.7562631274544, 343.5785820827372, 432.80813369456024, 335.268332775258, 434.7471918663054, 321.6949255730419, 437.24026665854916, 304.7974186478342, 436.68625003805056, 301.47331892484254, 436.40924172780126, 306.21696642457897, 452.6415453059051, 313.13738164949245, 471.3266664131715, 315.55952697821215, 476.8629985931023, 311.40727784326407, 480.66922696680473, 300.3346134834025, 483.7834138180158, 285.4557207498385, 486.55157990798114, 281.6494923761361, 478.93912316057634, 267.11662040381776, 456.10175291836185, 247.39343701281433, 424.26784288375984, 235.6287311304614, 397.9702650290886, 231.82250275675898, 385.16749686299863, 230.78444047302196, 371.6726871744173, 232.16852351800466, 352.64154530590525, 238.74291798167246, 345.72113008099177, 255.00589376021918, 345.72113008099177, 265.0404958363437, 350.5654207384312, 280.6114300923991, 360.94604357580147, 292.72215673599766, 369.942583368189, 301.0266550058938, 375.1328947868741, 304.83288337959624, 376.51697783185676, 306.9090079470703, 368.90452108445197]], "scale": 2, "viewpoint": 3, "zoom_in": 1, "landmarks": [306, 361, 1, 347, 352, 1, 395, 355, 1, 280, 361, 2, 235, 352, 1, 287, 487, 2, 316, 478, 2, 277, 386, 2, 344, 402, 2, 339, 517, 2, 329, 657, 2, 360, 666, 2, 381, 525, 2, 404, 442, 2], "style": 0, "bounding_box": [225, 336, 418, 683], "category_id": 8, "occlusion": 2, "category_name": "trousers"}, "source": "shop", "pair_id": 190, "item1": {"segmentation": [[265.0675039246469, 276.37048665620097, 272.5777080062796, 262.9827315541602, 273.88383045525916, 249.92150706436425, 281.0675039246469, 236.20722135007856, 290.86342229199386, 228.04395604395614, 309.475667189953, 221.5133437990582, 311.7613814756673, 221.5133437990582, 313.72056514913663, 230.0031397174255, 322.8634222919938, 235.55416012558877, 332.3328100470958, 236.53375196232346, 346.0470957613815, 234.90109890109898, 357.149136577708, 231.63579277865, 366.29199372056513, 227.71742543171123, 375.10832025117736, 219.8806907378337, 380.00627943485085, 214.00313971742554, 385.2307692307692, 215.30926216640512, 394.37362637362634, 217.26844583987452, 400.9042386185243, 217.9215070643643, 406.45525902668754, 221.83987441130307, 414.9450549450549, 229.6766091051806, 424.087912087912, 248.28885400313976, 435.8430141287283, 272.1255886970173, 441.06750392464664, 284.2072213500785, 434.86342229199363, 293.0235478806907, 425.72056514913646, 298.90109890109886, 416.57770800627935, 304.12558869701724, 416.90423861852423, 286.81946624803766, 404.16954474097327, 293.6766091051805, 395.6797488226059, 297.92150706436416, 393.39403453689164, 320.778649921507, 391.10832025117736, 337.75824175824164, 396.6593406593406, 352.45211930926206, 398.2919937205651, 360.2888540031396, 390.45525902668754, 355.3908948194661, 386.5368916797488, 356.69701726844573, 386.8634222919937, 363.2276295133437, 378.04709576138146, 364.86028257456815, 371.8430141287284, 365.1868131868131, 366.61852433281007, 354.73783359497634, 372.1695447409733, 352.45211930926206, 369.2307692307692, 348.53375196232327, 360.0879120879121, 349.83987441130284, 344.414442700157, 355.0643642072212, 335.9246467817897, 358.0031397174253, 328.74097331240193, 358.65620094191513, 312.0879120879122, 365.51334379905796, 305.23076923076934, 371.71742543171104, 302.6185243328101, 365.1868131868131, 302.29199372056524, 355.71742543171104, 298.3736263736265, 347.8806907378335, 295.7613814756673, 328.6153846153845, 293.475667189953, 309.3500784929356, 291.84301412872856, 301.513343799058, 285.6389324960755, 293.0235478806907, 277.475667189953, 289.10518053375193, 270.2919937205653, 289.10518053375193, 266.3736263736265, 296.2888540031397, 263.1083202511776, 305.7582417582417, 258.536891679749, 300.86028257456826, 256.2511773940347, 296.94191522762947, 260.82260596546325, 287.79905808477235]], "scale": 1, "viewpoint": 2, "zoom_in": 1, "landmarks": [345, 220, 1, 312, 223, 2, 324, 237, 2, 343, 238, 2, 366, 230, 2, 382, 215, 2, 289, 231, 2, 272, 267, 2, 258, 298, 2, 291, 306, 2, 292, 292, 2, 291, 276, 2, 295, 297, 2, 298, 331, 2, 305, 371, 2, 350, 354, 2, 398, 359, 2, 393, 324, 2, 396, 289, 2, 399, 271, 2, 398, 284, 2, 396, 297, 2, 442, 286, 2, 426, 255, 2, 406, 221, 2], "style": 1, "bounding_box": [251, 209, 445, 382], "category_id": 1, "occlusion": 1, "category_name": "short sleeve top"}}