{"source": "shop", "pair_id": 201, "item1": {"segmentation": [[186.73015873015873, 160.63265306122446, 202.95646258503393, 162.86258503401362, 229.94058956916086, 163.76961451247166, 250.34875283446695, 163.99637188208618, 272.3986394557823, 162.18458049886624, 287.1378684807256, 159.91700680272112, 298.9292517006802, 158.32970521541952, 306.1854875283446, 156.28888888888892, 311.85442176870737, 155.6086167800454, 317.2965986394557, 157.87619047619052, 321.3782312925169, 160.59727891156464, 333.62312925170056, 167.4, 344.9609977324261, 173.0689342403628, 354.368253968254, 177.12199546485266, 362.75827664399094, 181.43038548752838, 370.6947845804989, 188.45986394557826, 375.2299319727891, 194.35555555555555, 378.8580498866213, 202.065306122449, 384.5269841269841, 219.5256235827664, 389.9691609977324, 243.33514739229014, 395.1845804988661, 266.4643990929704, 402.01224489795925, 295.1709750566895, 408.13469387755106, 323.742403628118, 412.4430839002268, 343.69705215419503, 419.24580498866214, 372.041723356009, 426.275283446712, 394.7174603174602, 430.35691609977323, 406.0553287981858, 431.9442176870748, 411.49750566893414, 435.2009070294784, 423.3238095238097, 437.69523809523804, 434.4349206349208, 439.5092970521541, 442.5981859410432, 438.1487528344671, 447.5868480725625, 434.52063492063485, 451.21496598639465, 425.45034013605436, 455.29659863945585, 407.5365079365079, 462.0993197278912, 388.48888888888894, 468.9020408163266, 375.56371882086177, 473.66394557823133, 368.5342403628119, 478.1990929705216, 365.5863945578232, 479.78639455782314, 367.17369614512484, 482.05396825396826, 368.5342403628119, 494.752380952381, 370.92380952380955, 517.3596371882087, 372.73786848072564, 536.8607709750567, 373.8716553287982, 544.1170068027211, 370.69705215419503, 548.1986394557823, 367.06893424036286, 548.6521541950113, 362.0802721088436, 548.6521541950113, 361.1732426303856, 552.507029478458, 362.76054421768714, 576.5433106575963, 362.9736961451247, 579.6630385487528, 362.74693877551016, 583.5179138321995, 361.1596371882086, 584.8784580498866, 354.81043083900227, 584.8784580498866, 340.29795918367347, 585.3319727891156, 328.9600907029479, 584.4249433106576, 320.79682539682545, 583.5179138321995, 313.9941043083901, 581.2503401360544, 311.0462585034015, 579.6630385487528, 310.81950113378696, 575.3546485260771, 309.45895691609985, 572.4068027210884, 303.7900226757371, 570.5927437641724, 292.4521541950115, 569.2321995464853, 277.4861678004537, 569.0054421768707, 240.81678004535146, 570.5882086167801, 215.41995464852613, 570.5882086167801, 193.15238095238087, 568.7718820861678, 186.122902494331, 568.7718820861678, 177.50612244897954, 570.8126984126984, 170.9301587301587, 573.9873015873015, 165.94149659863942, 577.6154195011337, 160.95283446712017, 580.1097505668934, 153.46984126984125, 580.790022675737, 145.98684807256237, 580.790022675737, 138.95736961451252, 580.790022675737, 129.20680272108848, 581.0167800453514, 122.85759637188215, 582.150566893424, 116.28163265306131, 582.8308390022676, 110.38594104308399, 582.8308390022676, 107.72879818594105, 583.2022675736961, 105.46122448979592, 580.7079365079364, 106.14149659863946, 574.5854875283446, 107.27528344671202, 563.8984126984126, 107.72879818594105, 557.7759637188208, 105.68798185941044, 553.6943310657596, 102.74013605442178, 549.6126984126984, 99.79229024943314, 547.1183673469387, 98.20498866213154, 541.2226757369615, 98.65850340136058, 533.966439909297, 100.9260770975057, 522.855328798186, 100.69931972789118, 508.56961451247173, 102.74013605442178, 494.05714285714294, 103.2358276643991, 484.0149659863946, 103.2358276643991, 478.7995464852608, 98.02040816326532, 476.5319727891157, 92.80498866213154, 474.26439909297056, 76.47845804988668, 468.8222222222223, 53.17505668934237, 460.6829931972789, 33.44716553287983, 451.83945578231294, 24.045351473922885, 447.6975056689342, 21.09750566893423, 443.615873015873, 19.736961451247154, 438.62721088435376, 19.96371882086167, 430.9174603174603, 22.4580498866213, 417.3120181405896, 26.766439909297027, 398.9446712018141, 33.11564625850336, 377.175963718821, 44.104761904761894, 345.33333333333337, 55.66938775510201, 312.0000000000001, 64.05941043083894, 284.78911564625867, 76.81814058956913, 243.73151927437644, 84.75464852607705, 216.06712018140598, 87.90068027210886, 206.01814058956916, 91.98231292517006, 195.5873015873016, 96.97097505668933, 189.01133786848075, 102.23990929705217, 184.18684807256233, 107.90884353741497, 180.10521541950112, 113.35102040816325, 177.15736961451248, 128.09024943310652, 170.3546485260771, 139.88163265306116, 164.23219954648528, 147.36462585034005, 159.69705215419503, 149.54195011337876, 157.68480725623579, 154.530612244898, 156.32426303854874, 162.01360544217692, 155.64399092970518, 166.09523809523813, 155.64399092970518, 172.8979591836735, 157.00453514739226, 178.7936507936508, 158.59183673469386]], "scale": 3, "viewpoint": 1, "zoom_in": 1, "landmarks": [232, 168, 2, 159, 158, 2, 178, 210, 2, 234, 234, 2, 294, 209, 2, 314, 159, 2, 108, 191, 2, 76, 266, 2, 52, 333, 2, 35, 384, 2, 21, 442, 2, 103, 478, 2, 105, 427, 2, 111, 378, 2, 112, 334, 2, 117, 293, 2, 118, 307, 2, 110, 416, 2, 106, 555, 2, 230, 532, 2, 374, 543, 2, 359, 416, 2, 358, 308, 2, 359, 292, 2, 354, 330, 2, 358, 380, 2, 362, 429, 2, 367, 474, 2, 441, 448, 2, 421, 384, 2, 411, 331, 2, 393, 256, 2, 371, 194, 2], "style": 1, "bounding_box": [12, 146, 442, 592], "category_id": 2, "occlusion": 1, "category_name": "long sleeve top"}}