{"source": "shop", "pair_id": 204, "item1": {"segmentation": [[341.2697842956278, 121.47711345844876, 349.4330496017503, 130.66078692783657, 355.5554985813422, 134.7424195808978, 373.41264143848514, 141.885276723755, 391.77998837726074, 145.96690937681623, 405.5554985813425, 145.45670529518358, 423.41264143848537, 142.39548080538765, 448.41264143848554, 135.7628277441631, 460.48986950549426, 127.47304258241739, 471.8820291935877, 114.33425631559157, 480.04529449971017, 104.13017468293846, 485.14733531603673, 105.66078692783643, 498.4126414384858, 115.86486856048954, 529.3243428024475, 127.16917922948073, 556.8753632106109, 137.8834649437665, 574.2223019861212, 150.12836290295024, 589.0182203534682, 166.45489351519524, 598.7120979044887, 182.27122004580755, 601.263118312652, 194.51611800499128, 605.8549550473458, 208.80183229070565, 612.4876081085704, 228.69979147437923, 619.6304652514275, 247.06713841315482, 624.7325060677541, 262.8834649437672, 629.8345468840806, 276.6589751478489, 626.2631183126521, 283.80183229070605, 614.528424435101, 287.8834649437673, 593.0998530065294, 296.0467302498898, 572.1814856595905, 303.18958739274694, 552.8279150856324, 307.12884148634333, 528.8483232488976, 312.2308823026699, 524.7666905958363, 326.51659658838423, 522.7258742693057, 335.70027005777206, 518.1340375346118, 342.3329231189966, 515.0728130448159, 355.5982292414456, 508.44015998359134, 372.9451680169559, 499.76669059583617, 391.8227190373642, 493.6442416162443, 414.271698629201, 493.6442416162443, 433.14924964960926, 495.68505794277496, 454.06761699654817, 498.0120192307688, 471.41500686813083, 500.74639423076883, 491.7275068681312, 500.74639423076883, 505.7900068681314, 494.4963942307687, 511.25875686813146, 498.4811814172905, 529.5579940518925, 504.4529914529911, 537.2014652014652, 504.4529914529911, 546.9792429792432, 500.452991452991, 552.3125763125765, 500.89743589743546, 563.4236874236879, 501.78632478632437, 578.5347985347993, 511.45574812839715, 604.6863569548423, 512.9863603732952, 616.931254914026, 507.8843195569686, 619.4822753221894, 470.6394215977847, 628.6659487915771, 431.8639113937029, 635.8088059344343, 401.76187057737616, 637.3394181793323, 353.80268690390653, 629.1761528732097, 314.16301120004835, 623.6862780566485, 284.4689433562368, 616.0619423648856, 254.36690253991014, 604.3272484873345, 222.73424947868548, 583.9190852220282, 207.42812702970582, 575.7558199159058, 204.36690253990986, 570.6537790995792, 205.3873107031752, 558.9190852220281, 208.44853519297112, 553.8170444057016, 213.55057600929769, 543.6129627730485, 218.65261682562425, 527.7966362424361, 222.22404539705283, 510.44969746692584, 227.32608621337937, 490.55173828325223, 237.5301678460325, 477.2864321608032, 243.65261682562436, 470.6537790995787, 250.31654873004496, 456.36225344409104, 260.0104262810654, 430.8520493624583, 261.5410385259634, 421.66837589307045, 258.47981403616745, 404.32143711756015, 260.52063036269806, 379.32143711756004, 266.64307934229, 356.3622534440905, 271.7451201586165, 345.1377636481721, 267.15328342392263, 330.8520493624577, 268.17369158718793, 313.50511058694747, 268.6838956688206, 297.1785799747024, 262.5614466892287, 292.0765391583759, 241.13287526065716, 285.954090178784, 229.51218678426156, 280.86042457183885, 215.2264724985472, 278.3094041636756, 204.00198270262877, 277.2889960004103, 196.8591255597716, 276.77879191877764, 195.32851331487362, 271.6767511024511, 198.38973780466955, 257.9012408983694, 205.53259494752675, 236.47266946979784, 209.10402351895533, 221.67675110245082, 216.24688066181253, 199.7379755922466, 219.89813010631386, 182.60759580213997, 228.571599494069, 165.26065702662967, 241.83690561651807, 151.99535090418064, 262.2450688818243, 140.26065702662956, 279.08180357570194, 131.5871876388744, 293.877721943049, 130.05657539397643, 303.06139541243675, 125.46473865928255, 310.2042525552939, 124.44433049601723, 319.8981301063144, 120.36269784295598, 329.0818035757022, 114.75045294499677, 336.2246607185594, 109.13820804703755, 339.2858852083553, 114.75045294499677]], "scale": 3, "viewpoint": 2, "zoom_in": 1, "landmarks": [410, 119, 1, 336, 115, 2, 355, 134, 2, 404, 146, 2, 449, 135, 2, 481, 107, 2, 265, 141, 2, 215, 200, 2, 194, 278, 2, 262, 292, 2, 261, 266, 2, 262, 241, 2, 263, 269, 2, 258, 431, 2, 203, 571, 2, 355, 625, 2, 513, 617, 1, 497, 453, 2, 527, 296, 2, 537, 265, 2, 531, 287, 2, 527, 314, 2, 631, 285, 2, 608, 206, 2, 559, 137, 2], "style": 1, "bounding_box": [189, 99, 635, 641], "category_id": 1, "occlusion": 1, "category_name": "short sleeve top"}}