{"source": "shop", "pair_id": 204, "item1": {"segmentation": [[149.63057483619397, 64.65255285817199, 153.79290574150096, 63.82008667711058, 163.36626682370706, 73.80968084984738, 183.76168825971135, 83.38304193205347, 205.82204205783847, 86.29667356576837, 228.29862894649625, 86.29667356576837, 251.99907280219747, 85.22908653846136, 274.91673508593465, 81.71810956993068, 291.98229179769334, 75.05838012143948, 304.4692845136143, 67.14995140135618, 309.4640815999827, 65.48501903923338, 319.9295616974075, 68.99136201987397, 345.3197802197802, 79.81342237367217, 375.2885627379906, 91.46794890853177, 400.2625481698326, 102.70624235286067, 411.08460852363083, 113.52830270665885, 421.0742026963676, 144.32955140593066, 427.73393214485884, 170.55223610936474, 432.25909023338784, 185.22677728099163, 443.91361676824744, 211.86569507495642, 452.23827857886147, 231.84488342043002, 450.98957930726937, 237.67214668785982, 439.75128586294045, 242.66694377422823, 417.27469897428267, 247.6617408605966, 388.97084881819507, 252.65653794696502, 375.6513899212127, 256.4026357617413, 373.9864575590899, 264.7272975723553, 373.9864575590899, 296.77724554321924, 374.2662668237071, 325.1175263862049, 374.2662668237071, 360.08110599078367, 374.2662668237071, 396.70961795748525, 375.5149660952992, 430.8407313810026, 377.4096396839373, 479.98599101210976, 379.49080513659084, 515.3658037072192, 381.57197058924436, 557.8215789413506, 382.1613440669632, 593.0114189660497, 382.1613440669632, 629.2236978422206, 381.7451109764325, 641.2944574676109, 369.25811826051154, 642.543156739203, 338.8731026517704, 641.7106905581416, 306.4069215903758, 639.2132920149573, 268.11347726155145, 637.9645927433653, 236.47976238121825, 639.2132920149573, 192.85205886725092, 637.6448719854549, 141.23915564144414, 638.8935712570469, 103.73521400555781, 644.4577146058936, 82.92355947902281, 642.7927822437707, 76.26383003053161, 639.8791506100558, 77.09629621159301, 627.3921578941348, 77.09629621159301, 591.5961121084946, 80.00992784530791, 549.5565699648939, 80.8423940263693, 517.0903889034994, 81.7147717007239, 467.1360281757784, 82.54723788178529, 431.33998239013823, 84.6284033344388, 406.78223004882693, 85.33097849081196, 372.25171581800106, 84.91474540028126, 338.53683548501436, 84.91474540028126, 301.4920904277821, 85.33097849081196, 263.6148791894884, 82.83357994762775, 255.2902173788744, 75.34138431807516, 255.2902173788744, 57.859594515785766, 252.3765857451595, 39.8850865055861, 249.82606716904326, 19.489665069581804, 245.24750317320556, 13.246168711621305, 243.58257081108277, 11.165003258967806, 237.33907445312227, 16.159800345336205, 221.9384501034864, 27.814326880195804, 190.3047352231532, 34.8902894192177, 162.00088506706558, 40.10481412448106, 141.20940069295966, 49.26194211615646, 124.56007707173165, 53.84050611199416, 108.32698654103436, 62.58140101313886, 101.66725709254317, 72.98722827640636, 95.42376073458267, 91.30148425975716, 87.51533201449936, 117.94040205372195, 80.85560256600817, 135.42219185601135, 72.94717384592488]], "scale": 3, "viewpoint": 1, "zoom_in": 1, "landmarks": [230, 88, 2, 150, 65, 2, 172, 120, 2, 232, 150, 2, 288, 129, 2, 309, 66, 2, 62, 104, 2, 37, 161, 2, 10, 240, 2, 83, 256, 2, 85, 218, 2, 84, 197, 2, 84, 216, 2, 85, 405, 2, 77, 642, 2, 236, 641, 2, 382, 641, 2, 376, 397, 2, 371, 218, 2, 374, 202, 2, 373, 226, 2, 374, 251, 2, 451, 236, 2, 428, 170, 2, 401, 105, 2], "style": 2, "bounding_box": [3, 68, 453, 645], "category_id": 1, "occlusion": 1, "category_name": "short sleeve top"}}