{"source": "shop", "pair_id": 221, "item1": {"segmentation": [[348.6783298658963, 252.88344636279308, 361.0386191492627, 243.41599074149116, 345.2595264470928, 244.99390001170815, 337.07975472103453, 251.43353447770852, 329.3874470287268, 256.75897826469077, 318.73655945476236, 260.9009900990103, 302.1685121174843, 268.5932977913179, 289.7424766145257, 270.96016169664335, 275.5412931825731, 274.51045755463156, 261.34010975062046, 276.877321459957, 254.23951803464414, 279.83590134161375, 248.9140742476619, 289.8950729392469, 242.40519850801692, 299.95424453688, 237.67147069736603, 305.2796883238623, 231.16259495772107, 308.8299841818504, 223.4702872654134, 316.5222918741581, 219.48436680986686, 320.2804994911412, 215.8025785126939, 323.69930290994466, 222.37720047193133, 324.4882575450532, 236.48803874470332, 329.540043353448, 250.68922217665596, 346.1080906907261, 255.51329514648805, 358.41330685471837, 257.7898138926323, 380.42761731794496, 241.81348253168557, 390.4867889155781, 228.2040150760643, 396.40394867889165, 221.10342336008796, 401.7293924658739, 225.83715117073888, 412.3802800398384, 235.896322768372, 424.80631554279694, 247.1389263186678, 429.5400433534478, 261.93182572695184, 427.76489542445375, 267.84898549026536, 418.297439803152, 271.39928134825357, 404.6879723475307, 281.54879810506833, 403.38372105590247, 288.559044661863, 405.27968832386205, 293.12013275332623, 408.11744886655345, 296.84306833050204, 411.1968480871757, 299.80164821215885, 428.35661140078514, 302.1685121174843, 444.92465873806316, 304.55115511551185, 467.12321232123213, 306.3289328932897, 481.3454345434543, 307.662266226623, 503.5676567656765, 309.44004400440076, 522.6787678767876, 312.55115511551185, 543.123212321232, 313.8844884488452, 557.3454345434542, 316.1067106710674, 572.9009900990097, 317.44004400440076, 591.5676567656764, 317.8844884488452, 610.234323432343, 319.66226622662293, 628.9009900990096, 319.9199914074251, 647.8832386197196, 319.21530130328756, 672.6212169421096, 321.4837323051779, 686.2318029534518, 320.7275886378811, 711.9406876415426, 320.7275886378811, 727.819704654775, 333.3583123936126, 738.2591346716742, 348.70490432786215, 739.9180033315236, 362.3154903392043, 742.9425780007107, 376.6822200178432, 743.6987216680075, 389.9000612430546, 741.6779380904777, 397.95526555168186, 742.0594958255655, 421.2946963883535, 742.9425780007107, 443.2228627399603, 741.4302906661171, 464.3948854242703, 741.4302906661171, 490.7889276161145, 738.3777075283925, 515.0565111331548, 734.6249976604461, 528.9217349796917, 729.1732367854602, 538.9151603577326, 718.1278718939412, 548.3268324942134, 711.9406876415426, 557.4005565017749, 709.6722566396522, 555.1321254998844, 681.6949409496711, 552.1075508306973, 644.6439012521287, 550.8406635865014, 618.1054776507882, 546.058401492323, 588.6892698721665, 541.0843839218971, 559.240963497338, 538.4969648193552, 547.1013681708434, 533.2039591482777, 513.0749031424881, 528.667097144497, 469.9747141065713, 527.8484927904316, 442.9895310403213, 539.682812317059, 437.20386371619236, 550.5952634961037, 429.89909973984174, 556.0395531058334, 420.44581250619217, 557.6174623760504, 428.8613286140161, 585.7568443615867, 413.60820566858524, 599.7446018703947, 402.67792771715744, 599.7446018703947, 402.67792771715744, 589.9147341955365, 377.72518669636355, 582.3532975225687, 360.3338823485375, 577.816435518788, 339.1618596642275, 572.5234298477105, 323.282842650995, 565.7181368420395, 308.15996930505935, 566.4742805093363, 296.06167062831076, 560.425131170962, 286.23180295345253, 543.0338268231359, 274.8896479440008, 522.6179478061227, 265.8159239364394, 502.9582124564063, 255.98605626158118, 487.07919544317383, 249.9369069232069, 476.4931841010188, 243.8877575848326, 467.4194600934574, 240.10703924834868, 473.4686094318317, 246.91233225401976, 472.7124657645349, 262.0352055999555, 465.90717275886385, 272.62121694211044, 455.32116141670883, 281.69494094967183, 441.71057540536674, 286.98794662074937, 424.3192710575407, 289.2563776226397, 403.9033920405275, 285.47565928615575, 380.4629383543271, 280.18265361507827, 367.6084960102818, 272.62121694211044, 356.3048913386117, 263.402841497573, 351.30817864959124, 258.93209856529154]], "scale": 2, "viewpoint": 2, "zoom_in": 1, "landmarks": [418, 241, 1, 345, 247, 2, 372, 275, 2, 427, 291, 2, 466, 275, 2, 470, 240, 2, 261, 278, 2, 240, 304, 2, 219, 324, 2, 260, 428, 2, 273, 406, 2, 296, 410, 2, 298, 404, 2, 316, 570, 2, 322, 729, 2, 459, 740, 2, 558, 710, 1, 539, 551, 2, 528, 398, 2, 527, 387, 2, 529, 412, 2, 530, 441, 2, 598, 404, 2, 580, 347, 2, 561, 290, 2], "style": 1, "bounding_box": [212, 236, 599, 748], "category_id": 1, "occlusion": 1, "category_name": "short sleeve top"}}