{"source": "shop", "pair_id": 225, "item1": {"segmentation": [[489.46031746031747, 262.2271062271062, 478.7936507936508, 263.1159951159951, 462.3492063492063, 263.56043956043953, 453.90476190476187, 263.1159951159951, 438.3492063492063, 262.2271062271062, 433.015873015873, 265.3382173382173, 424.57142857142856, 269.3382173382173, 416.1269841269841, 272.004884004884, 407.68253968253964, 275.1159951159951, 400.1269841269841, 276.89377289377285, 393.46031746031747, 279.56043956043953, 382.7936507936508, 285.78266178266176, 374.3492063492063, 289.78266178266176, 370.3492063492063, 292.89377289377285, 368.1269841269841, 298.6715506715506, 364.57142857142856, 306.6715506715506, 362.7936507936508, 314.2271062271062, 357.46031746031747, 333.78266178266176, 353.015873015873, 348.4493284493284, 349.46031746031747, 364.4493284493284, 346.7936507936508, 376.004884004884, 342.3492063492063, 391.56043956043953, 337.46031746031747, 406.6715506715507, 331.23809523809524, 420.4493284493284, 325.90476190476187, 432.004884004884, 321.015873015873, 445.78266178266176, 325.46031746031747, 447.56043956043953, 337.90476190476187, 452.89377289377285, 348.57142857142856, 456.4493284493284, 367.23809523809524, 461.78266178266176, 385.90476190476187, 465.3382173382173, 399.23809523809524, 465.3382173382173, 401.3919413919414, 478.30525030525024, 403.16971916971914, 492.9719169719169, 404.50305250305246, 505.4163614163614, 406.7252747252747, 514.7496947496946, 406.28083028083023, 528.9719169719169, 404.058608058608, 552.083028083028, 403.16971916971914, 570.3052503052502, 400.50305250305246, 584.083028083028, 397.3919413919414, 601.8608058608058, 395.61416361416354, 619.6385836385836, 392.18070818070817, 634.1880341880341, 388.18070818070817, 650.6324786324785, 385.5140415140415, 663.9658119658119, 385.069597069597, 675.9658119658119, 385.95848595848594, 691.9658119658119, 386.4029304029304, 707.9658119658119, 387.7362637362637, 726.1880341880341, 389.069597069597, 746.1880341880341, 389.5140415140415, 759.5213675213674, 391.29181929181925, 775.5213675213674, 395.7362637362637, 790.6324786324785, 399.7362637362637, 801.7435897435896, 402.4029304029304, 811.076923076923, 409.069597069597, 819.076923076923, 419.7362637362637, 825.2991452991453, 435.29181929181925, 828.8547008547007, 450.4029304029304, 831.9658119658119, 475.29181929181925, 833.2991452991453, 490.40293040293034, 832.4102564102564, 498.8473748473748, 832.4102564102564, 510.8473748473748, 832.4102564102564, 532.976800976801, 830.090354090354, 558.7545787545787, 827.4236874236874, 577.8656898656899, 823.8681318681319, 595.1990231990231, 821.2014652014652, 607.6434676434676, 815.8681318681319, 607.6434676434676, 799.8681318681319, 606.7545787545787, 776.7570207570208, 606.7545787545787, 755.4236874236874, 609.4212454212454, 752.7570207570208, 606.7545787545787, 737.6459096459096, 607.1990231990231, 720.3125763125763, 607.1990231990231, 707.4236874236874, 605.4114774114773, 656.2197802197802, 602.3003663003662, 620.6642246642247, 598.3003663003662, 595.3308913308913, 589.4114774114773, 563.7753357753357, 591.6336996336995, 554.4420024420024, 589.8559218559218, 547.3308913308913, 583.189255189255, 530.8864468864468, 584.5225885225884, 507.3308913308913, 585.8559218559218, 493.1086691086691, 584.5225885225884, 472.2197802197802, 594.3003663003662, 470.44200244200243, 603.6336996336995, 467.77533577533575, 614.7448107448107, 464.2197802197802, 628.5225885225884, 460.2197802197802, 641.4114774114773, 453.997557997558, 654.3003663003662, 447.3308913308913, 666.7448107448106, 440.2197802197802, 657.5384615384614, 419.042735042735, 652.6495726495725, 412.3760683760683, 645.5384615384614, 392.8205128205127, 633.089133089133, 346.06105006105, 626.4224664224664, 324.28327228327225, 618.4224664224664, 306.06105006105, 616.2002442002441, 296.7277167277167, 603.7557997557998, 288.7277167277167, 593.089133089133, 284.28327228327225, 581.5335775335775, 280.28327228327225, 574.4224664224664, 275.39438339438334, 564.5030525030525, 270.75457875457874, 555.6141636141635, 264.5323565323565, 550.2808302808302, 261.86568986568983, 534.2808302808302, 262.3101343101343, 524.5030525030525, 262.75457875457874, 512.058608058608, 262.75457875457874]], "scale": 2, "viewpoint": 3, "zoom_in": 1, "landmarks": [490, 263, 1, 550, 262, 1, 0, 0, 0, 0, 0, 0, 0, 0, 0, 439, 263, 1, 620, 302, 2, 643, 379, 2, 663, 438, 2, 589, 468, 2, 592, 427, 2, 599, 372, 2, 592, 400, 2, 585, 449, 2, 585, 509, 2, 603, 648, 2, 608, 815, 2, 500, 832, 2, 403, 808, 2, 394, 641, 2, 411, 511, 2, 398, 436, 2, 393, 383, 2, 386, 354, 2, 395, 414, 2, 403, 463, 2, 317, 444, 2, 349, 378, 2, 369, 294, 2], "style": 1, "bounding_box": [317, 259, 666, 834], "category_id": 10, "occlusion": 1, "category_name": "short sleeve dress"}}