{"source": "shop", "pair_id": 221, "item1": {"segmentation": [[312.76884488448866, 273.3356215621566, 310.20884488448866, 278.4556215621565, 306.3688448844887, 284.85562156215656, 298.04884488448863, 289.9756215621565, 284.6088448844887, 296.37562156215654, 273.0888448844887, 303.4156215621565, 263.4888448844887, 309.8156215621565, 250.04884488448872, 318.13562156215653, 241.08884488448874, 323.25562156215653, 238.52884488448873, 329.0156215621565, 236.60884488448875, 337.97562156215645, 232.12884488448873, 346.9356215621565, 228.92884488448874, 355.89562156215646, 226.36884488448874, 365.49562156215643, 225.08884488448874, 377.0156215621564, 225.08884488448874, 396.2156215621564, 225.72884488448875, 407.0956215621564, 224.44884488448875, 419.2556215621564, 224.44884488448875, 431.4156215621564, 224.44884488448875, 444.21562156215634, 225.08884488448874, 458.93562156215637, 226.36884488448874, 474.2956215621563, 226.36884488448874, 483.2556215621563, 232.34763476347635, 487.4059405940594, 241.0825082508251, 488.2794279427943, 248.07040704070408, 491.7733773377338, 263.7931793179318, 494.3938393839384, 268.16061606160616, 494.3938393839384, 267.28712871287127, 487.4059405940594, 293.4917491749175, 493.52035203520353, 294.36523652365236, 504.002200220022, 296.1122112211221, 514.4840484048405, 294.36523652365236, 521.4719471947195, 294.36523652365236, 532.8272827282728, 296.1122112211221, 551.1705170517051, 294.36523652365236, 565.1463146314632, 295.23872387238725, 576.5016501650165, 296.1122112211221, 588.7304730473047, 296.76884488448866, 591.4156215621562, 297.40884488448864, 602.9356215621561, 296.1288448844887, 615.7356215621562, 295.4888448844887, 638.7756215621562, 295.11551155115535, 656.6600660066006, 294.6710671067109, 670.4378437843783, 293.3377337733776, 684.2156215621561, 292.3410341034103, 710.6820682068206, 289.6743674367437, 726.2376237623762, 290.56325632563255, 737.7931793179317, 291.45214521452147, 746.2376237623762, 300.7854785478548, 757.7931793179317, 309.67436743674364, 761.7931793179317, 325.67436743674364, 766.2376237623762, 331.00770077007695, 767.5709570957096, 339.00770077007695, 767.5709570957096, 348.7854785478547, 768.9042904290428, 359.8965896589658, 770.6820682068206, 371.0077007700769, 769.3487348734873, 389.6743674367436, 769.7931793179317, 409.22992299229907, 770.6820682068206, 426.118811881188, 769.3487348734873, 442.5632563256324, 767.1265126512651, 463.45214521452124, 766.6820682068206, 475.8965896589657, 763.1265126512651, 492.78547854785455, 759.1265126512651, 508.3410341034101, 755.1265126512651, 521.229922992299, 748.015401540154, 524.0924092409241, 743.3377337733773, 524.0924092409241, 741.5907590759076, 532.8272827282728, 737.2233223322332, 529.7696055319815, 727.8634741025123, 529.7696055319815, 709.4961271637368, 529.7696055319815, 696.2308210412879, 527.2185851238182, 679.9042904290429, 524.667564715655, 662.0471475719002, 523.6471565523897, 640.6185761433287, 522.6267483891244, 620.2104128780227, 522.6267483891244, 597.7614332861859, 520.0757279809611, 583.4757190004716, 521.6063402258591, 568.1695965514921, 521.6063402258591, 548.7818414494512, 519.5655238993285, 530.9246985923085, 518.5451157360632, 509.496127163737, 518.5451157360632, 488.0675557351656, 520.5859320625938, 467.1491883882269, 521.0961361442264, 464.59816798006364, 537.2695269526953, 461.85698569856993, 552.3806380638064, 456.968096809681, 560.8250825082508, 450.3014301430144, 568.3806380638064, 442.7458745874588, 582.6028602860287, 433.85698569856993, 592.3806380638064, 425.85698569856993, 590.1584158415842, 416.07920792079216, 586.1584158415842, 405.41254125412553, 580.3806380638064, 389.85698569857, 575.9361936193619, 375.1903190319033, 571.9361936193619, 363.1903190319033, 565.2695269526953, 348.52365236523667, 562.1584158415842, 333.85698569857004, 557.7139713971397, 320.52365236523667, 552.3806380638064, 311.1903190319034, 548.3806380638065, 306.74587458745896, 538.1584158415842, 301.4125412541256, 530.1584158415842, 296.5236523652367, 521.2695269526954, 290.3014301430145, 511.0473047304731, 285.41254125412564, 499.91841584158425, 280.75476347634776, 488.39841584158427, 276.91476347634784, 476.23841584158424, 271.1547634763478, 467.91841584158425, 265.3947634763478, 463.4384158415843, 269.2347634763478, 458.3184158415843, 282.67476347634783, 451.27841584158426, 292.9147634763478, 442.3184158415843, 299.3147634763478, 433.3584158415843, 303.7947634763478, 423.1184158415843, 308.9147634763478, 409.0384158415843, 312.75476347634776, 396.87841584158434, 310.8347634763478], [312.72387238723877, 273.9229922992299, 311.3905390539054, 276.5896589658966, 310.0572057205721, 279.7007700770077, 304.2794279427943, 286.3674367436744, 295.83498349834986, 290.81188118811883, 285.1683168316832, 296.14521452145215, 275.8349834983499, 301.9229922992299, 265.6127612761277, 308.14521452145215, 255.39053905390548, 313.47854785478546, 244.27942794279437, 321.47854785478546, 239.83498349834994, 325.034103410341, 235.3905390539055, 333.47854785478546, 230.5016501650166, 349.4785478547854, 227.3905390539055, 363.70077007700763, 225.61276127612774, 375.2563256325632, 226.94609460946106, 396.14521452145203, 226.94609460946106, 396.14521452145203, 225.16831683168328, 406.81188118811866, 224.2794279427944, 425.47854785478535, 224.2794279427944, 444.58965896589643, 225.16831683168328, 457.03410341034083, 225.16831683168328, 470.36743674367415, 225.16831683168328, 481.47854785478523, 226.50165016501663, 484.1452145214519, 239.05391840959254, 489.1524466056071, 249.70480598355704, 490.92759453460116, 260.94740953385286, 494.4778903925893, 270.41486515515464, 498.61990222690883, 268.63971722616054, 489.1524466056071, 265.6811373445038, 474.3595471973231, 275.1485929658055, 473.76783122099175, 294.6752201847404, 473.76783122099175, 305.3261077587049, 473.76783122099175, 313.0184154510126, 475.5429791499858, 330.17817876462203, 479.09327500797394, 332.7986798679868, 488.2794279427943, 321.44334433443345, 499.63476347634764, 314.31432234132507, 512.8357563029028, 307.70275209339115, 528.5382356417458, 302.7440744074408, 543.414268699597, 299.4382892834738, 556.6374091954648, 298.6118430024821, 572.3398885343078, 296.95895044049865, 591.3481529971176, 296.95895044049865, 609.5299711789357, 296.95895044049865, 610.3564174599276, 295.30605787851516, 626.0588967987705, 294.264352361162, 643.4255795949965, 294.264352361162, 658.7890912548045, 295.3617460511483, 675.7986934495918, 294.264352361162, 692.8082956443792, 293.16695867117573, 701.5874451642694, 289.8747776012169, 713.6587757541186, 289.8747776012169, 729.5709842589197, 290.42347444621004, 746.0318896087139, 298.6539271211072, 758.103220198563, 315.66352931589455, 763.5901886484944, 328.8322535957299, 766.33367287346, 342.0009778755653, 769.0771570984258, 350.2314305504624, 770.7232476334052, 362.30276114031153, 770.7232476334052, 378.7636664901057, 769.625853943419, 390.2863002349617, 770.174550788412, 405.64981189476964, 770.7232476334052, 423.7568077795433, 771.2719444783984, 423.7568077795433, 771.2719444783984, 437.4742289043718, 769.625853943419, 457.776012169118, 767.9797634084396, 468.74994906898087, 763.0414918035012, 484.66215757378194, 759.2006138885492, 505.5126376835213, 757.0058265085767, 514.8404840484047, 750.9701612136521, 524.168330413288, 747.1292832987001, 530.2039957082127, 744.9344959187276, 531.850086243192, 742.739708538755, 533.4961767781715, 740.5449211587825, 535.1422673131509, 737.8014369338168, 534.0448736231647, 737.2527400888237, 530.2039957082127, 736.7040432438305, 529.6552988632195, 732.3144684838853, 529.6552988632195, 722.9866221190019, 530.7526925532057, 708.7205041491803, 529.6552988632195, 692.8082956443792, 529.6552988632195, 692.8082956443792, 528.00920832824, 684.577842969482, 526.9118146382538, 674.7012997596056, 526.3631177932607, 659.3377880997976, 526.3631177932607, 652.7534259598799, 524.168330413288, 632.4516426951337, 521.9735430333155, 616.5394341903326, 