{"source": "shop", "pair_id": 225, "item1": {"segmentation": [[500.43799058084767, 343.5902668759811, 489.0766186721865, 341.40318407354414, 472.456120057228, 333.6469513865635, 460.2677544062585, 324.78268545858566, 449.1874219962862, 317.026452771605, 431.4588901403305, 319.24251925359954, 411.51429180238034, 320.35055249459674, 394.8937931874219, 322.5666189765912, 383.81346077744956, 328.1067851815774, 380.4893610544579, 348.0513835195275, 376.057228090469, 370.2120483394721, 372.73312836747726, 383.5084472314389, 364.9768956804967, 400.12894584639736, 355.0045965115216, 406.77714529238074, 356.11262975251884, 422.28961066634196, 360.54476271650776, 437.8020760403032, 370.5170618854828, 442.2342090042921, 386.0295272594441, 438.91010928130044, 394.8937931874219, 430.0458433533226, 403.33124018838294, 410.6467817896389, 403.84144427001564, 417.2794348508634, 400.27001569858703, 431.5651491365777, 395.6781789638932, 454.5243328100471, 391.2857142857142, 477.15227629513345, 388.22448979591826, 496.54003139717423, 385.673469387755, 515.927786499215, 383.6326530612244, 531.7441130298273, 380.57142857142844, 548.5808477237049, 377.51020408163254, 564.9073783359497, 372.40816326530603, 583.7849293563579, 364.4882260596546, 609.4505494505494, 358.8759811616954, 630.8791208791208, 354.06279434850853, 648.0518053375195, 348.4505494505494, 666.419152276295, 342.8383045525902, 687.8477237048664, 338.2464678178963, 711.8273155416011, 333.1444270015698, 729.1742543171114, 329.06279434850853, 741.9293563579276, 339.2668759811616, 761.8273155416011, 346.9199372056514, 771.010989010989, 368.8587127158555, 784.2762951334379, 386.2056514913657, 799.5824175824175, 398.4505494505494, 802.1334379905808, 413.24646781789636, 804.1742543171114, 429.0627943485086, 805.1946624803767, 458.6546310832025, 809.7864992150705, 473.45054945054943, 811.3171114599686, 503.04238618524334, 814.8885400313972, 555.5604395604395, 816.6593406593406, 557.6342229199372, 800.0926216640502, 562.2260596546312, 788.3579277864992, 569.3689167974883, 778.1538461538461, 573.4505494505495, 754.1742543171114, 569.8791208791209, 736.8273155416011, 568.1946624803767, 707.4772370486655, 567.684458398744, 682.4772370486655, 568.1946624803767, 652.375196232339, 569.7252747252746, 615.6405023547879, 569.7252747252746, 584.0078492935635, 569.215070643642, 562.0690737833594, 570.5651491365776, 531.7817896389325, 572.0957613814755, 517.4960753532182, 572.6059654631082, 502.1899529042386, 573.6263736263735, 486.88383045525904, 580.259026687598, 487.90423861852435, 597.0957613814755, 488.92464678178965, 610.8712715855572, 486.3736263736264, 624.6467817896388, 482.29199372056513, 644.5447409733123, 474.12872841444266, 638.9324960753531, 458.8226059654631, 635.8712715855572, 449.6389324960753, 629.7488226059654, 430.25117739403447, 626.1773940345367, 407.2919937205651, 622.6059654631082, 398.10832025117736, 615.4631083202511, 362.90423861852423, 613.9324960753531, 350.14913657770796, 609.8508634222919, 337.3940345368916, 603.7284144427, 329.7409733124018, 592.5039246467817, 324.63893249607526, 573.9073783359497, 318.08006279434846, 560.131868131868, 313.4882260596546, 543.2951334379906, 307.8759811616954, 535.131868131868, 324.712715855573, 523.9073783359497, 340.01883830455256], [541.054945054945, 310.41758241758237, 532.7089320935474, 327.4090354090354, 525.6083403775712, 338.19141542218466, 522.1895369587677, 341.61021884098807, 515.8778998778998, 342.66215835446604, 503.2546257161641, 343.18812811120506, 491.032967032967, 342.2368742368742, 479.3015873015873, 338.1301775147929, 464.5567765567765, 329.27472527472526, 457.001221001221, 320.8302808302808, 450.77899877899875, 315.94139194139194, 440.11233211233207, 317.27472527472526, 429.8901098901099, 319.052503052503, 417.001221001221, 319.94139194139194, 401.8901098901099, 321.7191697191697, 394.7789987789988, 322.60805860805857, 385.3284493284492, 325.45264259549964, 377.16518402232674, 348.58189429617994, 373.76382347810903, 365.81545438688295, 368.3216466073607, 377.60683760683764, 364.6935286935285, 388.03767660910523, 361.97244025815434, 392.79958137101, 360.83865341008175, 396.4276992848422, 358.79783708355114, 401.4163614163615, 357.44566544566544, 405.2747252747252, 356.5567765567766, 419.05250305250297, 358.33455433455435, 430.16361416361406, 362.7789987789988, 439.05250305250297, 370.33455433455435, 444.3858363858363, 378.7789987789988, 443.05250305250297, 389.8901098901099, 435.4969474969474, 397.001221001221, 427.05250305250297, 401.44566544566544, 417.71916971916966, 401.8901098901099, 409.71916971916966, 405.001221001221, 409.71916971916966, 403.2234432234432, 419.9413919413919, 401.44566544566544, 428.83028083028074, 398.33455433455435, 439.4969474969474, 395.66788766788767, 454.6080586080585, 393.44566544566544, 468.83028083028074, 390.7789987789988, 483.4969474969474, 386.1440781440781, 509.7728937728938, 383.032967032967, 531.1062271062272, 379.032967032967, 554.2173382173382, 374.58852258852255, 575.5506715506715, 366.1440781440781, 605.3284493284493, 359.92185592185587, 626.2173382173382, 354.1440781440781, 648.4395604395604, 347.9218559218559, 669.3284493284493, 342.58852258852255, 692.8840048840049, 336.8107448107448, 716.8840048840048, 328.8107448107448, 742.2173382173381, 334.58852258852255, 754.2173382173381, 348.3663003663003, 776.4395604395603, 374.1440781440781, 779.9951159951158, 386.1440781440781, 782.2173382173381, 423.41880341880335, 787.2380952380953, 419.8632478632478, 802.7936507936508, 467.41880341880335, 810.3492063492064, 470.52991452991444, 798.3492063492064, 537.1965811965811, 803.2380952380953, 534.08547008547, 816.5714285714286, 556.3076923076922, 816.5714285714286, 558.6136939983094, 811.3583168967783, 558.0877242415703, 798.4720578566731, 561.3626373626373, 787.6483516483515, 574.5299145299143, 771.2380952380953, 571.5506715506716, 739.106227106227, 567.8192918192917, 712.3614163614163, 566.9304029304028, 692.3614163614163, 567.3748473748473, 671.028083028083, 566.9304029304028, 652.3614163614163, 568.7081807081806, 621.2503052503052, 569.5970695970695, 586.5836385836386, 571.3894993894994, 519.6727716727717, 574.945054945055, 485.89499389499383, 607.8339438339439, 477.4505494505494, 607.8339438339439, 485.006105006105, 612.2783882783883, 485.4505494505494, 624.2783882783883, 481.89499389499383, 643.3894993894994, 473.89499389499383, 635.8339438339439, 450.3394383394383, 630.056166056166, 430.78388278388275, 625.1672771672772, 406.78388278388275, 619.8339438339439, 382.33943833943835, 616.0293040293041, 365.24542124542126, 616.0293040293041, 365.24542124542126, 612.918192918193, 349.6898656898657, 609.3626373626373, 339.4676434676435, 601.8070818070818, 329.24542124542126, 584.4737484737485, 320.3565323565324, 567.5848595848596, 316.3565323565324]], "scale": 2, "viewpoint": 2, "zoom_in": 1, "landmarks": [500, 315, 1, 455, 319, 1, 477, 339, 2, 511, 344, 2, 530, 331, 2, 545, 312, 2, 385, 325, 1, 373, 365, 1, 356, 409, 1, 371, 443, 2, 397, 426, 2, 410, 391, 2, 410, 400, 2, 400, 443, 2, 391, 487, 2, 369, 611, 2, 328, 742, 2, 442, 807, 2, 563, 812, 2, 565, 617, 2, 574, 488, 2, 577, 428, 2, 575, 405, 2, 577, 385, 2, 572, 443, 2, 574, 479, 2, 643, 470, 2, 626, 413, 2, 608, 332, 2], "style": 1, "bounding_box": [323, 306, 645, 821], "category_id": 10, "occlusion": 1, "category_name": "short sleeve dress"}}