{"source": "shop", "pair_id": 225, "item1": {"segmentation": [[494.63736263736257, 343.78021978021974, 490.2857142857142, 364.08791208791206, 484.5496383957922, 370.90898844745, 472.45233399079547, 373.2758523527755, 455.09533201840884, 376.4316708932094, 431.5227629513343, 369.2496075353218, 422.33908948194653, 364.1475667189952, 410.6043956043955, 354.9638932496075, 405.502354788069, 345.78021978021974, 397.8492935635792, 353.43328100470956, 383.5635792778649, 360.57613814756667, 364.6860282574567, 371.80062794348504, 354.48194662480364, 378.9434850863422, 347.8492935635792, 386.0863422291993, 343.25745682888527, 396.2904238618524, 339.6860282574567, 409.55572998430137, 337.13500784929346, 422.8210361067504, 334.0737833594975, 437.1067503924647, 330.50235478806894, 454.9638932496075, 327.44113029827304, 475.8822605965463, 318.7676609105179, 496.8006279434851, 312.4072508687892, 515.5935005165775, 333.0533751962322, 523.331240188383, 358.2857142857143, 532.3516483516484, 359.2185592185592, 523.7460317460318, 383.67615290692214, 530.0576688268997, 394.19554804170195, 533.2134873673336, 396.2994270686579, 537.684230299615, 398.66629097398334, 534.2654268808116, 400.5071851225698, 525.8499107729878, 402.44113029827304, 534.0455259026688, 403.4615384615384, 552.4128728414444, 399.58084772370484, 592.5824175824175, 398.0502354788069, 608.9089481946623, 391.41758241758237, 634.4191522762951, 390.9073783359497, 648.1946624803767, 390.39717425431706, 673.1946624803767, 387.8461538461538, 692.0722135007849, 384.7849293563579, 712.9905808477237, 381.72370486656195, 731.8681318681319, 381.2135007849293, 747.6844583987441, 381.72370486656195, 762.480376766091, 382.74411302982725, 785.4395604395604, 383.7645211930926, 796.6640502354788, 392.9481946624803, 814.5211930926216, 398.65464450079827, 825.5925612848689, 398.3916596224288, 805.6057105287873, 421.0083591622053, 819.5439090823705, 431.00178454024604, 820.5958485958485, 458.35221189067346, 817.9659998121535, 466.2417582417583, 816.9140602986756, 464.6638489715413, 834.5340471494317, 484.7849293563579, 832.8885400313972, 495.3154879308725, 832.0232929463698, 497.9453367145674, 811.2474875551798, 512.9354747816286, 808.8806236498543, 535.0262045646662, 807.0397295012679, 558.4318587395511, 805.1988353526814, 567.6363294824833, 803.8839109608339, 563.3563579277866, 823.7048665620094, 575.8681318681319, 821.3765379919225, 588.8665620094192, 810.4395604395604, 588.8665620094192, 810.4395604395604, 594.989010989011, 801.7660910518053, 601.1114599686028, 791.5620094191522, 605.7032967032967, 782.8885400313972, 615.3971742543172, 766.0518053375196, 607.888540031397, 741.4427001569859, 600.2354788069073, 714.4018838304553, 595.6436420722134, 691.4427001569859, 591.0518053375196, 672.054945054945, 586.4599686028257, 652.1569858712716, 582.888540031397, 630.2182103610675, 579.3171114599685, 615.9324960753531, 575.2354788069073, 605.2182103610675, 571.6640502354787, 580.7284144427001, 567.0722135007849, 559.2998430141287, 562.9905808477235, 542.4631083202511, 558.3987441130297, 526.6467817896388, 555.8477237048664, 502.15698587127144, 578.7692307692307, 494.63736263736257, 581.7563632948248, 499.1362825208979, 599.6393350239504, 489.14285714285717, 620.4151404151405, 477.3085376162299, 606.9215070643642, 455.89324960753527, 595.6970172684458, 433.4442700156985, 587.5337519623233, 414.05651491365774, 577.3296703296703, 386.5054945054944, 568.1459968602826, 364.56671899529033, 560.4929356357927, 352.32182103610666, 549.778649921507, 348.24018838304545, 538.043956043956, 344.1585557299842, 508.4521193092621, 343.1381475667189]], "scale": 2, "viewpoint": 2, "zoom_in": 1, "landmarks": [457, 351, 1, 407, 353, 2, 430, 368, 2, 463, 377, 2, 490, 366, 2, 499, 344, 1, 348, 387, 2, 333, 456, 2, 315, 512, 2, 398, 531, 2, 389, 471, 2, 371, 430, 2, 393, 473, 2, 403, 519, 2, 407, 565, 2, 392, 674, 1, 379, 794, 2, 492, 828, 2, 618, 768, 2, 588, 654, 1, 561, 544, 2, 554, 486, 2, 550, 452, 2, 553, 414, 2, 553, 465, 2, 558, 498, 2, 619, 476, 2, 594, 425, 2, 563, 354, 2], "style": 1, "bounding_box": [312, 342, 621, 834], "category_id": 10, "occlusion": 1, "category_name": "short sleeve dress"}}