{"source": "shop", "pair_id": 221, "item1": {"segmentation": [[146.50434782608696, 242.6478260869565, 141.1494676131322, 249.5468944099379, 136.04742679680567, 254.13873114463178, 124.31273291925466, 259.75097604259093, 114.1086512866016, 266.8938331854481, 103.39436557231588, 272.50607808340726, 93.1902839396628, 278.6285270629991, 87.06783496007097, 284.75097604259093, 80.94538598047914, 291.38362910381545, 77.37395740905056, 299.54689440993786, 72.27191659272404, 311.7917923691216, 69.72089618456077, 323.52648624667256, 68.1902839396628, 335.7713842058563, 67.68007985803015, 351.5877107364685, 68.1902839396628, 365.8734250221828, 67.68007985803015, 380.66934338952973, 67.1698757763975, 394.44485359361136, 68.1902839396628, 401.0775066548359, 69.21069210292812, 410.26118012422364, 68.1902839396628, 421.9958740017746, 69.72089618456077, 429.1387311446318, 72.78212067435669, 430.6693433895298, 80.43518189884648, 433.22036379769304, 90.1290594498669, 435.7713842058563, 99.56162377994676, 437.44902395740905, 105.6840727595386, 438.46943212067436, 106.70448092280391, 438.46943212067436, 106.19427684117124, 430.8163708961846, 105.17386867790594, 424.1837178349601, 104.15346051464064, 420.6122892635315, 117.41876663708962, 420.1020851818989, 138.3371339840284, 419.0816770186335, 144.7454329999526, 419.667355548182, 143.01532919372423, 429.7019576243067, 139.55512158126743, 449.77116177655614, 136.40486325069898, 473.1244916338817, 134.3287386832249, 488.69542588993727, 133.55465838509315, 499.90718722271515, 133.55465838509315, 509.6010647737356, 132.09702750665483, 527.4208518189885, 131.58682342502217, 541.19636202307, 131.58682342502217, 558.0330967169476, 130.56641526175687, 569.7677905944986, 131.07661934338952, 585.0739130434782, 129.54600709849157, 596.8086069210292, 127.50519077196094, 612.1147293700088, 125.46437444543034, 626.4004436557232, 123.93376220053239, 639.1555456965394, 123.42355811889972, 649.3596273291926, 124.44396628216504, 657.522892635315, 128.0153948535936, 664.1555456965394, 134.6480479148181, 669.257586512866, 142.81131322094055, 673.3392191659273, 153.52559893522624, 674.8698314108252, 153.52559893522624, 674.8698314108252, 165.36832298136645, 678.8603815439219, 178.63362910381545, 680.3909937888199, 191.89893522626443, 681.4114019520852, 206.1846495119787, 680.3909937888199, 221.49077196095828, 680.9011978704525, 238.32750665483587, 680.3909937888199, 259.4704081632653, 678.8603815439219, 271.71530612244896, 677.329769299024, 281.90581188997334, 675.0632653061224, 292.62009760425906, 671.4918367346938, 302.3139751552795, 669.9612244897959, 307.9262200532387, 668.9408163265306, 307.9262200532387, 668.9408163265306, 314.0486690328305, 667.9204081632653, 321.7017302573203, 663.8387755102041, 325.7833629103815, 660.7775510204082, 329.3547914818101, 656.695918367347, 331.9058118899734, 652.6142857142856, 337.0078527062999, 647.5122448979591, 335.9874445430346, 639.8591836734694, 336.49764862466725, 633.7367346938776, 335.47724046140195, 626.0836734693877, 335.47724046140195, 618.9408163265306, 335.47724046140195, 609.7571428571429, 334.9670363797693, 601.5938775510203, 332.9262200532387, 589.3489795918367, 332.9262200532387, 577.6142857142856, 331.3956078083407, 565.8795918367347, 331.3956078083407, 551.0836734693877, 329.86499556344273, 530.1653061224489, 329.3547914818101, 520.9816326530612, 329.3547914818101, 506.18571428571425, 329.86499556344273, 492.9204081632653, 328.3343833185448, 481.6959183673469, 326.59165927240457, 465.93562555456964, 326.59165927240457, 454.2009316770186, 325.57125110913927, 440.425421472937, 327.1018633540372, 421.54787045252885, 326.59165927240457, 410.83358473824313, 334.75492457852704, 409.81317657497783, 340.87737355811885, 409.3029724933452, 351.59165927240457, 406.75195208518187, 358.73451641526174, 404.2009316770186, 364.3467613132209, 399.60909494232476, 367.40798580301686, 394.5070541259982, 370.9794143744454, 389.91521739130434, 381.1834960070985, 384.81317657497783, 386.285536823425, 381.2417480035492, 391.8977817213842, 378.1805235137533, 392.40798580301686, 376.64991126885536, 391.8977817213842, 373.58868677905946, 389.85696539485355, 367.4662377994676, 386.285536823425, 360.3233806566105, 382.2039041703638, 347.56827861579416, 378.1222715173026, 335.3233806566104, 374.55084294587397, 326.1397071872227, 371.48961845607806, 317.97644188110024, 367.40798580301686, 305.2213398402839, 363.83655723158824, 292.97644188110024, 362.3059449866903, 285.8335847382431, 360.77533274179234, 281.75195208518187, 355.77227151730256, 277.64884649511976, 352.71104702750665, 272.0366015971606, 350.1600266193434, 269.99578527063, 340.9763531499556, 265.4039485359361, 333.3232919254658, 261.3223158828749, 323.62941437444545, 254.6896628216504, 312.9151286601597, 250.60803016858915, 302.71104702750665, 246.52639751552795, 293.5273735581189, 242.4447648624667, 286.8947204968944, 238.36313220940548, 277.71104702750665, 234.28149955634427, 272.60900621118014, 233.7712954747116, 274.64982253771075, 239.38354037267078, 274.64982253771075, 243.465173025732, 272.0988021295475, 249.58762200532385, 269.03757763975153, 257.7508873114463, 262.4049245785271, 263.3631322094055, 259.85390417036376, 266.4243566992014, 252.71104702750665, 269.99578527063, 245.56818988464948, 271.52639751552795, 238.42533274179235, 274.0774179236912, 230.77227151730256, 274.58762200532385, 223.62941437444542, 276.1182342502218, 214.44574090505765, 276.1182342502218, 206.2824755989352, 275.0978260869565, 193.52737355811888, 273.56721384205855, 184.3437000887311, 271.52639751552795, 177.71104702750662, 266.9345607808341, 166.60141969831412, 257.5653504880213, 161.49937888198758, 253.48371783496003, 155.8871339840284, 248.38167701863352, 152.82590949423246, 246.3408606921029]], "scale": 3, "viewpoint": 2, "zoom_in": 1, "landmarks": [221, 240, 1, 147, 243, 2, 183, 270, 2, 227, 281, 1, 257, 268, 2, 274, 236, 2, 80, 292, 2, 70, 354, 2, 70, 428, 2, 163, 427, 2, 157, 389, 2, 145, 364, 2, 159, 402, 2, 133, 525, 2, 127, 656, 2, 251, 680, 2, 339, 651, 1, 329, 520, 2, 327, 393, 2, 328, 362, 2, 327, 382, 2, 326, 408, 2, 390, 377, 2, 375, 333, 2, 354, 275, 2], "style": 2, "bounding_box": [63, 234, 394, 685], "category_id": 1, "occlusion": 1, "category_name": "short sleeve top"}}