{"source": "shop", "pair_id": 225, "item1": {"segmentation": [[513.4945054945055, 487.38461538461536, 497.5384615384615, 480.1318681318681, 483.032967032967, 457.39428571428573, 475.352967032967, 441.3942857142857, 469.97802197802196, 417.75824175824175, 442.41758241758237, 417.75824175824175, 414.85714285714283, 417.75824175824175, 385.8461538461538, 403.2527472527472, 368.4395604395604, 410.5054945054945, 348.1318681318681, 410.5054945054945, 322.021978021978, 409.05494505494505, 301.71428571428567, 409.05494505494505, 281.4065934065934, 406.15384615384613, 249.4945054945055, 395.99999999999994, 246.21186813186821, 392.0738461538461, 214.2118681318681, 386.31384615384604, 214.68131868131866, 423.56043956043953, 221.93406593406593, 461.27472527472526, 208.87912087912088, 459.82417582417577, 211.78021978021977, 481.5824175824175, 216.13186813186812, 509.1428571428571, 220.48351648351647, 535.2527472527472, 258.19780219780216, 541.054945054945, 272.7032967032967, 532.3516483516484, 288.6593406593406, 532.3516483516484, 308.96703296703294, 543.9560439560439, 317.67032967032964, 558.4615384615385, 319.1208791208791, 591.8241758241758, 317.67032967032964, 630.9890109890109, 313.3186813186813, 683.2087912087911, 308.96703296703294, 729.6263736263736, 300.26373626373623, 780.3956043956043, 288.6593406593406, 836.9670329670329, 274.15384615384613, 897.8901098901098, 261.0989010989011, 947.2087912087911, 250.94505494505492, 995.076923076923, 239.34065934065933, 1042.9450549450548, 236.4395604395604, 1061.8021978021977, 236.9000523286238, 1069.8287109715682, 243.02250130821562, 1081.6200941915229, 264.0, 1100.967032967033, 288.6593406593406, 1121.2747252747251, 287.2087912087912, 1145.9340659340658, 300.26373626373623, 1154.6373626373625, 339.80659340659315, 1170.4210989010987, 382.9450549450549, 1180.7472527472526, 456.9230769230769, 1202.5054945054944, 497.5384615384615, 1211.2087912087911, 532.3516483516484, 1217.0109890109889, 567.760879120879, 1219.825934065934, 606.8008791208791, 1211.505934065934, 620.8351648351647, 1192.3516483516482, 626.6813186813187, 1166.1643956043958, 627.3213186813188, 1146.3243956043957, 629.8813186813187, 1129.0443956043957, 628.6013186813187, 1097.6843956043956, 622.2857142857142, 1064.7032967032967, 615.032967032967, 1019.7362637362637, 604.8791208791208, 976.2197802197801, 603.4285714285713, 938.5054945054944, 603.4285714285713, 894.9890109890109, 613.5824175824175, 886.2857142857142, 610.6813186813187, 847.1208791208791, 612.9810989010987, 811.5446153846156, 625.1868131868131, 789.098901098901, 636.7912087912088, 764.4395604395604, 648.3956043956043, 731.076923076923, 673.9094505494505, 733.1252747252746, 700.1494505494506, 733.7652747252747, 741.2307692307692, 725.2747252747253, 763.8013186813188, 719.8153846153846, 751.3846153846154, 674.5054945054944, 739.4813186813186, 619.9753846153843, 736.9213186813187, 586.6953846153842, 731.076923076923, 558.4615384615385, 732.5274725274725, 512.043956043956, 722.3736263736263, 475.78021978021974, 696.2637362637362, 455.4725274725274, 660.0, 440.96703296703294, 617.9340659340659, 426.46153846153845, 596.1758241758241, 459.82417582417577, 577.3186813186812, 485.93406593406587, 562.3929670329672, 495.7942857142859, 545.4065934065934, 496.08791208791206]], "scale": 2, "viewpoint": 2, "zoom_in": 1, "landmarks": [526, 443, 1, 463, 426, 1, 484, 472, 2, 534, 497, 2, 588, 480, 2, 619, 426, 2, 383, 412, 2, 306, 412, 2, 217, 393, 2, 221, 540, 2, 271, 534, 2, 320, 550, 2, 324, 610, 2, 318, 683, 2, 310, 749, 2, 271, 919, 2, 232, 1070, 2, 393, 1177, 2, 617, 1190, 2, 609, 992, 2, 612, 807, 2, 643, 726, 2, 646, 654, 2, 650, 617, 2, 650, 679, 2, 643, 737, 2, 761, 722, 2, 739, 594, 2, 718, 470, 2], "style": 1, "bounding_box": [209, 383, 763, 1219], "category_id": 10, "occlusion": 1, "category_name": "short sleeve dress"}}