{"source": "shop", "pair_id": 225, "item1": {"segmentation": [[229.8857142857143, 236.82857142857142, 222.17142857142858, 234.5142857142857, 210.23157697003856, 225.60766413074109, 203.3939701324317, 218.24408753639523, 194.7154691462384, 203.77991922607305, 186.82592279515356, 190.63067530759835, 178.2, 193.62857142857143, 168.17142857142858, 195.94285714285715, 160.45714285714286, 198.25714285714287, 148.8857142857143, 200.57142857142858, 132.68571428571428, 202.8857142857143, 122.65714285714286, 215.22857142857143, 115.71428571428572, 225.25714285714287, 105.68571428571428, 237.6, 97.97142857142858, 248.4, 92.57142857142857, 258.42857142857144, 84.08571428571429, 268.45714285714286, 73.28571428571429, 280.8, 65.57142857142857, 288.51428571428573, 52.57991922607306, 303.78512256973795, 60.94285714285714, 310.8857142857143, 77.91428571428571, 324.7714285714286, 87.17142857142858, 336.34285714285716, 97.97142857142858, 346.37142857142857, 110.1736075889923, 353.22627970320286, 114.17142857142858, 346.37142857142857, 123.32285150746699, 336.39524748755525, 124.97142857142858, 325.54285714285714, 129.10851883159586, 319.8272001502771, 136.7350803043112, 314.56750258288724, 141.7317929933316, 312.98959331267025, 147.34285714285716, 324.7714285714286, 151.2, 337.8857142857143, 157.37142857142857, 349.45714285714286, 160.45714285714286, 367.2, 162.0, 382.62857142857143, 162.77142857142857, 395.74285714285713, 167.4, 413.48571428571427, 167.4, 432.0, 164.31428571428572, 455.14285714285717, 161.22857142857143, 471.34285714285716, 156.6, 491.40000000000003, 151.2, 512.2285714285714, 146.57142857142858, 527.6571428571428, 141.94285714285715, 547.7142857142857, 136.54285714285714, 562.3714285714286, 131.9142857142857, 573.1714285714286, 134.22857142857143, 587.0571428571428, 138.85714285714286, 602.4857142857143, 142.08956994562533, 611.4762234305487, 153.85427582797826, 620.4727632229362, 159.39060800790904, 622.8949085516559, 167.0030647553139, 624.6250123578843, 182.22797825012358, 625.3170538803757, 196.41482946119623, 624.2789915966387, 206.7954522985665, 623.5869500741474, 228.94078101828967, 620.8187839841819, 247.62590212555608, 619.0886801779535, 261.46673257538305, 617.0125556104795, 279.80583292140386, 614.9364310430054, 293.0453781512605, 613.0639644092931, 304.1180425111221, 610.6418190805734, 313.806623826001, 609.2577360355907, 319.68897676717745, 605.797528423134, 323.84122590212553, 599.2231339594662, 329.72357884330205, 586.7663865546219, 336.2979733069698, 579.8459713297084, 341.83430548690063, 571.1954522985666, 345.2945130993574, 566.3511616411271, 351.17686604053387, 559.0847256549679, 347.7166584280771, 546.9739990113693, 343.564409293129, 533.8252100840336, 339.41216015818094, 517.562234305487, 335.5412753336629, 499.10657439446373, 332.0810677212061, 484.91972318339106, 328.6208601087494, 470.73287197231843, 323.77656945130997, 452.3937716262976, 318.5112209589719, 435.2652496292635, 314.70499258526945, 423.5005437469106, 311.2447849728127, 412.7739001482946, 308.822639644093, 403.7773603559071, 306.74651507661895, 396.8569451309936, 303.2863074641622, 392.01265447355416, 300.8641621354425, 380.93999011369255, 301.5562036579338, 371.943450321305, 305.70845279288187, 364.3309935739002, 306.74651507661895, 360.1787444389521, 304.6703905091449, 352.9123084527929, 302.1782501235789, 347.3585763717252, 307.02254078101834, 336.63193277310927, 310.1367276322294, 325.90528917449336, 312.21285219970343, 319.6769154720712, 317.40316361838853, 312.06445872466634, 320.51735046959965, 305.49006426099857, 328.12980721700444, 317.60079090459715, 330.89797330696985, 323.13712308452796, 336.7803262481463, 334.9018289668809, 343.35472071181414, 344.9364310430055, 348.89105289174495, 345.6284725654968, 355.81146811665843, 342.51428571428573, 370.34434008897676, 332.82570439940685, 380.37894216510136, 322.7911023232823, 392.48966880869995, 310.68037567968366, 401.48620860108747, 298.569649036085, 396.29589718240237, 294.7634206623826, 390.06752347998025, 288.1890261987148, 385.2232328225408, 282.9987147800297, 377.9567968363816, 278.50044488383594, 373.11250617894217, 275.04023727137917, 371.3551798628722, 268.56229923922234, 363.4239248640633, 264.6596144340089, 359.2716757291152, 260.50736529906084, 350.62115669797333, 249.78072170044493, 343.35472071181414, 241.13020266930306, 335.7422639644093, 231.44162135442417, 328.47582797825015, 223.82916460701932, 323.97755808205636, 221.4070192782996, 322.93949579831934, 213.10252100840341, 317.40316361838853, 211.37241720217503, 306.3814137419674, 208.29609490855165, 298.4229362333169, 205.52792881858625, 288.734354918438, 202.75976272862084, 281.4679189322788, 198.95353435491845, 272.47137913989127, 197.22343054869006, 270.39525457241723, 202.75976272862084, 268.66515076618884, 208.29609490855165, 265.89698467622344, 216.94661393969352, 262.43677706376667, 223.52100840336135, 258.6305486900643, 229.7493821057835, 254.47829955511617, 234.24765200197726, 246.17380128521998, 237.36183885318832, 237.17726149283243, 237.36183885318832]], "scale": 3, "viewpoint": 2, "zoom_in": 1, "landmarks": [233, 206, 1, 182, 193, 2, 208, 222, 2, 239, 240, 2, 261, 217, 1, 273, 197, 1, 131, 210, 2, 94, 257, 2, 55, 304, 2, 112, 348, 2, 125, 325, 2, 145, 312, 2, 150, 330, 2, 162, 367, 2, 172, 413, 1, 156, 500, 2, 136, 584, 2, 245, 618, 2, 352, 562, 2, 332, 491, 2, 307, 401, 2, 304, 359, 2, 307, 322, 2, 323, 300, 2, 333, 322, 2, 343, 341, 2, 398, 297, 2, 359, 260, 2, 322, 213, 2], "style": 1, "bounding_box": [53, 190, 401, 625], "category_id": 10, "occlusion": 1, "category_name": "short sleeve dress"}}