{"source": "shop", "pair_id": 221, "item1": {"segmentation": [[396.22739130434786, 219.82956521739132, 382.78739130434786, 226.8695652173913, 368.06739130434784, 231.34956521739133, 348.86739130434785, 237.10956521739132, 329.6673913043478, 242.8695652173913, 316.2273913043478, 247.34956521739133, 305.3473913043478, 254.38956521739132, 301.50739130434783, 260.14956521739134, 298.3073913043478, 270.38956521739135, 293.1873913043478, 286.38956521739135, 289.3473913043478, 302.38956521739135, 284.2273913043478, 317.1095652173914, 281.6673913043478, 328.62956521739136, 277.1873913043478, 345.90956521739133, 272.0673913043478, 362.5495652173913, 268.2273913043478, 373.42956521739137, 268.2273913043478, 377.26956521739135, 274.62739130434784, 386.86956521739137, 285.50739130434783, 391.9895652173914, 300.2273913043478, 397.1095652173914, 309.8273913043478, 399.02956521739134, 320.7073913043478, 400.30956521739137, 327.74739130434784, 400.9495652173914, 336.54260869565223, 401.53782608695656, 334.6226086956522, 418.8178260869566, 333.98260869565223, 440.5778260869566, 332.0626086956522, 460.4178260869566, 330.78260869565224, 478.33782608695657, 328.22260869565224, 495.6178260869566, 326.9426086956522, 509.6978260869566, 328.8626086956522, 537.2178260869566, 326.9426086956522, 550.0178260869566, 323.10260869565224, 567.9378260869566, 321.1826086956522, 585.8578260869566, 318.6226086956522, 602.4978260869566, 315.42260869565223, 623.6178260869566, 314.1426086956522, 643.4578260869566, 315.42260869565223, 663.9378260869566, 316.7026086956522, 683.7778260869567, 327.78739130434786, 694.8821739130435, 336.1073913043479, 700.0021739130435, 345.7073913043479, 708.9621739130436, 364.2673913043479, 717.9221739130435, 378.3473913043479, 721.7621739130435, 391.14739130434793, 727.5221739130435, 413.0495652173913, 733.5008695652174, 431.6095652173914, 735.4208695652175, 443.76956521739135, 735.4208695652175, 456.56956521739136, 734.7808695652174, 476.40956521739133, 729.6608695652174, 492.40956521739133, 729.0208695652174, 506.4895652173914, 727.7408695652174, 519.2895652173913, 727.1008695652174, 528.8895652173914, 728.3808695652174, 535.2895652173913, 727.1008695652174, 532.0895652173914, 718.7808695652174, 529.5295652173913, 704.0608695652174, 526.9695652173914, 688.7008695652174, 525.0495652173913, 670.1408695652174, 526.9695652173914, 647.7408695652174, 525.0495652173913, 629.1808695652173, 525.0495652173913, 610.6208695652174, 525.0495652173913, 595.2608695652174, 525.6895652173914, 577.3408695652174, 526.3295652173914, 561.9808695652174, 527.6095652173914, 544.7008695652173, 529.5295652173913, 526.7808695652174, 533.5595652173913, 501.3352173913044, 534.8395652173914, 480.8552173913044, 536.7595652173914, 463.5752173913044, 538.6795652173913, 451.4152173913044, 555.3195652173913, 448.2152173913044, 568.7595652173914, 443.0952173913044, 580.2795652173913, 438.6152173913044, 590.5195652173913, 436.69521739130437, 589.2395652173914, 445.6552173913044, 587.9595652173914, 455.8952173913044, 595.6395652173914, 451.4152173913044, 605.2395652173914, 445.6552173913044, 615.4795652173914, 440.5352173913044, 623.1595652173913, 434.1352173913044, 626.3595652173914, 429.0152173913044, 623.7995652173913, 420.69521739130437, 620.8782608695653, 407.13869565217396, 619.5982608695654, 394.33869565217395, 617.6782608695653, 380.2586956521739, 617.0382608695653, 365.53869565217394, 615.7582608695653, 355.9386956521739, 615.1182608695653, 343.1386956521739, 615.7582608695653, 332.8986956521739, 615.7582608695653, 320.73869565217393, 617.0382608695653, 314.9786956521739, 614.4782608695654, 304.73869565217393, 609.9982608695653, 293.2186956521739, 607.4382608695653, 286.17869565217393, 600.3982608695653, 279.7786956521739, 578.6382608695653, 263.7786956521739, 567.1182608695653, 256.0986956521739, 558.7982608695653, 251.6186956521739, 549.1982608695653, 244.5786956521739, 542.1582608695653, 238.1786956521739, 539.5982608695653, 234.3386956521739, 537.6782608695653, 230.4986956521739, 529.3582608695652, 224.0986956521739, 525.5182608695653, 223.4586956521739, 523.5982608695653, 226.6586956521739, 519.7582608695653, 229.85869565217388, 514.6382608695653, 234.97869565217388, 511.4382608695653, 240.0986956521739, 501.83826086956526, 247.7786956521739, 497.9982608695653, 254.1786956521739, 493.51826086956527, 259.9386956521739, 483.80782608695654, 266.1826086956522, 468.4478260869565, 270.0226086956522, 455.0078260869565, 273.2226086956522, 440.28782608695656, 275.1426086956522, 430.04782608695655, 274.5026086956522, 419.16782608695655, 270.6626086956522, 407.6478260869565, 263.6226086956522, 400.60782608695655, 255.3026086956522, 394.84782608695656, 243.7826086956522, 393.56782608695653, 235.4626086956522, 396.12782608695653, 227.7826086956522, 396.7678260869565, 223.94260869565218]], "scale": 2, "viewpoint": 2, "zoom_in": 1, "landmarks": [452, 218, 1, 398, 219, 2, 401, 257, 2, 448, 275, 2, 498, 258, 2, 517, 235, 1, 304, 259, 2, 285, 325, 2, 269, 376, 2, 335, 402, 2, 333, 371, 2, 327, 343, 2, 333, 383, 2, 329, 523, 2, 316, 682, 2, 414, 730, 2, 532, 728, 1, 525, 557, 2, 543, 405, 2, 550, 377, 2, 539, 422, 2, 538, 450, 2, 624, 430, 2, 616, 364, 2, 608, 290, 2], "style": 1, "bounding_box": [264, 216, 631, 740], "category_id": 1, "occlusion": 1, "category_name": "short sleeve top"}}