{"source": "shop", "pair_id": 229, "item1": {"segmentation": [[353.24465772040094, 165.91579751995937, 348.01279089519284, 171.62328860200455, 339.45155427212507, 173.05016137251584, 336.5978087311025, 171.62328860200455, 337.5490572447767, 184.94076779344329, 338.975930015288, 197.7826227280449, 341.8296755563106, 214.90509597418043, 342.78092406998474, 230.60069644980464, 342.78092406998474, 244.3937998980805, 342.78092406998474, 257.23565483268214, 342.78092406998474, 271.50438253779504, 340.87842704263636, 284.8218617292338, 339.45155427212507, 303.3712077458806, 336.5978087311025, 318.5911839646677, 335.6465602174283, 337.14052998131456, 330.89031764905735, 356.1655002547984, 320.0965007643961, 392.8058094105658, 315.8158824528623, 426.57513164599976, 312.0108883981655, 455.5882113130627, 312.48651265500257, 468.43006624766434, 312.0108883981655, 494.58940037370473, 312.0108883981655, 510.760625106166, 311.5352641413284, 537.3955834890435, 313.91338542551387, 565.4574146424322, 314.8646339391881, 591.1411245116356, 314.8646339391881, 611.1173432987937, 318.66962799388483, 618.25170715135, 329.133361644301, 621.5810769492098, 355.29269577034137, 621.1054526923726, 366.70767793443173, 620.1542041786985, 374.3176660438253, 621.1054526923726, 382.4032784100559, 624.4348224902324, 388.1107694921011, 630.1423135722775, 414.74572787497857, 633.4716833701373, 430.4413283506028, 633.4716833701373, 448.03942585357544, 630.1423135722775, 456.1250382198061, 628.2398165449292, 459.9300322745029, 621.5810769492098, 461.3569050450142, 581.1530151180565, 466.5887718702222, 510.2850008493289, 468.49126889757065, 485.5525394937998, 467.54002038389643, 436.56324103957877, 461.83252930185125, 394.7083064379142, 458.5031595039916, 388.52519109903193, 454.6981654492948, 369.02459656871093, 449.9419228809238, 356.65836589094636, 447.0881773399012, 345.71900798369313, 444.71005605571577, 316.7059283166302, 445.6613045693899, 302.43720061151726, 446.13692882622706, 285.3147273653817, 451.3724307796841, 262.2158824528623, 455.17742483438093, 238.43466961100737, 455.17742483438093, 222.26344487854604, 458.9824188890777, 206.56784440292182, 464.2142857142858, 186.1160013589266, 459.4580431459148, 183.26225581790402, 452.32367929335834, 179.45726176320727, 444.23806692712765, 178.03038899269598, 438.5305758450825, 184.68912858841531, 431.8718362493631, 192.29911669780887, 423.31059962629536, 196.57973500934276, 410.46874469169376, 198.48223203669116, 391.9193986750469, 196.57973500934276, 379.5531679972824, 192.77474095464598, 366.71131306268074, 187.5428741294379, 362.43069475114686, 178.03038899269598, 357.1988279259388, 168.9935281127911]], "scale": 2, "viewpoint": 2, "zoom_in": 1, "landmarks": [391, 189, 1, 354, 167, 1, 365, 191, 1, 392, 205, 1, 423, 202, 1, 446, 176, 1, 337, 171, 1, 343, 230, 1, 343, 271, 1, 336, 337, 2, 312, 468, 2, 319, 619, 2, 387, 628, 2, 456, 627, 2, 467, 487, 2, 442, 346, 2, 446, 287, 1, 456, 238, 1, 464, 185, 1], "style": 1, "bounding_box": [308, 162, 476, 638], "category_id": 12, "occlusion": 3, "category_name": "vest dress"}}