{"source": "shop", "pair_id": 996, "item1": {"segmentation": [[382.1714285714285, 27.713486513486515, 390.2375442739079, 27.845717918445196, 395.526800472255, 28.242412133321228, 397.11357733175913, 27.316792298610483, 398.7003541912633, 26.391172463899736, 400.41936245572606, 25.46555262918899, 402.7995277449823, 25.46555262918899, 405.1796930342385, 25.201089819271637, 405.1796930342385, 25.201089819271637, 407.55985832349467, 24.8043956043956, 413.5102715466352, 24.539932794478247, 414.832585596222, 24.672164199436924, 417.87390791027156, 24.672164199436924, 420.91523022432114, 24.672164199436924, 423.82432113341207, 24.672164199436924, 424.5213695395513, 25.34025974025974, 427.0337662337662, 25.869185360094452, 429.6783943329398, 26.66257378984652, 431.9263282172373, 26.66257378984652, 435.36434474616294, 27.059268004722554, 437.6122786304604, 27.455962219598586, 439.4635182998819, 27.588193624557263, 441.5792207792208, 27.85265643447462, 441.5792207792208, 27.85265643447462, 442.6370720188902, 28.117119244391976, 444.6205430932704, 28.778276269185366, 446.7362455726092, 29.042739079102724, 447.00070838252657, 29.042739079102724, 449.2486422668241, 29.439433293978755, 452.4221959858324, 29.439433293978755, 453.21558441558443, 29.439433293978755, 455.46351829988197, 29.307201889020078, 456.12467532467537, 29.307201889020078, 456.65360094451006, 29.83612750885479, 457.97591499409685, 30.365053128689503, 459.959386068477, 30.365053128689503, 463.66186540731997, 31.026210153482893, 464.7197166469894, 30.761747343565535, 466.96765053128695, 30.761747343565535, 467.2321133412043, 30.761747343565535, 469.7445100354192, 30.761747343565535, 471.59574970484067, 31.290672963400247, 472.78583234946876, 31.555135773317602, 476.0916174734357, 31.81959858323496, 477.81062573789853, 32.61298701298703, 479.0007083825266, 33.27414403778042, 480.9841794569068, 34.19976387249116, 482.5235855054036, 34.631550267913894, 484.3748251748251, 36.218327127418036, 485.96160203432925, 36.879484152211425, 485.96160203432925, 36.879484152211425, 487.4161474888747, 37.80510398692217, 487.4161474888747, 37.80510398692217, 488.7384615384615, 38.862955226591595, 490.3252383979656, 40.31750068113705, 491.383089637635, 41.24312051584779, 492.3087094723458, 42.30097175551722, 493.63102352193255, 43.623285805104, 493.63102352193255, 43.623285805104, 494.1599491417673, 45.07783125964946, 494.1599491417673, 45.07783125964946, 494.5566433566433, 46.0034510943602, 494.5566433566433, 47.1935337389883, 494.5566433566433, 47.1935337389883, 495.5312324039597, 47.74367450731086, 496.4568522386704, 47.87590591226954, 496.58908364362907, 50.78499682136045, 496.58908364362907, 50.78499682136045, 495.92792661883567, 54.884170375079464, 496.192389428753, 58.58664971392245, 496.192389428753, 61.099046408137326, 496.192389428753, 63.743674507310885, 495.795695213877, 65.19821996185635, 495.57286350013624, 68.72029788393422, 495.57286350013624, 68.72029788393422, 494.5150122604668, 71.76162019798382, 494.77947507038414, 74.2740168921987, 494.6472436654255, 76.6541821814549, 494.25054945054944, 77.97649623104168, 494.38278085550814, 79.82773590046317, 494.38278085550814, 82.20790118971937, 494.25054945054944, 84.4558350740169, 493.9860866406321, 85.645917718645, 493.9860866406321, 87.10046317319046, 493.9860866406321, 87.10046317319046, 494.25054945054944, 88.55500862773592, 494.11831804559074, 90.00955408228137, 493.9860866406321, 91.46409953682684, 493.9860866406321, 92.91864499137229, 495.0439378803015, 93.31533920624832, 496.3662519298883, 94.50542185087642, 497.0274089546817, 95.43104168558716, 498.21749159930977, 97.6789755698847, 498.21749159930977, 97.6789755698847, 499.2753428389792, 99.79467804922353, 499.40757424393786, 99.92690945418221, 500.3331940786486, 102.17484333847975, 500.4654254836073, 102.30707474343842, 502.05220234311145, 104.55500862773594, 503.37451639269824, 106.27401689219876, 504.300136227409, 107.59633094178554, 505.22575606211973, 109.71203342112437, 506.4158387067478, 110.9021160657525, 506.4158387067478, 111.03434747071117, 507.7381527563346, 112.88558714013266, 507.87038416129326, 115.13352102443018, 508.1348469712106, 115.13352102443018, 509.4571610207974, 117.3814549087277, 510.25054945054944, 119.10046317319052, 511.04393788030154, 120.55500862773597, 511.70509490509494, 122.40624829715748, 511.8373263100536, 122.67071110707482, 512.7629461447643, 124.65418218145498, 513.5563345745164, 125.84426482608309, 513.6885659794751, 126.10872763600045, 513.8207973844338, 126.90211606575252, 514.55907728635, 127.62037962037958, 516.2780855508128, 129.47161928980108, 516.2780855508128, 129.47161928980108, 517.2037053855236, 130.79393333938785, 517.7326310053583, 133.0418672236854, 517.7326310053583, 133.0418672236854, 518.6582508400691, 134.49641267823083, 519.054945054945, 135.42203251294157, 519.8483334846972, 138.3311234220325, 520.6417219144491, 139.5212060666606, 521.3028789392425, 142.69475978566888, 521.6995731541186, 143.48814821542092, 521.9640359640359, 144.67823086004904, 522.6251929888293, 146.26500771955318, 522.6251929888293, 146.26500771955318, 522.6251929888293, 147.19062755426393, 523.2863500136227, 148.77740441376804, 523.154118608664, 150.09971846335483, 523.154118608664, 151.5542639179003, 523.8152756334574, 154.19889201707383, 523.8152756334574, 154.19889201707383, 523.8152756334574, 155.52120606666062, 524.3442012532921, 158.0336027608755, 524.6086640632095, 159.75261102533833, 524.8731268731269, 161.0749250749251, 525.1375896830442, 162.2650077195532, 525.1375896830442, 162.2650077195532, 525.1375896830442, 163.71955317409865, 525.1375896830442, 163.98401598401603, 525.1375896830442, 165.04186722368544, 525.6665153028789, 167.28980110798295, 525.9309781127963, 168.3476523476524, 526.063209517755, 171.2567432567433, 526.1954409227137, 172.71128871128877, 526.1954409227137, 172.71128871128877, 526.459903732631, 174.56252838071026, 526.7243665425484, 176.0170738352557, 526.856597947507, 178.79393333938793, 526.856597947507, 180.51294160385075, 526.9888293524657, 181.83525565343754, 526.9888293524657, 183.55426391790036, 526.9888293524657, 185.27327218236314, 526.9888293524657, 185.53773499228052, 526.9888293524657, 186.7278176369086, 526.9888293524657, 186.992280446826, 527.1210607574244, 188.44682590137143, 527.1210607574244, 189.50467714104084, 527.1210607574244, 190.56252838071026, 527.0516755971302, 194.21763690854598, 527.3161384070474, 211.14325674325676, 527.0516755971302, 227.53995095813283, 526.9194441921715, 241.95317409862872, 527.1839070020889, 248.82920715647998, 526.1746253746253, 271.07383525565336, 525.9101625647079, 283.6358187267278, 525.9101625647079, 292.23086004904184, 525.9101625647079, 296.7267278176369, 516.1250385977658, 296.33003360276086, 515.7283443828898, 296.99119062755426, 510.43908818454264, 296.85895922259556, 510.0423939696666, 293.1564798837526, 509.9101625647079, 291.83416583416584, 509.5134683498319, 291.56970302424844, 509.9101625647079, 289.5862319498683, 509.9101625647079, 288.3961493052402, 509.64569975479054, 287.6027608754881, 508.8523113250385, 286.41267823086, 504.62090636636077, 286.5449096358187, 502.37297248206323, 286.2804468259013, 500.3895014076831, 285.88375261102533, 498.5382617382616, 286.015984015984, 497.3481790936335, 285.09036418127323, 496.4225592589228, 284.9581327763146, 495.7614022341294, 284.1647443465625, 494.17462537462524, 284.03251294160384, 492.98454272999714, 284.03251294160384, 492.5878485151211, 283.23912451185174, 491.00107165561695, 283.23912451185174, 489.81098901098886, 282.9746617019344, 489.4142947961128, 282.04904186722365, 487.8275179366087, 281.7845790573063, 487.16636091181533, 281.38788484243025, 485.84404686222854, 280.5944964126782, 484.38950140768304, 279.9333393878848, 482.80272454817896, 279.2721823630914, 482.80272454817896, 279.2721823630914, 482.53826173826155, 279.2721823630914, 482.2737989283442, 279.00771955317407, 480.81925347379877, 278.4787939333394, 