{"source": "shop", "pair_id": 1018, "item1": {"segmentation": [[339.6923076923077, 0.0, 417.75824175824175, 5.274725274725275, 472.61538461538464, 12.65934065934066, 526.4175824175825, 22.153846153846153, 586.5494505494506, 45.362637362637365, 611.8681318681319, 53.8021978021978, 589.7142857142858, 98.10989010989012, 592.3794185612369, 182.7873944237582, 587.2370861461771, 201.8874862511231, 577.6870402324946, 215.84524566342827, 566.667756485938, 224.29336320245505, 554.5465443647256, 245.23000232091277, 539.1195471195463, 283.7974954338612, 532.5079768716122, 308.0399196762859, 523.6755971301428, 331.54740209285615, 503.84088638634074, 355.0552074188438, 498.3312445130624, 361.66677766677776, 496.8620066801882, 371.95144249689736, 481.4350094350088, 398.0304140304149, 474.45612972885624, 418.599743690654, 452.7422476513383, 473.49951059041996, 435.8460125732847, 501.78233887324876, 425.56134774316513, 515.7400982855539, 425.9286572013837, 524.5555252827993, 427.39789503425794, 528.2286198649848, 427.76520449247647, 533.7382617382632, 425.1940382849466, 542.9209981937271, 417.48053966235693, 549.532568441661, 413.4401356219528, 555.7768292313765, 411.1082452900635, 563.2978738433276, 407.43515070787794, 573.9498481316657, 405.9659128750037, 582.3979656706925, 400.4562710017254, 591.2133926679378, 398.98703316885116, 598.1922723740904, 396.7831764195398, 603.3346047891503, 391.64084400448, 607.7423182877728, 390.1716061716058, 616.5577452850182, 386.8658210476388, 622.0673871582966, 376.5811562175192, 644.10595465141, 375.111918384645, 654.023310023311, 369.60227651136665, 664.3079748534306, 358.95030222302853, 681.5715193897026, 354.17527926618726, 688.9177085540738, 352.70604143331303, 695.1619693437892, 343.8906144360677, 704.3447057992532, 341.5083904792415, 709.0030920893497, 341.27043688019324, 717.8073752541327, 339.12885448875954, 721.1387256408074, 337.93908649351863, 732.084591197024, 335.55955050303675, 733.9882199894096, 326.5173137392055, 733.9882199894096, 327.2311745363501, 742.078642357048, 323.66187055062727, 745.6479463427709, 321.52028815919357, 749.9311111256383, 318.1889377725189, 753.7383687104093, 314.8575873858443, 754.2142759085057, 313.19191219250695, 759.4492550875658, 311.5262369991696, 761.3528838799513, 309.3846546077359, 761.8287910780477, 302.24604663629026, 771.5848886390235, 298.4387890515192, 776.106007020939, 294.3935778677, 776.8198678180836, 283.9236195095797, 771.3469350399753, 271.787985958122, 761.8287910780477, 265.3632387838209, 753.5004151113611, 258.70053801047163, 745.885899941819, 261.79393479809806, 736.1298023808432, 265.12528518477274, 728.5152872113013, 267.02891397715825, 723.0423544331928, 267.7427747743028, 714.476024867458, 271.55003235907384, 713.2862568722171, 273.2157075524111, 712.5723960750726, 272.73980035431475, 706.1476489007714, 269.40844996764014, 701.864484117904, 270.83617156192923, 699.2469945283739, 274.1675219486039, 697.8192729340848, 276.0711507409894, 687.3493145759645, 282.25794431624234, 679.7347994064224, 286.77906269815793, 673.5480058311695, 290.58632028292897, 669.0268874492539, 290.8479123493993, 647.1169568088075, 294.6551699341703, 636.1710912525907, 296.0828915284594, 629.2704368801933, 298.4624275189413, 625.4631792954223, 299.1762883160859, 619.9902465173138, 306.31489628753155, 597.6226082067841, 309.8842002732544, 578.8242738819772, 314.88122585326636, 560.5018467552666, 318.21257623994103, 549.5559811990498, 323.44755541900116, 537.6583012466403, 329.1584417961577, 527.9022036856646, 329.91309463885233, 519.3568977126396, 331.81672343123785, 512.6941969392902, 334.43421302076797, 509.1248929535674, 334.67216661981615, 500.0826561897362, 337.5276098083944, 493.18200181733874, 338.00351700649077, 484.1397650535075, 341.8107745912618, 473.431853096339, 342.7625889874546, 466.53119872394154, 351.3218210361071, 439.1585557299835, 359.657294519876, 408.4705205561834, 365.3681808970325, 393.71739741519565, 367.5097632884663, 378.2504134770633, 369.6513456799, 368.25636231703936, 370.55536016630606, 359.55311791123876, 371.50717456249885, 337.18547960070896, 372.2210353596434, 316.7214700825647, 374.6005713501253, 306.48946532349254, 378.16987533584813, 295.54359976727585, 382.45304011871553, 287.21522380058923, 383.40485451490827, 280.3145694281917, 376.742153741559, 291.7363421825048, 361.0372162043785, 308.63104771492624, 358.6576802138966, 312.4383052996973, 351.7570258414991, 323.38417085591396, 333.43459871478854, 351.22474194455214, 319.8712435690418, 370.49898346745545, 314.3983107909334, 377.63759143890115, 311.06696040425874, 386.20392100463596, 305.118120428054, 398.5775081551418, 302.6687598116164, 425.1177394034527, 301.60362421635443, 435.01066215164917, 296.36864503729424, 446.4324349059623, 289.2810047095753, 454.8320251177389, 278.1789638932486, 461.0361067503921, 275.56671899528936, 474.42386185243316, 276.2197802197792, 483.24018838304556, 273.93406593406485, 494.9952904238621, 273.93406593406485, 506.09733124018885, 274.47691392486087, 527.812565780443, 270.66965634008983, 541.613874525238, 268.25738211817935, 559.4936556602232, 266.35375332579383, 578.2919899850302, 261.3567277457819, 587.0962731498132, 262.78444934007103, 603.7530250831865, 261.3567277457819, 610.4157258565358, 257.0735629629145, 614.9368442384514, 258.5012845572036, 620.4097770165597, 254.2181197743362, 625.6447561956198, 251.12472298670974, 633.7351785632583, 248.34877198946165, 645.579619666472, 245.96923599897977, 655.5736708264959, 241.44811761706416, 661.5225108027007, 227.40885527322098, 666.7574899817608, 215.03526812271517, 667.2333971798572, 209.20409750867836, 664.369377202215, 205.39683992390732, 657.4687228298175, 207.30046871629284, 637.0047133116732, 202.54139673532904, 634.1492701230949, 203.9691183296182, 631.5317805335649, 203.25525753247362, 627.4865693497457, 199.92390714579898, 620.8238685763963, 201.3516287400881, 607.7364206287459, 203.25525753247362, 604.8809774401676, 201.82753593818447, 600.1219054592038, 199.92390714579898, 597.2664622706257, 199.68595354675077, 583.941060723927, 194.6572356851952, 528.9872720973259, 192.7536068928097, 498.05330422106124, 192.03974609566512, 492.34241784390474, 192.99156049185788, 473.0681763210014, 192.03974609566512, 465.2157075524111, 192.2776996947133, 457.12528518477274, 195.37109648233977, 453.3180276000017, 191.08793169947236, 443.08602284092956, 190.612024501376, 429.76062129423093, 193.24509874420662, 416.6092658085509, 196.81440272992947, 408.9947506390089, 203.65219551418224, 381.03337233854796, 214.83601466944714, 327.73176615175356, 221.97462264089282, 295.3700766811998, 247.9120879120879, 177.23076923076923, 253.58375116852181, 143.0906511691769, 259.0566839466302, 126.43389923580368, 262.86394153140117, 106.44579691575578, 265.2434775218831, 97.1656065528764, 270.9543638990396, 80.74680821855134, 275.9513894790516, 71.22866425662377, 277.61706467238895, 59.5689379032625, 283.2328742049147, 48.5828032764382, 293.22692536493867, 37.16103052212512, 303.4589301240108, 31.92605134306495, 314.4047956802275, 29.07060815448668, 328.51491365777116, 30.342229199372532, 331.7802197802202, 28.38304552590311, 330.47409733124056, 17.60753532182128, 333.7394034536896, 7.158555729984355]], "scale": 3, "viewpoint": 2, "zoom_in": 2, "landmarks": [0, 0, 0, 476, 14, 1, 613, 56, 1, 247, 193, 2, 196, 426, 2, 209, 662, 2, 249, 653, 2, 298, 441, 2, 385, 244, 2, 339, 493, 2, 260, 747, 2, 298, 778, 2, 427, 527, 2, 531, 309, 2], "style": 1, "bounding_box": [180, 0, 627, 784], "category_id": 8, "occlusion": 1, "category_name": "trousers"}}