{"source": "shop", "pair_id": 1026, "item1": {"segmentation": [[259.6771130104463, 45.68850902184235, 269.2450142450142, 54.33048433048433, 280.35612535612535, 61.4292497625831, 290.23266856600185, 66.05887939221273, 301.343779677113, 69.4539411206078, 313.38081671415, 72.84900284900286, 329.12155745489076, 75.00949667616334, 344.2450142450142, 75.31813865147198, 352.5783475783476, 75.00949667616334, 351.96106362773025, 63.58974358974359, 352.2697056030389, 56.799620132953464, 346.4055080721747, 53.4045584045584, 342.39316239316236, 49.39221272554606, 352.2697056030389, 52.47863247863248, 363.13865147198476, 56.149097815764485, 372.397910731244, 57.69230769230769, 382.8917378917379, 62.01329534662868, 393.6942070275403, 66.95156695156696, 402.3361823361823, 74.66761633428301, 408.8176638176638, 83.00094966761634, 414.0645773979107, 94.11206077872745, 416.8708452041785, 107.67806267806267, 418.0911680911681, 119.62962962962962, 419.017094017094, 126.11111111111111, 407.5830959164292, 131.45773979107315, 405.4226020892687, 135.16144349477685, 406.0018993352326, 145.9924026590693, 406.92782526115855, 156.1775878442545, 409.3969610636277, 171.30104463437797, 411.5574548907882, 185.80721747388412, 413.8461538461538, 206.9230769230769, 413.07692307692304, 225.3846153846154, 411.53846153846155, 243.84615384615384, 410.0, 261.53846153846155, 412.6115859449192, 268.90788224121553, 418.7844254510921, 277.5498575498575, 426.1918328584995, 288.96961063627725, 433.29059829059827, 301.6239316239316, 441.93257359924024, 315.5128205128205, 451.1918328584995, 328.7844254510921, 459.52516619183285, 342.673314339981, 467.2412155745489, 356.8708452041785, 475.5745489078822, 368.29059829059827, 481.7473884140551, 379.09306742640075, 492.1225071225071, 398.4045584045584, 500.7644824311491, 415.997150997151, 510.332383665717, 433.28110161443493, 519.2830009496676, 449.9477682811016, 527.6163342830009, 469.7008547008547, 535.0237416904083, 486.36752136752136, 542.7397910731244, 501.79962013295346, 547.1889838556505, 512.0750237416903, 552.744539411206, 526.2725546058879, 557.065527065527, 540.778727445394, 558.9173789173789, 553.4330484330484, 551.8186134852801, 557.1367521367521, 541.9420702754036, 566.3960113960113, 531.7568850902184, 570.7169990503323, 519.4112060778726, 576.8898385565052, 503.9791073124406, 583.9886039886039, 488.5470085470085, 589.2355175688508, 471.26305792972454, 595.4083570750237, 457.065527065527, 598.4947768281102, 440.78347578347575, 603.1908831908833, 422.5735992402659, 609.3637226970561, 406.21557454890785, 611.8328584995252, 388.005698005698, 613.9933523266857, 373.80816714150046, 615.8452041785375, 358.0674264007597, 618.931623931624, 341.7094017094017, 619.5489078822412, 329.67236467236467, 621.0921177587844, 313.3143399810066, 621.4007597340931, 295.41310541310537, 621.0921177587844, 282.1415004748338, 622.0180436847104, 265.7454890788224, 621.0873694207027, 253.39981006647673, 620.1614434947768, 238.5849952516619, 617.383665716999, 226.85660018993352, 616.1490978157644, 224.38746438746438, 612.7540360873694, 225.3133903133903, 609.0503323836656, 214.51092117758782, 607.8157644824311, 200.62203228869893, 604.1120607787274, 190.43684710351374, 602.2602089268755, 187.96771130104463, 598.5565052231718, 190.1282051282051, 584.6676163342829, 191.98005698005696, 571.70465337132, 194.14055080721744, 561.2108262108261, 196.6096866096866, 549.1737891737891, 199.07882241215572, 537.7540360873693, 201.23931623931622, 523.5565052231718, 203.70845204178536, 509.6676163342829, 206.27730294396963, 499.61063627730294, 210.28964862298196, 486.3390313390313, 214.3019943019943, 473.684710351377, 217.07977207977208, 462.88224121557454, 220.47483380816715, 451.15384615384613, 225.10446343779677, 435.72174738841403, 228.8081671415005, 420.5982905982906, 232.5118708452042, 407.01804368471034, 235.90693257359925, 389.4254510921177, 239.3019943019943, 376.7711301044634, 242.5878442545109, 365.77397910731247, 245.98290598290595, 354.97150997151, 252.1557454890788, 339.8480531813865, 256.16809116809117, 325.0332383665717, 259.87179487179486, 312.0702754036087, 265.0237416904084, 298.4567901234568, 268.1101614434948, 286.7283950617284, 266.15384615384613, 273.0769230769231, 264.6153846153846, 252.3076923076923, 261.53846153846155, 232.3076923076923, 260.7692307692308, 213.07692307692307, 260.0, 196.9230769230769, 256.15384615384613, 170.0, 255.3846153846154, 148.46153846153845, 253.07692307692307, 133.84615384615384, 246.59544159544157, 128.29059829059827, 238.87939221272552, 121.19183285849951, 232.39791073124405, 115.9449192782526, 223.44729344729342, 115.01899335232667, 209.86704653371316, 115.01899335232667, 199.681861348528, 119.33998100664766, 191.6571699905033, 125.5128205128205, 192.58309591642922, 131.994301994302, 192.89173789173788, 144.64862298195632, 187.33618233618233, 140.01899335232667, 183.32383665716998, 131.994301994302, 181.16334283000947, 124.58689458689457, 177.7682811016144, 118.41405508072174, 176.4482431149098, 105.71699905033239, 175.21367521367523, 91.82811016144349, 176.4482431149098, 77.9392212725546, 176.8803418803419, 64.85280151946819, 183.05318138651472, 55.593542260208935, 193.2383665716999, 47.56885090218424, 203.11490978157644, 42.01329534662868, 213.30009496676163, 37.07502374169041, 222.25071225071227, 37.383665716999054, 232.43589743589746, 38.00094966761633, 241.65716999050332, 38.0246913580247, 251.22507122507122, 39.567901234567906]], "scale": 3, "viewpoint": 3, "zoom_in": 1, "landmarks": [296, 48, 1, 252, 45, 2, 283, 63, 2, 333, 77, 1, 355, 74, 2, 348, 49, 2, 196, 46, 2, 175, 98, 2, 186, 139, 2, 253, 126, 1, 247, 103, 1, 245, 90, 1, 246, 116, 1, 260, 203, 2, 268, 281, 1, 226, 423, 1, 188, 603, 2, 392, 615, 2, 558, 551, 2, 484, 386, 2, 411, 266, 1, 411, 182, 2, 400, 118, 2, 396, 107, 2, 402, 120, 2, 405, 132, 2, 425, 118, 2, 411, 93, 2, 386, 64, 2], "style": 1, "bounding_box": [172, 31, 564, 625], "category_id": 10, "occlusion": 2, "category_name": "short sleeve dress"}}