{"source": "shop", "pair_id": 1074, "item1": {"segmentation": [[338.77249478482577, 188.23336166267484, 318.65351155064513, 180.66170130572513, 300.4815266939658, 174.17170671405395, 291.61186741868187, 170.49404311210694, 289.0158695820134, 170.06137680599554, 287.93420381673485, 171.79204203044117, 284.2565402147879, 174.82070617322105, 277.7665456231167, 177.84937031600094, 267.5988874294985, 181.31070076489223, 256.34956347060177, 182.8250328362822, 243.1532411342037, 184.33936490767212, 217.99218110175386, 184.47366143861547, 203.28152669396584, 183.82466197944834, 194.41186741868188, 182.0939967550027, 186.40754075562077, 179.71433207138992, 176.02354940894688, 175.82033531638723, 169.9662211233871, 173.22433747971874, 166.5048906744958, 171.4936722552731, 163.25989337866022, 172.3590048674959, 161.52922815421456, 174.08967009194157, 156.33723248087762, 177.7673336938886, 129.07342965309434, 189.28171212238274, 107.65644750057943, 197.06970563238818, 89.98375956115275, 203.77957196940432, 84.14276442864869, 205.94290349996137, 80.6814339797574, 208.75523448968556, 73.10977362280768, 220.4372247546937, 63.374781735300914, 236.01321177470453, 30.828617785675654, 291.96728733678435, 21.526292204280296, 307.7596075098509, 11.901862010353081, 322.730526153133, 12.550861469520198, 324.4611913775786, 13.63252723479873, 325.32652398980144, 33.53517731592369, 337.00851425480954, 50.84182956038018, 347.60883875453914, 70.74447964150512, 359.7234953256587, 91.94512864096433, 371.62181874372254, 101.21642586726416, 377.934621030673, 101.64909217337558, 381.17961832650855, 101.64909217337558, 410.3845939890289, 101.86542532643128, 446.0795642432204, 102.51442478559841, 598.9554662752066, 102.87338329599011, 643.2489994591672, 103.08971644904581, 649.0899945916713, 103.73871590821292, 649.0899945916713, 108.71437842849417, 649.0899945916713, 120.82903499961371, 650.1716603569497, 157.38933786602803, 648.8736614386155, 182.48398362048994, 650.1716603569497, 256.8975817043962, 649.51433207139, 315.52386618249255, 648.2163331530558, 350.35579077493634, 648.6038167349146, 367.4461098663371, 648.3874835818589, 367.8787761724485, 645.7914857451905, 366.79711040716995, 592.1408637873753, 364.273568724407, 447.9955342656262, 363.40823611218417, 387.8549177161399, 364.2283860001545, 372.85318705091555, 381.1023719384996, 362.46919570424166, 413.9850112029669, 341.70121301089387, 437.78165803909457, 324.1782276133817, 452.0596461407712, 314.0105694197635, 451.1943135285483, 312.27990419531784, 441.4593216410416, 296.703917175307, 399.98394498956964, 236.52666306111414, 389.81628679595144, 219.86901027582476, 375.7546318473306, 202.778691184424, 370.995302480105, 198.23569497025417, 367.75030518426945, 196.5050297458085, 353.47231708259284, 192.1783666846944]], "scale": 3, "viewpoint": 1, "zoom_in": 1, "landmarks": [231, 185, 2, 167, 172, 2, 188, 219, 2, 232, 239, 2, 274, 210, 2, 290, 171, 2, 87, 205, 2, 51, 257, 2, 11, 324, 2, 103, 380, 2, 100, 346, 2, 101, 313, 2, 102, 347, 2, 102, 493, 2, 104, 649, 2, 230, 649, 2, 367, 649, 2, 365, 493, 2, 360, 344, 2, 361, 305, 2, 363, 333, 2, 364, 373, 2, 451, 313, 2, 416, 262, 2, 374, 200, 2], "style": 2, "bounding_box": [8, 167, 457, 656], "category_id": 1, "occlusion": 1, "category_name": "short sleeve top"}}