{"source": "shop", "pair_id": 1076, "item1": {"segmentation": [[129.29491525423728, 199.09830508474576, 192.75254237288135, 191.9593220338983, 274.4542372881356, 187.99322033898306, 346.80824050784514, 196.8796263025515, 352.3178823811234, 201.65464925939267, 376.1929971653294, 219.65281271210182, 385.37573362079326, 242.42599912165213, 408.93887491515926, 306.94314688385725, 425.8351099932127, 373.05884936319694, 440.1601788637363, 469.66123687467655, 449.2709306503776, 556.9165169481372, 450.0055495668147, 625.9706950932252, 450.4872839062562, 639.9191919191918, 444.97764203297794, 643.5922865013773, 437.2641434103883, 645.0615243342515, 421.46983670699046, 645.7961432506887, 409.71593404399675, 645.7961432506887, 399.0639597556587, 644.694214876033, 391.7177705912876, 644.694214876033, 390.24853275841343, 578.2112029384748, 384.7388908851351, 514.666666666665, 373.96698207370144, 448.2114424881223, 366.25348345111183, 422.13247095460497, 360.0092226613964, 394.95157104643204, 351.92841458058825, 375.85147921906724, 348.62262945662127, 366.3014333053848, 346.0514632490914, 425.0709466203534, 345.3168443326543, 522.0406435900516, 359.7138978720005, 540.0128957559782, 375.5082045753983, 566.8264862059326, 372.2024194514313, 572.7034375374295, 371.4678005349942, 578.5803888689263, 364.8562302870602, 583.3554118257675, 355.3061843733778, 588.4977442408273, 350.53116141653663, 621.5555954804971, 287.72124406116393, 627.0652373537754, 272.14852078093276, 629.0088234119856, 211.17515071665287, 629.7434423284227, 143.22290094622042, 625.3357288298, 109.12408671697233, 618.0615243342515, 113.16449075737643, 501.62442607897003, 114.97149359204695, 461.2019802770783, 113.13494630095418, 383.3323751347449, 112.47231205333969, 367.953447518665, 106.96267018006138, 376.7688745159103, 93.3722202259749, 428.1921986665078, 88.96450672735224, 458.3115742404292, 83.34043997285097, 499.4446041442083, 76.728869724917, 560.4179742084882, 76.728869724917, 589.8027308659725, 75.2024194514313, 641.1872479738093, 68.95815866171588, 645.594961472432, 60.14273166447059, 647.0641993053063, 54.26578033297373, 647.4315087635248, 32.44504331856126, 647.409350421208, 14.814189324070682, 641.8997085479298, 16.65073661516345, 537.5838224138605, 22.383718609015112, 465.51191759492207, 41.851119894598455, 358.2575557951044, 78.0393659919349, 226.03916636722948, 84.28362678165031, 218.6929772028584, 105.95488481654498, 207.30638399808325]], "scale": 3, "viewpoint": 1, "zoom_in": 1, "landmarks": [0, 0, 0, 193, 190, 2, 196, 225, 2, 217, 255, 2, 286, 219, 2, 281, 189, 2, 82, 225, 2, 47, 343, 2, 27, 468, 2, 18, 563, 2, 17, 641, 2, 73, 640, 2, 74, 564, 2, 85, 489, 2, 94, 427, 2, 114, 365, 2, 114, 389, 2, 117, 505, 2, 112, 618, 2, 224, 630, 2, 353, 619, 2, 345, 495, 2, 347, 386, 2, 349, 363, 2, 373, 437, 2, 387, 521, 2, 390, 581, 2, 395, 644, 2, 449, 638, 2, 449, 567, 2, 439, 476, 2, 418, 345, 2, 377, 222, 2, 275, 255, 2, 255, 385, 2, 264, 508, 2, 293, 622, 2, 233, 385, 2, 226, 509, 2], "style": 2, "bounding_box": [11, 41, 453, 653], "category_id": 4, "occlusion": 1, "category_name": "long sleeve outwear"}}