{"source": "shop", "pair_id": 1086, "item1": {"segmentation": [[348.17328825021065, 8.735418427726161, 350.83601014370214, 16.575655114117783, 354.0904480135251, 25.599323753172293, 357.4928148774309, 32.84784446323247, 360.0076077768395, 36.25021132713827, 366.66441251056824, 39.20879120879548, 375.8360101437056, 42.61115807270128, 383.52831783601437, 47.34488588335282, 392.5519864750689, 52.37447168217009, 399.2087912087976, 56.96027049873877, 402.6111580727034, 59.47506339814741, 405.2738799661949, 59.179205409981684, 408.2324598478521, 57.404057480987355, 410.00760777684644, 56.96027049873877, 410.1555367709293, 57.699915469153076, 411.78275570584077, 58.7354184277331, 414.14961961116654, 58.7354184277331, 419.03127641590095, 55.776838546075886, 423.91293322063535, 51.486897717672925, 428.4733727810624, 47.627218934913074, 440.30769230769124, 42.89349112426152, 449.33136094674575, 38.01183431952712, 455.69230769230876, 34.90532544378704, 459.53846153846314, 29.284023668638334, 466.39729501267954, 11.844463229078697, 469.35587489433675, 6.519019442095709, 472.13271344040595, 2.037193575654909, 474.203719357566, 0.26204564666057895, 477.01437024514036, 0.7058326289091617, 473.0202874049031, 6.770921386306454, 468.43448858833443, 16.534234995775265, 463.10904480135144, 29.551986475067018, 461.0380388841914, 37.24429416737578, 465.77176669484294, 45.67624683009884, 469.91377852916304, 56.0312764158991, 471.39306846999165, 61.65257819104781, 471.0972104818259, 68.30938292477654, 469.80820888513153, 74.46379261763863, 468.2302996149143, 91.55780971165888, 470.07119376350107, 111.80764534611365, 470.59716352024014, 134.16136000752476, 473.48999718230516, 161.7747722363267, 473.9002535925635, 168.3388748004141, 477.31905701136753, 177.8063304217176, 480.47487555180203, 208.31257631258453, 481.78979994364977, 236.45195829812556, 482.31576970038884, 259.3316427162757, 482.8417394571279, 286.68207006670815, 479.20202874049073, 310.685826993519, 477.3611345919039, 333.82849629003874, 474.7312858082085, 359.8639992486235, 471.31248238940447, 382.21771391003455, 468.15666384896997, 397.73382173383754, 461.52794214332744, 441.9573588804343, 454.9533201840889, 460.6292852446718, 447.3267587113722, 480.87912087912656, 444.54513008359334, 498.9063585986659, 441.12632666478925, 506.2699351930131, 444.0191603268542, 518.6302244763816, 447.17497886728876, 539.1430449892059, 445.6211139288066, 553.623743777593, 445.09514417206753, 565.721048182592, 431.4199304968513, 569.4028364797655, 415.9038226730483, 572.2956701418304, 398.28383582228895, 571.5067155067219, 398.28383582228895, 571.5067155067219, 384.60862214707277, 568.0879120879179, 379.3489245796819, 565.9840330609615, 375.40415140413876, 568.8768667230264, 370.67042359348704, 569.139851601396, 356.73222503990127, 563.0911993988965, 353.57640649946677, 557.042547196397, 345.6868601483805, 559.4094111017229, 334.1155255001206, 560.1983657368315, 322.5441908518608, 562.0392598854183, 315.70658401425266, 558.6204564666143, 304.4718700103295, 554.2098243636697, 293.6894899971782, 547.109232647692, 294.21545975391734, 539.2196862966058, 286.85188315957015, 535.0119282426931, 277.9103972950057, 533.1710340941063, 275.0175636329407, 526.0704423781286, 271.8617450925062, 521.5996994458465, 270.809805579028, 516.077017000086, 262.6572743495722, 515.2880623649775, 247.93012116087786, 509.23941016247795, 244.77430262044334, 505.5576218653043, 245.30027237718244, 495.3012116088922, 236.8276509814976, 497.40809617732685, 229.99004414388952, 498.19705081243546, 228.1491499953027, 491.35944397482734, 231.0419836573677, 483.7328825021106, 228.6751197520418, 478.7361698130893, 220.52258852258598, 472.9505024889594, 214.9999060768256, 467.69080492156854, 209.21423875269568, 467.427820043199, 203.1655865501962, 465.84991077298173, 196.85394946932718, 460.8531980839605, 196.06499483421854, 454.54156100309143, 190.01634263171906, 451.1227575842874, 186.86052409128456, 447.4409692871138, 182.91575091574143, 446.9149995303747, 178.9709777401983, 447.7039541654833, 174.23724992954652, 445.86306001689655, 170.2924767540034, 442.707241476462, 168.3328637174803, 439.7317554240634, 167.28092420400213, 434.47205785667256, 166.228984690524, 431.316239316238, 165.44003005541535, 417.6410256410218, 167.80689396074123, 401.0729783037407, 173.32957640650162, 392.39447731754575, 173.59256128487115, 382.9270216962422, 169.38480323095848, 364.51808021037425, 167.80689396074123, 346.37212360287583, 166.49196956889352, 320.5996055226607, 165.6353902507743, 285.4467925237159, 166.16136000751337, 271.77157884849964, 176.68075514229506, 263.3560627406743, 194.56372687142394, 249.94383394382763, 215.07654738424824, 230.74593782285103, 250.81393819855353, 202.7207664130744, 279.47928994083367, 180.10406687329373, 296.5733070348539, 163.5360195360126, 308.9335963182224, 153.54259415796997, 317.3491124260478, 147.75692683384003, 333.00197238658836, 137.2225039917353, 342.6075159408502, 131.58811558811493, 347.1507258173941, 126.25478225478074, 348.13838013838193, 122.50169583502705, 346.755664088999, 106.69922669922205, 345.57047890381364, 98.60046126712199, 344.9236195902862, 75.73463573463593, 345.911273911274, 67.04327770994318, 346.8989282322618, 58.94451227784312, 351.30104463437743, 49.58675892009175, 356.8319088319092, 39.90774657441118, 354.665043411399, 33.31432415980546, 351.166501137346, 26.983628616280992, 349.00073687245606, 21.819113830774192, 346.44047586447016, 12.676741556770232, 345.15888099084947, 10.25595123993117]], "scale": 3, "viewpoint": 2, "zoom_in": 1, "landmarks": [400, 40, 1, 360, 37, 2, 380, 46, 2, 404, 58, 2, 427, 48, 1, 457, 38, 2, 347, 12, 2, 345, 81, 2, 349, 103, 2, 349, 126, 2, 216, 231, 2, 166, 441, 2, 280, 530, 2, 450, 564, 2, 479, 330, 2, 470, 125, 1, 468, 91, 1, 471, 66, 2, 473, 3, 2], "style": 3, "bounding_box": [143, 1, 516, 578], "category_id": 13, "occlusion": 2, "category_name": "sling dress"}}