{"source": "shop", "pair_id": 1086, "item1": {"segmentation": [[318.50336514696494, 19.759838777138935, 321.96357275942245, 30.140461614511377, 332.34419559679486, 45.711395870570044, 337.88052777672686, 48.13354119929028, 352.0673789878025, 53.669873379222246, 361.4099395414377, 57.130080991679726, 369.71443781133564, 60.59028860413721, 376.9808737974964, 65.78060002282342, 382.5172059774284, 68.20274535154365, 400.1642648009615, 60.59028860413721, 414.00509525079144, 52.28579033423925, 423.00163504318084, 42.94322978060406, 426.90995115995105, 30.46504884005035, 429.51411782661813, 18.83310439560416, 431.5974511599518, 14.666437728936868, 434.37522893772996, 14.840048840048006, 432.46550671550744, 21.784493284493493, 427.25717338217333, 37.40949328449584, 426.0418956043954, 45.04838217338587, 431.2502289377295, 54.423382173387274, 433.60714285714187, 69.1236263736283, 433.8571428571419, 82.62362637363073, 429.85714285714124, 98.37362637363356, 428.857142857141, 110.62362637363576, 428.607142857141, 134.12362637363998, 430.10714285714124, 143.62362637364168, 434.6071428571421, 157.37362637364416, 442.3736263736264, 177.07142857143083, 449.37362637362764, 201.82142857143526, 456.873626373629, 228.5714285714401, 460.6236263736297, 263.3214285714463, 462.62362637363003, 285.5714285714503, 464.4120879120865, 320.6098901098898, 464.91208791208663, 350.1098901098951, 467.4120879120871, 364.10989010989766, 472.91208791208805, 400.35989010990414, 475.4120879120885, 413.60989010990653, 479.8021978021996, 458.53296703296763, 479.8021978021996, 486.28296703297264, 479.3021978021995, 496.0329670329744, 483.9780219780216, 505.28021978021934, 481.9780219780212, 507.53021978021974, 484.9780219780218, 512.2802197802206, 490.7280219780228, 524.5302197802228, 496.2280219780238, 537.030219780225, 497.9780219780241, 543.5302197802262, 495.47802197802366, 550.5302197802275, 489.72802197802264, 551.7802197802278, 487.9780219780223, 553.7802197802281, 485.22802197802184, 558.2802197802289, 467.9780219780187, 564.2802197802299, 444.59340659340626, 565.1071428571425, 443.34340659340603, 566.8571428571429, 439.8434065934054, 567.8571428571431, 434.59340659340444, 566.6071428571429, 429.34340659340353, 564.8571428571425, 423.0934065934024, 565.8571428571427, 414.3434065934008, 567.357142857143, 409.0934065933999, 565.1071428571425, 403.59340659339887, 560.3571428571418, 395.3434065933974, 557.8571428571413, 394.09340659339716, 561.607142857142, 392.0934065933968, 565.1071428571425, 387.593406593396, 567.357142857143, 383.0934065933952, 561.857142857142, 380.3434065933947, 560.8571428571419, 378.3434065933943, 566.8571428571429, 371.34340659339307, 568.3571428571431, 361.34340659339125, 570.1071428571435, 343.8434065933881, 567.607142857143, 327.186813186815, 568.6565934065918, 321.686813186814, 565.6565934065912, 311.1868131868121, 561.9065934065907, 310.93681318681206, 560.1565934065903, 309.1868131868118, 558.15659340659, 307.1868131868114, 555.1565934065894, 304.6868131868109, 550.1565934065885, 305.18681318681104, 542.9065934065873, 303.1868131868107, 542.156593406587, 298.43681318680984, 543.4065934065873, 291.93681318680865, 543.9065934065874, 288.6868131868081, 541.1565934065869, 287.43681318680785, 533.6565934065856, 286.68681318680774, 527.1565934065844, 280.18681318680655, 526.9065934065843, 274.4368131868055, 527.6565934065844, 269.9368131868047, 530.656593406585, 268.43681318680444, 531.1565934065851, 264.68681318681524, 530.5659340659348, 263.436813186815, 524.3159340659337, 264.1868131868152, 521.5659340659332, 259.9368131868144, 520.065934065933, 255.68681318681365, 518.8159340659328, 250.4368131868127, 517.0659340659324, 244.68681318681166, 515.8159340659322, 244.18681318681158, 510.0659340659311, 240.936813186811, 505.5659340659303, 236.93681318681027, 500.06593406592935, 233.93681318680973, 494.0659340659283, 230.4368131868091, 493.0659340659281, 225.43681318680822, 493.0659340659281, 220.18681318680729, 488.8159340659273, 217.18681318680672, 484.06593406592646, 215.9368131868065, 480.56593406592583, 212.43681318680586, 480.0659340659258, 209.68681318680538, 478.5659340659255, 209.43681318680535, 474.3159340659247, 204.93681318680453, 471.81593406592424, 204.93681318680453, 466.8159340659234, 204.2555962555972, 464.0803147469823, 200.5025098358435, 462.6975986975994, 198.13213946547276, 460.3272283272286, 196.9469542802874, 457.1667345000676, 197.14448514448497, 446.1050061050041, 197.73707773707764, 433.85809252475525, 196.9469542802874, 423.586487586482, 194.77411477411422, 407.9815493148746, 193.98399131732396, 386.8457468457354, 191.43128476461777, 352.7141500474847, 191.62881562881535, 330.5906932573577, 191.43128476461777, 320.71415004747956, 194.59177859177876, 308.66476733142827, 202.2954822954837, 296.2203228869819, 219.39818206484716, 273.8168498168532, 232.63274996608385, 255.05141771808482, 252.18830552164252, 227.79215845882118, 266.6080586080646, 209.81684981684302, 290.1598154931507, 176.21055487722262, 304.5795685795727, 154.87722154388587, 315.64129697463625, 144.01302401301993, 316.7201193867867, 134.53588386921624, 315.3374033374037, 123.47415547415274, 315.5349342016013, 110.43711843711361, 313.9698819698829, 87.6668023334694, 314.16741283408044, 82.13593813593766, 317.32790666124146, 71.27174060507173, 322.06864740198296, 62.77791344457654, 327.11979378646055, 56.21598154931533, 329.8852258852264, 52.26536426536408, 326.3296703296703, 43.1789445122762, 322.37905304571905, 37.84561117894202, 316.2230362230359, 24.710894044226492, 314.44525844525776, 20.760276760275246]], "scale": 3, "viewpoint": 2, "zoom_in": 1, "landmarks": [378, 48, 1, 334, 47, 2, 357, 57, 2, 383, 68, 2, 405, 61, 1, 422, 43, 1, 318, 20, 2, 313, 83, 2, 314, 113, 2, 317, 135, 2, 220, 275, 2, 201, 463, 2, 309, 561, 2, 496, 547, 2, 465, 327, 2, 429, 138, 1, 429, 103, 1, 435, 76, 1, 436, 17, 2], "style": 2, "bounding_box": [174, 12, 501, 574], "category_id": 13, "occlusion": 2, "category_name": "sling dress"}}