{"source": "shop", "pair_id": 1084, "item1": {"segmentation": [[288.2551921431171, 893.9783078794675, 304.58172275535725, 903.1619813488526, 318.86743704106743, 915.4068793080328, 330.09192683698257, 916.9374915529303, 343.35723295942773, 917.4476956345628, 360.19396765330043, 917.4476956345628, 375.50009010227564, 906.2232058386477, 384.68376357166073, 896.0191242059975, 385.1939676532932, 878.6721854304924, 384.1735594900282, 865.4068793080472, 394.3776411226783, 857.7538180835596, 417.8470288777736, 850.6109609407044, 435.19396765327883, 848.059940532542, 464.2756003063316, 854.1823895121321, 489.27560030632446, 860.8150425733546, 518.3572329593773, 867.9578997162097, 533.1531513267199, 872.0395323692698, 547.4388656124302, 869.4885119611072, 563.7653962246703, 861.8354507366196, 577.0307023471155, 851.6313691039695, 579.0715186736455, 843.9783078794819, 575.500090102218, 826.1211650223443, 572.9490696940554, 798.0599405325563, 568.8408632012716, 761.7616284545403, 567.1759308391493, 739.2850415658886, 562.1811337527822, 717.6409208582979, 556.7701035758846, 692.6669354264626, 552.6077726705787, 680.5961758010756, 563.8460661149046, 679.3474765294837, 575.9168257402916, 679.3474765294837, 582.1603220982505, 683.5098074347896, 587.5713522751481, 683.9260405253202, 593.3986155425764, 683.9260405253202, 595.4797809952294, 675.185145624178, 594.6473148141681, 653.9572580071178, 594.6473148141681, 634.8105358427108, 600.890811172127, 634.8105358427108, 613.7940369785753, 622.3235431267931, 620.6384519867544, 598.2329263245012, 624.5447019867534, 574.4048013245073, 624.5447019867534, 559.561051324511, 613.6072019867561, 533.7798013245175, 598.7634519867598, 495.88917632452706, 582.357201986764, 457.6079263245368, 574.544701986766, 436.904801324542, 563.5565263154883, 409.6406831979864, 554.995289692423, 383.48134907195333, 548.8121743535423, 367.7857485963334, 543.5803075283358, 344.95578426815905, 536.4459436757812, 322.1258199399847, 529.7872040800637, 297.86898284129944, 522.6528402275093, 279.3196368246578, 514.0916036044439, 262.197163578527, 508.38411252240024, 254.58717546913556, 495.54225758780217, 249.35530864392894, 477.94416008483444, 236.98907796616783, 456.065444270334, 216.5372349221783, 439.8942195378772, 201.79288296023233, 433.23547994215966, 217.9641076926892, 425.14986757593124, 232.23283539779817, 410.88113987082227, 233.1840839114721, 392.33179385418055, 233.65970816830907, 369.9774537828432, 232.70845965463513, 345.244992427321, 228.42784134310244, 324.7931493833314, 219.3909804632001, 304.3413063393419, 206.07350127176505, 293.67328918321107, 200.29801324503563, 276.3399558498824, 206.52023546725619, 276.3399558498824, 210.5202354672551, 255.45106696099916, 211.85356880058808, 238.1177336276705, 211.85356880058808, 214.5621780721213, 217.6313465783643, 206.56217807212346, 229.18690213391673, 197.67328918323696, 254.52023546724325, 186.56217807212883, 292.29801324501085, 175.89551140546504, 332.7424576894444, 166.56217807213423, 368.7424576894347, 153.05746601463952, 407.460918490308, 144.4962293915741, 429.8152585616454, 135.93499276850872, 453.12084714665673, 131.17875020013906, 473.09706593380935, 132.129998713813, 498.30515154616853, 133.08124722748693, 521.6107401311799, 143.0693566210632, 541.1113346614956, 157.81370858300917, 558.7094321644632, 173.50930905862907, 577.258778181105, 186.8267882500641, 594.3812514272357, 200.14426744149915, 605.320609334486, 212.5104981192603, 608.1743548755078, 230.10859562222805, 617.2112157554101, 229.63297136539109, 642.4193013677693, 232.33682855039748, 688.1769683590996, 250.39238410594697, 719.4269683590892, 254.55905077261224, 761.0936350257418, 257.3368285503891, 811.0936350257251, 267.75349521705226, 863.1769683590409, 276.78127299482696, 882.6214128034788]], "scale": 2, "viewpoint": 2, "zoom_in": 1, "landmarks": [378, 207, 1, 304, 207, 1, 347, 230, 1, 395, 239, 2, 424, 224, 1, 440, 203, 1, 211, 225, 2, 168, 371, 2, 138, 528, 2, 215, 604, 2, 345, 609, 2, 373, 502, 2, 328, 448, 2, 243, 445, 2, 257, 405, 2, 259, 352, 2, 262, 380, 2, 262, 468, 1, 248, 555, 1, 250, 719, 1, 276, 883, 2, 432, 852, 2, 575, 849, 2, 547, 654, 2, 522, 549, 2, 502, 471, 1, 499, 373, 2, 499, 329, 1, 506, 414, 1, 520, 526, 2, 536, 594, 2, 551, 679, 2, 596, 680, 2, 619, 565, 2, 585, 467, 2, 549, 371, 2, 511, 260, 2], "style": 1, "bounding_box": [128, 199, 630, 925], "category_id": 11, "occlusion": 2, "category_name": "long sleeve dress"}}