{"source": "shop", "pair_id": 1157, "item1": {"segmentation": [[175.99609231820588, 50.013779393035755, 155.58792905289974, 52.96162519802442, 127.69677259031467, 60.217861025688826, 101.39291771503119, 70.19518528872739, 81.19706768552174, 77.61177895815861, 66.91135339980744, 93.25803746155998, 53.53266859255119, 114.5732302053242, 41.2877706333675, 134.30112136178678, 27.757027925325403, 157.29890348833595, 15.738887335756228, 177.48030938402758, 0.28137172677290023, 204.72572298325719, 0.05461435715838747, 232.39012207622775, 8.44463703289536, 241.00690212157923, 17.74168918709038, 249.85043953654522, 24.997925014754788, 255.74613114652257, 33.61470506010627, 263.909396452645, 44.95257354083191, 272.299419128382, 57.424228869630106, 284.09080234833664, 69.21561208958478, 287.26540552293983, 77.37887739570724, 272.299419128382, 75.33806106917662, 287.9456776317834, 70.69501444413385, 317.2380517503805, 65.25283757338553, 351.2516571925574, 60.26417544186626, 386.1722921131924, 55.04875594073246, 417.46480911999515, 45.5996458857516, 469.2455067871897, 38.570167427701705, 510.515348057031, 33.35474792656791, 554.5062777622464, 28.89562948467058, 590.6393874444755, 24.587239461994834, 617.1699996893735, 39.55322585655268, 621.9319044512782, 63.58950703569103, 625.3332649954959, 91.93417823750511, 627.6008386916411, 119.8253347000902, 631.9092287143168, 156.89867362470102, 638.7914639828534, 186.3771316745877, 642.6463392663002, 223.79209766098228, 647.1814866585904, 252.0384990525891, 652.3768210480539, 263.8298822725437, 655.0979094834281, 304.87296617277053, 658.0457552884168, 308.9545988258318, 624.4856645854688, 314.3967756965801, 589.3382722952194, 321.2436554530488, 538.9395334389463, 325.7788028453391, 503.33862640946785, 330.7674649768584, 464.3363588357717, 336.2096418476067, 422.1594880874723, 341.94630509738147, 387.97456589941913, 346.2546951200572, 354.64123256608576, 350.5630851427329, 325.61628925542817, 354.8714751654087, 293.1899854005528, 356.66063429938185, 277.20508185009163, 356.8873916689964, 302.82866461653157, 362.10281117013017, 323.91709999068127, 370.49283384586715, 321.87628366415066, 377.52231230391703, 319.381952598391, 386.8193644581121, 316.66086416301687, 402.91913770074245, 306.91029726959283, 409.49510141956335, 301.4681203988445, 424.9146025533502, 293.07809772310753, 438.74680209983546, 285.82186189544313, 463.00984064858835, 273.35020656664494, 454.16630323362233, 251.3547417140372, 442.8284347528967, 222.10304103376507, 432.387140061504, 195.30499798092757, 425.58441897306864, 176.2573789333085, 417.42115366694617, 155.1689435591588, 407.67058677352213, 132.71996396732206, 400.1875935762432, 121.83561022582543, 381.04950144441347, 103.19734724940207, 362.90891187525244, 90.27217718137486, 346.809138632622, 80.52161028795081, 329.12206380269004, 71.67807287298481, 314.8363495169757, 64.64859441493492, 311.888503711987, 65.78238126300748, 301.00414997049046, 71.4513155033703, 280.3692293355698, 76.43997763488957, 261.4150653868854, 77.39332152952505, 242.59420370888083, 75.80601994222347, 226.94794520547944, 75.35250520299444, 207.67356878824586, 71.27087254993322, 190.2132513279284, 62.427335134967215]], "scale": 3, "viewpoint": 1, "zoom_in": 2, "landmarks": [245, 79, 2, 176, 54, 2, 182, 110, 2, 236, 143, 2, 295, 122, 2, 318, 68, 2, 85, 80, 2, 33, 147, 2, 0, 0, 0, 67, 288, 2, 77, 272, 2, 81, 257, 2, 82, 268, 2, 56, 422, 2, 27, 615, 2, 171, 641, 2, 304, 657, 2, 337, 454, 2, 355, 296, 2, 356, 282, 2, 357, 302, 2, 362, 322, 2, 463, 273, 2, 433, 198, 2, 402, 123, 2], "style": 1, "bounding_box": [0, 48, 467, 668], "category_id": 1, "occlusion": 1, "category_name": "short sleeve top"}}