{"source": "shop", "pair_id": 1170, "item1": {"segmentation": [[228.4857142857143, 264.79365079365084, 199.15238095238095, 230.12698412698413, 152.0412698412698, 148.34920634920627, 149.37460317460312, 126.12698412698404, 160.0412698412698, 116.7936507936507, 188.48571428571427, 108.34920634920624, 205.99682539682541, 106.15555555555555, 222.8857142857143, 107.04444444444444, 215.77460317460321, 115.4888888888889, 208.21904761904764, 119.4888888888889, 207.33015873015876, 128.3777777777778, 216.6634920634921, 130.60000000000002, 225.99682539682544, 132.82222222222225, 223.77460317460321, 149.2666666666667, 266.4412698412699, 200.37777777777785, 304.61587301587304, 213.03174603174602, 310.4888888888889, 233.57142857142853, 330.93333333333334, 242.4603174603174, 349.6, 252.68253968253964, 354.48888888888894, 262.015873015873, 361.15555555555557, 290.90476190476187, 358.48888888888894, 263.7936507936508, 358.48888888888894, 246.4603174603174, 378.0444444444445, 256.2380952380952, 384.71111111111117, 279.3492063492063, 383.3079365079365, 301.98095238095243, 381.9746031746032, 337.0920634920636, 369.0857142857143, 346.4253968253969, 350.93333333333334, 349.5714285714286, 344.2666666666667, 360.68253968253975, 337.6, 378.4603174603175, 341.76825396825393, 405.25079365079364, 339.99047619047616, 456.80634920634924, 333.76825396825393, 460.80634920634924, 332.4349206349206, 490.584126984127, 335.99047619047616, 495.9174603174604, 349.41587301587305, 551.8666666666668, 346.74920634920636, 582.5333333333334, 338.3047619047619, 611.4222222222223, 320.52698412698413, 633.2000000000002, 309.9714285714286, 642.9174603174604, 297.0825396825397, 661.584126984127, 283.3047619047619, 665.1396825396826, 269.0825396825397, 662.9174603174604, 262.415873015873, 645.584126984127, 223.7492063492063, 579.8063492063492, 209.9714285714285, 578.9174603174603, 205.52698412698408, 561.5841269841269, 197.08253968253962, 565.5841269841269, 153.05396825396826, 564.704761904762, 151.2761904761905, 537.5936507936508, 151.2761904761905, 520.704761904762, 108.6095238095238, 526.4825396825397, 88.08571428571429, 525.8126984126984, 67.64126984126983, 528.0349206349207, 35.1079365079365, 546.3809523809523, 19.10793650793649, 526.3809523809523, 19.99682539682538, 509.49206349206344, 23.55238095238094, 493.4920634920634, 31.99682539682539, 483.7142857142856, 44.44126984126984, 479.7142857142856, 57.774603174603186, 474.3809523809523, 64.8857142857143, 473.93650793650784, 71.55238095238097, 468.15873015873007, 88.88571428571433, 461.4920634920634, 109.77460317460323, 451.7142857142856, 120.4412698412699, 438.8253968253967, 137.33015873015881, 427.71428571428555, 159.55238095238104, 411.71428571428555, 167.1079365079366, 402.3809523809522, 167.1079365079366, 395.2698412698411, 173.03492063492064, 369.29523809523806, 189.92380952380955, 335.96190476190475, 194.81269841269844, 322.6285714285714, 210.81269841269847, 291.9619047619047, 221.0349206349207, 277.73968253968246]], "scale": 3, "viewpoint": 3, "zoom_in": 1, "landmarks": [380, 303, 1, 331, 225, 1, 288, 229, 1, 243, 244, 2, 286, 235, 2, 342, 253, 2, 267, 201, 1, 234, 184, 2, 203, 163, 2, 213, 160, 2, 224, 149, 1, 207, 111, 2, 188, 112, 2, 151, 121, 2, 188, 203, 2, 222, 246, 2, 0, 0, 0, 0, 0, 0, 0, 0, 0, 0, 0, 0, 285, 665, 2, 336, 534, 2, 328, 425, 2, 327, 383, 2, 186, 384, 2, 130, 437, 2, 93, 469, 2, 24, 493, 2, 40, 542, 2, 103, 521, 2, 164, 503, 2, 269, 460, 2, 277, 256, 2, 238, 260, 1, 189, 337, 2, 161, 446, 1, 159, 558, 2, 0, 0, 0, 0, 0, 0], "style": 1, "bounding_box": [20, 88, 395, 681], "category_id": 4, "occlusion": 2, "category_name": "long sleeve outwear"}}