{"source": "shop", "pair_id": 1178, "item1": {"segmentation": [[215.85679945054892, 224.50206043956143, 232.65367445054935, 228.40831043956155, 238.90367445054952, 212.00206043956112, 237.7317994505495, 188.95518543956052, 231.48179945054932, 180.3614354395603, 224.05992445054912, 178.79893543956027, 227.57554945054923, 175.28331043956018, 231.48179945054932, 174.50206043956015, 237.34117445054946, 176.8458104395602, 247.10679945054972, 174.89268543956018, 259.21617445055006, 173.72081043956013, 278.3567994505505, 172.1583104395601, 305.7005494505512, 172.5489354395601, 325.2317994505517, 172.5489354395601, 339.6849244505521, 174.11143543956015, 344.3724244505522, 179.5801854395603, 351.7942994505524, 188.95518543956052, 355.3099244505525, 207.705185439561, 369.7630494505529, 225.67393543956146, 383.43492445055324, 238.5645604395618, 391.4019574175823, 243.33791208791257, 407.41758241758276, 241.7754120879125, 414.83945741758293, 233.57228708791231, 420.6988324175831, 228.4941620879122, 432.4175824175834, 232.7910370879123, 446.08945741758373, 242.94728708791257, 457.026957417584, 254.27541208791285, 464.0582074175842, 273.80666208791337, 467.9644574175843, 282.00978708791354, 471.4800824175844, 291.3847870879138, 478.1207074175845, 297.634787087914, 479.6832074175846, 304.2754120879141, 475.38633241758447, 315.60353708791445, 465.23008241758424, 322.6347870879146, 448.4332074175838, 326.93166208791473, 436.3238324175835, 325.3691620879147, 432.4175824175834, 324.5879120879147, 427.3394574175833, 328.8847870879148, 420.6988324175831, 331.61916208791484, 417.964457417583, 355.05666208791547, 404.68320741758265, 376.93166208791604, 409.4222184065935, 397.265624999999, 411.3753434065935, 412.4999999999994, 421.5315934065938, 441.7968750000001, 427.00034340659397, 467.18750000000074, 424.65659340659386, 485.54687500000125, 426.6097184065939, 500.3906250000016, 430.6189903846155, 514.0624999999987, 432.18149038461553, 523.828124999999, 427.8846153846154, 539.4531249999994, 427.1033653846154, 567.1875000000001, 426.71274038461536, 588.2812500000007, 427.8846153846154, 596.8750000000009, 417.72836538461513, 592.1875000000008, 395.07211538461456, 587.8906250000007, 377.8846153846141, 587.5000000000007, 363.82211538461377, 592.9687500000008, 341.5564903846132, 594.9218750000008, 326.3221153846128, 594.5312500000008, 307.1814903846123, 591.7968750000008, 259.1346153846111, 592.9687500000008, 228.21514423076977, 591.8440934065934, 221.1838942307696, 588.7190934065933, 220.7932692307696, 582.8597184065932, 210.2463942307693, 581.2972184065931, 208.68389423076928, 577.390968406593, 212.19951923076937, 575.437843406593, 216.49639423076948, 573.484718406593, 223.91826923076968, 565.6722184065927, 231.34014423076985, 473.48471840659033, 231.73076923076988, 443.79721840658954, 232.12139423076988, 430.5159684065892, 235.63701923076997, 415.67221840658885, 242.91723901098914, 395.3983516483512, 250.72973901098933, 359.07022664835023, 256.9797390109895, 323.9139766483493, 257.3703640109895, 297.7421016483487, 259.71411401098953, 272.351476648348, 262.83911401098965, 250.47647664834744, 262.83911401098965, 242.66397664834724, 237.05786401098896, 244.2264766483473, 223.77661401098862, 243.44522664834727, 219.0891140109885, 239.9296016483472, 216.74536401098845, 232.117101648347]], "scale": 2, "viewpoint": 2, "zoom_in": 1, "landmarks": [383, 223, 1, 354, 192, 2, 359, 213, 2, 378, 235, 2, 410, 242, 2, 424, 230, 1, 306, 175, 2, 261, 174, 2, 229, 177, 2, 225, 242, 2, 264, 246, 1, 263, 251, 1, 264, 254, 1, 259, 287, 2, 255, 333, 2, 235, 428, 2, 210, 581, 2, 324, 592, 2, 426, 591, 2, 420, 452, 2, 410, 361, 2, 420, 342, 2, 426, 328, 2, 431, 319, 2, 434, 325, 2, 437, 328, 2, 479, 302, 2, 464, 277, 2, 456, 252, 2], "style": 1, "bounding_box": [203, 161, 482, 604], "category_id": 10, "occlusion": 1, "category_name": "short sleeve dress"}}