{"source": "shop", "pair_id": 1178, "item1": {"segmentation": [[250.2441620879117, 574.8836195054962, 248.68166208791163, 539.3367445054953, 248.3668612637368, 499.65765796703647, 247.06899038461592, 448.4404189560406, 242.85388049450532, 413.8335164835176, 239.72888049450523, 372.4272664835165, 245.9788804945054, 328.6772664835154, 252.72654532967013, 276.5420329670332, 263.2734203296704, 235.91703296703218, 270.30467032967056, 229.27640796703201, 295.30467032967124, 234.35453296703213, 329.2890453296721, 241.77640796703233, 351.94529532967266, 254.66703296703267, 365.226545329673, 264.4326579670329, 379.6796703296734, 276.9326579670332, 397.64842032967385, 289.04203296703355, 401.11274038461505, 291.1713255494501, 403.8471153846151, 290.3900755494501, 398.768990384615, 279.8432005494498, 408.5346153846152, 291.9525755494501, 410.0971153846153, 306.4057005494505, 414.0033653846154, 318.5150755494508, 420.64399038461556, 343.12445054945147, 415.1752403846154, 343.12445054945147, 417.12836538461545, 358.3588255494518, 424.9408653846157, 373.5932005494522, 430.0189903846158, 379.4525755494524, 433.53461538461585, 392.3432005494527, 440.9564903846161, 409.9213255494532, 444.7742788461535, 421.9790178571401, 442.43052884615344, 443.07276785714066, 441.2586538461534, 465.72901785714123, 439.3055288461533, 486.4321428571418, 442.03990384615344, 505.18214285714225, 443.99302884615344, 509.86964285714237, 448.6805288461536, 545.8071428571433, 449.8524038461536, 554.7915178571435, 445.5555288461535, 596.9790178571446, 446.33677884615355, 631.7446428571455, 442.82115384615344, 643.0727678571458, 448.28990384615355, 648.9321428571459, 447.66624313186816, 653.8705013736245, 437.90061813186793, 662.8548763736247, 435.5568681318679, 669.886126373625, 437.90061813186793, 680.4330013736252, 438.68186813186793, 687.0736263736254, 435.1662431318679, 699.1830013736256, 437.90061813186793, 708.5580013736259, 438.68186813186793, 713.245501373626, 433.2131181318678, 719.1048763736262, 437.1193681318679, 723.0111263736263, 435.5568681318679, 735.9017513736267, 440.244368131868, 739.4173763736267, 448.8381181318682, 786.6830013736279, 456.76397664835173, 824.9761332417577, 461.45147664835184, 844.5073832417581, 461.45147664835184, 852.7105082417584, 456.76397664835173, 864.4292582417587, 446.21710164835144, 876.538633241759, 428.248351648351, 883.9605082417592, 397.7796016483502, 887.8667582417593, 383.32647664834985, 889.0386332417593, 379.81085164834974, 894.8980082417595, 377.4050480769253, 899.465453296703, 353.5769230769247, 908.8404532967033, 332.0925480769241, 909.6217032967033, 302.2551337722366, 901.6617826959894, 298.3295139375261, 890.5047579026015, 279.65439560439575, 832.0140796703311, 259.73252060439523, 742.5609546703288, 253.87314560439506, 657.7953296703265, 252.98485576923053, 611.4444024725282]], "scale": 2, "viewpoint": 2, "zoom_in": 1, "landmarks": [270, 231, 1, 331, 242, 2, 373, 275, 2, 405, 292, 2, 0, 0, 0, 0, 0, 0, 320, 261, 2, 253, 326, 1, 239, 463, 2, 330, 482, 2, 347, 442, 2, 369, 389, 2, 248, 415, 2, 249, 502, 1, 253, 613, 1, 261, 743, 1, 294, 904, 1, 382, 894, 2, 463, 854, 2, 439, 717, 2, 446, 602, 2, 439, 489, 2, 438, 415, 2, 0, 0, 0, 0, 0, 0, 0, 0, 0, 0, 0, 0, 0, 0, 0, 0, 0, 0], "style": 1, "bounding_box": [207, 226, 467, 912], "category_id": 10, "occlusion": 2, "category_name": "short sleeve dress"}}