{"source": "shop", "pair_id": 1199, "item1": {"segmentation": [[159.3845773603486, 43.86356895699331, 180.1458230350998, 49.05388037568111, 207.13544241227632, 52.86010874938549, 235.8551655956821, 50.09194265941866, 256.6164112704333, 52.86010874938549, 278.415719228922, 52.86010874938549, 303.32921403862343, 49.74592189817281, 318.5541275334409, 44.55561047948502, 319.93821057842433, 64.62481463174448, 326.16658428084975, 83.30993573902055, 334.81710331199605, 106.83934750373854, 336.5472071182253, 136.25111220963603, 339.661393969438, 158.3964409293706, 338.96935244694623, 187.1161641127764, 336.2011863569794, 201.64903608510224, 327.4317350469601, 261.86030647553156, 322.93346515076405, 297.5004448838544, 318.0891744933221, 322.75996045480167, 312.2068215521426, 349.7495798319782, 302.86426099850456, 367.3966386555167, 299.86134518947085, 387.22163056403133, 300.812593703145, 392.92912164607634, 297.48322390528546, 401.4903582691438, 292.64409293129586, 405.7533366287537, 286.0696984676246, 409.2135442412122, 284.3395946613954, 420.63222936232535, 286.0682417411955, 426.69844388150915, 278.4572417202159, 456.2723677706482, 277.7652001977242, 460.42461690559844, 280.18734552644514, 467.3450321305155, 276.0350963914949, 471.84330202671157, 271.323889779246, 476.1633665925657, 265.3084527928735, 509.55956500250954, 260.1933340019387, 531.7703116816585, 258.73405832920224, 540.3554127533905, 256.386950074153, 545.2740484428898, 257.0789915966447, 552.5404844290526, 254.65684626792375, 560.1529411764615, 250.85061789421937, 562.9211072664283, 249.8125556104818, 576.7619377162624, 240.12397429559792, 575.377854671279, 229.05130993573061, 573.3017301038038, 215.90252100838822, 571.9176470588204, 214.5184379634048, 569.4955017300995, 213.48037567966725, 559.8069204152156, 216.94058329212578, 549.42629757784, 218.3246663371092, 544.582006920398, 214.17241720215895, 536.9695501729893, 214.17241720215895, 532.8173010380391, 218.3246663371092, 529.3570934255805, 223.514977755797, 525.896885813122, 222.82293623330528, 517.2463667819757, 220.74681166583017, 507.55778546709183, 224.8990608007804, 495.7930795847328, 225.5911023232721, 490.9487889272909, 224.55304003953455, 484.0283737023738, 224.69037542205353, 459.97543988677967, 222.13089471081358, 451.8484429065095, 224.42739054368403, 447.8781354817818, 226.62916460700967, 435.5854671279544, 231.12743450320573, 414.1321799307116, 229.04695996046544, 401.47849728127954, 224.8947108255152, 391.44389520514983, 229.73900148295715, 385.21552150272447, 233.19920909541568, 381.06327236777423, 230.43104300544886, 356.8418190805645, 229.73900148295715, 329.5061789421421, 231.12308452794056, 321.54770143348753, 231.81512605043227, 315.665348492308, 233.8912506179074, 305.28472565493246, 232.50716757292398, 290.0598121601149, 231.12308452794056, 280.371230845231, 229.3929807217113, 282.44735541270614, 222.47256549679423, 301.1324765199822, 221.08848245181085, 305.97676717742416, 216.59021255561476, 330.19822046463383, 213.13000494315622, 358.2259021255479, 207.24765200197672, 380.02521008403664, 213.29773044512194, 390.07537610505386, 209.96836064726236, 405.29535232384046, 201.71131982204307, 417.0494315373429, 204.13346515076404, 425.3539298072434, 204.4794859120099, 429.8521997034395, 198.5971329708304, 437.8106772120941, 200.6732575383055, 444.3850716757653, 201.71131982204307, 452.68956994566577, 199.2891744933221, 460.64804745432036, 197.90509144833868, 467.5684626792374, 197.90509144833868, 484.8695007415301, 195.82896688086356, 506.6688087000188, 193.75284231338844, 515.3193277311651, 197.21304992584697, 519.1255561048695, 199.2891744933221, 524.6618882848031, 196.45971329709334, 531.5290163123744, 191.96144340089728, 533.6051408798495, 195.76767177460164, 537.7573900147997, 201.3040039545353, 544.6778052397168, 200.95798319328944, 555.4044488383382, 199.22787938706017, 564.7470093919762, 201.996045477027, 575.8196737518435, 198.53583786456846, 577.8957983193187, 198.1898171033226, 577.8957983193187, 185.38704893722607, 583.0861097380065, 172.23826000988365, 584.4701927829899, 164.97182402372073, 582.3940682155148, 163.2417202174915, 575.1276322293519, 160.1275333662788, 556.09649036083, 160.1275333662788, 547.4459713296836, 157.70538803755784, 542.6016806722417, 155.28324270883687, 536.7193277310622, 157.35936727631199, 530.8369747898827, 158.39742956004955, 527.3767671774242, 157.01334651506613, 507.3075630251647, 151.773801285233, 479.43766683144537, 146.5834898665452, 466.6348986653488, 147.62155215028275, 454.524172021744, 143.81532377657837, 430.994760257026, 140.35511616411983, 407.1193277310621, 135.85684626792374, 389.47226890752364, 138.97103311913642, 386.7041028175568, 137.24092931290716, 369.40306475526415, 135.16480474543204, 339.99130004936666, 139.31705388038228, 328.57261492825353, 135.16480474543204, 314.0397429559277, 133.08868017795692, 298.8148294611102, 129.8157192288705, 280.5048937221926, 131.54582303509977, 256.28344043498294, 124.27938704893687, 229.63984181905224, 122.5492832427076, 196.42184873945035, 122.5492832427076, 170.12427088476554, 127.28571428571429, 125.05081562036544, 139.0504201680733, 87.33455264456748, 151.95501730104678, 60.68225407810646, 152.30103806229263, 49.95561047948502, 154.7231833910136, 43.38121601581381]], "scale": 2, "viewpoint": 2, "zoom_in": 1, "landmarks": [157, 44, 2, 264, 54, 2, 319, 44, 2, 126, 203, 2, 143, 349, 2, 164, 585, 2, 200, 581, 2, 205, 388, 2, 230, 274, 2, 233, 397, 2, 213, 571, 2, 251, 578, 2, 291, 406, 2, 331, 230, 2], "style": 1, "bounding_box": [119, 41, 343, 590], "category_id": 8, "occlusion": 1, "category_name": "trousers"}}