{"source": "shop", "pair_id": 1208, "item1": {"segmentation": [[409.5233977341146, 31.882217722073477, 406.0110010398997, 30.642548300585858, 403.32505062667656, 29.609490449346183, 399.8126539324616, 27.749986317114754, 395.47381095725495, 23.824366482403967, 391.96141426304007, 22.997920201412224, 387.2093481473375, 21.75825077992461, 384.11017459361847, 19.898746647693184, 381.2176126101474, 16.79957309397414, 377.4986043456845, 14.320234250998908, 373.3663729407258, 12.254118548519548, 369.2341415357671, 12.254118548519548, 365.9283564118001, 13.287176399759229, 360.96967872584963, 15.76651524273446, 356.424224180395, 17.832630945213822, 348.57298451097347, 20.931804498932863, 342.16802583328746, 23.20453177166016, 331.16687647091044, 24.619396858409594, 325.5883640742162, 21.933446445186426, 324.1420830824806, 21.72683487493849, 321.6627442395054, 22.966504296426105, 319.18340539653013, 23.999562147665785, 316.0842318428111, 23.999562147665785, 314.01811614033176, 24.619396858409594, 311.53877729735655, 26.272289420393083, 309.0594384543813, 26.892124131136892, 305.7536533304143, 27.305347271632762, 298.72885994198447, 25.859066279897213, 291.49745498330674, 24.412785288161658, 288.81150457008357, 23.37972743692198, 285.29910787586863, 21.313611734442617, 284.05943845438105, 20.900388593946744, 282.40654589239756, 21.72683487493849, 281.78671118165374, 23.792950577417848, 280.13381861967025, 26.272289420393083, 277.4478682064471, 29.991297684855933, 277.4478682064471, 32.47063652783117, 278.48092605768676, 35.156586941054336, 279.51398390892643, 37.63592578402957, 278.6875376279347, 41.76815718898829, 276.4148103552074, 43.62766132121971, 272.69580209074456, 47.96650429642637, 272.07596738000075, 50.85906627989748, 272.90241366099247, 52.51195884188097, 274.9685293634718, 53.13179355262478, 276.6214219254553, 52.098735701385095, 281.1668764709099, 45.48716545345114, 286.7453888676042, 39.495429916260996, 287.365223578348, 40.73509933774861, 288.19166985933975, 43.214438180723846, 288.81150457008357, 44.660719172459395, 288.81150457008357, 47.34666958568256, 288.81150457008357, 50.03261999890574, 288.39828142958766, 52.92518198237684, 288.81150457008357, 56.64419024683969, 290.67100870231496, 59.33014066006286, 290.8776202725629, 62.84253735427777, 291.9106781238026, 66.35493404849268, 292.11728969405056, 68.42104975097205, 292.32390126429846, 70.90038859394728, 291.2908434130588, 73.99956214766632, 292.7371244047944, 80.61113239560026, 295.0098516775216, 83.91691751956725, 295.42307481801754, 84.94997537080692, 295.8193859121012, 96.54074763286074, 296.645832193093, 101.4994253188112, 297.88550161458056, 104.80521044277819, 300.57145202780373, 108.3176071369931, 301.3978983087955, 111.00355755021627, 302.2243445897872, 115.54901209567086, 302.84417930053104, 119.2680203601337, 303.8772371517707, 124.43330961633211, 304.9102950030104, 128.77215259153877, 305.3235181435063, 132.4911608560016, 304.7036834327625, 153.15231788079524, 302.4309561600352, 172.16058234360537, 299.39581851020745, 208.40216736905487, 298.5693722292157, 229.0633243938485, 296.7098680969843, 238.56745662525356, 296.9164796672322, 241.25340703847672, 298.3627606589678, 241.66663017897258, 298.3627606589678, 242.90629960046022, 298.77598379946363, 247.03853100541892, 299.8090416507033, 255.30299381533638, 300.8106835969569, 258.5169394121831, 301.63712987794867, 259.7566088336707, 302.0503530184445, 261.6161129659022, 302.87679929943624, 270.70702205681135, 304.1164687209239, 273.18636089978656, 304.7363034316677, 275.2524766022659, 308.83711893164025, 280.08428657435286, 311.9362924853593, 285.2495758305513, 313.7957966175907, 288.3487493842703, 317.3081933118056, 294.75370806195633, 320.82059000602055, 301.3652783098903, 321.0272015762685, 303.2247824421217, 312.76273876635105, 348.8738437961798, 304.70488752668155, 370.774670242461, 293.34125116304506, 400.11351321766796, 270.25997482349123, 457.59017021509476, 260.7558425920862, 481.3505007936074, 251.2517103606811, 502.83810409939275, 250.63187564993729, 506.97033550435145, 250.21865250944143, 509.6562859175746, 246.0864211044827, 518.7471950084838, 243.40047069125953, 524.738930545674, 240.9211318482843, 528.0447156696409, 239.47485085654876, 530.937277653112, 238.85501614580494, 534.243062777079, 228.73104920365608, 561.5520223304691, 219.84675168299484, 591.7173115866677, 215.92113184828403, 602.2545016693125, 215.7145202780361, 605.1470636527836, 215.30129713754022, 608.6594603469986, 209.57900498057026, 625.033714629741, 207.51288927809088, 630.6122270264352, 206.06660828635535, 638.0502435553609, 205.44677357561153, 641.3560286793279, 204.41371572437185, 643.0089212413114, 198.62859175742963, 650.653549340485, 196.1492529144544, 655.1990038859396, 196.7690876251982, 657.6783427289149, 198.00875704668584, 658.9180121504025, 199.24842646817345, 659.9510700016422, 198.4219801871817, 661.8105741338736, 196.7690876251982, 664.2899129768489, 195.5294182037106, 667.8023096710638, 192.90629960045968, 677.4055059931035, 191.4600186087241, 682.5707952493019, 188.98067976574887, 689.1823654972358, 188.15423348475713, 691.661704340211, 186.08811778227778, 694.7608778939301, 185.0550599310381, 697.0336051666574, 187.32778720376538, 699.5129440096326, 188.56745662525302, 699.5129440096326, 191.66663017897204, 700.3393902906244, 195.17902687318696, 702.4055059931037, 205.50960538558377, 706.5377373980624, 211.08811778227803, 708.8104646707898, 212.32778720376567, 710.6699688030211, 213.36084505500534, 713.9757539269881, 216.0467954682285, 716.2484811997155, 221.62530786492277, 719.3476547534344, 237.121175633518, 722.0336051666576, 247.99304909419328, 722.9083793990476, 264.7285862842761, 721.6687099775601, 268.6542061189869, 723.1149909692956, 271.1335449619621, 725.3877182420229, 273.19966066444147, 728.073668655246, 275.67899950741673, 731.379453779213, 278.77817306113576, 734.4786273329321, 283.94346231733414, 738.6108587378908, 290.66980460839585, 741.0587816758799, 302.4466641125282, 744.7777899403428, 308.6450112199663, 745.6042362213345, 313.8103004761647, 745.6042362213345, 316.7028624596358, 744.3645667998469, 321.45492857533833, 744.9844015105907, 339.0169120464129, 749.1166329155494, 345.215259153851, 749.1166329155494, 347.07476328608243, 748.2901866345577, 349.9673252695535, 745.3976246510866, 353.47972196376844, 744.5711783700948, 362.87630671556025, 742.9351978545235, 379.4052323353951, 741.488916862788, 395.7275463849821, 741.6955284330359, 396.55399266597385, 742.7285862842756, 397.7936620874614, 745.4145366974988, 398.20688522795734, 751.199660664441, 401.30605878167637, 753.4723879371683, 405.23167861638717, 753.4723879371683, 409.5705215915938, 755.5385036396476, 414.7358108477922, 759.2575119041105, 421.17820590005977, 760.8463685622025, 434.1947348256797, 761.2595917026985, 445.9715943298121, 758.9868644299711, 454.8558918504733, 756.5075255869959, 457.95506540419234, 755.4744677357562, 461.88068523890314, 755.0612445952603, 476.13688358601075, 755.6810793060041, 479.64928028022564, 754.0281867440207, 497.21126375130024, 746.1769470745991, 502.3765530074986, 744.5240545126156, 502.99638771824243, 745.3505007936074, 502.3765530074986, 747.4166164960867, 501.96332986700276, 749.689343768814, 503.2029992884904, 751.9620710415413, 505.88894970171356, 752.3752941820371, 507.3352306934491, 751.9620710415413, 508.9881232554326, 750.7224016200537, 511.2608505281599, 750.5157900498058, 517.25258606535, 750.5157900498058, 525.9302720157633, 749.895955339062, 528.8228339992345, 749.482732198566, 531.9220075529535, 748.2430627770784, 534.4013463959287, 745.9703355043512, 549.0429642603033, 746.7653658803569, 571.3570138470803, 750.4843741448196, 574.6627989710473, 750.0711510043237, 578.795030376006, 748.8314815828362, 581.4809807892292, 747.1785890208527, 582.7206502107168, 746.3521427398609, 593.0512287231137, 741.3934650539105, 595.117344425593, 738.9141262109353, 595.9437907065848, 736.43478736796, 