{"source": "shop", "pair_id": 1207, "item1": {"segmentation": [[293.9891826923076, 53.76236263736264, 316.6454326923077, 53.37173763736264, 337.7391826923077, 52.59048763736264, 356.0985576923077, 51.02798763736264, 376.0204326923077, 49.07486263736264, 376.4110576923077, 49.07486263736264, 385.39543269230774, 47.90298763736264, 405.31730769230774, 46.73111263736264, 405.31730769230774, 46.73111263736264, 422.11418269230774, 44.77798763736264, 440.86418269230774, 42.043612637362635, 454.53605769230774, 41.262362637362635, 470.50549450549454, 39.032967032967036, 481.83361950549454, 37.470467032967036, 480.66174450549454, 48.40796703296704, 480.03725961538413, 61.97321428571571, 480.27111950549454, 70.67359203296706, 481.83361950549454, 74.57984203296706, 481.83361950549454, 88.64234203296706, 481.05236950549454, 94.11109203296706, 481.05236950549454, 103.87671703296708, 478.7111950549452, 114.13581730769415, 478.3205700549452, 125.85456730769333, 477.14869505494534, 131.32331730769295, 479.8830700549451, 147.7295673076918, 480.2736950549451, 157.49519230769113, 480.89817994505495, 164.6806318681319, 484.41380494505495, 178.3525068681319, 486.75755494505495, 190.4618818681319, 489.10130494505495, 202.1806318681319, 488.32005494505495, 212.33688186813194, 485.97630494505495, 219.75875686813194, 485.19505494505495, 232.25875686813197, 487.14817994505495, 247.10250686813197, 488.6335851648352, 263.44196428571433, 490.1960851648352, 277.1138392857144, 489.88255494505495, 286.94625686813197, 487.66088598901104, 306.6035370879121, 491.95776098901104, 307.7754120879121, 488.83276098901104, 320.2754120879121, 488.05151098901104, 340.1972870879121, 490.00463598901104, 362.0722870879121, 490.78588598901104, 376.5254120879122, 488.83276098901104, 396.8379120879122, 487.27026098901104, 410.1191620879122, 485.31713598901104, 426.1347870879122, 486.48901098901104, 435.5097870879122, 487.66088598901104, 449.5722870879122, 486.79853479853483, 466.50549450549454, 485.25861764648124, 485.3386328127569, 485.02066404743306, 506.04059592994787, 483.75206043956047, 524.3179945054945, 481.40831043956047, 547.7554945054945, 481.2210012210012, 563.9462759462759, 479.06456043956047, 582.5211195054945, 477.89268543956047, 602.4429945054945, 475.5836195054942, 618.9532967032892, 473.23986950549437, 638.093921703288, 474.41174450549426, 647.0782967032873, 474.41174450549426, 663.0939217032861, 473.82967032967036, 682.517342032967, 473.82967032967036, 705.173592032967, 473.82967032967036, 705.173592032967, 473.23986950549454, 726.5911744505495, 472.26717032967036, 742.673592032967, 469.53279532967036, 758.689217032967, 471.48592032967036, 761.814217032967, 470.70467032967036, 765.329842032967, 471.0034602076125, 781.216015818092, 462.11092032967036, 782.517342032967, 452.5662774725275, 785.3095810439561, 442.0194024725275, 788.0439560439561, 435.3787774725275, 789.2158310439561, 425.6131524725275, 789.6064560439561, 412.7225274725275, 790.3877060439561, 397.0975274725275, 790.7783310439561, 384.9881524725274, 790.7783310439561, 383.8162774725274, 782.5752060439561, 381.2515453296703, 771.189217032967, 380.4702953296703, 766.892342032967, 380.8609203296703, 766.892342032967, 380.4702953296703, 752.048592032967, 377.960679945055, 727.2566964285716, 375.616929945055, 699.9129464285716, 374.054429945055, 679.9910714285716, 369.9234203296703, 645.017342032967, 368.976304945055, 635.8504464285714, 369.44994106239784, 628.6035210464277, 369.44994106239784, 617.1848359253204, 366.632554945055, 607.7254464285714, 362.5015453296703, 595.4079670329669, 357.648179945055, 555.7723214285714, 356.866929945055, 545.6160714285714, 357.6662087912088, 536.7331730769231, 351.1533035673408, 543.3923031162783, 319.5054748939338, 572.6605957992035, 302.97870879120876, 589.0769230769231, 285.00995879120876, 606.6550480769231, 269.38495879120876, 623.0612980769231, 258.72235576923083, 633.6390796703297, 240.7536057692308, 650.8265796703297, 228.64423076923077, 663.3265796703297, 217.31610576923077, 671.9203296703297, 212.23798076923077, 673.8734546703297, 211.84735576923077, 677.7797046703297, 200.90985576923077, 690.6703296703297, 195.05048076923077, 691.4515796703297, 186.45673076923077, 687.5453296703297, 176.69110576923075, 680.9047046703297, 163.40985576923075, 672.7015796703297, 152.47235576923075, 662.1547046703297, 141.53485576923072, 653.1703296703297, 133.72235576923072, 643.7953296703297, 132.94110576923072, 640.2797046703297, 142.31610576923072, 625.4359546703297, 147.39423076923072, 623.0922046703297, 152.08173076923075, 613.7172046703297, 161.45673076923075, 601.9984546703297, 169.65985576923075, 590.6703296703297, 179.42548076923075, 578.9515796703297, 188.40985576923077, 565.6703296703296, 197.39423076923077, 553.1703296703296, 208.72235576923077, 537.5453296703296, 221.61298076923077, 522.7015796703296, 230.20673076923077, 514.1078296703296, 250.88547390109892, 493.7117101648352, 261.0417239010989, 490.5867101648352, 268.5458447802198, 475.0528846153847, 280.26717032967133, 459.13753434065995, 280.65779532967133, 451.3250343406605, 279.4833447802198, 438.3341346153847, 279.7917239010989, 416.36796016483515, 280.1823489010989, 396.83671016483515, 280.53828983516485, 388.4831730769231, 282.10078983516485, 375.9831730769231, 284.05391483516485, 368.5612980769231, 280.53828983516485, 361.5300480769231, 279.75703983516485, 345.9050480769231, 280.14766483516485, 326.3737980769231, 278.97578983516485, 312.3112980769231, 278.58516483516485, 292.38942307692304, 278.58516483516485, 272.46754807692304, 278.58516483516485, 254.49879807692304, 280.68990384615387, 234.85182005494508, 275.1864697802198, 216.2302541208792, 270.53365384615387, 201.25807005494505, 268.9364697802198, 184.58962912087918, 267.79927884615387, 164.53932005494502, 268.58052884615387, 145.00807005494502, 271.08619505494505, 116.82263049450552, 275.77369505494505, 94.94763049450549, 283.7802197802198, 77.55837912087912, 287.88307005494505, 68.38513049450547]], "scale": 3, "viewpoint": 3, "zoom_in": 1, "landmarks": [481, 37, 1, 384, 44, 1, 294, 54, 1, 485, 251, 2, 488, 450, 2, 473, 782, 2, 386, 794, 2, 351, 443, 2, 311, 260, 2, 393, 502, 1, 198, 695, 2, 138, 640, 2, 284, 462, 2, 281, 255, 2], "style": 1, "bounding_box": [129, 0, 492, 795], "category_id": 8, "occlusion": 2, "category_name": "trousers"}}