{"source": "shop", "pair_id": 1231, "item1": {"segmentation": [[280.33342792281496, 169.74265749148694, 272.91155292281496, 173.64890749148694, 261.58342792281496, 176.38328249148694, 252.59905292281496, 178.72703249148694, 243.61467792281496, 179.89890749148694, 235.02092792281496, 182.63328249148694, 228.38030292281496, 186.53953249148694, 221.73967792281496, 193.57078249148694, 217.05217792281496, 202.94578249148694, 212.75530292281496, 213.49265749148694, 210.80217792281496, 220.52390749148694, 209.63030292281496, 232.24265749148694, 206.11467792281496, 247.47703249148694, 204.55217792281496, 262.7114074914869, 201.42717792281496, 279.5082824914869, 197.13030292281496, 298.6489074914869, 192.83342792281496, 318.1801574914869, 191.27092792281496, 328.7270324914869, 192.44280292281496, 334.1957824914869, 196.34905292281496, 334.5864074914869, 203.38030292281496, 334.5864074914869, 209.23967792281496, 333.4145324914869, 217.44280292281496, 330.2895324914869, 216.474886492622, 351.1824276390465, 217.646761492622, 368.7605526390465, 218.428011492622, 392.9793026390465, 219.209261492622, 404.3074276390465, 220.771761492622, 423.0574276390465, 222.334261492622, 443.7605526390465, 222.724886492622, 465.2449276390465, 223.485119892168, 498.2274226730988, 223.485119892168, 520.8836726730988, 223.485119892168, 540.8055476730988, 222.703869892168, 564.6336726730988, 222.703869892168, 588.4617976730988, 222.313244892168, 613.4617976730988, 223.485119892168, 634.9461726730988, 225.047619892168, 657.2117976730988, 225.9938989784336, 673.3145927922815, 225.9938989784336, 673.3145927922815, 226.3845239784336, 692.8458427922815, 230.2907739784336, 692.8458427922815, 233.8063989784336, 692.0645927922815, 234.9782739784336, 684.6427177922815, 245.1345239784336, 683.0802177922815, 256.0720239784336, 680.7364677922815, 262.7126489784336, 679.5645927922815, 267.0095239784336, 683.0802177922815, 271.3063989784336, 685.8145927922815, 277.9470239784336, 687.3770927922815, 285.3688989784336, 688.5489677922815, 295.1345239784336, 686.9864677922815, 301.3845239784336, 685.4239677922815, 310.7595239784336, 684.6427177922815, 316.6188989784336, 684.6427177922815, 322.0876489784336, 686.5958427922815, 326.7751489784336, 688.9395927922815, 333.0251489784336, 692.8458427922815, 339.6657739784336, 693.6270927922815, 347.47827397843355, 694.7989677922815, 354.11889897843355, 694.7989677922815, 357.24389897843355, 694.4083427922815, 359.97827397843355, 691.2833427922815, 365.90442324063565, 689.9050262485812, 377.62317324063565, 690.6862762485812, 387.77942324063565, 691.8581512485812, 396.76379824063565, 691.4675262485812, 404.18567324063565, 689.9050262485812, 407.31067324063565, 688.3425262485812, 406.92004824063565, 677.7956512485812, 406.52942324063565, 657.0925262485812, 404.96692324063565, 641.0769012485812, 404.57629824063565, 625.4519012485812, 404.57629824063565, 604.3581512485812, 404.57629824063565, 584.8269012485812, 403.17820658342794, 550.1786854426788, 402.39695658342794, 527.9130604426788, 402.00633158342794, 504.0849354426788, 402.78758158342794, 477.9130604426788, 403.17820658342794, 459.9443104426788, 403.17820658342794, 443.9286854426788, 401.61570658342794, 425.1786854426788, 400.44383158342794, 408.7724354426788, 400.05320658342794, 390.4130604426788, 399.4159690692395, 373.1822857548241, 398.2440940692395, 358.3385357548241, 396.2909690692395, 343.4947857548241, 394.7284690692395, 330.6041607548241, 394.7284690692395, 325.5260357548241, 397.4628440692395, 322.7916607548241, 404.8847190692395, 322.4010357548241, 414.2597190692395, 324.7447857548241, 422.0722190692395, 328.2604107548241, 427.5409690692395, 333.7291607548241, 428.3222190692395, 338.8072857548241, 430.2753440692395, 333.7291607548241, 431.8378440692395, 329.0416607548241, 431.8378440692395, 323.5729107548241, 429.8847190692395, 316.9322857548241, 429.1034690692395, 305.2135357548241, 427.3153731555051, 285.9653447786606, 426.9247481555051, 269.1684697786606, 427.3153731555051, 256.6684697786606, 427.3153731555051, 240.2622197786606, 428.0966231555051, 230.4965947786606, 424.9716231555051, 217.9965947786606, 422.2372481555051, 210.1840947786606, 418.3309981555051, 202.7622197786606, 413.6434981555051, 197.6840947786606, 408.1747481555051, 194.5590947786606, 396.0653731555051, 187.9184697786606, 388.992089954597, 184.77121169125994, 380.398339954597, 180.86496169125994, 373.757714954597, 187.50558669125994, 362.429589954597, 194.53683669125994, 356.570214954597, 197.27121169125994, 348.757714954597, 201.56808669125994, 337.820214954597, 204.69308669125994, 328.054589954597, 205.47433669125994, 316.335839954597, 203.52121169125994, 306.570214954597, 201.17746169125994, 297.585839954597, 195.70871169125994, 293.679589954597, 192.58371169125994, 286.648339954597, 185.16183669125994, 283.5233399545971, 177.34933669125994]], "scale": 2, "viewpoint": 2, "zoom_in": 1, "landmarks": [319, 184, 1, 277, 171, 2, 294, 195, 2, 328, 207, 2, 356, 198, 1, 380, 181, 1, 231, 190, 2, 205, 262, 2, 193, 333, 2, 242, 321, 2, 246, 305, 2, 246, 278, 2, 247, 295, 2, 219, 368, 2, 221, 403, 2, 227, 522, 2, 234, 692, 2, 326, 688, 2, 407, 690, 2, 399, 528, 2, 397, 392, 2, 396, 342, 1, 393, 292, 2, 399, 259, 2, 401, 286, 2, 398, 322, 1, 434, 323, 2, 429, 267, 2, 424, 211, 2], "style": 1, "bounding_box": [178, 168, 435, 705], "category_id": 10, "occlusion": 1, "category_name": "short sleeve dress"}}