{"source": "shop", "pair_id": 1231, "item1": {"segmentation": [[429.36533413734395, 189.5238010783201, 418.81845913734395, 191.4769260783201, 409.05283413734395, 194.9925510783201, 396.94345913734395, 202.4144260783201, 392.64658413734395, 208.2738010783201, 389.91220913734395, 216.0863010783201, 388.34970913734395, 231.3206760783201, 389.52158413734395, 245.7738010783201, 389.91220913734395, 256.7113010783201, 390.30283413734395, 275.0706760783201, 390.69345913734395, 289.9144260783201, 390.69345913734395, 301.6331760783201, 391.08408413734395, 312.96130107832005, 391.08408413734395, 315.69567607832005, 397.33408413734395, 316.86755107832005, 414.13095913734395, 319.21130107832005, 414.13095913734395, 315.30505107832005, 412.56845913734395, 311.00817607832005, 418.81845913734395, 309.83630107832005, 417.39317891600456, 326.75693459137347, 416.22130391600456, 341.21005959137347, 416.61192891600456, 356.83505959137347, 418.95567891600456, 372.46005959137347, 420.90880391600456, 385.35068459137347, 421.29942891600456, 396.28818459137347, 421.29942891600456, 404.10068459137347, 420.51817891600456, 412.69443459137347, 418.95567891600456, 420.89755959137347, 419.34630391600456, 424.02255959137347, 421.29942891600456, 424.80380959137347, 422.47130391600456, 440.81943459137347, 420.7035861237231, 473.89046538024974, 420.7035861237231, 494.20296538024974, 420.7035861237231, 509.82796538024974, 416.9110740635642, 530.5496772133939, 414.1766990635642, 536.7996772133939, 413.0048240635642, 539.9246772133939, 413.7860740635642, 542.6590522133939, 418.0829490635642, 542.6590522133939, 425.1141990635642, 542.6590522133939, 429.4110740635642, 542.2684272133939, 434.0985740635642, 540.7059272133939, 437.2235740635642, 536.7996772133939, 439.5673240635642, 532.8934272133939, 448.5516990635642, 530.9403022133939, 457.1454490635642, 530.9403022133939, 463.3954490635642, 531.3309272133939, 470.8173240635642, 529.7684272133939, 471.2079490635642, 531.7215522133939, 474.7235740635642, 530.9403022133939, 486.0516990635642, 530.1590522133939, 492.3016990635642, 528.9871772133939, 497.3798240635642, 528.2059272133939, 496.9891990635642, 532.1121772133939, 497.7704490635642, 535.2371772133939, 502.8485740635642, 535.2371772133939, 508.3173240635642, 532.8934272133939, 516.5204490635641, 532.1121772133939, 523.5516990635641, 533.2840522133939, 531.3641990635641, 534.8465522133939, 538.7860740635641, 534.8465522133939, 546.9891990635641, 533.6746772133939, 553.2391990635641, 532.8934272133939, 557.9266990635641, 528.2059272133939, 561.4423240635641, 525.4715522133939, 562.2235740635641, 518.8309272133939, 561.0516990635641, 512.1903022133939, 561.0516990635641, 505.9403022133939, 559.8798240635641, 491.0965522133939, 559.8798240635641, 480.1590522133939, 558.7079490635641, 468.8309272133939, 556.7548240635641, 449.2996772133939, 555.1923240635641, 433.6746772133939, 554.0204490635641, 430.1590522133939, 552.0673240635641, 416.8778022133939, 550.8954490635641, 403.5965522133939, 548.632165153235, 390.35469282065833, 547.850915153235, 380.97969282065833, 547.850915153235, 368.08906782065833, 546.288415153235, 358.71406782065833, 543.554040153235, 347.38594282065833, 539.257165153235, 336.44844282065833, 534.569665153235, 321.60469282065833, 531.835290153235, 310.66719282065833, 529.491540153235, 302.46406782065833, 527.929040153235, 294.26094282065833, 533.397790153235, 294.26094282065833, 544.335290153235, 295.82344282065833, 552.147790153235, 295.82344282065833, 558.788415153235, 295.82344282065833, 558.397790153235, 293.47969282065833, 555.272790153235, 282.93281782065833, 550.975915153235, 268.47969282065833, 547.460290153235, 254.80781782065836, 543.944665153235, 241.91719282065836, 539.6255320658342, 222.47229710556186, 538.4536570658342, 217.78479710556186, 538.0630320658342, 213.09729710556186, 533.7661570658342, 204.50354710556186, 531.8130320658342, 198.64417210556186, 529.0786570658342, 193.17542210556186, 524.7817820658342, 188.87854710556186, 517.7505320658342, 186.14417210556186, 512.6724070658342, 184.97229710556186, 506.42240706583425, 182.62854710556186, 501.73490706583425, 182.23792210556186, 497.82865706583425, 187.70667210556186, 490.40678206583425, 196.69104710556186, 485.71928206583425, 199.81604710556186, 478.68803206583425, 202.94104710556186, 469.70365706583425, 206.84729710556186, 458.37553206583425, 208.01917210556186, 448.21928206583425, 206.45667210556186, 444.70365706583425, 204.89417210556186, 438.06303206583425, 199.81604710556186]], "scale": 2, "viewpoint": 2, "zoom_in": 1, "landmarks": [464, 196, 1, 429, 193, 2, 445, 206, 2, 468, 209, 2, 485, 200, 1, 498, 187, 1, 399, 207, 2, 392, 253, 2, 394, 319, 2, 439, 309, 2, 435, 290, 2, 431, 263, 2, 432, 279, 2, 424, 318, 1, 418, 356, 2, 424, 440, 2, 418, 537, 2, 491, 526, 2, 561, 526, 2, 554, 429, 2, 543, 339, 2, 529, 302, 2, 522, 266, 2, 523, 245, 2, 523, 271, 2, 527, 296, 2, 559, 293, 2, 549, 251, 2, 530, 200, 2], "style": 1, "bounding_box": [383, 181, 563, 544], "category_id": 10, "occlusion": 1, "category_name": "short sleeve dress"}}