{"source": "shop", "pair_id": 1231, "item1": {"segmentation": [[270.17655717934167, 228.41985314982975, 254.94218217934167, 231.93547814982975, 240.09843217934167, 234.66985314982975, 229.16093217934167, 237.40422814982975, 220.95780717934167, 240.13860314982975, 212.36405717934167, 245.21672814982975, 209.23905717934167, 248.34172814982975, 203.37968217934167, 256.54485314982975, 198.69218217934167, 264.74797814982975, 194.39530717934167, 275.29485314982975, 190.87968217934167, 285.06047814982975, 190.48905717934167, 287.79485314982975, 189.70780717934167, 297.16985314982975, 187.75468217934167, 310.45110314982975, 184.62968217934167, 324.51360314982975, 181.89530717934167, 338.18547814982975, 178.37968217934167, 350.2948531498297, 173.69218217934167, 369.8261031498297, 169.96825340522133, 386.68913166855845, 165.28075340522133, 404.65788166855845, 164.10887840522133, 415.20475666855845, 162.54637840522133, 423.40788166855845, 162.15575340522133, 430.04850666855845, 166.45262840522133, 431.61100666855845, 177.39012840522133, 434.34538166855845, 192.23387840522133, 436.68913166855845, 203.95262840522133, 436.29850666855845, 217.23387840522133, 438.64225666855845, 228.56200340522133, 440.98600666855845, 237.93700340522133, 442.93913166855845, 230.00274900681043, 458.9572396424517, 226.48712400681043, 465.9884896424517, 218.67462400681043, 489.4259896424517, 215.54962400681043, 504.6603646424517, 213.20587400681043, 516.7697396424517, 213.20587400681043, 528.4884896424517, 214.37774900681043, 545.6759896424517, 215.54962400681043, 565.2072396424517, 218.28399900681043, 590.5978646424517, 219.88729072077186, 615.2944097616345, 223.01229072077186, 639.5131597616345, 224.96541572077186, 652.7944097616345, 226.13729072077186, 672.7162847616345, 229.26229072077186, 691.8569097616345, 232.38729072077186, 709.4350347616345, 233.16854072077186, 726.2319097616345, 233.14876560726447, 749.632342508513, 234.32064060726447, 760.179217508513, 234.32064060726447, 774.632342508513, 234.32064060726447, 792.991717508513, 232.36751560726447, 808.616717508513, 230.41439060726447, 822.679217508513, 228.85189060726447, 833.616717508513, 227.28939060726447, 846.897967508513, 225.74666572077186, 853.8080838535755, 225.74666572077186, 857.3237088535755, 230.04354072077186, 858.8862088535755, 236.29354072077186, 858.8862088535755, 247.23104072077186, 856.9330838535755, 255.04354072077186, 853.4174588535755, 258.55916572077183, 849.5112088535755, 267.93416572077183, 849.5112088535755, 283.94979072077183, 851.0737088535755, 294.49666572077183, 851.4643338535755, 299.57479072077183, 852.6362088535755, 306.21541572077183, 853.0268338535755, 321.84041572077183, 853.8080838535755, 337.85604072077183, 853.4174588535755, 350.74666572077183, 853.4174588535755, 361.0939273552781, 853.315479568672, 367.3439273552781, 855.268604568672, 375.9376773552781, 856.440479568672, 387.2658023552781, 856.440479568672, 408.3595523552781, 856.831104568672, 415.3908023552781, 855.268604568672, 425.1564273552781, 854.487354568672, 433.3595523552781, 852.143604568672, 438.8283023552781, 850.190479568672, 447.0314273552781, 845.112354568672, 442.7345523552781, 823.237354568672, 442.3439273552781, 806.831104568672, 441.1720523552781, 788.471729568672, 440.7814273552781, 765.815479568672, 441.1720523552781, 738.081104568672, 441.13188138479, 710.1532349602724, 440.74125638479, 664.4501099602724, 439.56938138479, 643.3563599602724, 438.00688138479, 609.3719849602724, 436.83500638479, 589.4501099602724, 436.83500638479, 574.6063599602724, 436.83500638479, 562.8876099602724, 435.27250638479, 556.2469849602724, 436.44438138479, 537.4969849602724, 437.61625638479, 518.3563599602724, 438.39750638479, 501.95010996027236, 438.66451475595915, 473.0184981555051, 439.05513975595915, 443.7216231555051, 439.05513975595915, 423.0184981555051, 441.39888975595915, 410.9091231555051, 442.57076475595915, 400.7528731555051, 444.13326475595915, 390.5966231555051, 444.52388975595915, 382.3934981555051, 448.03951475595915, 378.0966231555051, 448.03951475595915, 375.7528731555051, 452.33638975595915, 375.7528731555051, 462.88326475595915, 380.4403731555051, 474.60201475595915, 385.1278731555051, 490.22701475595915, 389.4247481555051, 498.03951475595915, 391.7684981555051, 504.68013975595915, 394.5028731555051, 513.2738897559591, 399.5809981555051, 518.7426397559591, 403.8778731555051, 527.7270147559591, 405.8309981555051, 524.9926397559591, 402.3153731555051, 522.2582647559591, 398.7997481555051, 519.1332647559591, 381.6122481555051, 517.5707647559591, 370.2841231555051, 514.8363897559591, 360.9091231555051, 511.71138975595915, 349.1903731555051, 507.80513975595915, 339.8153731555051, 504.28951475595915, 331.6122481555051, 505.46138975595915, 325.3622481555051, 509.36763975595915, 316.7684981555051, 509.36763975595915, 315.2059981555051, 505.07076475595915, 316.7684981555051, 498.82076475595915, 318.7216231555051, 494.91451475595915, 310.9091231555051, 490.22701475595915, 301.1434981555051, 486.32076475595915, 296.0653731555051, 482.02388975595915, 293.3309981555051, 476.16451475595915, 291.7684981555051, 471.08638975595915, 287.8622481555051, 467.96138975595915, 283.5653731555051, 466.78951475595915, 277.7059981555051, 459.75888549943244, 268.3056363507378, 455.85263549943244, 262.8368863507378, 449.21201049943244, 256.5868863507378, 444.91513549943244, 252.6806363507378, 441.00888549943244, 247.2118863507378, 434.36826049943244, 243.3056363507378, 430.46201049943244, 239.7900113507378, 418.35263549943244, 230.4150113507378, 407.02451049943244, 226.8993863507378, 394.91513549943244, 236.2743863507378, 378.89951049943244, 249.9462613507378, 371.08701049943244, 255.4150113507378, 357.02451049943244, 260.4931363507378, 345.6963854994325, 262.8368863507378, 335.1495104994325, 262.4462613507378, 323.4307604994325, 261.2743863507378, 308.7044196935301, 258.7458321509648, 295.8137946935301, 250.93333215096482, 284.4856696935301, 241.94895715096482, 274.7200446935301, 225.15208215096482]], "scale": 2, "viewpoint": 2, "zoom_in": 1, "landmarks": [336, 245, 1, 272, 232, 1, 307, 260, 2, 340, 268, 2, 378, 250, 1, 406, 227, 1, 211, 248, 2, 185, 342, 2, 162, 428, 2, 236, 437, 2, 243, 395, 2, 241, 347, 2, 243, 373, 2, 227, 465, 1, 217, 529, 2, 230, 650, 2, 227, 857, 2, 370, 852, 2, 443, 849, 2, 435, 644, 2, 422, 502, 2, 417, 434, 2, 412, 347, 1, 419, 311, 1, 453, 374, 2, 520, 402, 2, 506, 324, 2, 470, 294, 2, 435, 247, 2], "style": 1, "bounding_box": [156, 213, 525, 866], "category_id": 10, "occlusion": 2, "category_name": "short sleeve dress"}}