{"source": "shop", "pair_id": 1231, "item1": {"segmentation": [[294.56033626560725, 170.93430760499433, 287.13846126560725, 173.27805760499433, 281.27908626560725, 176.79368260499433, 268.38846126560725, 179.91868260499433, 262.13846126560725, 182.65305760499433, 254.32596126560725, 189.29368260499433, 251.20096126560725, 194.37180760499433, 249.24783626560725, 206.48118260499436, 249.24783626560725, 218.98118260499436, 247.68533626560722, 233.82493260499436, 247.68533626560722, 249.4499326049944, 248.85721126560725, 263.9030576049944, 248.85721126560725, 277.9655576049944, 249.24783626560725, 287.3405576049944, 247.68533626560722, 288.5124326049944, 244.41508229284904, 299.33066118047674, 237.77445729284904, 315.73691118047674, 235.43070729284904, 333.70566118047674, 234.25883229284904, 358.7056611804768, 233.86820729284904, 379.0181611804768, 231.91508229284904, 398.5494111804768, 224.82140323496026, 461.3430228433598, 221.30577823496026, 491.0305228433598, 218.96202823496026, 507.0461478433598, 215.44640323496026, 531.6555228433598, 208.80577823496026, 563.6867728433598, 202.94640323496026, 591.4211478433598, 198.25890323496026, 610.9523978433599, 192.8921325198638, 639.3907846197503, 190.9390075198638, 650.7189096197503, 187.4233825198638, 662.4376596197503, 185.4702575198638, 674.9376596197503, 189.3765075198638, 674.9376596197503, 194.0640075198638, 666.3439096197503, 197.5796325198638, 657.7501596197503, 203.8296325198638, 646.0314096197503, 219.84525751986382, 645.6407846197503, 223.36088251986382, 642.9064096197503, 226.09525751986382, 631.1876596197503, 226.48588251986382, 628.4532846197503, 236.64213251986382, 623.3751596197503, 243.67338251986382, 621.4220346197503, 251.87650751986382, 620.6407846197503, 255.00150751986382, 637.8282846197503, 257.3452575198638, 658.9220346197503, 258.9077575198638, 680.7970346197503, 260.0796325198638, 691.3439096197503, 260.4702575198638, 696.0314096197503, 267.1108825198638, 699.5470346197503, 274.9233825198638, 702.2814096197503, 285.4702575198638, 702.2814096197503, 297.9702575198638, 701.1095346197503, 308.5171325198638, 699.5470346197503, 325.73061506810444, 698.0475844211123, 324.94936506810444, 691.0163344211123, 324.16811506810444, 685.1569594211123, 333.54311506810444, 678.1257094211123, 343.69936506810444, 672.6569594211123, 353.85561506810444, 667.5788344211123, 358.93374006810444, 663.2819594211123, 359.32436506810444, 655.4694594211123, 358.54311506810444, 644.9225844211123, 358.54311506810444, 634.7663344211123, 356.58999006810444, 623.0475844211123, 355.41811506810444, 603.5163344211123, 357.22784832576616, 571.4170686719636, 360.74347332576616, 544.0733186719636, 367.77472332576616, 521.0264436719636, 369.33722332576616, 512.0420686719636, 373.63409832576616, 489.38581867196365, 375.97784832576616, 478.44831867196365, 377.54034832576616, 465.94831867196365, 379.88409832576616, 452.66706867196365, 381.44659832576616, 437.04206867196365, 381.44659832576616, 431.18269367196365, 383.00909832576616, 426.4951936719636, 382.61847332576616, 421.0264436719636, 381.05597332576616, 398.7608186719636, 381.83722332576616, 383.9170686719636, 382.61847332576616, 378.4483186719636, 385.35284832576616, 368.2920686719636, 387.69659832576616, 357.3545686719636, 389.8759399829739, 349.72128618047674, 394.5634399829739, 336.83066118047674, 399.6415649829739, 336.04941118047674, 403.9384399829739, 334.48691118047674, 406.6728149829739, 332.14316118047674, 406.6728149829739, 316.90878618047674, 405.8915649829739, 291.51816118047674, 405.8915649829739, 283.31503618047674, 401.5946899829739, 250.5025361804767, 400.8134399829739, 221.59628618047668, 400.8134399829739, 206.36191118047668, 394.6252482973893, 191.22641174801362, 386.8127482973893, 183.02328674801362, 377.4377482973893, 172.47641174801362, 368.4533732973893, 168.96078674801362, 355.5627482973893, 170.91391174801362, 340.71899829738925, 172.08578674801362, 319.62524829738925, 171.30453674801362, 304.78149829738925, 170.13266174801362]], "scale": 2, "viewpoint": 3, "zoom_in": 1, "landmarks": [353, 173, 1, 386, 182, 1, 0, 0, 0, 0, 0, 0, 0, 0, 0, 301, 173, 2, 402, 207, 1, 406, 282, 2, 409, 329, 2, 385, 329, 1, 384, 278, 1, 386, 242, 1, 392, 263, 1, 389, 316, 2, 382, 376, 2, 369, 511, 2, 360, 656, 2, 307, 699, 2, 191, 672, 2, 218, 501, 2, 235, 387, 2, 236, 315, 1, 238, 254, 1, 296, 257, 2, 297, 309, 2, 291, 356, 2, 252, 296, 2, 251, 254, 2, 257, 199, 2], "style": 1, "bounding_box": [178, 153, 415, 705], "category_id": 10, "occlusion": 2, "category_name": "short sleeve dress"}}