{"source": "shop", "pair_id": 1231, "item1": {"segmentation": [[280.90885712258796, 186.8479533200908, 270.36198212258796, 189.9729533200908, 257.47135712258796, 192.3167033200908, 244.97135712258796, 194.2698283200908, 232.47135712258796, 198.9573283200908, 225.83073212258796, 205.5979533200908, 221.92448212258796, 214.5823283200908, 219.58073212258796, 228.6448283200908, 214.89323212258796, 255.59795332009077, 211.76823212258796, 275.51982832009077, 207.86198212258796, 291.92607832009077, 206.29948212258796, 300.51982832009077, 205.90885712258796, 307.94170332009077, 207.86198212258796, 315.75420332009077, 211.37760712258796, 325.91045332009077, 215.28385712258796, 334.11357832009077, 217.62760712258796, 331.76982832009077, 220.36198212258796, 325.51982832009077, 223.87760712258796, 320.05107832009077, 228.95573212258796, 316.53545332009077, 233.64323212258796, 314.58232832009077, 238.72135712258796, 316.14482832009077, 239.00814060726447, 326.01739855278095, 240.18001560726447, 351.01739855278095, 241.35189060726447, 376.40802355278095, 242.91439060726447, 402.97052355278095, 242.13314060726447, 423.67364855278095, 241.35189060726447, 446.72052355278095, 240.18001560726447, 470.54864855278095, 239.912386492622, 490.02553916004535, 239.131136492622, 502.52553916004535, 238.349886492622, 514.2442891600454, 233.662386492622, 521.6661641600454, 230.537386492622, 535.7286641600454, 231.318636492622, 552.9161641600454, 229.756136492622, 566.1974141600454, 229.756136492622, 566.1974141600454, 227.803011492622, 588.4630391600454, 224.678011492622, 605.2599141600454, 223.115511492622, 613.8536641600454, 221.943636492622, 621.6661641600454, 220.381136492622, 628.6974141600454, 218.818636492622, 633.3849141600454, 222.724886492622, 634.5567891600454, 228.974886492622, 633.7755391600454, 237.568636492622, 632.2130391600454, 241.474886492622, 631.4317891600454, 248.896761492622, 635.3380391600454, 253.974886492622, 637.6817891600454, 261.787386492622, 640.0255391600454, 268.818636492622, 643.5411641600454, 280.146761492622, 642.7599141600454, 286.787386492622, 642.3692891600454, 296.943636492622, 640.4161641600454, 307.099886492622, 636.1192891600454, 312.568636492622, 636.5099141600454, 316.865511492622, 636.5099141600454, 319.990511492622, 641.5880391600454, 326.631136492622, 646.6661641600454, 335.615511492622, 651.3536641600454, 346.553011492622, 653.6974141600454, 358.662386492622, 653.6974141600454, 371.98939415437, 651.2331512485812, 379.41126915437, 647.3269012485812, 382.14564415437, 643.0300262485812, 384.53080661180473, 640.1689309023836, 387.26518161180473, 625.3251809023836, 389.99955661180473, 605.4033059023836, 391.95268161180473, 581.5751809023836, 393.51518161180473, 560.0908059023836, 394.29643161180473, 540.9501809023836, 395.07768161180473, 519.4658059023836, 396.24955661180473, 503.84080590238364, 397.81205661180473, 472.7521105278093, 397.03080661180473, 450.4864855278093, 394.29643161180473, 428.2208605278093, 392.34330661180473, 407.5177355278093, 390.78080661180473, 397.3614855278093, 390.39018161180473, 387.2052355278093, 392.15788166855845, 375.68734038024974, 390.20475666855845, 359.67171538024974, 387.86100666855845, 348.34359038024974, 386.07229001135073, 331.937961123723, 384.90041501135073, 316.312961123723, 384.11916501135073, 300.687961123723, 393.10354001135073, 302.641086123723, 402.08791501135073, 306.156711123723, 409.50979001135073, 311.625461123723, 413.80666501135073, 313.578586123723, 413.41604001135073, 322.172336123723, 412.24416501135073, 333.109836123723, 412.24416501135073, 336.625461123723, 416.93166501135073, 333.891086123723, 417.71291501135073, 330.375461123723, 417.71291501135073, 328.422336123723, 417.71291501135073, 325.297336123723, 420.05666501135073, 322.562961123723, 420.05666501135073, 317.094211123723, 417.32229001135073, 308.891086123723, 415.75979001135073, 303.812961123723, 414.19729001135073, 289.750461123723, 412.63479001135073, 279.984836123723, 411.85354001135073, 262.797336123723, 410.68166501135073, 250.29733612372303, 411.3405398694665, 242.2147240351873, 411.3405398694665, 232.4490990351873, 408.9967898694665, 222.2928490351873, 407.8249148694665, 213.6990990351873, 406.6530398694665, 207.0584740351873, 400.7936648694665, 200.0272240351873, 394.9342898694665, 196.1209740351873, 390.2467898694665, 193.7772240351873, 383.9967898694665, 191.4334740351873, 370.7155398694665, 190.6522240351873, 358.9967898694665, 191.4334740351873, 356.2624148694665, 191.4334740351873, 352.7467898694665, 194.9490990351873, 345.7155398694665, 202.7615990351873, 341.0280398694665, 207.8397240351873, 333.2155398694665, 211.7459740351873, 321.8874148694665, 212.5272240351873, 312.1217898694665, 212.9178490351873, 302.3561648694665, 210.9647240351873, 293.3717898694665, 206.6678490351873, 287.1217898694665, 199.6365990351873, 282.8249148694665, 194.5584740351873]], "scale": 2, "viewpoint": 2, "zoom_in": 1, "landmarks": [315, 198, 1, 281, 188, 2, 292, 208, 2, 310, 215, 2, 341, 205, 1, 354, 194, 1, 235, 204, 2, 216, 269, 2, 213, 333, 2, 239, 315, 2, 241, 298, 2, 239, 270, 2, 240, 279, 2, 245, 355, 2, 247, 402, 2, 236, 507, 2, 222, 632, 2, 314, 637, 2, 383, 645, 2, 394, 521, 2, 390, 403, 2, 386, 349, 2, 384, 291, 1, 388, 260, 1, 387, 275, 1, 383, 301, 1, 419, 329, 2, 411, 251, 2, 405, 208, 2], "style": 1, "bounding_box": [196, 184, 424, 662], "category_id": 10, "occlusion": 2, "category_name": "short sleeve dress"}}