{"source": "shop", "pair_id": 1235, "item1": {"segmentation": [[301.8445568272557, 134.82510953099143, 301.61868427612336, 140.34165219632303, 300.6959622461349, 148.3385764562229, 299.31187920115224, 157.5657967561074, 296.98528461158196, 166.85548668939663, 295.13984055160506, 175.31377196429077, 293.29439649162816, 182.84933520919645, 291.7565264416474, 190.07732444410595, 289.14214735668014, 195.15229560904243, 286.5277682717129, 191.92276850408285, 285.0518101659968, 195.31879961637745, 286.28210620598145, 200.39377078131392, 286.4358932109795, 209.00584306120612, 287.6661892509641, 218.54063737108677, 289.3578463059429, 232.22768081591545, 290.4841079719972, 243.95817331457476, 293.25227406196257, 257.03006873941115, 295.8641097464625, 266.1806743813666, 293.55730467149135, 273.10108960627997, 289.40505553654333, 282.32830990616446, 285.2528064015953, 297.39943639597584, 279.8702612266627, 309.08724877582955, 273.24978981034326, 324.1563895543135, 269.4051146853914, 339.3813030491229, 265.56043956043953, 354.14485552893814, 261.1006164154954, 371.21521308372445, 258.17866332053194, 386.9014875935281, 254.9861718443032, 406.09347207963145, 252.65820082036294, 424.58131787861515, 251.2952837243494, 441.77205723918485, 249.75741367436865, 459.3037758089654, 247.27194527886556, 477.0421351044192, 246.04164923888095, 495.95793671918244, 245.27271421389057, 513.7972292989591, 242.6583351289233, 527.791846753784, 240.8128910689464, 535.7887710136838, 240.33174053935306, 549.3819536864519, 240.02416652935693, 562.4538491112882, 239.25523150436655, 571.9886434211688, 239.5628055143627, 579.2166326560783, 240.33174053935306, 586.9059829059821, 243.1618185735831, 592.5073281197849, 250.08223379849647, 596.3520032447368, 257.31022303340603, 600.5042523796849, 265.6147213033021, 602.964844459654, 275.1495156131827, 602.811057454656, 278.3790427181423, 602.5034834446598, 279.1479777431327, 606.963306589604, 279.4555517531288, 612.6534257745327, 286.9048844273759, 614.3527130309137, 301.2070758921969, 615.4292220659003, 317.50849842199284, 615.7367960758963, 329.6576718168408, 614.8140740459079, 343.8060762766637, 612.968629985931, 360.4354200201949, 611.2125175862201, 372.43080641004474, 609.5208605312413, 385.96406284987535, 609.6746475362394, 397.34430121973287, 608.7519255062509, 414.0578898225953, 606.5542416061448, 428.05250727742015, 604.4012235361719, 440.04789366727, 602.863353486191, 444.200142802218, 600.8641224212162, 442.9308254221752, 593.6112568707726, 442.46946440718096, 579.7704264209459, 441.8862652149847, 564.2820470571334, 442.0400522199828, 549.9798555923123, 441.57869120498856, 535.5238771224933, 440.96354318499624, 521.3754726626704, 439.070889894419, 501.99266554283815, 438.45574187442674, 484.92230798805184, 436.30272380445365, 465.54514535829435, 434.76485375447294, 442.0157335935889, 433.4228931391558, 422.9303268818833, 431.8850230891751, 408.1667744020681, 430.0395790291982, 394.47973095723944, 427.11762593423475, 380.3313264974165, 423.42673781428095, 363.4147559476283, 419.9764249591238, 348.12991621988147, 415.82417582417577, 328.90654059512207, 411.9795006992239, 315.83464517028574, 406.7654452429537, 302.6281945659104, 401.69047407801725, 291.4017432010509, 396.15414189808655, 283.71239295114714, 393.3859758081212, 277.7146997562222, 393.66867350258343, 270.73690169883895, 395.97547857755455, 264.43163449391784, 399.8896958481733, 253.3264636171204, 399.27454782818097, 246.09847438221087, 397.4291037682041, 239.94699418228788, 395.38266347262874, 230.76443971253636, 393.38343240765374, 224.15159849761915, 391.53798834767684, 216.15467423771923, 390.28535939262576, 208.98605354660702, 391.58519757827725, 202.11539095276143, 394.5913955325719, 194.83764908678413, 397.9747096425295, 186.68693782188615, 401.6706845634181, 177.97790368032582, 405.9767207033642, 170.28855343042207, 409.97518283331414, 163.67571221550483, 413.4031627734048, 152.59033085330648, 416.17132886337015, 147.05399867337576, 418.6765867734723, 145.44404307726077, 415.7546336785089, 143.75238602228194, 411.0070260381677, 143.09257217215665, 404.85554583824467, 142.32363714716627, 400.3957226933005, 140.3244060821913, 395.4745385333621, 137.71002699722402, 392.09122442340447, 135.86458293724712, 389.9382063534314, 133.7115648672741, 386.8624662534699, 133.40399085727793, 381.78749508853343, 134.7880739022606, 378.7117549885719, 136.17215694724328, 374.09814483862965, 136.78730496723557, 369.0079132708889, 138.3921737624158, 364.24051611594854, 140.2376178223927, 357.1663138860371, 140.54519183238884, 349.9383246511276, 141.16033985238116, 344.0944184612007, 139.77625680739848, 337.78915125627964, 137.62323873742542, 332.09903207135085, 135.00885965245814, 327.9467829364028, 130.85661051751012, 324.4096818214471, 128.39601843754093, 319.4884976615087, 125.62785234757557, 316.761896312069, 127.90469430607806, 313.6861562121075, 130.5190733910453, 309.99526809215365, 133.44102648600875, 305.84301895720563, 134.67132252599333]], "scale": 2, "viewpoint": 2, "zoom_in": 1, "landmarks": [348, 131, 1, 321, 130, 2, 338, 137, 1, 349, 141, 1, 372, 138, 2, 387, 136, 2, 304, 136, 2, 289, 208, 2, 291, 238, 2, 299, 264, 2, 259, 391, 2, 244, 591, 2, 346, 610, 2, 444, 598, 2, 427, 390, 2, 393, 273, 2, 398, 242, 1, 391, 204, 1, 416, 147, 2], "style": 1, "bounding_box": [229, 126, 449, 616], "category_id": 12, "occlusion": 2, "category_name": "vest dress"}}