{"source": "shop", "pair_id": 1267, "item1": {"segmentation": [[317.76483516483523, 331.9208791208792, 322.8163078644389, 331.08404148361416, 321.39231356041614, 333.7896306612575, 324.9522993204731, 340.76720275096915, 329.0818828021392, 346.17838110625576, 335.91705546144857, 355.29194465200163, 341.75543210794206, 361.27272072889735, 350.19222595586234, 369.03422032512947, 359.0765234765235, 373.9928980110799, 367.34098628644085, 376.4722368540551, 373.7459449641268, 376.678848424303, 377.0016892198711, 375.8346562528381, 375.9686313686314, 373.9751521206067, 373.90251566615206, 371.28920170738354, 374.93557351739173, 369.0164744346563, 378.4479702116066, 365.91730088093726, 380.9273090545818, 363.64457360821, 385.6793751702843, 360.95862319498684, 392.4975569884661, 359.92556534374717, 397.04301153392066, 359.3057306330034, 398.28268095540824, 363.23135046771415, 399.89294692491563, 360.44937348162705, 402.4561366721566, 355.46539341754726, 404.89425120334215, 350.62804468259014, 406.3405321950777, 344.0164744346563, 406.9603669058215, 338.8511851784579, 407.1553178754319, 334.1054788572054, 407.0129184450296, 331.9694874011712, 411.4273007875002, 334.95987543961905, 417.29094541821814, 336.57845790573066, 422.3920569284757, 338.51986119967603, 428.94243072698055, 340.08625493410113, 436.505821451276, 341.74374716192904, 443.7372264099537, 344.2230860049042, 449.1091272364, 346.4958132776315, 452.208300790119, 349.38837526110257, 455.72069748433387, 354.14044137680503, 457.7868131868132, 358.6858959222596, 458.61325946780494, 365.5040777404414, 458.61325946780494, 373.5619289801108, 459.0264826083008, 383.47928435201163, 458.61325946780494, 393.3966397239125, 457.58020161656526, 400.8346562528381, 456.75375533557354, 405.3801107982926, 456.5471437653256, 412.4049041867224, 455.72069748433387, 422.7354826991191, 455.51408591408597, 431.8263917900282, 454.5175843736186, 441.42647221059474, 453.8055872216072, 446.26805284427223, 453.0347470711107, 449.59498683135047, 450.01146126600673, 455.67230950867315, 447.9453455635274, 461.04421033511943, 446.9122877122877, 466.2094995913178, 444.4072248150568, 471.0455537342688, 440.56244019419523, 473.8935423423144, 436.71765557333373, 477.16872924156684, 432.87287095247217, 479.1623212671987, 429.8824829140243, 479.304720697601, 425.0409022803468, 477.3111286719691, 423.47450854592176, 477.8807263935782, 424.1865056979331, 480.4439161408192, 421.48091652028984, 483.14950531846256, 422.5933432178361, 488.6206447877503, 425.72613068668625, 493.60462485183007, 426.0445191172464, 499.887185541731, 425.83790754699845, 505.2590863681773, 431.22938826926014, 514.0330538809712, 434.9820936628344, 522.5117092234927, 437.83008227088, 529.6316807436067, 441.6245466886265, 539.9497502141861, 443.902937575063, 545.2185291390705, 445.4661194981594, 554.8727841044679, 446.6053149413776, 561.8503561941795, 448.0293092454004, 564.6983448022252, 447.17491266298674, 569.682324866305, 448.8837058278141, 574.3815060695802, 449.7381024102278, 577.9414918296371, 449.0261052582164, 582.49827360251, 449.88050184063, 592.0326118168056, 449.8661883570975, 610.4098810280628, 448.90833154030025, 624.9472253627468, 446.9147395146683, 641.3231598590089, 446.9147395146683, 649.8671256831457, 445.0635469194387, 651.8607177087777, 442.2155583113931, 651.5759188479731, 439.5099691337498, 649.7247262527434, 417.9808863973337, 648.2611159577341, 408.8673228515878, 649.2579119705501, 391.92179063371657, 651.5363028569866, 382.33177737179165, 651.9356636243787, 374.38512396694216, 653.3431477613296, 364.47724230202004, 654.5695186977495, 353.79728502184906, 655.2815158497609, 341.32727272727277, 656.4423213150486, 333.43416647432315, 656.7055101537837, 325.7445972326001, 655.85111357137, 319.3366228644975, 652.8607255329222, 314.06784393961317, 645.3135557216013, 311.1619834710744, 639.706784124966, 309.92327017944683, 629.1860159064861, 309.0688735970332, 613.8068774230399, 307.21768100180356, 599.9941326740188, 306.93288214099897, 587.0357845074113, 307.21768100180356, 577.4950226704586, 307.07528157140126, 571.6566460239652, 306.93288214099897, 563.2550796302307, 307.21768100180356, 555.7079098189099, 308.4372899827446, 543.8422123331214, 309.05712469348833, 536.4041958041959, 310.9166288257198, 529.3794024157661, 311.18023934058124, 518.8532206134913, 313.6025792389429, 514.7099809281628, 315.16742339184503, 506.3220707380907, 316.8857687766779, 501.63690854599946, 317.87301256948837, 495.6421134579198, 318.727409151902, 493.07892371067874, 318.1578114302929, 487.098147633783, 316.5453780822242, 471.6301417343782, 315.2637832086037, 461.3773827454141, 315.406182639006, 447.7070374267953, 316.4378902760755, 433.2187166330837, 315.3036747751303, 421.87656162363186, 316.05981844242706, 405.43043685992666, 308.309345852635, 391.2527430981118, 304.9066993497994, 388.2281684289247, 304.930723459524, 382.96026195235885, 283.16756891501666, 354.20170340056904, 283.56641540277906, 344.6879484152212, 289.9256486424729, 340.5346932840316, 294.2734747294294, 338.077226365317, 300.13358815097956, 335.0526516961299, 308.9796385432749, 334.56398147307243], [284.8366124595188, 344.91846641362264, 283.0258383535885, 347.091395340739, 280.30967719469305, 352.70479506912284, 279.22321273113494, 358.6803496186928, 278.13674826757676, 365.1991364000418, 277.2313612146116, 372.26115541316994, 276.1448967510534, 381.31502594282136, 276.1448967510534, 390.5499738830658, 275.78274192986737, 401.05246369746146, 276.6466343977435, 409.30952497027647, 277.3709440401156, 419.99309219526515, 278.4574085036738, 430.8577368308469, 279.724950377825, 440.09268477109134, 279.54387296723195, 454.03564538675454, 280.44926002019713, 461.4598192210687, 281.1735696625692, 464.9002900223362, 279.36279555663896, 466.5299867176735, 280.2681826096041, 469.2461478765689, 281.5357244837553, 471.6001542142783, 281.5357244837553, 473.9541605519877, 280.81141484138317, 477.03247653206915, 280.08710519901103, 480.83510215452276, 280.08710519901103, 489.70789527358113, 280.08710519901103, 496.9509916973023, 280.85290942647214, 519.4924211144221, 281.21506424765823, 527.8219820017014, 281.7582964794373, 533.2543043194922, 282.66368353240244, 541.7649426173646, 283.3879931747746, 548.6458842198996, 283.93122540655366, 555.8889806436208, 284.11230281714666, 563.313154477935, 284.65553504892574, 570.19409608047, 284.11230281714666, 576.712882861819, 282.66368353240244, 581.6019729478309, 283.3879931747746, 588.4829145503659, 290.26893477730965, 588.3018371397728, 295.52017968450747, 587.7586049079938, 299.6849601281471, 587.5775274974008, 304.0308179823798, 587.0342952656217, 306.3848243200892, 583.4127470537611, 306.20374690949615, 576.16965063004, 308.9199080683916, 566.0293156368303, 306.9280565518683, 564.9428511732722, 306.3848243200892, 557.1565225177719, 306.5659017306822, 546.1108004715973, 307.2902113730543, 534.5218461936435, 308.01452101542645, 530.1759883394108, 308.01452101542645, 521.4842726309454, 308.9422691387382, 503.4738129231566, 308.9422691387382, 494.4199423935051, 310.5719658340754, 482.64991070495824, 310.20981101288936, 475.5878916918302, 308.9198238434535, 451.50261949770464, 308.7307879266293, 438.08106940318663, 309.4869315939261, 426.5498784769105, 310.2430752612229, 419.7445854712394, 311.0745103696666, 409.1874618817127, 310.81018301169547, 397.0602754523357, 313.0663618861899, 382.93123734572356, 312.5231296544108, 377.4989150279327, 307.4920360761918, 365.88356523512704, 304.05156527492426, 359.7269332749641, 299.16247518891254, 356.64861729488257, 294.27338510290076, 351.94060461946384]], "scale": 1, "viewpoint": 2, "zoom_in": 1,