{"source": "shop", "pair_id": 1267, "item1": {"segmentation": [[345.860989010989, 257.41483516483515, 346.110989010989, 265.66483516483515, 350.11098901098893, 271.66483516483515, 353.61098901098893, 279.9148351648351, 357.11098901098893, 288.6648351648351, 359.61098901098893, 295.1648351648351, 362.86098901098893, 298.1648351648351, 368.36098901098893, 303.1648351648351, 379.11098901098893, 308.6648351648351, 387.11098901098893, 311.9148351648351, 400.1109890109889, 315.1648351648351, 404.1109890109889, 315.1648351648351, 412.6109890109889, 315.4148351648351, 422.6109890109889, 313.4148351648351, 432.1961538461539, 307.243956043956, 439.94615384615383, 300.243956043956, 447.94615384615383, 285.493956043956, 452.94615384615383, 271.4939560439561, 454.94615384615383, 261.2439560439561, 456.0060439560439, 258.01263736263735, 459.2560439560439, 257.26263736263735, 465.1749800372635, 256.98524658732185, 472.095395262177, 259.75341267728726, 482.2560439560439, 261.51263736263735, 488.0123502794782, 262.8675995284984, 493.8947032206547, 265.6357656184638, 500.81511844556826, 269.44199399216626, 506.0054298642534, 274.2862846496057, 516.3860527016237, 288.4731358606785, 518.7560439560439, 299.2626373626373, 523.6524886877829, 333.4558348226166, 526.4206547777484, 348.3347275561807, 528.8428001064682, 364.2516825734819, 531.8524126392638, 392.5767823871628, 531.8524126392638, 406.0715920757442, 531.5063918780181, 417.4902771968516, 528.392205026807, 429.6010038404503, 521.0603901289027, 440.306011635423, 506.8735389178299, 448.054085706681, 493.37872922924845, 452.20633484162914, 489.2264800943003, 460.1648123502797, 491.3430548690064, 474.48649758545906, 493.7652001977261, 491.78753564774297, 495.1492832427088, 515.6629681736947, 497.25645081562055, 538.3438685881596, 500.97362637362636, 560.5120879120878, 501.8241758241758, 580.0747252747252, 503.8598501844179, 599.4572189056612, 504.55189170690926, 619.5264230579105, 504.8979124681549, 636.4814403589487, 502.421978021978, 651.6483516483516, 479.11483516483514, 661.0153846153846, 462.3648351648352, 665.7653846153846, 451.3648351648352, 668.0153846153846, 427.3648351648352, 670.2653846153846, 408.11483516483526, 670.0153846153846, 370.78241758241757, 672.6868131868132, 350.78241758241757, 673.1868131868132, 341.53241758241757, 671.6868131868132, 329.2824175824176, 669.1868131868132, 321.5324175824176, 663.6868131868132, 314.2824175824176, 655.9368131868132, 310.2824175824176, 652.1868131868132, 308.0324175824176, 640.6868131868132, 305.35274725274724, 626.3060439560439, 303.85274725274724, 611.8060439560439, 302.35274725274724, 601.8060439560439, 299.59440282900493, 578.6791969276397, 299.2483820677592, 559.3020342978821, 300.63246511274195, 543.7311000418267, 298.5563405452679, 540.6169131906156, 294.0580706490741, 542.6930377580896, 287.13765542416064, 542.6930377580896, 276.7570325867904, 547.1913076542834, 270.1826381231226, 551.3435567892316, 268.7985550781399, 544.423141564318, 269.49059660063125, 535.7726225331762, 270.215719228868, 531.2669835354956, 268.3291455948897, 521.8704893722202, 271.0973116848552, 517.3722194760263, 266.06347009391993, 508.77563405452673, 262.7928134149589, 500.4172021749881, 260.02464732499345, 491.07464162135483, 256.218418951291, 469.62135442412284, 251.02810753260584, 450.24419179436484, 251.02810753260584, 436.0573405832921, 254.48831514506264, 418.7563025210082, 257.25648123502805, 403.1853682649527, 260.37066808623916, 388.99851705387994, 265.21495874367866, 367.19920909540224, 267.63710407239836, 352.3203163618381, 267.9520818282064, 334.84399406821547, 270.7202479181718, 318.92703905091446, 274.18045553062854, 302.6640632723678, 281.7929122780334, 285.0170044488384, 290.44343130917525, 274.63638161146815, 294.59568044412333, 270.4841324765201, 306.7064070877219, 264.6017795353436, 317.7790714475835, 261.48759268413255, 333.35000570363883, 258.71942659416715]], "scale": 2, "viewpoint": 2, "zoom_in": 1, "landmarks": [396, 261, 1, 347, 258, 2, 362, 297, 2, 404, 318, 2, 440, 307, 1, 456, 259, 2, 293, 275, 1, 268, 353, 1, 251, 435, 1, 260, 491, 1, 271, 553, 2, 301, 542, 2, 295, 487, 1, 293, 437, 1, 291, 400, 1, 304, 362, 1, 308, 382, 1, 308, 411, 1, 308, 447, 1, 299, 533, 1, 314, 655, 2, 408, 669, 2, 504, 652, 1, 497, 538, 1, 482, 437, 1, 485, 407, 1, 486, 372, 1, 483, 343, 1, 495, 375, 1, 517, 405, 1, 485, 358, 1, 465, 317, 1, 425, 332, 1, 455, 390, 1, 489, 460, 1, 530, 364, 1, 507, 273, 1], "style": 1, "bounding_box": [238, 244, 541, 679], "category_id": 11, "occlusion": 3, "category_name": "long sleeve dress"}}