{"source": "shop", "pair_id": 1291, "item1": {"segmentation": [[113.73221712125307, 217.44958142046957, 115.43354037267086, 227.65752092897634, 114.29932487172567, 245.23786119362683, 112.40896570348369, 261.49495004050794, 110.1405347015933, 277.37396705374067, 107.3049959492303, 291.3626248987314, 101.16975425330818, 325.8067512827433, 96.82192816635161, 351.89370780448274, 94.74253308128542, 365.31525789900087, 90.20567107750463, 387.81053200108056, 85.65914123683498, 420.3658655144474, 82.2564947339994, 437.00102619497693, 81.12227923305421, 449.2883607885499, 79.42095598163641, 463.2770186335406, 76.96348906292184, 482.5586821496089, 75.45120172832824, 496.54733999459967, 72.4684310018904, 519.6645962732913, 69.82192816635161, 538.1901161220628, 68.68771266540641, 561.4415338914393, 66.60831758034023, 570.1371860653525, 65.47410207939502, 579.5889819065625, 65.85217391304343, 582.991628409398, 70.5780718336484, 582.2354847421012, 78.32854442344056, 584.1258439103432, 90.6158790170135, 583.1806643262222, 96.66502835538788, 580.9122333243319, 101.57996219281705, 579.0218741560898, 107.81814744801561, 575.9972994869026, 111.97693761814799, 574.2959762354849, 112.35500945179639, 565.6003240615717, 118.21512287334656, 564.0880367269781, 126.9107750472597, 561.4415338914393, 129.9353497164469, 559.7402106400215, 137.30775047259067, 558.7950310559005, 141.22290035106678, 558.4266270591411, 145.75976235484757, 557.8595193086685, 145.94879827167176, 567.6893869835268, 145.94879827167176, 577.330218741561, 145.38169052119918, 582.6232244126385, 146.89397785579277, 586.2149068322983, 149.72951660815573, 588.6723737510129, 155.21155819605752, 590.3736970024307, 163.90721036997067, 591.3188765865517, 177.1397245476646, 591.1298406697275, 185.64634080475355, 588.1052660005403, 188.48187955711654, 586.5929786659467, 193.20777747772152, 583.5684039967596, 201.33632190116208, 583.001296246287, 225.01101809343754, 586.1425330812855, 235.78606535241687, 587.2767485822307, 246.37207669457203, 586.1425330812855, 248.4514717796382, 584.6302457466918, 250.3418309478802, 582.3618147448014, 251.6650823656496, 584.2521739130434, 253.93351336754, 586.8986767485823, 260.36073453956277, 588.4109640831758, 271.7028895490147, 589.545179584121, 287.0147988117748, 589.545179584121, 301.3815284904139, 586.8986767485823, 306.10742641101893, 583.3069943289224, 307.80874966243675, 578.203024574669, 311.9675398325691, 581.9837429111531, 313.8578990008111, 584.2521739130434, 325.8027005130973, 586.7305428031327, 337.3338914393735, 587.8647583040779, 348.297974615177, 587.8647583040779, 360.58530920874995, 586.3524709694843, 368.1467458817179, 584.2730758844182, 372.11650013502606, 582.0046448825277, 375.70818255468583, 578.2239265460438, 377.22046988927946, 574.2541722927356, 382.3244396435328, 568.961166621658, 388.9406967323798, 561.39972994869, 395.745989738051, 556.1067242776124, 402.0544217687074, 551.1909297052158, 406.3628117913832, 545.2952380952383, 405.22902494331066, 528.7419501133787, 403.6920334863624, 515.4365649473399, 402.5578179854172, 501.4479071023492, 400.2893869835268, 487.45924925735847, 398.02095598163646, 473.2815554955435, 396.69770456386703, 457.4025384823108, 394.6657304887931, 445.7038617337299, 393.15344315419946, 439.27664056170715, 392.5863354037269, 428.87966513637616, 389.9398325681881, 416.2142587091548, 388.2385093167703, 407.8966783688901, 386.1591142317041, 395.23127194166875, 383.14240362811756, 376.550566893424, 380.4213151927434, 353.4213151927434, 378.59767755873617, 344.0025384823108, 376.91626434507344, 319.4333201424625, 372.48413138108447, 288.1313810842903, 369.99105658884065, 265.41669964384675, 367.22097348634753, 248.24218440838942, 364.4508903838544, 236.60783537791832, 364.1738820736051, 221.3723783142062, 366.6669568658489, 207.2449544914913, 373.86917293233097, 178.9901068460615, 378.5783142065693, 162.36960823110283, 382.2323703996834, 144.4812030075191, 377.2462208151958, 141.15710328452738, 368.10494657696853, 141.15710328452738, 345.11325682627563, 143.65017807677117, 337.35702413929494, 145.31222793826706, 318.79746735259107, 150.02136921250533, 301.0689354966351, 153.06846062524778, 286.9415116739202, 155.28452710724227, 258.0842896715479, 159.92409972299174, 241.74079936683847, 161.03213296398897, 217.08705975464974, 160.47811634349037, 189.10922041946927, 155.76897506925206, 166.67154728927505, 151.3368421052631, 147.55797388207253, 148.28975069252064, 141.36018994855613, 145.6808072813613, 127.78678274633984, 143.18773248911748, 116.42944202611807, 145.9578155916106, 110.61226751088253, 148.72789869410371, 103.13304313415112, 152.05199841709546, 99.25492679066076, 155.6531064503365, 97.59287692916489, 158.1461812425803, 100.362960031658, 162.5783142065693, 104.24107637514837, 170.88856351404866, 108.11919271863873, 185.57000395726214, 110.33525920063322, 199.42041946972773]], "scale": 3, "viewpoint": 1, "zoom_in": 1, "landmarks": [100, 159, 2, 242, 161, 2, 384, 146, 2, 95, 365, 2, 68, 581, 2, 248, 585, 2, 407, 546, 2, 378, 344, 2], "style": 3, "bounding_box": [62, 139, 410, 596], "category_id": 9, "occlusion": 1, "category_name": "skirt"}}