{"source": "shop", "pair_id": 1303, "item1": {"segmentation": [[363.2269230769231, 191.44676434676435, 355.58803418803416, 191.79398656898655, 348.64358974358976, 189.71065323565324, 345.51858974358976, 187.97454212454213, 344.65053418803416, 181.72454212454213, 344.8241452991453, 172.3495421245421, 344.8241452991453, 169.74537545787544, 338.40053418803416, 169.74537545787544, 332.67136752136753, 170.09259768009767, 326.94220085470084, 170.7870421245421, 323.81720085470084, 173.04398656898655, 321.21303418803416, 178.2523199023199, 319.30331196581193, 184.15509768009767, 318.08803418803416, 192.3148199023199, 316.69914529914524, 202.90509768009767, 315.3102564102564, 210.7175976800977, 314.7894230769231, 218.70370879120878, 313.57414529914524, 229.29398656898658, 312.01164529914524, 235.8912087912088, 312.01164529914524, 241.62037545787547, 312.1852564102564, 247.34954212454215, 312.1852564102564, 253.25231990231993, 314.16947496947495, 263.98780525030526, 316.0791971916972, 270.06419413919417, 319.2041971916972, 275.6197496947497, 322.3291971916972, 281.6961385836386, 325.28058608058603, 290.7239163614164, 325.8014194139194, 296.10586080586086, 325.62780830280826, 302.87669413919417, 324.4125305250305, 308.60586080586086, 323.54447496947495, 310.34197191697194, 320.41947496947495, 312.4253052503053, 318.1625305250305, 314.6822496947497, 316.0791971916972, 317.8072496947497, 313.64864163614163, 321.4530830280831, 311.7389194139194, 323.88363858363863, 312.08614163614163, 326.31419413919417, 302.1417582417582, 335.51715506715504, 284.25981379731377, 346.28104395604396, 259.25981379731377, 354.9615995115995, 241.55148046398043, 368.3296550671551, 224.12973137973137, 384.4220238095238, 216.6644536019536, 389.6303571428571, 210.76167582417582, 394.83869047619044, 206.76862026862025, 400.91507936507935, 200.51862026862025, 409.5956349206349, 196.17834249084248, 415.8456349206349, 192.35889804639802, 422.9636904761905, 191.7684829059829, 426.70013736263735, 193.1573717948718, 431.21402625152626, 194.7198717948718, 433.6445818070818, 196.97681623931624, 437.9848595848596, 199.2337606837607, 435.03347069597066, 200.9698717948718, 429.1306929181929, 202.5323717948718, 427.0473595848596, 206.69903846153846, 428.08902625152626, 213.64348290598292, 431.56124847374844, 220.24070512820515, 434.8598595848596, 226.49070512820515, 439.02652625152626, 232.2198717948718, 442.15152625152626, 237.60181623931626, 445.1029151404151, 248.53931623931626, 450.3112484737485, 259.50792124542124, 455.33299755799754, 277.73708791208793, 460.3677197802198, 299.0912545787546, 466.09688644688646, 321.31347680097684, 471.3052197802198, 329.64681013431016, 474.08299755799754, 338.5085927960928, 476.316452991453, 346.668315018315, 477.878952991453, 354.30720390720387, 478.3997863247863, 368.1960927960928, 473.7122863247863, 380.86970390720387, 470.2400641025641, 393.543315018315, 466.59423076923076, 408.47387057387056, 461.0386752136752, 418.3697039072039, 455.83034188034185, 428.41924603174607, 451.50952380952384, 434.4956349206349, 448.73174603174607, 442.65535714285716, 446.4748015873016, 451.1623015873016, 442.48174603174607, 459.1484126984127, 439.8775793650794, 465.91924603174607, 440.2248015873016, 478.245634920635, 436.40535714285716, 479.63452380952384, 433.6275793650794, 482.58591269841276, 432.9331349206349, 486.40535714285716, 430.8498015873016, 489.00952380952384, 429.8081349206349, 495.60674603174607, 428.2456349206349, 498.558134920635, 427.20396825396824, 502.37757936507944, 425.64146825396824, 509.6728327228327, 423.01626984126983, 510.54088827838825, 416.59265873015875, 510.54088827838825, 411.2107142857143, 509.1519993894994, 407.564880952381, 503.59644383394385, 404.9607142857143, 496.6519993894994, 400.2732142857143, 489.70755494505494, 394.71765873015875, 479.9853327228327, 385.6898809523809, 471.131166056166, 376.3148809523809, 464.5339438339438, 368.84960317460315, 459.15199938949934, 362.9468253968254, 454.11727716727717, 357.738492063492, 448.21449938949934, 351.8357142857143, 441.02081807081805, 344.9682234432234, 436.6805402930403, 340.1071123321123, 431.2985958485958, 335.9404456654456, 426.95831807081805, 331.77377899877894, 423.4860958485958, 327.2598901098901, 419.31942918192914, 322.74600122100117, 416.02081807081805, 317.53766788766785, 414.2847069597069, 313.1973901098901, 413.7638736263736, 307.9890567765567, 414.45831807081805, 304.3432234432234, 415.15276251526245, 299.8293345543345, 415.3263736263736, 292.0168345543345, 416.02081807081805, 284.2043345543345, 417.75692918192914, 279.16961233211225, 419.5630647130647, 273.4263431013431, 421.2991758241758, 267.3499542124542, 427.20195360195356, 258.0894993894994, 431.54223137973133, 250.7978327228327, 434.49362026862025, 245.24227716727717, 438.4866758241758, 234.9992216117216, 439.8480463980464, 228.35546398046398, 433.4244352869353, 228.00824175824175, 431.88945360195356, 233.08949938949937, 430.3229242979243, 239.83772893772897, 428.41723137973133, 244.20061050061048, 426.5075091575091, 247.84644383394382, 417.82695360195356, 248.02005494505494, 407.7575091575091, 245.9367216117216, 393.3477869352869, 239.51311050061048, 390.5700091575091, 236.5617216117216, 390.0491758241758, 229.61727716727714, 389.87556471306465, 224.58255494505494, 391.6116758241758, 220.76311050061048, 395.95195360195356, 213.99227716727714, 399.9450091575091, 208.7839438339438, 403.5908424908424, 202.88116605616602, 409.49160561660557, 197.3640873015873, 414.0054945054945, 193.89186507936506, 421.0980463980464, 194.32768620268618, 432.3665621275069, 207.65271203897632, 433.0772130647131, 222.7999084249084, 440.54249084249085, 221.58463064713064, 435.85499084249085, 201.61935286935284, 424.9429945054945, 184.16964285714283, 421.47077228327225, 182.25992063492063, 419.2138278388278, 180.52380952380952, 416.78327228327225, 178.09325396825395, 413.31105006105, 176.53075396825395, 409.3179945054945, 176.35714285714283, 404.45688339438334, 177.5724206349206, 402.54716117216117, 179.30853174603175, 397.3388278388278, 181.9126984126984, 393.51938339438334, 183.99603174603175, 389.87355006105, 186.07936507936506, 385.0124389499389, 188.1626984126984, 380.84577228327225, 189.5515873015873, 373.55410561660557, 190.94047619047618], [433.58104395604397, 228.35344932844933, 433.4074328449329, 225.74928266178267, 433.06021062271066, 222.62428266178267, 436.5324328449329, 221.7562271062271, 440.5254884004884, 221.06178266178267, 440.5254884004884, 225.40206043956044, 439.6574328449329, 228.87428266178267]], "scale": 2, "viewpoint": 2, "zoom_in": 1, "landmarks": [371, 173, 1, 345, 171, 1, 347, 190, 2, 367, 193, 2, 387, 189, 2, 404, 180, 2, 326, 173, 1, 313, 246, 2, 322, 280, 2, 322, 314, 2, 259, 354, 1, 194, 426, 2, 367, 473, 2, 512, 415, 1, 464, 370, 2, 418, 323, 2, 416, 286, 2, 429, 254, 1, 422, 188, 1], "style": 1, "bounding_box": [185, 167, 512, 480], "category_id": 12, "occlusion": 2, "category_name": "vest dress"}}