{"source": "shop", "pair_id": 1303, "item1": {"segmentation": [[246.64742063492062, 171.3734126984127, 239.18214285714285, 172.06785714285715, 234.66825396825396, 169.6373015873016, 232.58492063492062, 165.81785714285715, 231.54325396825396, 159.91507936507938, 229.80714285714285, 154.53313492063492, 227.37658730158728, 152.6234126984127, 217.65436507936505, 153.49146825396826, 212.44603174603174, 155.9220238095238, 203.93908730158728, 159.22063492063492, 199.25158730158728, 161.6511904761905, 197.51547619047616, 163.5609126984127, 199.5988095238095, 172.7623015873016, 200.29325396825394, 181.26924603174604, 198.2099206349206, 193.24841269841272, 197.51547619047616, 202.4498015873016, 195.60575396825394, 212.51924603174606, 193.3488095238095, 219.63730158730164, 193.1751984126984, 225.19285714285718, 192.72123015873015, 232.56369047619046, 192.72123015873015, 243.8484126984127, 193.76289682539684, 261.3831349206349, 194.8045634920635, 279.2650793650794, 194.9781746031746, 284.64702380952383, 193.2420634920635, 292.6331349206349, 192.20039682539684, 298.1886904761905, 191.50595238095238, 301.3136904761905, 188.20734126984127, 304.6123015873016, 184.56150793650795, 308.6053571428572, 182.82539682539684, 311.9039682539683, 173.3436507936508, 324.01646825396824, 162.4061507936508, 339.64146825396824, 152.68392857142857, 353.53035714285716, 143.82976190476188, 368.2873015873016, 135.32281746031745, 382.3498015873016, 128.89920634920634, 391.7248015873016, 122.27380952380953, 401.83412698412695, 114.1140873015873, 414.16051587301587, 105.08630952380952, 428.22301587301587, 94.84325396825396, 443.84801587301587, 89.63492063492063, 452.70218253968255, 82.6984126984127, 461.9498015873016, 78.70535714285714, 468.5470238095238, 75.23313492063491, 473.58174603174604, 72.10813492063491, 477.74841269841266, 71.7609126984127, 481.5678571428571, 73.84424603174602, 484.51924603174604, 76.62202380952381, 486.60257936507935, 79.74702380952381, 488.33869047619044, 83.21924603174602, 490.0748015873016, 88.08035714285714, 491.81091269841266, 92.59424603174604, 492.67896825396826, 97.97619047619048, 493.1998015873016, 100.75396825396825, 493.37341269841266, 104.74702380952382, 493.89424603174604, 108.21924603174604, 494.7623015873016, 112.2123015873016, 495.80396825396826, 115.68452380952382, 496.6720238095238, 119.50396825396828, 498.2345238095238, 121.93452380952382, 499.2761904761905, 124.88591269841271, 501.3595238095238, 126.44841269841271, 504.6581349206349, 128.87896825396828, 507.7831349206349, 131.30952380952382, 510.7345238095238, 133.7400793650794, 514.206746031746, 134.78174603174605, 517.331746031746, 138.9484126984127, 520.8039682539683, 144.6775793650794, 521.8456349206349, 147.45535714285717, 521.8456349206349, 155.7845238095238, 523.5281746031746, 160.81924603174602, 524.2226190476191, 164.29146825396825, 527.3476190476191, 168.97896825396825, 528.0420634920636, 173.1456349206349, 528.9101190476191, 176.61785714285713, 529.6045634920636, 180.4373015873016, 529.9517857142857, 185.1248015873016, 529.9517857142857, 187.38174603174602, 529.9517857142857, 197.27757936507936, 529.6045634920636, 199.1873015873016, 529.6045634920636, 197.10396825396825, 525.9587301587302, 196.40952380952382, 522.8337301587302, 199.70813492063493, 522.8337301587302, 206.30535714285713, 523.1809523809524, 206.13174603174605, 526.6531746031746, 210.47202380952382, 527.0003968253968, 216.3748015873016, 527.3476190476191, 221.0623015873016, 528.2156746031746, 229.74285714285716, 527.8684523809524, 234.7775793650794, 528.5628968253968, 240.68035714285716, 529.4309523809524, 246.23591269841273, 529.4309523809524, 250.4025793650794, 528.5628968253968, 258.3515873015873, 527.6359126984127, 264.94880952380953, 527.6359126984127, 271.0251984126984, 527.6359126984127, 274.84464285714284, 530.7609126984127, 277.79603174603176, 533.8859126984127, 280.2265873015873, 536.8373015873016, 283.0043650793651, 538.0525793650793, 287.518253968254, 538.3998015873016, 291.1640873015873, 538.5734126984127, 297.0668650793651, 535.969246031746, 300.88630952380953, 533.7123015873016, 304.35853174603176, 531.9761904761905, 307.830753968254, 530.9345238095237, 313.73353174603176, 529.719246031746, 317.5529761904762, 528.8511904761905, 320.330753968254, 527.1150793650793, 322.2404761904762, 525.2053571428571, 321.893253968254, 515.1359126984127, 321.893253968254, 506.6289682539682, 321.54603174603176, 496.90674603174597, 319.37142857142857, 459.01964285714286, 314.68392857142857, 433.1515873015873, 311.9061507936508, 412.66547619047617, 311.21170634920634, 401.0335317460317, 311.9061507936508, 390.2696428571428, 310.8676587301587, 380.5107142857143, 309.4787698412698, 368.87876984126984, 306.52738095238095, 355.5107142857143, 303.2287698412698, 340.58015873015876, 301.3190476190476, 333.46210317460316, 304.09682539682535, 330.85793650793653, 306.0065476190476, 327.3857142857143, 303.57599206349204, 325.9968253968254, 301.1454365079365, 325.64960317460316, 300.97182539682535, 327.3857142857143, 299.40932539682535, 327.9065476190476, 298.88849206349204, 325.64960317460316, 297.4996031746031, 323.04543650793653, 294.72182539682535, 318.0107142857143, 292.8121031746031, 315.0593253968254, 291.59682539682535, 313.14960317460316, 291.7704365079365, 311.58710317460316, 293.5065476190476, 310.7190476190476, 296.11071428571427, 310.7190476190476, 298.1940476190476, 311.4134920634921, 299.7565476190476, 314.71210317460316, 300.79821428571427, 318.0107142857143, 301.1454365079365, 321.8301587301587, 306.52738095238095, 322.6982142857143, 306.70099206349204, 320.44126984126984, 305.65932539682535, 317.31626984126984, 303.57599206349204, 312.80238095238093, 300.27738095238095, 308.11488095238093, 296.9787698412698, 304.4690476190476, 292.2912698412698, 300.12876984126984, 289.51349206349204, 297.69821428571424, 292.7563492063492, 294.33690476190475, 296.22857142857146, 283.9202380952381, 297.96468253968254, 275.934126984127, 300.0480158730159, 264.3021825396825, 303.1730158730159, 254.05912698412698, 305.2563492063492, 247.63551587301583, 305.9688492063492, 238.66289682539684, 306.66329365079366, 233.1073412698413, 304.2327380952381, 232.23928571428573, 301.97579365079366, 228.9406746031746, 301.1077380952381, 224.94761904761907, 299.89246031746035, 218.69761904761907, 299.371626984127, 213.48928571428573, 298.85079365079366, 206.71845238095239, 300.934126984127, 199.77400793650793, 302.8438492063492, 189.18373015873016, 304.4063492063492, 179.80873015873016, 306.47003968253966, 174.24464285714285, 309.2478174603175, 169.04265873015873, 313.4144841269841, 165.3968253968254, 315.6714285714286, 163.66071428571428, 309.2478174603175, 161.75099206349205, 305.2547619047619, 160.18849206349205, 300.74087301587304, 158.45238095238093, 296.7478174603175, 155.84821428571428, 294.1436507936508, 156.0218253968254, 291.5394841269841, 157.7579365079365, 287.8936507936508, 159.84126984126985, 283.03253968253966, 162.61904761904762, 277.99781746031744, 165.22321428571428, 275.0464285714286, 166.78571428571428, 270.7061507936508, 168.00099206349205, 266.1922619047619, 168.34821428571428, 262.0255952380952, 169.21626984126985, 256.990873015873, 170.77876984126985], [301.3206349206349, 326.1815476190476, 300.9734126984127, 324.2718253968254, 301.3206349206349, 321.3204365079365, 306.35535714285714, 322.5357142857143, 306.18174603174606, 324.4454365079365, 305.83452380952383, 327.5704365079365]], "scale": 2, "viewpoint": 2, "zoom_in": 1, "landmarks": [259, 153, 1, 230, 155, 1, 241, 173, 2, 260, 171, 2, 280, 167, 2, 294, 158, 2, 197, 164, 1, 195, 226, 2, 196, 263, 2, 188, 305, 2, 135, 387, 2, 72, 479, 2, 196, 524, 2, 320, 527, 2, 310, 393, 2, 289, 317, 2, 294, 279, 2, 304, 242, 2, 311, 168, 2], "style": 2, "bounding_box": [66, 151, 328, 542], "category_id": 12, "occlusion": 1, "category_name": "vest dress"}}