{"source": "shop", "pair_id": 1303, "item1": {"segmentation": [[402.2760225885226, 255.60706654456655, 396.37324481074484, 255.95428876678875, 393.7690781440782, 253.17651098901098, 394.81074481074484, 249.87789987789986, 397.93574481074484, 245.5376221001221, 399.49824481074484, 242.5862332112332, 397.76213369963375, 242.5862332112332, 392.7274114774115, 242.75984432234432, 388.90796703296706, 243.45428876678875, 381.4426892551893, 243.45428876678875, 372.5885225885226, 244.32234432234432, 360.6093559218559, 245.7112332112332, 353.6649114774115, 248.8362332112332, 351.06074481074484, 251.26678876678875, 351.06074481074484, 260.46817765567766, 351.9288003663004, 267.4126221001221, 350.7135225885226, 276.9612332112332, 347.93574481074484, 287.03067765567766, 347.5885225885226, 297.7945665445666, 346.0260225885226, 306.30151098901104, 341.6990995115995, 320.72840354090357, 339.9629884004884, 327.672847985348, 338.0532661782662, 332.5339590964591, 337.35882173382174, 339.3047924297925, 337.18521062271066, 345.5547924297925, 338.5740995115995, 352.1520146520147, 338.74771062271066, 359.0964590964591, 339.0949328449329, 364.13118131868134, 339.26854395604397, 371.94368131868134, 340.6574328449329, 377.49923687423694, 342.04632173382174, 380.4506257631258, 343.0879884004884, 388.610347985348, 345.17132173382174, 393.297847985348, 345.6921550671551, 398.6797924297925, 346.875, 408.7034493284494, 346.875, 412.3492826617827, 344.44444444444446, 414.77983821733824, 339.75694444444446, 416.8631715506716, 335.9375, 418.7728937728938, 331.25, 421.2034493284494, 327.95138888888886, 423.4603937728938, 323.9583333333333, 427.27983821733824, 322.0486111111111, 430.75206043956047, 322.0486111111111, 434.745115995116, 323.4375, 436.8284493284494, 328.125, 433.0090048840049, 335.06944444444446, 425.8909493284494, 334.375, 424.50206043956047, 336.1111111111111, 423.98122710622715, 338.19444444444446, 425.0228937728938, 340.27777777777777, 426.7590048840049, 338.8888888888889, 427.8006715506716, 337.84722222222223, 427.4534493284494, 325.86805555555554, 440.3006715506716, 327.25694444444446, 441.16872710622715, 329.34027777777777, 441.68956043956047, 328.99305555555554, 443.5992826617827, 325.0, 447.41872710622715, 316.31944444444446, 457.31456043956047, 300.5208333333333, 476.2381715506716, 278.3024267399268, 502.6327838827838, 266.4968711843712, 515.306394993895, 258.33714896214894, 523.6397283272283, 248.61492673992674, 533.1883394383394, 239.93437118437117, 543.431394993895, 230.38576007326006, 552.980006105006, 222.57326007326006, 561.6605616605616, 214.69017094017096, 570.3792735042736, 203.92628205128207, 582.011217948718, 195.0721153846154, 592.948717948718, 185.6971153846154, 603.1917735042736, 178.23183760683762, 612.2195512820513, 170.94017094017093, 621.4209401709402, 163.12767094017093, 630.7959401709402, 158.44207875457874, 638.1696428571429, 153.92818986568986, 644.0724206349207, 150.97680097680097, 648.2390873015873, 152.53930097680097, 651.0168650793651, 155.8379120879121, 654.1418650793651, 160.6990231990232, 658.1349206349207, 166.4281898656899, 662.6488095238095, 172.50457875457877, 667.5099206349207, 177.19207875457877, 670.6349206349207, 181.18513431013432, 673.4126984126984, 185.00457875457877, 676.1904761904763, 188.99763431013434, 679.1418650793652, 193.68513431013434, 682.7876984126984, 198.54624542124543, 685.9126984126984, 202.88652319902323, 688.6904761904763, 207.74763431013434, 691.1210317460318, 211.914300976801, 693.5515873015873, 216.60180097680103, 696.5029761904763, 223.27342796092796, 700.3510378510379, 229.17620573870573, 703.1288156288156, 235.94703907203908, 706.6010378510379, 243.9331501831502, 711.63576007326, 250.3567612942613, 715.1079822954823, 254.523427960928, 717.712148962149, 259.9053724053724, 720.1427045177045, 263.89842796092796, 721.01076007326, 266.8498168498169, 719.1010378510379, 268.9331501831502, 718.0593711843712, 272.57898351648356, 718.2329822954823, 276.0512057387058, 719.44826007326, 279.6970390720391, 720.837148962149, 283.8637057387058, 722.399648962149, 288.20398351648356, 724.13576007326, 291.8498168498169, 725.524648962149, 296.710927960928, 726.9135378510379, 301.0512057387058, 727.6079822954823, 305.04426129426133, 728.1288156288157, 312.1623168498169, 727.7815934065934, 319.92330586080584, 727.8178418803419, 325.6524725274725, 729.0331196581197, 331.034416971917, 730.2483974358975, 339.02052808302807, 731.4636752136753, 354.9927503052503, 734.0678418803419, 368.01358363858367, 734.5886752136753, 376.6941391941392, 735.2831196581197, 385.0274725274726, 735.6303418803419, 390.5830280830281, 736.1511752136753, 397.18025030525035, 736.1511752136753, 404.12469474969475, 735.6303418803419, 408.049068986569, 735.9546703296703, 413.2574023199023, 736.3018925518925, 418.11851343101347, 737.169948107448, 426.10462454212455, 744.1143925518925, 430.27129120879124, 747.5866147741148, 435.8268467643468, 749.1491147741148, 440.6879578754579, 749.6699481074481, 447.80601343101347, 750.0171703296703, 454.4032356532357, 749.4963369963369, 459.0907356532357, 748.9755036630037, 462.3893467643468, 747.5866147741148, 470.2018467643468, 745.8505036630037, 473.5004578754579, 744.9824481074481, 476.799068986569, 743.5935592185592, 480.09768009768015, 743.2463369963369, 487.0421245421246, 743.0727258852259, 494.33379120879124, 742.8991147741148, 501.79906898656907, 742.8991147741148, 508.74351343101347, 742.7255036630037, 510.4796245421246, 742.7255036630037, 512.0421245421246, 744.4616147741148, 513.0837912087912, 747.2393925518925, 514.6462912087912, 750.7116147741148, 517.0768467643468, 756.4407814407814, 517.5976800976802, 757.3088369963369, 519.3929334554334, 757.0302960927961, 523.385989010989, 756.5094627594627, 527.5526556776556, 755.6414072039072, 527.8998778998779, 750.2594627594627, 527.8998778998779, 744.1830738705738, 527.8998778998779, 735.1552960927961, 527.3790445665445, 726.1275183150183, 524.7748778998779, 711.1969627594627, 523.5596001221, 701.8219627594627, 522.1707112332111, 692.9677960927961, 519.5665445665445, 683.0719627594627, 514.6119505494505, 659.1498778998779, 510.9661172161172, 645.9554334554334, 507.14667277167274, 631.0248778998779, 504.54250610500605, 618.0040445665445, 500.37583943833937, 603.7679334554334, 497.0772283272283, 591.2679334554334, 493.637438949939, 575.5742521367522, 490.33882783882785, 560.2964743589744, 485.824938949939, 542.0673076923077, 481.8318833943834, 530.0881410256411, 474.8721764346764, 513.7591575091576, 469.49023199023196, 496.9188797313798, 465.1499542124542, 482.1619352869353, 461.33050976800973, 470.703601953602, 458.8999542124542, 465.1480463980464, 456.46939865689865, 459.07165750915755, 456.9597069597069, 454.9813034188034, 455.0499847374847, 452.02991452991455, 454.00831807081806, 449.7729700854701, 453.8347069597069, 439.1826923076923, 453.14026251526246, 433.97435897435895, 455.57081807081806, 431.89102564102564, 457.6541514041514, 428.76602564102564, 459.0430402930403, 425.1201923076923, 461.1263736263736, 421.9951923076923, 461.7521367521368, 419.08959096459097, 461.7521367521368, 415.44375763125765, 463.48824786324786, 412.14514652014657, 465.57158119658123, 407.45764652014657, 466.9604700854701, 403.2909798534799, 466.786858974359, 397.21459096459097, 466.9604700854701, 382.9784798534799, 467.4813034188034, 370.30486874236874, 467.3076923076923, 352.07570207570205, 466.786858974359, 339.9229242979243, 463.48824786324786, 339.9229242979243, 459.8328754578755, 339.77983821733824, 457.2287087912088, 338.04372710622715, 454.45093101343105, 334.5715048840049, 450.28426434676436, 328.14789377289384, 446.2912087912088, 318.5992826617827, 444.3814865689866, 311.8284493284494, 444.9023199023199, 308.87706043956047, 446.9856532356533, 305.057615995116, 448.5481532356533, 301.7590048840049, 451.84676434676436, 294.98817155067155, 454.45093101343105, 290.8215048840049, 456.18704212454213, 287.3492826617827, 458.09676434676436, 283.87706043956047, 