{"source": "shop", "pair_id": 1303, "item1": {"segmentation": [[370.8009004884005, 250.52464896214894, 361.25228937728934, 251.56631562881563, 355.5231227106227, 252.26076007326006, 349.79395604395603, 252.08714896214894, 343.89117826617826, 249.13576007326006, 340.41895604395603, 245.31631562881563, 338.6828449328449, 239.58714896214894, 337.4675671550671, 233.8579822954823, 336.5995115995116, 230.7329822954823, 325.4903083028083, 233.80074786324786, 315.9416971916972, 236.75213675213675, 309.34447496947496, 242.30769230769232, 307.6083638583638, 244.21741452991455, 304.4833638583638, 244.56463675213678, 300.4903083028083, 244.91185897435898, 297.1916971916972, 245.2590811965812, 294.4139194139194, 246.12713675213678, 290.4208638583638, 246.99519230769232, 288.3375305250305, 247.68963675213678, 286.7750305250305, 248.73130341880344, 286.60141941391936, 250.46741452991455, 287.64308608058604, 255.50213675213678, 289.3791971916972, 264.35630341880346, 291.1153083028083, 272.8632478632479, 292.8514194139194, 280.6757478632479, 294.2403083028083, 287.2729700854701, 295.28197496947496, 293.1757478632479, 297.3385989010989, 308.7606837606838, 296.64415445665446, 316.74679487179486, 295.6024877899878, 321.7815170940171, 292.99832112332115, 323.86485042735046, 292.4774877899878, 328.8995726495727, 292.3038766788767, 334.80235042735046, 293.69276556776555, 338.6217948717949, 295.4288766788767, 343.482905982906, 294.9080433455433, 349.5592948717949, 295.4288766788767, 356.67735042735046, 296.81776556776555, 364.14262820512823, 300.98443223443223, 376.295405982906, 304.2105463980464, 384.6459096459096, 306.8147130647131, 394.36813186813185, 308.8980463980464, 403.56952075702077, 309.9397130647131, 412.4236874236874, 310.9813797313797, 418.84729853479854, 310.9813797313797, 423.88202075702077, 310.80776862026863, 428.22229853479854, 309.0716575091575, 435.3403540903541, 308.7244352869353, 439.68063186813185, 305.4258241758242, 444.0209096459097, 300.39110195360195, 450.9653540903541, 296.22443528693526, 458.43063186813185, 292.506105006105, 465.3540903540903, 287.818605006105, 477.333257020757, 284.8672161172161, 487.2290903540904, 283.131105006105, 493.65270146520146, 280.006105006105, 502.68047924297923, 278.443605006105, 508.4096459096459, 277.2283272283272, 517.9582570207571, 274.45054945054943, 528.722145909646, 273.9297161172161, 533.7568681318681, 272.71443833943835, 541.9165903540904, 271.84638278388275, 548.1665903540904, 270.28388278388275, 557.7152014652015, 269.2422161172161, 566.3957570207571, 268.72138278388275, 573.1665903540904, 266.9490231990232, 582.1047008547008, 265.2129120879121, 596.5144230769231, 263.6504120879121, 610.403311965812, 261.7406898656899, 632.1047008547009, 260.1781898656899, 652.0699786324786, 257.0531898656899, 678.4588675213676, 256.5323565323566, 688.7019230769231, 255.99053724053724, 701.5815781440781, 256.16414835164835, 707.3107448107448, 256.5113705738706, 713.907967032967, 256.68498168498166, 720.157967032967, 257.0322039072039, 725.0190781440781, 260.33081501831504, 725.8871336996336, 264.3238705738706, 726.407967032967, 269.5322039072039, 726.407967032967, 277.86553724053726, 727.1024114774115, 290.53914835164835, 728.1440781440781, 300.6085927960928, 727.970467032967, 306.8585927960928, 728.8385225885226, 306.6849816849817, 730.5746336996336, 312.24053724053726, 730.9218559218559, 319.8794261294262, 731.6163003663004, 327.6919261294262, 731.7899114774115, 333.89041514041514, 733.131105006105, 339.09874847374846, 732.957493894994, 344.4806929181929, 733.8255494505495, 352.64041514041514, 734.8672161172161, 357.6751373626374, 736.6033272283273, 368.6126373626374, 737.4713827838829, 377.64041514041514, 737.818605006105, 390.6612484737485, 738.1658272283273, 399.168192918193, 736.9505494505495, 408.0223595848596, 736.4297161172161, 415.8348595848596, 734.8672161172161, 424.31127899877896, 734.9149114774115, 425.5265567765568, 735.6093559218559, 431.9501678876679, 733.8732448107448, 448.26961233211233, 731.7899114774115, 462.85294566544565, 728.1440781440781, 469.10294566544565, 727.1024114774115, 482.47100122100125, 727.970467032967, 488.5473901098901, 728.1440781440781, 494.45016788766793, 727.2760225885226, 502.26266788766793, 725.3663003663004, 512.2596153846154, 721.1691086691087, 523.3707264957264, 714.2246642246643, 532.5721153846154, 709.5371642246643, 541.0790598290598, 705.8913308913309, 546.2873931623932, 703.2871642246643, 552.0165598290598, 700.3357753357753, 550.801282051282, 697.3843864468864, 550.4540598290598, 693.9121642246643, 549.7596153846154, 685.4052197802198, 547.1554487179487, 674.6413308913309, 545.0721153846154, 663.0093864468864, 542.8151709401709, 650.8566086691087, 541.0790598290598, 638.7038308913309, 539.863782051282, 630.7177197802198, 539.5318223443223, 622.019993894994, 537.6221001221, 613.1658272283273, 536.4068223443223, 604.832493894994, 535.2506868131868, 597.626678876679, 531.2576312576313, 586.689178876679, 522.4034645909646, 574.5364010989011, 513.5492979242979, 563.42528998779, 506.9520757020757, 554.3975122100122, 500.8756868131868, 542.5919566544567, 496.7090201465201, 533.5641788766789, 494.61614774114776, 526.552960927961, 490.7967032967033, 517.5251831501831, 487.4980921855922, 508.49740537240535, 484.19948107448107, 499.12240537240535, 482.11614774114776, 493.39323870573867, 480.0328144078144, 487.4904609279609, 476.7342032967033, 480.37240537240535, 474.47725885225884, 474.9904609279609, 469.74397130647134, 460.8688186813187, 466.4453601953602, 453.40354090354094, 462.1050824175824, 442.98687423687426, 457.4175824175824, 436.56326312576317, 449.4314713064713, 428.75076312576317, 447.5217490842491, 425.6257631257631, 445.0911935286935, 421.8063186813187, 445.26480463980465, 420.76465201465203, 447.00091575091574, 420.59104090354094, 449.0842490842491, 422.32715201465203, 450.8203601953602, 423.88965201465203, 451.51480463980465, 426.4938186813187, 453.7717490842491, 429.6188186813187, 456.5495268620269, 432.04937423687426, 457.76480463980465, 432.04937423687426, 456.8967490842491, 427.01465201465203, 455.16063797313797, 421.9799297924298, 452.7300824175824, 417.63965201465203, 448.56341575091574, 415.2090964590965, 443.87591575091574, 412.0840964590965, 443.0078601953602, 410.5215964590965, 443.70230463980465, 407.22298534798534, 444.22313797313797, 401.3202075702076, 444.3967490842491, 397.1535409035409, 444.3605006105006, 387.44085775335776, 444.3605006105006, 375.28807997558, 444.88133394383397, 363.48252442002445, 445.22855616605614, 354.4547466422467, 446.09661172161174, 345.9478021978022, 447.65911172161174, 341.4339133089133, 448.70077838827837, 333.6214133089133, 449.56883394383397, 326.3297466422466, 446.9646672771673, 320.7741910866911, 445.57577838827837, 315.73946886446885, 444.0552503052503, 308.4573412698413, 443.18719474969475, 301.16567460317464, 443.18719474969475, 295.95734126984127, 443.70802808302807, 292.48511904761904, 444.92330586080584, 287.10317460317464, 445.27052808302807, 282.41567460317464, 445.27052808302807, 274.08234126984127, 446.31219474969475, 262.62400793650795, 447.1802503052503, 251.1656746031746, 448.91636141636144, 243.1795634920635, 450.47886141636144, 236.75595238095238, 451.1675824175824, 226.57776251526252, 441.2717490842491, 226.4041514041514, 434.32730463980465, 226.57776251526252, 428.9453601953602, 226.2305402930403, 423.38980463980465, 225.53609584859586, 419.5703601953602, 225.88331807081806, 416.6189713064713, 229.18192918192918, 414.8828601953602, 233.52220695970698, 410.3689713064713, 238.03609584859586, 403.9453601953602, 242.54998473748475, 393.87591575091574, 246.02220695970698, 377.67666361416366, 249.50969169719173], [449.2578601953602, 428.8824023199023, 450.47313797313797, 428.18795787545787, 451.51480463980465, 426.62545787545787, 453.7717490842491, 428.5351800976801, 455.8550824175824, 430.79212454212455, 457.76480463980465, 431.83379120879124, 457.4175824175824, 434.2643467643468, 455.8550824175824, 