{"source": "shop", "pair_id": 1312, "item1": {"segmentation": [[282.9961349784449, 23.88769139289418, 281.7474357068528, 32.62858629403888, 277.1688717110151, 39.704548833060784, 273.8390069867695, 45.948045191021286, 268.4279768098704, 52.607774639512485, 263.0169466329713, 59.26750408800369, 253.0273524602345, 66.34346662702559, 256.7734502750108, 72.58696298498609, 261.3520142708485, 81.7440909766615, 263.433179723502, 94.2310836925825, 265.9305782666862, 104.2206778653193, 267.1792775382783, 115.4589713096482, 261.76824736137917, 124.6160993013236, 259.6870819087257, 134.1894603835297, 255.9409840939494, 142.09788910361303, 255.9409840939494, 148.3413854615735, 257.6059164560722, 160.82837817749453, 267.595510628809, 150.8387840047577, 274.6714731678309, 140.0167236509595, 282.1636687973835, 129.610896387692, 286.3259997026905, 115.87520440017892, 291.32079678905893, 103.8044447747886, 296.3155938754273, 92.5661513304597, 300.894157871265, 84.2414895198457, 306.3051880481641, 80.4953917050694, 314.62984985877813, 80.0791586145387, 315.4623160398395, 71.338263713394, 314.62984985877813, 62.59736881224929, 320.87334621673864, 55.10517318269669, 330.03047420841403, 48.44544373420548, 340.8525345622122, 40.12078192359149, 350.0096625538876, 32.21235320350818, 357.91809127397096, 27.21755611713978, 367.0752192656463, 23.055225211832777, 376.0487587334619, 17.366210792329518, 385.20588672513736, 11.538947524899719, 391.4493830830978, 15.70127843020672, 398.10911253158906, 20.27984242604442, 405.6013081611416, 24.025940240820724, 414.34220306228633, 26.107105693474224, 420.58569942024684, 24.858406421882123, 429.74282741192224, 24.025940240820724, 436.81878995094416, 21.52854169763652, 444.3109855804968, 22.361007878697922, 452.63564739111075, 25.274639512412822, 461.37654229225546, 26.939571874535623, 458.87914374907126, 30.269436598781223, 451.38694811951865, 31.101902779842625, 445.14345176155814, 36.929166047272425, 439.73242158465905, 43.17266240523293, 434.32139140775996, 52.32979039690833, 430.57529359298366, 61.070685298053036, 425.16426341608457, 73.14144492344333, 421.41816560130826, 83.13103909618013, 416.42336851493985, 92.70440017838624, 413.50973688122497, 102.69399435112304, 410.17987215697934, 116.42968633863615, 409.76363906644866, 128.50044596402645, 411.01233833804076, 141.40367177047816, 413.50973688122497, 155.555596848522, 416.83960160547053, 165.54519102125877, 419.7532332391854, 174.2860859224035, 423.91556414449246, 185.52437936673238, 427.70848818195316, 195.77857886130516, 429.03296703296706, 209.97802197802193, 428.03296703296706, 226.97802197802199, 428.5409543630145, 243.64538427233566, 427.2922550914224, 258.6297755314409, 425.62732272929964, 279.8576631485066, 427.70848818195316, 300.6693176750416, 426.45978891036106, 315.65370893414683, 426.45978891036106, 327.3082354690064, 426.0435558198303, 339.3789950943967, 421.88122491452333, 352.2822209008484, 417.30266091868566, 360.1906496209317, 409.81046528913305, 360.1906496209317, 404.39943511223396, 358.9419503493396, 407.31306674594884, 364.76921361676943, 411.8916307417865, 370.5964768841992, 411.47539765125583, 378.9211386948132, 409.3942321986023, 386.82956741489653, 419.3838263713391, 390.9918983202035, 425.62732272929964, 398.06786085922545, 434.09023338784016, 414.1110450423665, 441.58242901739277, 429.09543630147175, 446.16099301323044, 442.41489519845413, 453.65318864278305, 463.2265497249891, 458.64798572915146, 479.45964025568645, 464.47524899658123, 496.9414300579759, 470.30251226401106, 514.0069867697346, 474.04861007878736, 532.3212427530854, 476.1297755314408, 550.6354987364361, 481.12457261780924, 571.0309201724405, 483.62197116099344, 586.847777612607, 487.7843020663005, 602.248401962243, 491.53039988107673, 619.3139586740017, 495.4623160398395, 641.0844358555075, 500.4571131262079, 664.3934889252267, 505.868143303107, 688.5350081760074, 509.6142411178833, 708.0979634309502, 514.1928051137211, 730.1583172290774, 520.4363014716815, 750.9699717556124, 521.6850007432736, 765.1218968336561, 524.1823992864578, 778.4413557306386, 528.3915564144492, 793.2655715772262, 531.7214211386948, 805.7525642931472, 522.1480600564887, 812.4122937416385, 509.244834250037, 816.5746246469454, 493.8442099004011, 821.9856548238445, 481.7734502750108, 824.066820276498, 467.621525196967, 827.8129180912744, 460.96179574847577, 830.7265497249892, 446.80987067043196, 834.0564144492348, 433.90664486398026, 834.8888806302962, 422.25211832912066, 837.802512264011, 412.6787572469146, 838.2187453545419, 412.6787572469146, 847.3758733462172, 413.09499033744527, 856.116768247362, 404.77032852683124, 860.6953322431996, 391.45086962984885, 860.2790991526689, 376.05024528021295, 859.4466329716075, 368.14181656012966, 860.6953322431996, 361.48208711163846, 864.0251969674453, 348.99509439571744, 865.2738962390373, 337.34056786085785, 864.0251969674453, 324.43734205440614, 864.4414300579759, 313.59669986621105, 865.5136019027799, 301.10970715029003, 865.5136019027799, 296.1149100639216, 860.9350379069422, 290.2876467964918, 857.6051731826966, 282.79545116693924, 848.864278281552, 279.4655864426936, 843.0370150141222, 271.5571577226103, 836.3772855656309, 262.8162628214656, 836.3772855656309, 251.9942024676674, 836.7935186561616, 248.6643377434218, 842.6207819235914, 239.9234428422771, 849.6967444626133, 227.0202170358254, 853.4428422773897, 212.0358257767202, 854.275308458451, 196.2189683365536, 854.6915415489817, 185.8131410732861, 855.1077746395124, 177.07224617214138, 848.4480451910213, 172.07744908577297, 842.6207819235914, 171.2449829047116, 832.2149546603239, 172.9099152668344, 818.0630295822801, 172.4936821763037, 808.9059015906047, 164.85320350825054, 813.2064813438383, 152.78244388286024, 814.0389475248996, 139.87921807640853, 818.2012784302067, 133.21948862791731, 820.6986769733909, 122.39742827411912, 819.4499777017987, 116.15393191615861, 816.9525791586145, 110.32666864872881, 814.8714137059611, 101.1695406570534, 812.3740151627769, 96.17474357068501, 801.5519548089786, 95.75851048015431, 789.8974282741191, 99.50460829493062, 778.2429017392594, 99.50460829493062, 766.5883752043999, 92.01241266537801, 766.5883752043999, 83.2715177642333, 765.3396759328077, 73.91296268767664, 760.8064516129034, 68.08569942024684, 754.9791883454736, 67.66946632971613, 741.6597294484912, 68.50193251077754, 728.7565036420395, 71.83179723502313, 715.437044745057, 73.91296268767664, 707.1123829344431, 77.01947376244986, 691.934368960904, 82.01427084881826, 676.9499777017987, 85.34413557306387, 665.2954511669392, 89.09023338784016, 651.559759179426, 90.75516574996297, 639.9052326445665, 93.25256429314717, 629.0831722907683, 95.74996283633138, 615.7637133937858, 97.83112828898487, 602.4442544968034, 100.32852683216908, 590.3734948714132, 102.40969228482257, 578.3027352460228, 104.90709082800677, 567.0644418016939, 109.90188791437518, 553.7449829047115, 114.06421881968217, 542.090456369852, 117.81031663445847, 532.1008621971151, 120.72394826817339, 519.6138694811941, 126.13497844507248, 505.87817749368105, 127.79991080719529, 496.7210495020056, 132.378474803033, 481.7366582429004, 136.1245726178093, 472.57953025122504, 141.76044299093184, 457.31566820276464, 146.75524007730024, 440.2501114910059, 152.16627025419933, 428.1793518656156, 157.16106734056774, 413.61119369704113, 164.65326297012032, 399.0430355284666, 171.72922550914222, 386.9722759030763, 179.63765422922555, 376.5664486398088, 185.88115058718603, 369.9067191913176, 194.62204548833074, 369.49048610078694, 196.28697785045355, 358.25219265645796, 197.95191021257634, 354.5060948416817, 199.20060948416844, 346.5976661215984, 203.36294038947545, 339.1054704920458, 198.78437639363776, 332.0295079530239, 194.20581239780006, 324.53731232347127, 190.20514345176176, 311.42336851493985, 188.95644418016965, 301.8500074327337, 184.79411327486267, 292.27664635052764, 183.12918091273986, 281.87081908726014, 180.63178236955565, 272.71369109558475, 