{"source": "shop", "pair_id": 1313, "item1": {"segmentation": [[112.4922392486406, 193.65704399406823, 114.91438457736034, 178.0861097380128, 115.26040533860602, 166.3214038556598, 118.72061295106278, 151.09649036085005, 121.14275827978251, 138.29372219476002, 121.14275827978251, 132.75739001482918, 129.44725654967874, 132.75739001482918, 159.2050420168069, 137.25565991102297, 193.46109738012888, 144.17607513593651, 229.10123578843354, 147.63628274839328, 258.1669797330703, 147.2902619871476, 278.2354918437963, 145.46000988630752, 299.6887790410282, 142.69184379634208, 323.5642115669799, 137.84755313890264, 348.1316856154229, 131.96520019772612, 355.05210084033644, 131.61917943648047, 358.1662876915475, 148.22817597627292, 360.2424122590216, 165.8752347998024, 359.5503707365302, 172.10360850222457, 358.5123084527932, 175.90983687592703, 364.7406821552154, 206.01364310430085, 367.5088482451808, 231.27315867523524, 372.69915966386594, 273.48769154720776, 380.2003954522985, 334.549777558082, 387.12081067721203, 385.06880869995075, 392.65714285714284, 429.705486900643, 398.53949579831936, 466.3836875926846, 402.9074641621355, 506.2038556599109, 409.1358378645577, 548.4183885318835, 415.01819080573415, 579.2142362827486, 419.86248146317365, 614.5083539298076, 422.88521997034115, 641.596440929313, 421.84715768660413, 651.2850222441919, 408.35234799802276, 653.0151260504202, 381.01670785961437, 657.5133959466141, 360.9475037073651, 661.3196243203165, 346.4146317350467, 664.4338111715276, 334.30390509144803, 667.5479980227386, 330.1516559564999, 667.8940187839844, 329.80563519525424, 666.163914977756, 324.26930301532343, 666.5099357390017, 305.5841819080569, 667.8940187839844, 289.6672268907558, 668.24003954523, 268.55996045476957, 667.5479980227386, 240.90311418685144, 668.8000988630746, 223.25605536332196, 669.492140385566, 199.72664359861596, 667.4160158180919, 193.4982698961938, 669.8381611468117, 175.8512110726643, 668.4540781018289, 169.9688581314878, 666.7239742956006, 161.66435986159158, 666.7239742956006, 156.47404844290642, 666.3779535343549, 156.12802768166074, 661.5336628769154, 143.32525951557074, 659.4575383094414, 131.21453287197204, 658.76549678695, 125.67820069204123, 655.6513099357389, 125.33217993079555, 652.1911023232822, 118.7577854671277, 649.7689569945625, 107.33910034602039, 647.3468116658427, 102.14878892733525, 644.924666337123, 99.49787444389528, 647.49520514088, 98.11379139891258, 655.7997034107761, 83.58091942659418, 654.0695996045478, 55.92338111715281, 647.0188828472566, 41.04448838358873, 642.1745921898171, 34.81611468116655, 638.3683638161147, 34.1240731586752, 632.4860108749382, 37.93030153237764, 609.3026198714779, 46.580820563519545, 568.1261492832424, 53.155215027187396, 529.3718240237266, 59.729609490855246, 502.0361838853182, 66.67078596144327, 463.9900148294617, 73.24518042511112, 430.7720217498768, 80.16559565002464, 395.4779041028178, 84.66386554621843, 364.6820563519526, 91.93030153237764, 326.9657933761739, 96.95580820563515, 294.5061789421653, 100.76203657933759, 269.93870489372233, 104.22224419179436, 244.3331685615423, 108.72051408798815, 221.84181908057332, 111.83470093919924, 204.54078101828952]], "scale": 3, "viewpoint": 1, "zoom_in": 1, "landmarks": [129, 137, 2, 238, 152, 2, 353, 137, 2, 83, 402, 2, 37, 638, 2, 243, 668, 2, 420, 652, 2, 385, 390, 2], "style": 2, "bounding_box": [31, 129, 428, 681], "category_id": 9, "occlusion": 1, "category_name": "skirt"}}