{"source": "shop", "pair_id": 1343, "item1": {"segmentation": [[147.7800782705012, 108.33546988907892, 147.19571011856556, 123.82122591537382, 144.85823751082293, 137.26169340989392, 142.22858082711247, 152.74744943618884, 140.18329229533768, 163.26607617103065, 136.96926745969157, 176.1221755136151, 134.14571685428692, 185.85811553765808, 133.06405108900847, 194.51144165988552, 132.8477179359528, 205.9770987718369, 131.0325827814571, 216.02913907284687, 131.67258278145707, 225.30913907284616, 134.55258278145683, 230.90913907284573, 137.11258278145664, 232.66913907284558, 141.5925827814563, 238.42913907284515, 150.71258278145558, 244.18913907284468, 161.11258278145476, 250.2691390728442, 170.872582781454, 255.86913907284378, 183.19258278145304, 259.5491390728435, 193.50125778304974, 262.366706824564, 202.6148213287949, 263.2211034069776, 214.86117234338994, 263.93310055898894, 224.68673304114643, 264.9298965718048, 237.21788291654602, 264.7874971414026, 242.91386013263673, 263.3635028373799, 249.74903279194558, 261.22751138134583, 256.4418060208522, 259.09151992531184, 262.1377832369429, 257.66752562128914, 267.3156845519679, 258.44032977429345, 273.82078659278375, 257.9301256926608, 277.26466414380394, 255.634207325314, 278.9228274091099, 253.08318691715093, 280.83609271523227, 253.976044060008, 284.53507230706873, 251.16992161102863, 289.8922151642112, 254.23114610082433, 294.4840518989048, 257.1648195702119, 302.39221516421037, 259.9709420191913, 312.21364373563824, 263.92502365184407, 318.08099067441333, 265.71073793755824, 328.9228274091065, 266.0933909987827, 335.26550270921274, 265.6481856493906, 348.62087461003824, 263.1357889551759, 362.7696349406158, 259.56554102129184, 372.95145312243324, 255.46636746757312, 380.22418039516003, 251.3671939138544, 387.37043396106515, 247.44002034902078, 394.9150155797203, 243.32479401157252, 400.1276356071548, 240.85565820910358, 404.79155878959614, 237.56347713914496, 406.98634616956855, 235.094341336676, 410.690049873272, 230.29324394298635, 414.3937535769754, 230.15606973173809, 419.4691993931616, 226.86388866177947, 423.5844257306099, 225.08062391555188, 425.9163873218306, 223.70888180306912, 426.1907357443271, 218.22191335313812, 423.31007730811336, 213.55799017069674, 421.5268125618858, 211.50037700197262, 420.70376729439613, 207.79667329826918, 418.23463149192713, 206.83645381953124, 417.8231088581823, 198.33165272213816, 416.8105012117878, 180.21251070293027, 414.64990485795545, 167.6002931084008, 412.7462760655701, 157.13033475028163, 410.3667400750885, 146.42242279311427, 407.27334328746235, 132.38316044927265, 408.4631112827032, 123.34092368544246, 407.51129688651054, 106.44621815302288, 403.2281321036436, 94.78649179966288, 399.1874970898882, 82.99295484582336, 391.83216988599486, 61.57597269331042, 386.4238410596027, 37.995659010240615, 385.57648597825124, 26.30022075055005, 383.99623906467116, 14.84343062709424, 383.99623906467116, 5.164418281416057, 383.79870820047364, 0.22614667647820852, 376.2925353609681, 0.4236775406757225, 373.5271032622029, 3.979233096230973, 365.6258686943023, 7.534788651786224, 356.34191807701916, 12.077998528329045, 348.83574523751366, 16.81873926906938, 342.3172267189957, 21.164418281414687, 334.81105387949015, 24.32491210857491, 328.2925353609722, 29.065652849315246, 319.7987082004791, 29.8557763061053, 312.095004496776, 32.42367754067298, 303.996239064678, 33.21380099746304, 300.12055984580513, 33.75408337598055, 291.5084875659134, 32.52378733599602, 281.0509712260449, 31.447278301009558, 271.977537931159, 31.447278301009558, 259.67457753131373, 32.21621332599989, 249.0632741864472, 33.292722360986346, 238.68289957303472, 33.55156910498058, 233.27172121774854, 31.842775940153366, 227.00614628004874, 30.276382205728417, 222.87656279838296, 29.421985623314807, 212.33900494861513, 23.15641068561501, 203.51024026367452, 18.17243062153563, 195.82067102195202, 13.900447709467585, 187.74013463959238, 8.066060970937281, 179.88889497017158, 3.313994855235216, 174.51699414372575, 0.21482130151647905, 165.42608505281746, 0.0, 165.8393081933133, 10.338788243664355, 166.66575447430495, 21.289201466803895, 168.03130644190168, 27.917191177274326, 166.9982485906621, 38.86760440041387, 162.65940561545585, 52.71057960702423, 156.25444693777047, 71.30562092933665, 150.2627114005809, 90.93372010288866]], "scale": 2, "viewpoint": 2, "zoom_in": 2, "landmarks": [0, 0, 0, 286, 38, 2, 0, 0, 0, 146, 136, 2, 129, 226, 2, 281, 250, 2, 281, 223, 2, 290, 255, 2, 427, 222, 2, 404, 127, 2], "style": 1, "bounding_box": [124, 0, 433, 273], "category_id": 7, "occlusion": 1, "category_name": "shorts"}}