{"source": "shop", "pair_id": 1426, "item1": {"segmentation": [[251.89631308766957, 42.09126582929232, 255.01504777245472, 45.8337474510345, 262.6782244264982, 52.69496375756182, 277.3808307976282, 61.60563428551939, 285.4895409780696, 65.43722261254115, 295.4694919693821, 70.78362492931569, 308.58136557790414, 77.62897617568865, 316.57828983780456, 80.55092927065226, 328.1123152126609, 83.01152135062162, 340.26148860750965, 84.3956043956044, 356.5629111373067, 86.54862246557758, 371.1726766121248, 86.54862246557758, 379.47717488202136, 85.77968744058717, 385.16729406695055, 81.93501231563503, 390.1197088186695, 76.18756944708632, 394.2719579536178, 68.34443219218397, 393.8105969386236, 66.19141412221079, 375.8175173538476, 54.34981473735822, 384.1220156237442, 51.58164864739269, 390.1197088186695, 50.5051396124061, 395.8098280035987, 51.4278616423946, 402.7302432285125, 53.42709270736971, 408.26657540844354, 56.34904580233333, 410.26580647341865, 58.96342488730078, 413.18775956838226, 61.270229962272055, 418.57030474331526, 64.80733107722801, 420.4157488032923, 64.65354407222993, 422.4149798682674, 62.65431300725483, 424.10663692324636, 60.19372092728546, 425.6445069732272, 58.809637882302695, 427.4899510332042, 58.50206387230652, 431.9497741781487, 58.50206387230652, 434.5641532631161, 58.50206387230652, 438.5626153930663, 58.34827686730844, 443.330012548007, 58.96342488730078, 448.55877071794185, 59.424785902295035, 451.63451081790356, 61.116442957273975, 459.9390090878002, 65.73005310721652, 467.5835414105309, 68.83587462134166, 482.65466790034327, 72.52676274129571, 487.7296390652801, 73.91084578627847, 497.1106463701633, 79.44717796620954, 507.1068016950388, 92.51907339104679, 508.1833107300254, 98.82434059596827, 509.259819765012, 121.12345632069062, 512.950707884966, 144.65286808539764, 516.0707251226277, 161.82482646150459, 520.0691872525779, 165.8232885914548, 523.1449273525396, 166.59222361644524, 525.4517324275109, 166.59222361644524, 527.297176487488, 165.9770755964529, 530.0653425774534, 164.9005665614663, 532.6797216624209, 165.66950158645673, 534.8327397323941, 166.43843661144714, 538.8312018623443, 167.8225196564299, 539.1387758723405, 169.36038970641076, 538.9849888673424, 173.358851836361, 542.9834509972926, 176.2808049313246, 545.1364690672658, 178.58761000629588, 546.8281261222447, 180.12548005627673, 549.4425052072122, 182.27849812624993, 550.5190142421988, 184.5853032012212, 550.5190142421988, 190.12163538115226, 550.980375257193, 194.8890325360929, 552.9796063221681, 198.73370766104503, 553.9023283521566, 203.96246583097994, 553.1333933271662, 208.88364999091866, 552.9796063221681, 215.49649120583632, 552.9796063221681, 223.0320544507425, 552.9796063221681, 230.1062566806544, 555.2864113971394, 231.33655272063908, 557.1318554571164, 233.33578378561418, 557.4536960482926, 245.03584071152193, 554.8240393645817, 250.58733815491166, 556.577143820389, 255.2622833703977, 555.4084075165175, 259.0606763579801, 554.239671212646, 264.02780564943413, 553.3631189847423, 272.7933279284705, 551.610014528935, 279.51356167573175, 548.6881737692563, 282.7275865113784, 537.8773629584447, 297.33679030977237, 535.2477062747338, 303.4726559050979, 533.7867858948944, 306.3944966647766, 526.7625522760605, 314.76714374011846, 521.7954229846066, 316.5202481959257, 520.3345026047672, 316.8124322718936, 514.4908210854096, 317.98116857576514, 512.4455325536344, 318.27335265173303, 511.2767962497629, 319.7342730315724, 510.69242809782713, 319.7342730315724, 508.647139566052, 320.3186411835082, 506.0174828823411, 320.9030093354439, 505.43311473040535, 322.07174563931545, 502.21908989475867, 325.28577047496213, 496.08322429943314, 329.37634753851245, 494.6223039195938, 330.2528997664161, 492.2848313118507, 330.2528997664161, 482.93494088087857, 328.2076112346409, 478.5521797413604, 326.45450677883366, 473.2928663739385, 324.4092182470585, 474.4616026778101, 334.9278449819021, 484.395861260718, 386.9366105041847, 491.4082790839471, 424.0439881521054, 507.75748721694856, 506.8933929474472, 516.230825420017, 558.609974393762, 519.4448502556637, 563.8692877611837, 521.4901387874389, 568.8364170526377, 522.3666910153426, 591.3345909021645, 523.2432432432462, 611.2031080679802, 525.5807158509892, 614.4171329036269, 526.7494521548607, 623.1826551826633, 526.4572680788929, 638.6684112089608, 526.8235577424769, 649.5047800993746, 529.7453985021556, 653.5953571629249, 532.0828711098986, 657.3937501505072, 531.7906870339308, 662.3608794419612, 533.8359755657059, 665.5749042776079, 536.173448173449, 668.7889291132545, 536.4656322494169, 674.3404265566443, 537.9265526292562, 697.4229685581067, 541.4327615408708, 725.7648239269911, 542.6014978447423, 730.1475850665092, 542.6014978447423, 735.4068984339311, 542.6014978447423, 738.6209232695778, 543.4780500726459, 740.6662118013529, 540.848393388935, 743.5880525610318, 538.2187367052242, 745.6333410928069, 533.2516074137702, 748.2629977765179, 527.1157418184447, 748.8473659284535, 510.03035824657667, 750.6011125470584, 495.1289703722148, 750.0167443951226, 485.4868958652748, 750.0167443951226, 479.0588461939814, 755.2760577625445, 476.4291895102705, 756.7369781423838, 472.33861244672016, 757.6135303702874, 470.293323914945, 759.3666348260948, 466.2027468513947, 761.7041074338377, 464.15745831961954, 764.3337641175488, 463.5730901676838, 766.6712367252917, 459.7746971801014, 766.9634208012596, 455.9763041925189, 766.9634208012596, 450.71699082509707, 767.8399730291633, 440.4905481662213, 766.9634208012596, 438.1530755584783, 768.4243411810991, 435.2312347987995, 769.5930774849705, 432.89376219105645, 769.3008934090027, 428.80318512750614, 768.4243411810991, 424.12823991202004, 771.6383660167457, 420.91421507637335, 771.9305500927136, 415.3627176329837, 771.6383660167457, 411.56432464540126, 771.9305500927136, 407.18156350588305, 771.9305500927136, 402.50661829039694, 771.3461819407778, 396.95512084700727, 770.1774456369063, 390.5270711757139, 770.1774456369063, 384.09902150442053, 771.9305500927136, 380.592812592806, 773.9758386244887, 377.37878775715933, 775.7289430802961, 370.3663699339302, 773.6836545485208, 365.6914247184441, 771.6383660167457, 361.6008476548938, 770.4696297128742, 353.4196935277932, 770.1774456369063, 347.5760120084356, 771.05399786481, 340.85577826117435, 772.2227341686814, 339.6870419573029, 773.0992863965851, 326.7099591423923, 773.7298902704312, 316.4835164835165, 769.6393132068808, 309.7632827362553, 766.4252883712342, 304.50396936883345, 765.8409202192984, 297.7837356215722, 767.8862087510736, 291.3556859502788, 770.8080495107523, 287.5572929626964, 771.6846017386559, 279.6683229115637, 770.2236813588165, 274.11682546817394, 768.7627609789772, 268.56532802478426, 767.0096565231698, 263.59819873333026, 766.4252883712342, 261.55291020155516, 766.4252883712342, 256.58578091010116, 765.5487361433305, 256.58578091010116, 777.5282832580135, 248.69681085896843, 776.0673628781742, 239.34692042799628, 774.6064424983348, 236.1328955923496, 774.3142584223668, 231.16576630089565, 774.3142584223668, 230.02425769993232, 762.0703970974216, 223.88839210460685, 735.4816461843446, 219.79781504105654, 710.0616315751391, 216.58379020540985, 699.2508207643275, 215.12286982557046, 689.9009303333554, 215.12286982557046, 683.1806965860942, 216.58379020540985, 663.0199953443105, 218.21655335169078, 641.7663330095775, 219.0931055795944, 612.5479254127895, 219.96965780749804, 585.3748063477767, 222.3071304152411, 542.7159312564663, 221.13839411136956, 521.678677786779, 216.4634488958835, 517.0037325712929, 210.32758330055802, 509.9913147480638, 209.4510310726544, 503.27108100080255, 204.7760858571683, 495.3821109496698, 198.64022026184284, 489.8306135062801, 193.96527504635677, 485.7400364427298, 193.0887228184531, 483.6947479109546, 183.75424429478443, 468.1371980831446, 182.00113983897714, 458.2029395002367, 178.4949309273626, 450.8983376010397, 172.65124940800501, 438.91879048635667, 169.7294086483262, 