{"source": "shop", "pair_id": 1436, "item1": {"segmentation": [[189.06370370370368, 172.38222222222217, 195.46370370370374, 160.86222222222207, 182.66370370370365, 160.22222222222206, 152.58370370370338, 174.30222222222218, 127.62370370370314, 190.94222222222234, 114.18370370370303, 201.82222222222242, 109.06370370370298, 218.46222222222258, 107.78370370370297, 248.54222222222285, 109.70370370370298, 276.7022222222231, 109.70370370370298, 297.8222222222233, 99.4637037037029, 303.5822222222233, 106.50370370370297, 318.30222222222346, 107.78370370370297, 330.46222222222355, 106.50370370370297, 343.26222222222367, 105.86370370370295, 358.6222222222238, 106.78993055555532, 367.8692129629631, 105.2274305555553, 378.8067129629632, 106.00868055555532, 396.77546296296333, 106.39930555555532, 404.9785879629634, 111.02116402116398, 415.0408163265312, 115.10279667422523, 396.6734693877556, 116.16493055555537, 388.5723379629633, 126.32728647014369, 391.06122448979636, 134.9149305555555, 398.72858796296333, 116.16493055555537, 365.9160879629631, 109.52430555555533, 365.1348379629631, 111.08680555555534, 358.10358796296305, 220.07118055555605, 261.6192129629624, 215.68518518518525, 246.16377314814824, 210.60706018518522, 225.8512731481481, 208.6539351851852, 214.132523148148, 204.74768518518516, 202.80439814814795, 197.71643518518513, 190.69502314814787, 193.4195601851851, 180.5387731481478], [225.14058956916074, 271.2441421012841, 219.20081018518528, 260.2262731481483, 111.85865457293956, 357.1889644746797, 115.97453703703678, 358.8130787037036, 116.36516203703678, 367.7974537037037, 132.3807870370369, 395.53182870370387, 134.3339120370369, 402.5630787037039, 133.1620370370369, 412.328703703704, 135.1151620370369, 420.92245370370404, 138.75694444444457, 429.2291666666662, 140.31944444444457, 437.4322916666662, 137.19444444444454, 451.8854166666663, 132.1163194444445, 471.0260416666664, 126.25694444444449, 496.0260416666666, 124.30381944444447, 517.5104166666667, 121.96006944444446, 537.0416666666669, 120.07111111111104, 602.4385185185187, 121.03407407407401, 649.6948148148148, 122.95407407407403, 695.7748148148152, 124.87407407407404, 701.0, 357.8340740740761, 701.0, 358.4740740740761, 688.7348148148151, 355.2740740740761, 651.6148148148147, 351.4340740740761, 627.9348148148146, 346.954074074076, 594.6548148148142, 341.83407407407594, 558.1748148148139, 336.71407407407594, 523.6148148148136, 323.9140740740758, 478.1748148148132, 313.92, 434.3496296296295, 304.9599999999999, 415.7896296296293, 313.28042328042307, 415.74300831443657, 312.0, 397.22962962962913, 302.3999999999999, 376.10962962962896, 304.31999999999994, 358.8296296296288, 305.6585648148149, 348.75462962962996, 310.3460648148149, 338.5983796296299, 316.59606481481495, 331.95775462962985, 326.752314814815, 330.39525462962985, 339.6429398148151, 327.27025462962985, 346.2835648148151, 319.8483796296298, 349.7991898148152, 308.1296296296297, 352.9241898148152, 301.0983796296297, 352.9241898148152, 290.55150462962956, 349.0179398148152, 278.0515046296295, 351.3616898148152, 264.7702546296294, 354.5520833333333, 240.71354166666666, 354.5520833333333, 218.4479166666665, 351.4270833333333, 205.9479166666664, 342.0520833333332, 198.91666666666637, 332.67708333333314, 193.05729166666634, 320.1770833333331, 187.9791666666663, 306.895833333333, 180.55729166666626, 297.76331018518545, 174.93171296296308, 284.87268518518533, 167.90046296296305, 268.0758101851852, 162.822337962963, 265.3414351851852, 163.99421296296302, 275.8883101851853, 176.4942129629631, 281.35706018518533, 187.43171296296316, 282.52893518518533, 199.15046296296325, 277.06018518518533, 213.21296296296333, 268.8570601851853, 224.1504629629634, 255.75283446712018, 226.85638699924294, 253.23206018518516, 239.3848379629635, 252.06018518518513, 256.1817129629636, 249.71643518518513, 272.97858796296373, 250.14058956916094, 287.06046863189647, 241.97732426303844, 312.57067271352935, 238.40589569160983, 320.22373393801917, 232.7936507936506, 302.36659108087616, 229.222222222222, 282.46863189720256]], "scale": 3, "viewpoint": 2, "zoom_in": 2, "landmarks": [231, 183, 1, 182, 179, 1, 215, 241, 2, 241, 319, 2, 254, 243, 2, 298, 181, 1, 117, 199, 2, 111, 281, 2, 111, 329, 2, 110, 365, 2, 111, 406, 2, 135, 398, 2, 144, 376, 1, 149, 335, 2, 145, 309, 2, 137, 285, 2, 147, 311, 2, 138, 368, 2, 144, 433, 2, 124, 570, 2, 0, 0, 0, 0, 0, 0, 0, 0, 0, 344, 562, 2, 307, 418, 2, 304, 366, 2, 319, 309, 1, 319, 280, 1, 0, 0, 0, 0, 0, 0, 0, 0, 0, 311, 340, 2, 353, 303, 2, 0, 0, 0, 0, 0, 0, 0, 0, 0, 350, 207, 2], "style": 1, "bounding_box": [107, 176, 363, 701], "category_id": 11, "occlusion": 2, "category_name": "long sleeve dress"}}