{"source": "shop", "pair_id": 1526, "item1": {"segmentation": [[351.74689259082805, 15.34161063483328, 350.6652268255495, 22.480604685671835, 348.0692289888809, 30.701264501788955, 342.4445670094324, 41.95058846068607, 334.87290665248236, 55.79591025625175, 327.3012462955324, 66.82890106209315, 321.89291746913955, 79.15989078626885, 317.9989207141367, 86.94788429627454, 314.53891884591394, 98.11079220415266, 311.07758839702257, 112.17244715277405, 308.9142568664654, 126.66676840750688, 307.1835916420197, 143.75708749890825, 306.3182590297968, 161.06373974336537, 306.967258488964, 172.52939685531817, 307.5286989488565, 187.11887732851164, 307.9613652549679, 201.180532277133, 309.9083636324694, 216.10751983797726, 311.42269570385935, 232.54883947021153, 312.93702777524936, 247.04316072494433, 313.9182199993926, 262.13862338099443, 313.7018868463369, 277.9309435540615, 314.78355261161545, 301.72759039019, 314.99988576467115, 319.4669089407586, 314.56721945855975, 337.20622749132707, 310.24055639744546, 343.4798889299428, 307.4282254077212, 356.67621126634134, 300.2892313568826, 373.1175308985756, 295.84670868384796, 385.4574494226059, 287.84238202078654, 402.3314353609516, 278.9727227455023, 419.6380876054087, 274.42972653133234, 426.5607485031915, 269.2377308579952, 436.51207354375435, 275.7277254496666, 442.56940182931436, 286.3280499493966, 447.11239804348435, 298.0100402144051, 447.11239804348435, 309.25936417330223, 447.32873119654005, 320.2923549791436, 446.4633985843172, 326.34968326470363, 450.1410621862643, 328.29668164220504, 461.8230524512729, 329.811013713595, 464.20271713488575, 336.30100830526646, 465.71704920627576, 336.1116471841878, 470.62301032699185, 342.1689754697478, 473.2190081636604, 352.33663366336634, 475.38233969421753, 362.7206250100406, 476.0313391533847, 374.6189484281049, 476.68033861255185, 383.4886077033891, 475.5986728472733, 390.41126860117197, 476.89667176560755, 398.8482615703448, 480.358002214499, 402.3095920192362, 487.28066311228184, 407.71792084562907, 490.958326714229, 421.13057633508333, 492.03999247950753, 433.67789921231474, 491.82365932645183, 447.8398420696584, 491.30343402106575, 458.00750026327694, 490.87076771495435, 463.84849539578124, 490.2217682557872, 464.7138280080041, 485.02977258245005, 461.46883071216837, 477.8907785316115, 461.03616440605697, 475.0784475418872, 468.39149160995123, 472.26611655216294, 480.7224813341269, 469.8864518685501, 490.457473221634, 464.9107893482687, 497.5964672724726, 457.7717952974301, 497.8128004255283, 453.0124659302044, 495.2168025888597, 448.03680340992304, 491.48500929054535, 436.95499723038915, 486.50934677026396, 424.8403406592692, 480.6683516377597, 409.9133530984249, 473.74569073997685, 395.2026986906364, 468.77002821969546, 385.25137365007356, 462.280033628024, 374.00204969117647, 455.7900390363526, 366.21405618117075, 456.87170480163115, 359.94039474255504, 458.38603687302117, 347.3930718653237, 460.1167020974669, 337.4417468247608, 460.8017880208788, 326.88282311195036, 462.9651195514359, 317.5804975305547, 465.99378369421595, 314.11916708166325, 467.2917826125502, 303.30250942887756, 466.21011684727165, 297.2451811433176, 469.2387809900516, 292.48585177609186, 472.26744513283165, 287.9428555619219, 472.91644459199875, 278.6405299805262, 472.91644459199875, 271.28520277663193, 475.5124424286673, 264.79520818496053, 477.6757739592245, 252.03155215467342, 479.4064391836702, 242.29656026716629, 483.9494353978402, 225.85524063493204, 485.3272074638501, 209.94326074035158, 486.19254007607293, 197.39593786312017, 486.6844647688132, 181.70541981185713, 487.76613053409176, 159.85577135323, 487.76613053409176, 140.6021207312715, 487.7545445728997, 120.93137550639962, 487.3218782667883, 102.11039119055252, 484.0768809709526, 80.69340903803686, 480.8846847908154, 69.07713443058753, 478.07235380109114, 56.746144706411854, 475.69268911747827, 46.3621533597376, 474.83381377618576, 38.553645088685194, 477.2134784597986, 28.81865320117808, 469.2091517967372, 23.19399122172952, 459.4741599092301, 20.814326538116667, 448.22483595033293, 18.43466185450382, 426.8078537978173, 15.622330864779538, 417.07286191031017, 16.27133032394668, 399.5075184100353, 14.73895502043429, 377.8742031044639, 14.955288173490002, 360.1348845538954, 14.955288173490002]], "scale": 2, "viewpoint": 2, "zoom_in": 1, "landmarks": [352, 17, 2, 420, 17, 2, 477, 31, 2, 312, 212, 2, 271, 440, 2, 386, 477, 2, 498, 458, 2, 483, 227, 2], "style": 1, "bounding_box": [266, 12, 500, 499], "category_id": 9, "occlusion": 1, "category_name": "skirt"}}