{"source": "shop", "pair_id": 1648, "item1": {"segmentation": [[175.33701744072116, 8.588947677836556, 174.2396237507349, 14.624612972761073, 178.62919851068, 15.722006662747347, 187.95704487556333, 17.36809719772676, 194.54140701548098, 18.465490887713038, 200.02837546541235, 20.66027826768559, 204.9666470703506, 23.40376249265128, 208.80752498530256, 22.85506564765814, 216.48928081520648, 20.111581422692453, 222.524946110131, 18.465490887713038, 227.46321771506925, 15.17330981775421, 232.95018616500062, 9.686341367822832, 231.85279247501435, 4.748069762884592, 237.88845776993887, 11.332431902802245, 246.66760728982908, 14.075916127767934, 263.1285126396232, 16.270703507740485, 281.7842053693899, 16.270703507740485, 294.40423280423204, 18.465490887713038, 299.89120125416343, 24.50115618263755, 304.28077601410854, 29.98812463256893, 308.67035077405365, 40.96206153243169, 311.41383499901934, 57.42296688222582, 313.05992553399875, 72.23778169704053, 314.15731922398504, 91.99086811679351, 314.15731922398504, 106.80568293160823, 317.44950029394386, 121.62049774642296, 320.19298451890955, 136.98400940623083, 322.93646874387525, 148.5066431510867, 321.29037820889585, 156.73709582598377, 317.44950029394386, 147.40924946110042, 312.51122868900563, 136.98400940623083, 307.02426023907424, 132.04573780129257, 294.9529296492252, 133.69182833627198, 293.8555359592389, 155.09100529100436, 287.8198706643144, 173.74669802077105, 286.7224769743281, 187.46411914559948, 287.92741524593384, 191.91177738585154, 289.57350578091325, 197.94744268077605, 289.57350578091325, 207.2752890456594, 286.8300215559476, 214.95704487556333, 286.28132471095444, 229.2231628453849, 284.0865373309819, 235.25882814030945, 289.02480893592013, 242.39188712522022, 293.41438369586524, 257.7553987850281, 298.4558886929257, 278.1760141093475, 302.84546345287083, 295.73431314912784, 309.4298255927885, 320.9743680188122, 312.72200666274733, 355.5422692533799, 316.56288457769926, 393.9510484028995, 321.446717617088, 434.4875563394086, 321.446717617088, 468.5067607289832, 324.7388986870468, 496.4902998236332, 325.8362923770331, 537.0938663531253, 328.5797766019988, 572.7591612776794, 329.677170291985, 596.9018224573774, 329.1284734469919, 626.5314520870069, 329.677170291985, 645.7358416617667, 324.7388986870468, 650.1254164217119, 312.11887125220466, 655.06368802665, 298.95014697236934, 653.4175974916707, 283.5866353125615, 653.4175974916707, 281.57142857142856, 676.5428571428572, 272.31428571428575, 681.9428571428572, 254.57142857142858, 682.7142857142858, 246.0857142857143, 681.1714285714286, 236.05714285714285, 681.1714285714286, 223.71428571428572, 682.7142857142858, 209.05714285714285, 686.5714285714286, 194.4, 684.2571428571429, 174.34285714285716, 678.0857142857143, 154.28571428571428, 671.9142857142857, 137.31428571428572, 661.8857142857142, 120.34285714285714, 657.2571428571429, 101.82857142857144, 650.3142857142857, 84.85714285714286, 641.0571428571428, 74.05714285714286, 636.4285714285714, 71.74285714285715, 628.7142857142857, 76.37142857142857, 607.8857142857142, 77.91428571428571, 587.8285714285714, 81.0, 560.8285714285714, 84.08571428571429, 529.2, 88.71428571428572, 493.7142857142857, 91.02857142857142, 459.7714285714286, 94.88571428571429, 436.62857142857143, 98.74285714285715, 401.9142857142857, 98.74285714285715, 392.65714285714284, 102.03503821281598, 377.293631197335, 106.42461297276108, 363.0275132275134, 113.00897511267873, 353.69966686263007, 117.94724671761696, 338.88485204781534, 123.43421516754834, 324.61873407799374, 131.11597099745228, 305.9630413482271, 132.7620615324317, 293.89171075837805, 139.8951205173425, 278.5281990985702, 143.1873015873013, 266.45686850872113, 149.77166372721896, 254.93423476386525, 155.80732902214348, 246.15508524397504, 151.96645110719152, 237.37593572408485, 150.3203605722121, 226.95069566921524, 150.3203605722121, 222.01242406427698, 155.80732902214348, 219.81763668430443, 150.54806976288458, 212.90299823633188, 150.54806976288458, 201.92906133646912, 150.54806976288458, 189.30903390162695, 148.90197922790517, 178.3350970017642, 147.80458553791888, 173.9455222418191, 145.0611013129532, 189.8577307466201, 144.51240446796007, 203.57515187144853, 145.0611013129532, 220.5847540662358, 139.0254360180287, 241.98393102096819, 129.69758965314534, 235.39956888105053, 118.17495590828945, 232.1073878110917, 106.10362531844042, 228.26650989613972, 100.0679600235159, 227.16911620615346, 102.26274740348845, 219.4873603762495, 102.26274740348845, 210.70821085635933, 101.16535371350218, 197.539486576524, 102.26274740348845, 184.37076229668872, 100.61665686850904, 164.0689790319426, 102.26274740348845, 149.25416421712788, 100.61665686850904, 134.9880462473063, 101.16535371350218, 122.91671565745727, 103.36014109347474, 111.94277875759451, 103.90883793846787, 94.38447971781412, 105.55492847344729, 80.11836174799254, 105.55492847344729, 69.69312169312292, 108.03252988438179, 55.30386047423082, 110.77601410934749, 45.976014109347474, 120.10386047423083, 32.258592984519034, 124.49343523417593, 31.161199294532757, 133.82128159905926, 27.320321379580793, 140.95434058397007, 25.67423084460138, 159.0613364687436, 25.12553399960824, 165.64569860866126, 22.93074661963569, 171.68136390358578, 17.992475014697447]], "scale": 3, "viewpoint": 2, "zoom_in": 1, "landmarks": [205, 7, 1, 177, 14, 2, 189, 17, 2, 203, 22, 2, 219, 18, 2, 233, 9, 2, 119, 32, 2, 111, 118, 2, 107, 175, 2, 105, 201, 2, 103, 227, 2, 135, 237, 2, 140, 216, 2, 141, 186, 2, 140, 146, 2, 132, 82, 2, 140, 100, 2, 150, 163, 2, 152, 233, 2, 94, 452, 2, 72, 637, 2, 210, 682, 2, 327, 649, 2, 315, 454, 2, 286, 239, 2, 285, 173, 2, 286, 97, 1, 290, 74, 2, 294, 89, 2, 295, 105, 2, 296, 122, 1, 295, 149, 1, 321, 153, 2, 316, 116, 2, 312, 88, 2, 308, 57, 2, 292, 21, 1], "style": 2, "bounding_box": [68, 1, 341, 688], "category_id": 11, "occlusion": 1, "category_name": "long sleeve dress"}}