{"source": "shop", "pair_id": 1650, "item1": {"segmentation": [[343.9838598901109, 451.57984203296394, 337.73385989011075, 459.00171703296417, 331.09323489011064, 461.73609203296417, 320.1557348901104, 463.6892170329642, 318.20260989011035, 464.0798420329642, 315.0776098901103, 470.3298420329644, 311.1713598901102, 483.2204670329646, 306.48385989011007, 490.2517170329648, 301.01510989010995, 498.45484203296496, 295.93698489010984, 504.31421703296513, 292.0307348901098, 515.6423420329654, 290.4682348901097, 527.3610920329656, 287.34323489010967, 539.8610920329659, 284.1801270660113, 549.6685704776562, 282.4494618415656, 556.1585650693274, 281.15146292323135, 558.754562905996, 278.7717982396186, 562.432226507943, 275.7431340968386, 577.7918803748984, 272.7144699540587, 596.8291978438008, 271.20013788266874, 610.8908527924219, 268.3878068929445, 623.8708419757645, 264.06114383183035, 638.1488300774413, 261.89781230127323, 644.2061583630012, 261.46514599516183, 648.7491545771711, 261.8977544194934, 656.782650242007, 263.97714950455963, 658.8620453270732, 266.8126882569226, 655.4593988242376, 269.2701551756372, 654.3251833232924, 273.9960530962422, 653.7580755728198, 266.62365234009843, 706.4990963667715, 263.410041754087, 732.0189451380385, 263.8676192612053, 750.0453016371384, 265.3669945215135, 759.3747477012786, 268.6989395444206, 760.0411367058599, 275.8626213436711, 760.7075257104414, 284.0258866497936, 760.5409284592961, 288.5240124307183, 760.5409284592961, 293.1887354627884, 762.373498221895, 298.1866529971491, 764.3726652356393, 302.6847787780738, 765.2056514913661, 305.1837375452542, 764.0394707333486, 311.84762759106854, 765.2056514913661, 315.8459616185571, 766.8716240028197, 321.17707365520863, 769.8703745234361, 327.27297008547004, 771.4855006105006, 334.911858974359, 772.3535561660563, 342.7243589743592, 773.3952228327229, 348.4535256410259, 773.2216117216118, 352.9674145299149, 772.8743894993895, 355.22435897435935, 769.5757783882784, 356.4396367521371, 768.3605006105006, 358.8701923076927, 768.5341117216117, 362.1688034188039, 770.7910561660561, 364.7729700854706, 774.0896672771673, 369.2868589743596, 775.6521672771673, 376.75213675213746, 776.520222832723, 376.75213675213746, 780.5132783882785, 378.31463675213746, 782.0757783882785, 379.8771367521375, 781.9021672771675, 383.0021367521376, 778.9507783882785, 384.04380341880426, 776.8674450549452, 384.3910256410265, 775.1313339438341, 386.12713675213763, 774.2632783882784, 386.64797008547094, 751.1730006105004, 387.8632478632487, 722.7007783882776, 392.71060241697324, 669.3728653617857, 392.15658579647464, 641.1180177163558, 390.77154424522803, 620.065386137408, 389.54186105943774, 613.4168870610187, 388.4601952941592, 608.4412245407374, 386.9458632227692, 604.5472277857345, 386.5131969166578, 601.5185636429546, 387.8111958349921, 595.8939016635062, 389.75819421249344, 590.7019059901692, 394.95018988583047, 586.1589097759993, 399.4931861000004, 580.5342477965509, 403.3871828550032, 573.6115868987681, 404.90151492639313, 567.9869249193197, 408.7955116813959, 562.5785960929269, 411.3915095180644, 556.9539341134785, 414.20384050778864, 550.6802726748629, 416.1206473353579, 543.9302266149214, 417.63497940674785, 537.6565651763058, 418.9329783250821, 530.3012379724116, 420.23097724341636, 522.9459107685175, 423.90864084536344, 510.18225473823065, 426.72097183508765, 500.66359600377945, 427.5863044473105, 490.4959378101611, 426.28830552897625, 482.9242774532113, 423.47597453925204, 479.0302806982085, 418.9329783250821, 477.0832823207071, 414.38998211091223, 473.6219518718158, 402.2753255397925, 466.6992909740331, 396.8669967133998, 462.58896106597456, 391.45866788700704, 456.9642990865261, 390.8096684278399, 453.9356349437462, 386.4830053667257, 456.7479659334704, 382.37267545866723, 458.69496431097184, 372.42135041810457, 461.50729530069606, 364.8496900611548, 463.2379605251417, 358.7923617755949, 464.1032931373646, 356.41269709198207, 463.8869599843089, 352.51870033697935, 461.50729530069606, 349.2737030411437, 459.12763061708324]], "scale": 1, "viewpoint": 2, "zoom_in": 1, "landmarks": [362, 458, 1, 344, 452, 1, 349, 459, 1, 360, 465, 2, 377, 462, 2, 391, 454, 1, 318, 464, 1, 296, 504, 1, 282, 551, 2, 270, 606, 2, 262, 657, 2, 290, 656, 1, 293, 606, 2, 298, 560, 2, 301, 523, 1, 311, 484, 1, 304, 515, 1, 300, 555, 2, 297, 577, 2, 270, 648, 1, 263, 750, 2, 321, 770, 2, 384, 777, 2, 393, 669, 1, 388, 596, 2, 381, 558, 1, 378, 522, 2, 385, 510, 2, 380, 533, 2, 368, 564, 2, 317, 624, 2, 274, 662, 2, 296, 681, 2, 337, 642, 2, 397, 583, 2, 419, 533, 2, 419, 478, 2], "style": 1, "bounding_box": [252, 450, 432, 781], "category_id": 11, "occlusion": 2, "category_name": "long sleeve dress"}}