{"source": "shop", "pair_id": 1650, "item1": {"segmentation": [[328.77093416979983, 134.0512266561415, 326.3134672510852, 139.34423232721903, 325.17925175014005, 141.9907351627578, 322.72178483142545, 144.4482020814724, 318.56299466129315, 147.28374083383537, 314.7822763248092, 148.79602816842893, 311.1905939051494, 150.87542325349511, 309.30023473690744, 153.3328901722097, 307.03180373501704, 156.54650075822107, 305.3304804835993, 159.57107542740823, 303.81819314900565, 159.00396767693564, 304.19626498265404, 157.11360850869366, 306.65373190136864, 155.03421342362748, 308.7331269864348, 152.3877105880887, 310.0563784042042, 150.11927958619833, 310.6234861546768, 146.14952533289016, 311.757701655622, 143.3139865805272, 309.11119882008325, 142.55784291323042, 307.03180373501704, 139.53326824404323, 304.00722906582985, 136.88676540850446, 301.1716903134669, 135.5635139907351, 297.9580797274555, 134.9964062402625, 295.8786846423894, 134.9964062402625, 293.4212177236748, 136.88676540850446, 291.719894472257, 138.96616049357064, 289.6404993871908, 143.6920584141756, 288.5062838862456, 151.82060283761612, 288.12821205259723, 161.08336276200183, 288.12821205259723, 162.97372193024378, 286.80496063482786, 164.48600926483738, 286.2378528843553, 165.62022476578255, 285.48170921705844, 172.42551777145368, 284.91460146658585, 174.69394877334406, 284.34749371611326, 180.17599036124582, 285.85978105070683, 185.84706786597175, 287.93917613577304, 188.30453478468633, 290.77471488813603, 188.30453478468633, 298.46681318681283, 188.78241758241788, 304.2268131868129, 188.78241758241788, 312.5468131868129, 188.78241758241788, 315.58681318681295, 188.78241758241788, 316.546813186813, 195.02241758241792, 317.02681318681294, 199.50241758241796, 317.89538461538456, 203.78021978021954, 319.9753846153846, 211.4602197802196, 321.57538461538456, 214.82021978021965, 322.2153846153846, 216.26021978021964, 322.0553846153846, 217.38021978021965, 320.45538461538456, 221.54021978021967, 318.85538461538454, 225.70021978021973, 316.6153846153845, 230.50021978021977, 315.33538461538456, 239.78021978021982, 314.0553846153845, 248.7402197802199, 314.0553846153845, 264.58021978022003, 314.21538461538455, 275.4602197802201, 315.17538461538453, 291.1402197802202, 317.39606210805925, 307.84522277295497, 317.96565982966837, 318.24038119232137, 318.5352575512775, 324.7907549908262, 321.8104444505299, 325.0755538516308, 329.35761426185076, 325.0755538516308, 337.1895829339761, 325.0755538516308, 343.4551578716764, 323.36676068680345, 350.29033053098584, 321.08836980036693, 355.13191116466334, 319.8067749267464, 366.80866445765025, 319.2371772051373, 373.07438715131, 318.78444632290797, 375.29332206255265, 317.60101437024525, 381.506339814032, 316.861369399831, 393.48858833474213, 315.3820794590026, 394.0803043110735, 315.6779374471683, 394.8199492814877, 316.56551141166534, 396.0033812341505, 317.00929839391387, 399.7016060862215, 316.861369399831, 402.2163989856298, 313.7548605240914, 403.9915469146239, 312.1276415891801, 409.3169907016062, 311.9797125950973, 410.20456466610324, 310.352493660186, 410.3524936601861, 308.1335587489434, 408.13355874894347, 303.84361792054096, 406.50633981403223, 295.1158072696533, 405.4708368554523, 290.2341504649196, 402.55871401325953, 282.35845972209586, 408.7570611206976, 280.70556716011237, 409.1702842611935, 279.0526745981289, 408.96367269094554, 268.1022613749883, 407.1041685587141, 253.019616746889, 406.21462488129157, 240.96377696377715, 403.8442545109212, 226.34649301315972, 401.82153846153847, 212.99340659340652, 398.9415384615384, 194.75340659340637, 396.2215384615384, 178.1134065934062, 392.44263486985597, 157.18697937223396, 390.4962675808157, 148.9707493672509, 389.3300868227982, 145.4722070931984, 388.4971005670714, 143.9728318328902, 386.1647390510364, 142.64005382372733, 381.33341876782106, 140.8074840611284, 374.1697369685707, 140.30769230769232, 370.00480568993675, 139.14151154967482, 367.339249671611, 138.14192804280268, 365.34008265786673, 136.8091500336398, 363.8407073975585, 134.64338576875016, 363.0077211418317, 130.9782462435523, 361.00855412808744, 132.64421875500588, 358.84278986319777, 133.97699676416875, 355.677442091436, 135.97616377791303, 350.84612180822063, 138.14192804280268, 347.51417678531345, 139.14151154967482, 344.01563451126094, 139.14151154967482, 338.6845224746095, 139.14151154967482, 336.18556370742914, 138.97491429852946, 332.5204241822313, 136.8091500336398]], "scale": 1, "viewpoint": 2, "zoom_in": 1, "landmarks": [344, 135, 1, 329, 134, 1, 336, 139, 1, 348, 140, 2, 356, 136, 2, 363, 131, 1, 315, 149, 2, 305, 164, 2, 307, 152, 2, 313, 143, 2, 295, 136, 2, 289, 164, 2, 288, 188, 2, 305, 188, 2, 314, 176, 1, 314, 166, 1, 314, 178, 1, 317, 198, 2, 322, 217, 2, 313, 268, 2, 318, 325, 2, 371, 318, 2, 410, 310, 2, 390, 249, 1, 378, 214, 2, 377, 193, 2, 379, 176, 2, 378, 171, 2, 379, 193, 2, 381, 216, 2, 387, 244, 2, 397, 282, 2, 411, 282, 2, 406, 241, 2, 403, 212, 2, 399, 185, 2, 387, 143, 2], "style": 1, "bounding_box": [283, 127, 412, 329], "category_id": 11, "occlusion": 2, "category_name": "long sleeve dress"}}