{"source": "shop", "pair_id": 1648, "item1": {"segmentation": [[240.6548184325962, 27.853057778983636, 248.88527110749325, 35.53481360888756, 254.9209364024178, 36.63220729887384, 263.700085922308, 39.375691523839535, 268.6383575272462, 42.66787259379836, 275.77141651215703, 47.6061441987366, 279.61229442710896, 50.349628423702285, 290.0375344819786, 47.057447353743456, 298.8166840018688, 42.66787259379836, 303.2062587618139, 37.72960098886011, 315.8262861966561, 33.340026228915015, 316.9236798866424, 32.24263253892874, 322.95934518156685, 29.499148313963047, 326.80022309651883, 20.171301949079705, 335.0306757714159, 27.853057778983636, 340.51764422134727, 32.24263253892874, 348.74809689624436, 34.437419918901284, 361.9168211760797, 37.18090414386698, 381.1212107508395, 42.11917574880522, 397.5821161006336, 42.66787259379836, 408.5560530004964, 43.216569438791495, 417.3352025203866, 51.44702211368856, 422.822170970318, 69.00532115346897, 427.7604425752562, 84.91752965826997, 433.7961078701807, 100.82973816307096, 442.0265605450778, 122.22891511780334, 445.8204073018888, 134.05664842701896, 449.6612852168407, 153.80973484677193, 449.1125883718476, 173.01412442153173, 451.8560725968133, 190.57242346131216, 454.599556821779, 209.77681303607199, 454.05085997678583, 228.98120261083182, 448.0151946818613, 245.99080480561906, 444.7230136119025, 230.07859630081808, 441.4308325419437, 215.8124783309965, 430.45689564208095, 210.3255098810651, 418.93426189722504, 214.1663877960171, 409.05771868734854, 226.78641523085923, 412.89859660230053, 239.40644266570143, 415.6420808272662, 272.3282533652897, 413.44729344729365, 298.66570192496033, 402.4733565474309, 316.7726978097338, 393.1455101825476, 328.2953315545898, 404.1194470824103, 334.8796936945074, 410.70380922232795, 347.4997211293496, 421.978021978022, 378.72527472527474, 430.4175824175824, 430.4175824175824, 439.91208791208794, 483.1648351648352, 452.5714285714286, 544.3516483516484, 457.84615384615387, 592.8791208791209, 459.95604395604397, 636.1318681318681, 463.1208791208791, 681.4945054945056, 468.39560439560444, 724.7472527472528, 471.5604395604396, 770.1098901098901, 475.7802197802198, 816.5274725274726, 476.83516483516485, 875.6043956043957, 472.61538461538464, 895.6483516483516, 467.3406593406594, 899.8681318681319, 456.7912087912088, 906.1978021978023, 446.24175824175825, 906.1978021978023, 438.8571428571429, 909.3626373626374, 442.02197802197804, 931.5164835164835, 430.4175824175824, 938.901098901099, 418.8131868131868, 939.956043956044, 408.2637362637363, 935.7362637362638, 398.7692307692308, 932.5714285714286, 391.3846153846154, 930.4615384615385, 395.6043956043956, 949.4505494505495, 386.1098901098901, 951.5604395604396, 373.4505494505495, 949.4505494505495, 366.0659340659341, 949.4505494505495, 355.5164835164835, 942.0659340659341, 338.6373626373626, 942.0659340659341, 324.92307692307696, 943.1208791208792, 310.1538461538462, 947.3406593406594, 298.54945054945057, 950.5054945054945, 288.0, 952.6153846153846, 275.34065934065933, 952.6153846153846, 257.4065934065934, 946.2857142857143, 241.5824175824176, 939.956043956044, 227.86813186813188, 933.6263736263736, 216.26373626373626, 928.3516483516484, 209.93406593406596, 923.0769230769231, 198.32967032967034, 917.8021978021978, 187.7802197802198, 913.5824175824176, 168.7912087912088, 912.5274725274726, 147.6923076923077, 906.1978021978023, 131.86813186813188, 901.978021978022, 132.92307692307693, 889.3186813186813, 138.1978021978022, 876.6593406593407, 138.1978021978022, 857.6703296703297, 138.1978021978022, 832.3516483516484, 137.14285714285714, 808.0879120879122, 137.14285714285714, 775.3846153846154, 136.0879120879121, 737.4065934065934, 139.25274725274727, 702.5934065934066, 139.25274725274727, 675.1648351648352, 144.52747252747253, 638.2417582417582, 145.58241758241758, 605.5384615384615, 150.85714285714286, 573.8901098901099, 158.24175824175825, 543.2967032967033, 164.57142857142858, 517.978021978022, 174.06593406593407, 490.54945054945057, 183.56043956043956, 456.7912087912088, 197.27472527472528, 424.0879120879121, 206.76923076923077, 395.6043956043956, 213.0989010989011, 373.4505494505495, 229.97802197802199, 350.24175824175825, 217.3186813186813, 336.5274725274725, 215.2087912087912, 324.92307692307696, 214.15384615384616, 316.4835164835165, 203.60439560439562, 325.978021978022, 205.71428571428572, 335.4725274725275, 205.71428571428572, 351.2967032967033, 197.27472527472528, 343.91208791208794, 173.01098901098902, 341.80219780219784, 159.2967032967033, 341.80219780219784, 147.6923076923077, 348.13186813186815, 145.58241758241758, 337.5824175824176, 146.63736263736266, 325.978021978022, 149.8021978021978, 316.4835164835165, 149.8021978021978, 297.4945054945055, 149.8021978021978, 276.3956043956044, 150.85714285714286, 240.52747252747253, 151.9120879120879, 220.4835164835165, 151.9120879120879, 198.32967032967034, 151.9120879120879, 169.84615384615384, 151.9120879120879, 129.75824175824175, 151.9120879120879, 107.6043956043956, 151.9120879120879, 88.61538461538461, 160.35164835164835, 72.79120879120879, 171.95604395604397, 58.02197802197802, 189.8901098901099, 50.63736263736264, 201.4945054945055, 47.472527472527474, 227.86813186813188, 42.1978021978022, 236.30769230769232, 32.70329670329671]], "scale": 3, "viewpoint": 2, "zoom_in": 1, "landmarks": [284, 24, 1, 242, 31, 2, 259, 40, 2, 278, 46, 2, 306, 36, 2, 327, 22, 2, 166, 61, 2, 153, 179, 2, 155, 273, 2, 153, 308, 2, 151, 340, 2, 199, 341, 2, 204, 313, 2, 205, 276, 2, 202, 214, 2, 198, 141, 2, 201, 164, 2, 213, 244, 2, 224, 340, 2, 152, 582, 2, 135, 904, 2, 353, 947, 2, 475, 895, 2, 450, 576, 2, 407, 324, 2, 403, 242, 1, 401, 156, 1, 405, 101, 2, 411, 127, 1, 413, 151, 1, 415, 182, 1, 411, 224, 1, 449, 240, 2, 454, 213, 2, 451, 182, 2, 445, 114, 2, 412, 40, 1], "style": 2, "bounding_box": [122, 8, 483, 958], "category_id": 11, "occlusion": 2, "category_name": "long sleeve dress"}}