{"source": "shop", "pair_id": 1648, "item1": {"segmentation": [[139.25274725274727, 65.40659340659342, 166.6813186813187, 81.23076923076924, 184.6153846153846, 88.61538461538461, 202.54945054945057, 97.05494505494507, 221.53846153846155, 104.43956043956044, 236.30769230769232, 109.71428571428572, 263.73626373626377, 117.09890109890111, 276.3956043956044, 121.31868131868133, 293.2747252747253, 125.53846153846155, 308.04395604395603, 133.97802197802199, 319.64835164835165, 127.64835164835165, 324.92307692307696, 122.37362637362638, 323.86813186813185, 111.82417582417582, 323.86813186813185, 99.16483516483517, 336.5274725274725, 109.71428571428572, 349.1868131868132, 129.75824175824175, 355.5164835164835, 144.52747252747253, 361.84615384615387, 151.9120879120879, 388.21978021978026, 159.2967032967033, 413.53846153846155, 161.4065934065934, 436.7472527472528, 161.4065934065934, 454.6813186813187, 161.4065934065934, 472.61538461538464, 165.62637362637363, 486.32967032967036, 169.84615384615384, 502.1538461538462, 179.34065934065936, 512.7032967032967, 197.27472527472528, 519.032967032967, 213.0989010989011, 524.3076923076924, 232.0879120879121, 530.6373626373627, 247.9120879120879, 533.8021978021978, 273.2307692307692, 540.1318681318681, 301.7142857142857, 541.1868131868132, 330.1978021978022, 544.3516483516484, 365.010989010989, 550.6813186813187, 410.3736263736264, 554.901098901099, 452.5714285714286, 567.5604395604396, 470.50549450549454, 571.7802197802198, 498.98901098901104, 574.945054945055, 542.2417582417582, 579.1648351648352, 585.4945054945055, 572.8351648351648, 606.5934065934066, 561.2307692307693, 627.6923076923077, 569.6703296703297, 643.5164835164835, 567.5604395604396, 662.5054945054945, 552.7912087912088, 675.1648351648352, 532.7472527472528, 684.6593406593407, 529.5824175824176, 696.2637362637363, 528.5274725274726, 732.1318681318681, 528.5274725274726, 765.8901098901099, 519.032967032967, 796.4835164835165, 506.3736263736264, 809.1428571428572, 514.8131868131868, 827.0769230769231, 519.032967032967, 851.3406593406594, 520.0879120879121, 867.1648351648352, 528.5274725274726, 895.6483516483516, 531.6923076923077, 926.2417582417582, 535.9120879120879, 959.0, 0.0, 959.0, 1.054945054945055, 901.978021978022, 5.274725274725275, 879.8241758241759, 14.76923076923077, 861.8901098901099, 29.53846153846154, 841.8461538461539, 33.75824175824176, 817.5824175824176, 30.593406593406595, 798.5934065934066, 13.714285714285715, 798.5934065934066, 3.164835164835165, 789.0989010989011, 0.0, 101.27472527472528, 11.604395604395604, 104.43956043956044, 34.81318681318682, 101.27472527472528, 68.57142857142857, 92.83516483516483, 106.54945054945055, 82.28571428571429, 125.53846153846155, 75.95604395604396, 133.97802197802199, 69.62637362637363]], "scale": 3, "viewpoint": 2, "zoom_in": 2, "landmarks": [213, 73, 1, 149, 71, 2, 219, 106, 2, 306, 138, 2, 337, 120, 2, 0, 0, 0, 0, 0, 0, 0, 0, 0, 0, 0, 0, 0, 0, 0, 0, 0, 0, 52, 851, 1, 48, 756, 1, 47, 651, 2, 33, 487, 2, 26, 352, 2, 35, 431, 2, 66, 618, 2, 72, 819, 2, 0, 0, 0, 0, 0, 0, 0, 0, 0, 0, 0, 0, 0, 0, 0, 510, 808, 2, 530, 634, 2, 532, 481, 2, 513, 346, 1, 510, 405, 1, 508, 507, 1, 507, 596, 1, 510, 680, 1, 571, 664, 2, 576, 588, 2, 564, 471, 2, 538, 296, 2, 480, 169, 2], "style": 2, "bounding_box": [0, 49, 586, 959], "category_id": 11, "occlusion": 2, "category_name": "long sleeve dress"}}