{"source": "shop", "pair_id": 1648, "item1": {"segmentation": [[174.4914285714286, 17.00571428571434, 180.25142857142856, 25.325714285714284, 189.21142857142848, 27.24571428571427, 200.7314285714284, 31.085714285714243, 208.41142857142836, 35.565714285714215, 218.0114285714283, 31.085714285714243, 225.69142857142825, 25.325714285714284, 235.93142857142817, 20.845714285714312, 236.57142857142816, 15.085714285714353, 244.8914285714281, 19.56571428571432, 258.33142857142803, 27.24571428571427, 280.09142857142785, 28.525714285714262, 298.65142857142774, 34.28571428571422, 306.9714285714277, 44.52571428571415, 314.65142857142763, 59.24571428571406, 320.41142857142756, 75.24571428571394, 329.37142857142754, 100.84571428571377, 332.57142857142753, 122.60571428571362, 332.57142857142753, 146.92571428571347, 328.0914285714275, 175.08571428571327, 325.53142857142757, 164.20571428571333, 316.57142857142765, 146.92571428571347, 309.5314285714277, 140.5257142857135, 309.5314285714277, 140.5257142857135, 308.2514285714277, 166.12571428571331, 310.17142857142767, 192.36571428571315, 305.6914285714277, 220.52571428571295, 301.62857142857143, 230.65714285714287, 291.6, 244.54285714285714, 300.0857142857143, 256.1142857142857, 310.1142857142857, 284.65714285714284, 314.74285714285713, 312.42857142857144, 321.6857142857143, 349.45714285714286, 327.0857142857143, 385.7142857142857, 330.9428571428571, 421.2, 337.1142857142857, 462.8571428571429, 340.9714285714286, 497.57142857142856, 341.74285714285713, 533.0571428571428, 344.8285714285714, 563.9142857142857, 344.8285714285714, 596.3142857142857, 347.9142857142857, 608.6571428571428, 351.0, 631.8, 345.6, 653.4, 336.34285714285716, 660.3428571428572, 319.37142857142857, 666.5142857142857, 320.9142857142857, 681.9428571428572, 311.65714285714284, 688.8857142857142, 303.1714285714286, 686.5714285714286, 291.6, 684.2571428571429, 288.51428571428573, 680.4, 287.74285714285713, 691.2, 276.9428571428571, 694.2857142857143, 266.14285714285717, 695.0571428571428, 257.65714285714284, 688.8857142857142, 246.0857142857143, 689.6571428571428, 236.05714285714285, 688.1142857142858, 227.57142857142858, 692.7428571428571, 217.54285714285714, 695.8285714285714, 211.37142857142857, 695.8285714285714, 210.6, 701.0, 202.11428571428573, 698.9142857142857, 192.0857142857143, 694.2857142857143, 178.2, 688.1142857142858, 159.68571428571428, 677.3142857142857, 145.8, 671.1428571428571, 128.05714285714285, 666.5142857142857, 110.31428571428572, 663.4285714285714, 96.42857142857143, 658.0285714285715, 97.2, 649.5428571428572, 100.28571428571429, 631.8, 97.97142857142858, 602.4857142857143, 98.74285714285715, 580.8857142857142, 101.05714285714286, 551.5714285714286, 101.05714285714286, 525.3428571428572, 101.82857142857144, 498.34285714285716, 101.82857142857144, 475.2, 104.91428571428571, 452.8285714285714, 108.77142857142857, 430.45714285714286, 112.62857142857143, 410.4, 117.25714285714285, 386.48571428571427, 124.97142857142858, 362.57142857142856, 131.14285714285714, 344.8285714285714, 141.94285714285715, 313.9714285714286, 152.74285714285713, 283.1142857142857, 159.68571428571428, 266.14285714285717, 164.31428571428572, 256.8857142857143, 161.22857142857143, 249.17142857142858, 158.9142857142857, 239.14285714285714, 155.82857142857142, 229.11428571428573, 148.11428571428573, 236.05714285714285, 150.42857142857142, 244.54285714285714, 147.34285714285716, 252.25714285714287, 136.54285714285714, 249.94285714285715, 124.2, 249.94285714285715, 109.54285714285714, 252.25714285714287, 106.45714285714286, 246.85714285714286, 107.22857142857143, 231.42857142857144, 108.77142857142857, 215.22857142857143, 111.85714285714286, 197.4857142857143, 110.31428571428572, 174.34285714285716, 110.31428571428572, 151.97142857142856, 110.31428571428572, 135.0, 110.31428571428572, 120.34285714285714, 110.31428571428572, 104.91428571428571, 109.54285714285714, 84.85714285714286, 111.85714285714286, 60.17142857142857, 117.25714285714285, 49.371428571428574, 126.51428571428572, 39.34285714285714, 135.77142857142857, 37.8, 145.8, 35.48571428571429, 155.82857142857142, 35.48571428571429, 165.0857142857143, 35.48571428571429, 172.02857142857144, 35.48571428571429, 172.02857142857144, 26.228571428571428]], "scale": 3, "viewpoint": 2, "zoom_in": 1, "landmarks": [205, 18, 1, 172, 21, 2, 185, 29, 2, 204, 35, 2, 223, 30, 2, 239, 20, 2, 121, 49, 2, 111, 126, 2, 111, 193, 2, 111, 221, 2, 110, 249, 2, 147, 251, 2, 147, 215, 2, 147, 193, 2, 146, 156, 2, 138, 110, 2, 146, 128, 2, 155, 188, 2, 162, 254, 2, 113, 429, 2, 99, 655, 2, 240, 686, 2, 342, 656, 2, 319, 418, 2, 296, 249, 2, 291, 182, 1, 292, 114, 1, 296, 82, 2, 299, 98, 2, 302, 114, 2, 305, 134, 1, 304, 153, 1, 331, 156, 2, 330, 126, 2, 329, 104, 2, 318, 62, 2, 293, 30, 1], "style": 2, "bounding_box": [90, 9, 353, 701], "category_id": 11, "occlusion": 1, "category_name": "long sleeve dress"}}