{"source": "shop", "pair_id": 1650, "item1": {"segmentation": [[188.08967032966706, 213.2676923076935, 177.2096703296669, 219.0276923076936, 165.68967032966668, 229.26769230769378, 154.80967032966652, 235.66769230769387, 145.92653061224507, 238.542857142857, 138.41632653061234, 242.13469387755092, 134.1714285714286, 247.35918367346935, 130.9061224489796, 252.91020408163266, 128.2938775510204, 262.7061224489797, 127.96734693877549, 273.8081632653064, 127.64081632653058, 297.9714285714291, 128.6204081632653, 316.9102040816334, 127.96734693877549, 329.3183673469397, 128.9469387755102, 346.29795918367455, 131.8857142857143, 364.2571428571441, 133.1918367346939, 374.706122448981, 135.4775510204082, 379.27755102040965, 140.94285714285715, 387.4571428571427, 144.69285714285718, 389.95714285714274, 151.69285714285724, 390.95714285714274, 156.9428571428573, 392.20714285714274, 164.94285714285738, 393.95714285714274, 168.9428571428574, 393.95714285714274, 168.4428571428574, 401.95714285714286, 164.94285714285738, 409.9571428571429, 160.44285714285732, 420.457142857143, 158.44285714285732, 426.7071428571431, 157.4428571428573, 433.70714285714314, 155.4428571428573, 444.45714285714325, 152.44285714285726, 462.2071428571434, 151.69285714285724, 468.2071428571435, 150.44285714285724, 473.45714285714354, 149.94285714285724, 478.9571428571436, 149.69285714285724, 488.4571428571437, 148.9428571428572, 493.7071428571437, 148.4428571428572, 497.95714285714377, 148.32857142857134, 514.6928571428566, 148.32857142857134, 525.1928571428567, 149.57857142857137, 542.4428571428568, 150.32857142857137, 551.942857142857, 152.8285714285714, 560.4428571428571, 152.8285714285714, 574.6928571428572, 153.0785714285714, 591.6928571428574, 154.82857142857142, 604.4428571428575, 155.57857142857142, 608.6928571428575, 155.57857142857142, 612.1928571428575, 155.32857142857142, 620.4428571428576, 156.82857142857142, 624.1928571428576, 159.82716049382714, 625.7033509700177, 167.13580246913585, 626.8885361552029, 175.03703703703715, 626.6910052910054, 183.135802469136, 624.9132275132276, 194.39506172839538, 624.5181657848325, 197.75308641975343, 626.0984126984127, 204.07407407407447, 627.0860670194005, 205.65432098765473, 629.4564373897708, 207.43209876543253, 630.246560846561, 209.20987654321033, 629.6539682539684, 209.40740740740785, 627.283597883598, 214.34567901234618, 625.7033509700177, 223.43209876543267, 623.7280423280424, 233.50617283950686, 623.3329805996474, 235.6734539562516, 622.9820685930327, 236.6186335403726, 619.7684580070213, 240.58838779368077, 619.7684580070213, 242.85681879557114, 621.6588171752633, 248.7169322171213, 621.6588171752633, 256.8454766405618, 620.5246016743181, 264.97402106400233, 619.2013502565487, 277.82846340804787, 618.4452065892519, 278.20653524169626, 616.55484742101, 280.6640021604108, 615.7987037537132, 288.79254658385133, 614.4754523359438, 303.24628679449063, 613.2551444774507, 315.7226573048877, 611.7428571428571, 325.1744531460976, 611.3647853092087, 330.8455306508236, 610.7976775587362, 335.00432082095597, 609.663462057791, 337.4617877396705, 607.7731028895489, 340.6753983256819, 606.2608155549553, 343.8890089116933, 603.8033486362408, 355.7982716716178, 600.7787739670537, 361.84742100999216, 597.7541992978664, 360.52416959222273, 593.4063732109099, 358.4447745071566, 584.1436132865242, 355.987307588442, 573.1795301107206, 353.71887658655163, 558.6237645152573, 350.88333783418864, 539.3421009991891, 348.42587091547404, 522.6842019983802, 345.5487528344672, 507.6217687074834, 340.33333333333337, 488.3473922902496, 335.7981859410431, 472.92789115646264, 327.63492063492055, 449.11836734693856, 316.5238095238093, 417.3723356009065, 310.85487528344646, 405.80770975056623, 306.9999999999997, 396.73741496598564, 303.14512471655297, 390.16145124716473, 301.36618793733413, 387.13912566828395, 300.6274991100026, 381.72207426785263, 303.03582766439905, 367.8403628117913, 308.2512471655329, 363.5319727891155, 312.5596371882087, 359.45034013605425, 315.28072562358284, 358.5433106575962, 319.3623582766441, 355.5954648526075, 321.8566893424038, 350.6068027210882, 324.80453514739247, 337.90839002267535, 327.07210884353765, 334.50702947845764, 327.07210884353765, 325.43673469387704, 328.88616780045373, 324.52970521541897, 329.11292517006825, 317.72698412698355, 332.0607709750569, 316.1396825396819, 334.5551020408166, 311.60453514739163, 333.6779417445725, 299.5591439388086, 332.8126091323496, 288.09348682685606, 333.6779417445725, 284.84848953102045, 339.951603183188, 273.59916557212364, 334.75960750985104, 268.83983620489806, 326.3226145406784, 260.1865100826697, 322.42861778567567, 258.23951170516835, 314.8569574287259, 255.21084756238844, 309.34295106602787, 254.83478914248093, 311.18384521461434, 245.89330327791802, 311.97279984972283, 238.00375692683312, 311.18384521461434, 233.0070442378127, 308.81698130928885, 230.37719545411773, 302.57636878130756, 225.8643460942194, 294.61579787733604, 222.48764910303282, 285.14834225603414, 220.12078519770733, 276.4698412698408, 218.01690617075138, 262.00567295951845, 214.8610876303174, 242.28180708180622, 211.44228421151396, 240.71265403246403, 210.62314948585086, 234.28790685816296, 214.66836066967005, 223.81794850004266, 220.37924704682658, 219.2968301181271, 222.52082943826025, 217.1552477266934, 222.99673663635664, 210.25459335429593, 222.75878303730843, 200.26054219427203, 220.37924704682658, 193.83579501997096, 217.5238038582483]], "scale": 2, "viewpoint": 2, "zoom_in": 1, "landmarks": [216, 210, 1, 188, 213, 1, 204, 225, 2, 219, 224, 2, 231, 218, 2, 243, 212, 2, 131, 251, 2, 128, 327, 2, 137, 386, 2, 213, 399, 2, 296, 399, 2, 292, 371, 2, 228, 364, 2, 174, 355, 2, 169, 335, 2, 165, 292, 1, 170, 310, 1, 172, 344, 1, 167, 399, 2, 147, 505, 2, 160, 624, 2, 262, 620, 2, 355, 596, 2, 340, 481, 2, 301, 382, 1, 269, 330, 2, 283, 296, 2, 285, 281, 2, 280, 304, 2, 270, 344, 2, 285, 306, 2, 307, 256, 2, 340, 272, 2, 329, 325, 2, 303, 368, 2, 300, 274, 2, 307, 230, 2], "style": 1, "bounding_box": [125, 208, 364, 632], "category_id": 11, "occlusion": 1, "category_name": "long sleeve dress"}}