{"source": "shop", "pair_id": 1660, "item1": {"segmentation": [[279.31285521668303, 123.03819570507515, 280.26410373035725, 116.85508036619287, 272.65411562096364, 120.18445016405256, 258.86101217268777, 133.02630509865423, 243.64103595390063, 145.8681600332559, 233.65292656032156, 150.14877834478978, 224.61606568041668, 153.95377239948658, 220.3354473688828, 153.95377239948658, 213.20108351632632, 157.75876645418336, 205.59109540693274, 158.23439071102047, 199.88360432488753, 162.03938476571724, 197.98110729753915, 171.5518699024592, 194.17611324284235, 182.0156035528754, 191.32236770181976, 186.2962218644093, 189.41987067447138, 189.62559166226896, 186.5661251334488, 193.90620997380285, 187.51737364712298, 198.66245254217384, 194.65173749967946, 207.22368916524164, 204.16422263642144, 215.7849257883094, 211.29858648897792, 222.91928964086588, 217.0060775710231, 225.29741092505137, 223.66481716674247, 213.882428760961, 224.61606568041668, 235.28552031863046, 226.51856270776508, 252.407993564766, 228.42105973511346, 266.2010970130418, 231.27480527613608, 282.84794600234034, 233.65292656032156, 296.64104945061615, 235.55542358766996, 307.10478310103235, 236.58538494657324, 317.0623480775953, 238.48788197392162, 327.05045747117435, 239.43913048759583, 330.85545152587116, 242.29287602861842, 335.6116940942421, 243.71974879912972, 342.2704336899615, 243.71974879912972, 348.45354902884384, 239.9147547444329, 349.88042179935513, 237.53663346024743, 355.1122886245632, 233.73163940555065, 379.36912572325525, 230.87789386452806, 400.7722172809247, 222.31665724146026, 418.84593904073444, 214.2310448752296, 434.0659152595216, 207.09668102267312, 449.2858914783087, 198.05982014276825, 466.4083647244443, 190.02250307387695, 481.426220879149, 183.83938773499466, 494.7437000705878, 181.46126645080918, 504.25618520732974, 178.13189665294948, 510.91492480304913, 170.997532800393, 515.1955431145831, 162.43629617732523, 519.951785682954, 154.82630806793165, 523.2811554808137, 144.83819867435258, 525.6592767649992, 136.75258630812192, 528.5130223060218, 129.61822245556542, 534.6961376449041, 121.53261008933474, 540.4036287269493, 113.44699772310406, 545.6354955521574, 109.64200366840728, 548.0136168363429, 112.49574920942987, 560.8554717709445, 117.25199177780085, 577.0266965034059, 124.38635563035734, 595.1004182632156, 127.71572542821703, 598.9054123179124, 132.9475922534251, 612.6985157661883, 138.17945907863322, 624.1134979302786, 142.4547394391575, 628.6461417614023, 138.6497453844607, 648.6223605485604, 140.07661815497198, 652.4273546032572, 149.58910329171397, 656.7079729147911, 167.66282505152373, 662.8910882536734, 193.82215917756415, 671.4523248767412, 206.6640141121658, 674.3060704177637, 229.01835418350944, 676.2085674451122, 244.71395465913372, 678.5866887292976, 256.60456108006116, 680.0135614998089, 267.06829473047736, 682.3916827839945, 280.3857739219161, 684.2941798113428, 293.7032531133549, 683.8185555545058, 305.59385953428233, 682.8673070408315, 316.5332174415356, 682.3916827839945, 338.17579472035476, 681.9571519770664, 348.63952837077096, 681.4815277202292, 361.9570075622097, 681.9571519770664, 384.7869718903904, 682.9084004907405, 413.80005155745346, 681.4815277202292, 441.3862584540052, 678.1521579223696, 456.13061041595523, 675.774036638184, 460.4112287274891, 672.4446668403244, 467.0699683232085, 670.542169812976, 475.6312049462763, 666.2615515014421, 486.57056285352957, 660.0784361625598, 494.1805509629231, 657.7003148783743, 497.50992076078285, 657.2246906215372, 504.1686603565022, 653.4196965668405, 511.7786484658958, 650.5659510258179, 518.4373880616151, 647.7122054847953, 526.0473761710088, 644.8584599437727, 528.4254974551943, 643.4315871732614, 528.8920559681802, 630.6326895849895, 529.8433044818544, 623.0227014755959, 530.3189287386915, 613.0345920820168, 527.940807454506, 591.6315005243474, 526.5139346839946, 578.3140213329086, 522.2333163724608, 564.0452936277957, 518.9039465746012, 554.5328084910537, 515.5745767767414, 544.0690748406375, 510.3427099515333, 531.2272199060359, 507.01334015367365, 522.6659832829681, 503.6839703558139, 511.25100111887775, 498.92772778744296, 502.6897644958099, 492.6409468755778, 485.40825540104817, 484.5553345093471, 473.51764898012067, 480.27471619781323, 464.0051638433787, 472.6647280884197, 450.68768465193995, 468.3841097768858, 440.2239510015238, 461.7253701811664, 427.8577203237592, 454.5910063286099, 415.49148964599465, 449.3591395034018, 403.12525896823007, 441.2735271371712, 392.6615253178139, 435.09041179828887, 386.95403423576875, 423.6343361842895, 375.1725582079601, 411.26810550652493, 359.47695773233585, 406.03623868131683, 348.53759982508257, 405.56061442447975, 339.9763632020148, 405.56061442447975, 334.2688721199696, 408.41435996550234, 327.13450826741314, 409.36560847917656, 322.3782656990421, 411.26810550652493, 311.914532048626, 413.64622679071044, 296.6945558298388, 416.49997233173303, 283.85270089523715, 418.87809361591854, 276.24271278584354, 422.2074634137782, 268.1571004196129, 422.2074634137782, 264.8277306217532, 421.256214900104, 250.08337865980315, 417.92684510224433, 245.32713609143215, 414.1218510475475, 239.14402075254986, 411.26810550652493, 230.5827841294821, 420.7805906432669, 225.8265415611111, 434.09806983470565, 220.11905047906592, 449.79367031032996, 208.22844405813845, 457.4036584197235, 199.66720743507068, 462.1599009880945, 195.86221338037387, 468.8186405838139, 190.6303465551658, 473.57488315218484, 186.34972824363192, 470.24551335432517, 182.06910993209803, 464.53802227228, 177.31286736372704, 457.4268741201828, 165.94270644238722, 454.5731285791602, 159.75959110350493, 448.39001324027794, 152.62522725094846, 443.633770671907, 147.8689846825775, 438.87752810353595, 146.91773616890328, 434.121285535165, 146.91773616890328, 427.9381701962827, 146.91773616890328, 425.5600489120972, 146.91773616890328, 422.2306791142375, 146.44211191206617, 415.096315261681, 143.58836637104358, 401.30321181340514, 135.5027540048129, 387.9857326219664, 125.03902035439674, 378.4732474852244, 118.85590501551445, 372.76575640317924, 125.51464461123383, 365.63139255062276, 132.64900846379032, 357.070155927555, 138.3564995458355, 352.31391335918397, 141.2102450868581, 343.7526767361162, 145.49086339839198, 331.86207031518876, 150.72273022360008, 321.23036194142156, 155.14103257972172, 306.4860099794715, 156.0922810933959, 293.16853078803274, 152.7629112955362, 279.37542733975687, 146.10417169981685, 276.99730605557136, 142.29917764512004, 276.99730605557136, 133.73794102205227]], "scale": 3, "viewpoint": 2, "zoom_in": 1, "landmarks": [0, 0, 0, 0, 0, 0, 292, 153, 2, 321, 158, 2, 356, 143, 2, 372, 131, 2, 209, 160, 2, 200, 175, 2, 189, 196, 2, 0, 0, 0, 0, 0, 0, 224, 213, 1, 230, 256, 2, 236, 294, 2, 244, 340, 2, 202, 466, 2, 112, 550, 2, 314, 683, 2, 526, 644, 2, 480, 464, 2, 406, 342, 2, 414, 298, 2, 423, 266, 2, 412, 229, 2, 0, 0, 0, 0, 0, 0, 469, 184, 2, 454, 163, 2, 433, 148, 2], "style": 1, "bounding_box": [104, 124, 536, 686], "category_id": 10, "occlusion": 1, "category_name": "short sleeve dress"}}