{"source": "shop", "pair_id": 1650, "item1": {"segmentation": [[333.94993894993934, 528.5917785917775, 328.085741419075, 537.2337539004196, 325.3079636412972, 541.5547415547406, 316.9746303079637, 550.1967168633828, 306.17216117216105, 559.7646180979509, 295.23125298259123, 568.6594191055817, 289.2824130063865, 575.3221198789311, 287.61673781304916, 579.1293774637021, 287.8546914120974, 597.4518045904126, 287.61673781304916, 625.7682828771472, 288.8065058082901, 657.8920187486526, 289.0444594073383, 682.8771466487125, 289.50549450549414, 705.752272418941, 292.7990983375596, 742.4735606274057, 294.63999248614607, 751.6780313703382, 294.63999248614607, 766.6681694373996, 297.5328261482106, 784.0251714097864, 300.16267493190554, 793.2296421527188, 300.16267493190554, 797.1744153282613, 301.74058420212253, 812.4275382736922, 303.581478350709, 828.4696158542315, 304.107448107448, 840.0409505024894, 305.159387620926, 845.8266178266184, 305.9483422560345, 848.9824363670524, 304.633417864187, 856.0830280830288, 305.4223724992955, 862.6576500422663, 306.737296891143, 866.8654080961783, 306.737296891143, 868.7063022447647, 305.159387620926, 870.2842115149817, 305.4223724992955, 872.3880905419377, 307.78923640462097, 875.5439090823717, 308.75981161695455, 880.4890982033836, 311.0273853130997, 886.6115471829755, 311.7076574219433, 887.5185766614336, 316.2428048142336, 887.5185766614336, 320.32443746729484, 887.291819291819, 327.1271585557303, 886.1580324437465, 335.5171812314674, 883.8904587476013, 340.50584336298675, 882.5299145299142, 344.81423338566253, 881.8496424210707, 345.4945054945061, 886.1580324437465, 344.587476016048, 898.6296877725448, 343.68044653759, 921.3054247339965, 344.3607186464335, 940.5798011512302, 346.8550497121932, 940.5798011512302, 356.60561660561734, 940.1262864120013, 362.9548229548238, 940.5798011512302, 369.53078667364474, 941.7135879993028, 374.74620617477865, 944.2079190650625, 385.6305599162754, 945.7952206523642, 394.05010501963557, 945.8241149432292, 402.3603543271149, 944.4390733919827, 406.5445665445659, 942.6917844060703, 416.9754055468336, 940.1974533403106, 428.3132740275594, 937.4763649049364, 432.6216640502352, 937.4763649049364, 433.30193615907876, 942.2382696668412, 435.34275248560937, 943.3720565149138, 441.0116867259723, 942.4650270364557, 448.4946799232513, 940.1974533403106, 453.25658468515616, 937.4763649049364, 460.05930577359163, 932.9412175126461, 472.3042037327755, 932.7144601430316, 473.89150532007704, 932.034188034188, 473.89150532007704, 929.0863422291993, 479.7871969300545, 928.4060701203558, 482.50828536542866, 927.4990406418977, 484.3223443223448, 925.9117390545961, 490.89830804116576, 924.3244374672945, 498.6080586080593, 922.9638932496074, 503.82347810919316, 919.7892900750041, 507.4515960230254, 918.8822605965461, 511.5332286760867, 918.8822605965461, 514.4810744810754, 916.1611721611719, 516.2951334379916, 913.4400837257978, 517.8824350252931, 907.5443921158203, 518.5627071341366, 902.3289726146864, 517.6556776556786, 898.7008547008542, 514.9345892203045, 895.2994941566365, 513.5740450026174, 884.1883830455251, 511.5332286760867, 866.2745508459784, 508.13186813186894, 853.8028955171801, 503.31135531135584, 838.9820338391773, 482.0850506833888, 746.2793826671949, 474.0518096861587, 720.7946181242582, 469.61967672216974, 710.5453106450337, 464.3565188274328, 703.0660862683023, 457.43131107119996, 693.0937870993271, 456.60028614045206, 690.6007123070832, 454.38421965845754, 668.7170557973876, 451.0601199354658, 636.3070834982182, 439.9948392972332, 582.9476719918031, 429.46852350775936, 535.5792509391707, 434.24175824175734, 528.5918367346899, 423.0172684458387, 527.5714285714246, 419.9560439560427, 527.5714285714246, 409.24175824175677, 523.4897959183631, 393.42543171114414, 518.3877551020365, 391.3846153846135, 525.5306122448939, 387.8131868131848, 531.6530612244858, 382.950441586968, 536.6420563374755, 379.85704479934157, 540.4493139222466, 376.7636480117151, 541.8770355165357, 373.1943440259923, 543.3047571108248, 368.67322564407664, 543.3047571108248, 361.2966640735828, 542.352942714632, 350.8267057154625, 539.0215923279574, 344.63991214020956, 536.6420563374755, 338.21516496590846, 532.8347987527045], [427.61695447409875, 536.3139717425429, 438.7189952904255, 587.2527472527479, 451.3418803418801, 636.6722290055619, 462.4529914529914, 668.1537104870439, 466.4653371320038, 682.042599375933, 470.7863247863249, 692.536426536427, 475.7245963912632, 704.2648215981557, 476.6505223171892, 707.6598833265508, 476.0332383665719, 709.8203771537113, 474.49002849002864, 712.9067969067978, 474.49002849002864, 716.301858635193, 476.34188034188054, 720.0055623388967, 474.18138651472, 727.1043277709956, 483.13239479376165, 757.8124691685949, 490.5394112060783, 758.5858092524776, 499.18138651472043, 761.9808709808727, 504.4283000949674, 764.7586487586506, 503.8110161443501, 776.4870438203791, 510.909781576449, 776.7956857956877, 511.835707502375, 770.0055623388976, 513.3789173789182, 765.9932166598851, 515.5394112060787, 761.6722290055641, 516.1566951566961, 757.9685253018603, 515.5394112060787, 755.1907475240824, 513.0702754036096, 751.1784018450701, 513.3789173789182, 745.3142043142058, 513.0702754036096, 740.9932166598846, 510.6011396011404, 736.9808709808723, 511.5270655270663, 733.2771672771685, 512.4529914529923, 729.8821055487734, 512.4529914529923, 718.7709944376621, 510.6011396011404, 710.4376611043286, 508.44064577397984, 702.7216117216125, 506.8974358974366, 695.6228462895135, 507.5147198480539, 690.3759327092665, 509.36657169990576, 683.2771672771677, 508.44064577397984, 679.5734635734639, 506.8974358974366, 678.0302536969207, 506.58879392212793, 674.9438339438342, 507.20607787274525, 671.2401302401304, 506.39674186610597, 663.9103882435234, 506.15878826705773, 660.3410842578005, 504.0172058756241, 657.7235946682704, 500.6858554889494, 655.5820122768367, 502.11357708323857, 649.8711258996801, 500.9238090879976, 646.0638683149091, 498.7822266965639, 644.3981931215718, 495.68882990893746, 643.6843323244273, 493.78520111655195, 638.4493531453671, 491.8815723241664, 632.2625595701141, 491.40566512607006, 627.7414411881986, 489.0261291355881, 619.8889724196083, 487.1225003432026, 613.2262716462591, 479.96999825571277, 586.2250130821549, 475.88836560265145, 574.2068724925855, 467.050378983897, 549.0041703448919, 465.66533743265046, 543.7410124501549, 462.618246019908, 535.4307631426756, 460.12517122766417, 531.8296551094345, 454.8620133329273, 529.0595720069414, 448.2138138869438, 526.843505524947, 443.78168092295476, 527.1205138351962, 439.0725396487165, 527.6745304556948, 434.36339837447815, 528.7825636966921, 429.9312654104892, 530.4446135581879]], "scale": 2, "viewpoint": 2, "zoom_in": 1, "landmarks": [369, 529, 1, 334, 529, 1, 352, 540, 2, 372, 544, 2, 387, 535, 2, 393, 519, 1, 288, 580, 2, 290, 655, 2, 290, 721, 2, 301, 796, 2, 308, 890, 2, 343, 878, 2, 323, 787, 2, 326, 718, 2, 321, 668, 2, 312, 620, 1, 316, 643, 1, 324, 681, 1, 322, 713, 1, 327, 822, 1, 345, 940, 2, 444, 937, 2, 518, 907, 2, 487, 794, 1, 457, 692, 2, 451, 637, 2, 442, 597, 2, 442, 584, 1, 452, 625, 2, 465, 669, 2, 479, 712, 2, 461, 761, 2, 510, 767, 2, 509, 704, 2, 498, 651, 2, 473, 563, 2, 454, 525, 2], "style": 2, "bounding_box": [275, 519, 525, 956], "category_id": 11, "occlusion": 2, "category_name": "long sleeve dress"}}