{"source": "shop", "pair_id": 1650, "item1": {"segmentation": [[231.1795141837952, 179.19799558348944, 217.38641073551912, 182.52736538134917, 210.7276711397996, 186.80798369288314, 197.41019194836065, 199.649838627485, 195.50769492101222, 204.88170545269315, 189.32457958212984, 215.3454391031095, 187.4220825547814, 228.18729403771135, 183.14146424324747, 238.6510276881277, 170.77523356548272, 256.24912519110063, 166.49461525394875, 263.8591133004943, 158.40900288771795, 271.94472566672516, 156.98213011720662, 281.93283506030434, 159.83587565822927, 308.0921691863452, 159.36025140139216, 312.84841175471627, 157.93337863088084, 319.5071513504357, 157.45775437404373, 324.2633939188068, 157.07054673721382, 327.68465608465516, 153.98412698412736, 330.15379188712427, 152.13227513227548, 332.62292768959344, 152.13227513227548, 335.7093474426799, 153.05820105820143, 340.9562610229269, 149.97178130511497, 342.8081128747788, 146.26807760141122, 346.8204585537912, 143.79894179894205, 349.28959435626035, 142.87301587301613, 352.9932980599641, 142.87301587301613, 357.3142857142851, 143.18165784832476, 358.5488536155197, 138.55202821869509, 362.25255731922346, 137.00881834215184, 365.64761904761855, 137.3174603174605, 372.1291005291001, 136.08289241622592, 375.5241622574952, 129.910052910053, 378.30194003527305, 127.74955908289247, 381.3883597883595, 127.74955908289247, 387.2525573192238, 128.05820105820112, 391.8821869488535, 130.5273368606703, 393.7340388007053, 126.20634920634924, 401.4500881834215, 124.35449735449737, 407.931569664903, 122.81128747795414, 415.3389770723105, 119.41622574955903, 418.425396825397, 113.55202821869477, 426.45008818342177, 110.46560846560831, 432.31428571428603, 110.46560846560831, 438.17848324515035, 110.15696649029967, 441.57354497354544, 107.99647266313914, 446.2031746031751, 105.83597883597862, 449.5982363315702, 99.6631393298057, 455.15379188712586, 95.95943562610196, 459.78342151675554, 95.34215167548467, 462.86984126984197, 94.41622574955873, 466.26490299823706, 95.03350970017601, 469.6599647266322, 92.56437389770686, 474.2895943562619, 90.71252204585498, 477.99329805996564, 90.09523809523769, 482.00564373897805, 90.40388007054634, 483.8574955908299, 92.13605442176838, 480.10340136054504, 96.44444444444417, 476.47528344671275, 100.0725623582764, 474.8879818594112, 103.47392290249412, 474.8879818594112, 107.32879818594088, 475.1147392290257, 111.86394557823118, 477.60907029478534, 114.58503401360535, 482.5977324263047, 106.42176870748281, 486.90612244898045, 100.29931972789092, 489.85396825396913, 101.20917107583765, 504.81834215167527, 104.5671957671957, 510.94179894179877, 107.53015873015869, 516.2751322751321, 110.09805996472663, 519.6331569664902, 119.18447971781315, 529.5097001763669, 121.9499118165786, 532.0776014109348, 126.49312169312186, 533.657848324515, 123.1350970017638, 543.9294532627868, 118.98694885361562, 559.1393298059968, 116.56860670194015, 578.6186948853608, 114.39576719576729, 587.7051146384474, 113.8031746031747, 591.260670194003, 114.79082892416235, 599.1619047619043, 115.38342151675496, 604.8902998236327, 112.81552028218704, 608.0507936507933, 112.81552028218704, 610.2236331569661, 113.01305114638457, 615.1619047619045, 113.01305114638457, 616.9396825396823, 111.63033509700183, 619.7051146384478, 108.66737213403884, 626.816225749559, 107.2846560846561, 630.7668430335095, 106.69206349206351, 635.7051146384479, 107.2846560846561, 641.8285714285714, 109.0624338624339, 642.8162257495591, 112.61798941798949, 644.0014109347443, 117.75379188712536, 644.7915343915345, 122.69206349206368, 647.1619047619048, 127.82786596119954, 648.34708994709, 133.16119929453293, 649.7298059964727, 132.3710758377428, 653.0878306878308, 130.593298059965, 661.1865961199296, 134.54391534391567, 662.9643738977074, 143.3760141093472, 667.6458553791886, 145.54885361552007, 669.8186948853614, 148.5118165784831, 672.1890652557319, 149.69700176366828, 674.5594356261022, 152.65996472663127, 676.5347442680776, 155.2278659611992, 678.5100529100529, 159.37601410934738, 681.0779541446208, 163.7216931216931, 681.868077601411, 176.56119929453277, 683.6458553791888, 191.57354497354527, 686.0162257495591, 207.17848324515037, 686.6088183421517, 221.99329805996535, 687.9915343915345, 239.37601410934826, 688.189065255732, 246.7368606701939, 688.584126984127, 256.2183421516755, 687.3989417989419, 259.7738977072311, 686.6088183421517, 264.7121693121694, 684.6335097001764, 267.2800705467373, 683.0532627865962, 268.4652557319225, 683.8433862433862, 268.66278659612004, 685.6211640211641, 271.82328042328055, 687.7940035273369, 274.78624338624354, 687.5964726631394, 284.6627865961202, 681.2754850088184, 289.79858906525607, 676.5347442680776, 291.1813051146388, 672.7816578483245, 290.5887125220462, 663.6952380952379, 291.57636684303384, 659.3495590828921, 297.1072310405648, 655.3989417989416, 303.6257495590834, 649.8680776014106, 305.6010582010587, 645.5223985890649, 307.3788359788365, 640.386596119929, 306.87047791502346, 637.5862898531975, 303.973239345535, 634.870128694302, 302.3435426501977, 632.5161223565926, 298.7219944383371, 617.8488520985571, 297.43419776240063, 611.3141175709761, 296.34773329884246, 591.9388346375218, 296.5288107094355, 580.8931125913471, 300.6935911530752, 578.9012610748237, 303.77190713315673, 576.5472547371143, 318.0945785516426, 510.0102097348625, 317.540561931144, 501.69996042738313, 315.32449544914954, 482.58638702018067, 313.73636723387426, 463.79635931935144, 309.8582508903839, 446.06782746339553, 306.25714285714287, 431.94040364068064, 303.21005144440045, 421.13707954095753, 299.0549267906608, 410.887772061733, 297.1158686189156, 403.9625643055002, 299.3319351009101, 401.74649782350576, 299.60894341115943, 398.14538979026474, 301.8250098931539, 394.54428175702367, 300.71697665215663, 390.66616541353335, 298.036483041026, 388.6394653480641, 298.9018156532488, 386.0434675113956, 303.66114502047435, 378.6881403075015, 307.7714749285328, 373.0634783280531, 313.39613690798126, 361.59782121610056, 315.775801591594, 355.324159777485, 321.12229004094877, 343.7564861315002, 326.53061886734145, 335.9684926214947, 330.4246156223442, 326.66616704009925, 331.0642857142858, 320.04285714285743, 333.3142857142858, 314.5428571428573, 338.3142857142859, 303.5428571428572, 340.0642857142859, 296.29285714285714, 344.564285714286, 287.29285714285703, 346.064285714286, 276.04285714285686, 347.064285714286, 264.29285714285675, 347.56428571428603, 250.54285714285655, 345.064285714286, 238.2928571428564, 341.3142857142859, 230.54285714285632, 337.56428571428586, 227.0428571428563, 328.56428571428575, 220.79285714285618, 321.0642857142857, 216.79285714285615, 312.0642857142856, 211.04285714285606, 306.3142857142855, 208.04285714285604, 299.6706870983684, 193.0065249629248, 293.0962926347005, 194.04458724666182, 284.4457736035585, 196.4667325753816, 275.1032130499251, 198.88887790410135, 271.64300543746833, 200.27296094908405, 265.96109954185806, 202.88521449396123, 261.12977925864266, 205.21757600999624, 258.13102873802626, 207.38334027488588, 256.2984589754273, 208.8827155351941, 252.7999167013748, 208.8827155351941, 245.13644314868833, 208.21632653061266, 244.63665139525224, 207.54993752603124, 233.91922398589082, 198.80740740740774, 230.36366843033522, 194.65925925925956, 229.37601410934755, 189.12839506172864]], "scale": 3, "viewpoint": 2, "zoom_in": 1, "landmarks": [256, 187, 1, 230, 179, 1, 230, 195, 1, 244, 212, 2, 273, 200, 2, 300, 194, 1, 195, 204, 2, 158, 273, 1, 141, 354, 2, 118, 414, 2, 87, 477, 2, 123, 481, 2, 142, 434, 2, 164, 366, 2, 167, 314, 2, 170, 258, 1, 166, 283, 1, 168, 337, 2, 163, 378, 2, 122, 491, 1, 108, 636, 2, 211, 683, 2, 305, 641, 2, 319, 509, 2, 299, 393, 2, 315, 351, 2, 334, 322, 2, 340, 296, 2, 260, 324, 2, 234, 372, 2, 174, 438, 2, 103, 492, 2, 122, 529, 2, 201, 473, 2, 280, 392, 2, 329, 321, 2, 338, 230, 2], "style": 2, "bounding_box": [75, 165, 357, 693], "category_id": 11, "occlusion": 2,