{"source": "shop", "pair_id": 1671, "item1": {"segmentation": [[193.42077922077922, 122.87603305785126, 203.1865407319953, 129.51570247933887, 212.07083825265647, 136.12727272727278, 218.88902007083828, 141.91239669421492, 223.43447461629285, 146.25123966942155, 219.5088547815821, 148.31735537190087, 213.10389610389615, 151.00330578512404, 207.31877213695398, 154.51570247933893, 205.25265643447466, 156.58181818181825, 195.54191263282175, 159.47438016528935, 184.17827626918535, 159.47438016528935, 173.0212514757969, 160.30082644628106, 168.2691853600944, 160.92066115702488, 167.23612750885476, 175.59008264462818, 166.4354191263282, 189.16387249114524, 162.30318772136954, 196.188665879575, 161.19171753071157, 200.66658425403693, 165.0857142857143, 206.29124623348528, 172.01393152302245, 205.48618654073206, 175.52632821723734, 204.86635182998825, 177.59244391971666, 198.25478158205436, 179.86517119244394, 203.21345926800478, 183.37756788665882, 205.69279811098, 192.7632388163486, 203.51097890751757, 196.44090241829562, 206.10697674418603, 199.6858997141312, 205.45797728501893, 204.11074380165292, 205.4212514757969, 200.18512396694217, 211.20637544273907, 203.28429752066117, 223.80968122786305, 207.00330578512398, 230.00802833530108, 199.56528925619835, 261.41298701298706, 187.78842975206612, 297.80826446281, 178.3650531286895, 331.4403778040142, 174.85265643447462, 350.2420306965762, 169.06753246753246, 375.44864226682415, 165.34852420306964, 392.5974025974027, 175.47249114521844, 396.52302243211346, 188.08925619834713, 396.98370720188905, 188.91570247933888, 400.49610389610393, 211.4363636363637, 400.70271546635183, 258.8417945690673, 400.04014167650536, 281.56906729634005, 395.90791027154665, 282.18890200708387, 392.1889020070838, 299.7508854781583, 391.77567886658795, 313.180637544274, 390.3293978748524, 320.02282785930583, 386.6331236897275, 334.71806375442736, 381.16883116883116, 324.20265548567437, 353.85488003727, 314.8248311204286, 315.8581411600279, 308.34334963894713, 287.7717214069414, 304.1409270906126, 268.9783368273934, 301.03191241556016, 252.79897507570462, 297.13695395513577, 222.76080283353016, 296.51711924439195, 210.77733175914997, 299.5074380165289, 198.84769775678868, 304.67272727272723, 200.7072018890201, 309.0115702479339, 198.43447461629282, 311.697520661157, 193.4757969303424, 310.04462809917356, 189.13695395513577, 302.60661157024794, 187.89728453364816, 303.1464758304078, 168.5969214150689, 303.335511747232, 159.71223332433166, 296.2016528925619, 155.66587957497043, 288.21263840129626, 148.93718606535242, 285.9237308146399, 144.64226682408503, 279.312160566706, 123.77449822904367, 276.212987012987, 124.18772136953953, 280.0840939778558, 135.51563597083447, 284.0642266824085, 148.1546635182999, 278.19373480961383, 149.50429381582504, 272.5226573048879, 151.77272481771539, 265.67579693034236, 154.7662337662338, 263.40306965761505, 156.0059031877214, 255.34521841794563, 152.49350649350652, 246.0476977567886, 149.18772136953956, 235.0972845336481, 145.88193624557263, 229.51877213695386, 145.88193624557263, 211.0243211334121, 131.04391971664703, 195.6935064935065, 120.19008264462812]], "scale": 2, "viewpoint": 3, "zoom_in": 1, "landmarks": [261, 149, 1, 192, 120, 2, 226, 149, 2, 262, 157, 2, 288, 149, 2, 278, 126, 2, 171, 168, 2, 167, 184, 2, 161, 202, 2, 207, 200, 2, 208, 190, 2, 208, 180, 2, 209, 184, 2, 202, 217, 2, 205, 242, 1, 185, 309, 2, 166, 391, 2, 266, 400, 2, 333, 382, 2, 311, 300, 2, 299, 240, 2, 296, 209, 2, 301, 179, 2, 0, 0, 0, 0, 0, 0, 0, 0, 0, 311, 194, 2, 0, 0, 0, 305, 163, 2], "style": 1, "bounding_box": [158, 118, 335, 406], "category_id": 10, "occlusion": 1, "category_name": "short sleeve dress"}}