{"source": "shop", "pair_id": 1666, "item1": {"segmentation": [[372.9249531193927, 163.6511981722881, 374.0066188846712, 168.84319384562505, 375.95361726217254, 172.73719060062777, 379.84761401717526, 175.98218789646336, 382.8762781599551, 177.92918627396472, 387.2029412210693, 178.79451888618752, 394.3419352719076, 180.30885095757748, 410.1342554449741, 180.09251780452178, 415.97525057747816, 177.92918627396472, 422.46524516914934, 174.035189518962, 424.33211266846274, 171.1072803519289, 425.63011158679694, 170.24194773970606, 429.95677464791106, 172.62161242331882, 433.2017719437467, 174.56861080082018, 436.8794355456937, 176.73194233137724, 441.2060986068078, 178.6789407088786, 443.8020964434763, 180.19327278026853, 445.31642851486623, 181.7076048516585, 445.53276166792193, 184.73626899443838, 446.18176112708903, 188.63026574944107, 447.04709373931183, 193.822261422778, 447.04709373931183, 199.2305902491707, 447.04709373931183, 202.69192069806198, 449.85942472903605, 211.5615799733459, 452.0227562595931, 217.18624195279426, 455.05142040237297, 223.45990339140974, 457.4310850859857, 227.13756699335676, 459.1617503104314, 235.1418936564179, 459.8107497695985, 249.41988175809448, 460.47156499513926, 263.508068687461, 463.0675628318077, 274.3247263402463, 463.2838959848634, 277.78605678913755, 462.851229678752, 279.94938831969466, 457.6592340054151, 281.68005354414026, 449.43857418929827, 282.1127198502517, 443.5975790567942, 282.1127198502517, 439.27091599568007, 282.1127198502517, 440.0213296020749, 291.25800286669846, 440.41187456720735, 300.80620323522527, 440.41187456720735, 308.16153043911925, 441.1764522036834, 317.5793272106333, 442.6907842750734, 325.15098756758306, 443.7724500403519, 332.93898107758844, 445.50311526479754, 340.0779751284268, 445.50311526479754, 343.10663927120663, 442.4744511220177, 345.2699708017637, 440.3111195914606, 348.0823017914879, 438.14778806090357, 351.11096593426777, 434.25379130590085, 353.9232969239919, 431.65779346923233, 359.1152925973289, 429.92712824478673, 362.36028989316446, 429.4026222813039, 364.8732564036467, 429.1862891282482, 367.25292108725944, 427.75473668922183, 369.7697948147602, 428.1046233629696, 375.2572477503206, 428.1046233629696, 378.2859118931005, 427.0229575976911, 381.31457603588035, 422.3673906414009, 387.8934028497344, 414.14673082528407, 392.6527322169599, 406.10095917583686, 395.7067371110125, 400.30140902971885, 399.79172626779825, 398.5707438052732, 401.30605833918816, 398.1380774991618, 406.06538770641373, 396.8400785808276, 408.01238608391503, 393.3787481319363, 409.0940518491936, 384.50908885665234, 408.6613855430822, 382.3457573260953, 407.14705347169223, 380.8314252547053, 405.4163882472466, 379.31709318331536, 395.4650632066841, 376.9374284997026, 394.3833974414056, 364.17377246941595, 394.1670642883499, 350.9774501330179, 393.9507311352942, 345.7854544596809, 393.9507311352942, 338.6753952795259, 395.690635451505, 330.9712516153381, 396.01330769010445, 325.77925594200116, 394.71530877177025, 317.1259298197729, 388.6579804862105, 310.63593522810174, 381.9516527414836, 304.17212341753884, 371.41936834858996, 301.33360964670635, 367.673664639807, 302.8479417180963, 360.9673368950801, 303.92960748337487, 356.20800752785453, 304.8859842146834, 348.5758228399641, 305.36189141277976, 342.15107566566303, 302.4152754119849, 333.060360150894, 300.03561072837215, 329.5990297020027, 297.22327973864793, 324.19070087561005, 292.031284065311, 317.70070628393887, 297.81997815848746, 312.250051191045, 303.04446795440583, 305.3929083339021, 305.3301822401201, 297.5561736400245, 306.58199767829376, 290.1791327803696, 308.7453292088508, 283.68913818869845, 311.34132704551934, 276.3338109848044, 314.1536580352435, 267.8968180156319, 315.45165695357775, 263.78648810757346, 311.55766019857504, 262.48848918923926, 308.5289960557951, 260.3251576586822, 303.7696666885696, 257.94549297506944, 298.1450047091212, 254.91682883228953, 299.6948910668223, 248.76776787654856, 306.61755196460496, 236.0041118462619, 314.40554547461034, 221.0771242854182, 318.08320907655735, 214.80346284680272, 321.32820637239297, 210.9094660918, 325.4385362804514, 205.28480411235165, 328.25086727017555, 200.3091415920704, 330.1978656476769, 195.11714591873346, 331.49586456601116, 191.43948231678647, 332.79386348434537, 187.11281925567232, 335.1735281679581, 180.62282466400114, 337.7901501021854, 175.84297818640712, 340.8188142449653, 172.81431404362723, 343.8474783877452, 170.65098251307018, 346.6598093774694, 168.92031728862452, 350.33747297941636, 166.75698575806746, 354.2314697344191, 164.5936542275104, 358.7744659485889, 163.07932215612047, 363.7501284688702, 162.43032269695334, 368.7257909891514, 161.99765639084194]], "scale": 2, "viewpoint": 2, "zoom_in": 1, "landmarks": [392, 168, 1, 373, 164, 1, 381, 179, 1, 394, 181, 2, 416, 181, 2, 425, 171, 2, 343, 172, 2, 321, 215, 2, 296, 256, 2, 320, 257, 1, 335, 231, 1, 340, 205, 1, 338, 216, 1, 335, 232, 1, 324, 256, 1, 304, 303, 2, 301, 368, 2, 385, 406, 2, 429, 383, 2, 440, 304, 2, 436, 267, 2, 430, 239, 2, 433, 218, 2, 435, 210, 2, 436, 254, 2, 439, 282, 2, 464, 276, 2, 459, 226, 2, 444, 181, 2], "style": 2, "bounding_box": [290, 154, 470, 410], "category_id": 10, "occlusion": 2, "category_name": "short sleeve dress"}}