{"source": "shop", "pair_id": 1666, "item1": {"segmentation": [[279.1444621914009, 180.46332782391423, 273.08713390584114, 183.49199196669412, 266.16447300805856, 185.22265719113977, 251.67015175332625, 189.11665394614246, 244.53115770248797, 191.49631862975525, 240.42082779442956, 193.22698385420088, 236.52683103942684, 198.20264637448213, 229.52955429663513, 208.47658862876244, 223.97853388847182, 218.27250699610943, 221.81617663163883, 226.75862257783533, 218.3548461827475, 231.95061825117227, 215.32618203996765, 236.2772813122864, 212.29751789718776, 236.4936144653421, 209.48518690746357, 242.98360905701327, 208.04653268837748, 247.89947416217237, 213.67119466782583, 258.7161318149577, 217.78152457588425, 264.77346010051747, 220.161189259497, 271.69612099830005, 224.92051862672255, 278.6187818960826, 223.41072382309878, 290.6985960247941, 219.30039391504036, 302.8132525959136, 217.353395537539, 309.08691403452906, 215.62273031309334, 321.4179037587043, 214.97373085392624, 332.2345614114896, 214.75739770087054, 343.0512190642749, 212.37773301725775, 360.79053761484283, 203.88856146877404, 409.9835585118839, 203.23956200960694, 418.6368846341122, 197.83123318321427, 455.8461869596936, 193.66645606196158, 493.715018979696, 190.85412507223742, 509.7236723058183, 192.58479029668305, 511.6706706833196, 197.77678597002, 514.4830016730438, 202.96878164335695, 515.5646674383223, 210.10777569419525, 514.9156679791553, 216.59777028586643, 513.8340022138767, 224.81843010198327, 510.8053380710968, 230.65942523448732, 509.7236723058183, 242.55774865255114, 509.50733915276254, 250.99474162172368, 512.103336989431, 263.75839765201033, 517.0789995097123, 273.38967514645446, 520.549404494136, 282.4756675747941, 522.7127360246931, 294.59032414591366, 522.7127360246931, 301.72931819675193, 521.1984039533031, 307.570313329256, 519.035072422746, 322.4973008900997, 519.6840718819132, 330.50162755316086, 519.6840718819132, 337.20795529788774, 517.7370735044118, 343.2652835834475, 514.9247425146876, 349.7552781751187, 509.30008053523926, 356.24527276678987, 502.5937527905124, 358.8412706034583, 498.0507565763425, 361.65360159318254, 493.291427209117, 362.30260105234964, 489.18109730105857, 364.6822657359624, 491.34442883161563, 366.19659780735236, 495.88742504578545, 369.2252619501322, 499.78142180078817, 371.82125978680074, 503.0264190966238, 371.82125978680074, 495.67109189272975, 369.0089287970765, 481.8257700971646, 367.4997952358202, 467.9552248993246, 366.84673401133045, 451.30216367483473, 369.13244829704473, 447.7103269401408, 367.82632584806515, 438.56746979728365, 367.17326462357534, 431.71032694014076, 367.4997952358202, 396.44502081769156, 369.4589789092896, 378.4858371442221, 372.18732277614066, 360.6664055168323, 373.0526553883635, 357.6377413740524, 376.94665214336624, 358.93574029238664, 380.6243157453132, 360.0174060576652, 389.7103081736529, 363.04607020044506, 395.1186370000455, 364.3440691187793, 397.9309679897697, 364.3440691187793, 398.5799674489368, 355.0417435373839, 400.39684076094005, 328.68702287504067, 400.61317391399575, 305.9720418041915, 399.09884184260585, 287.58372379445655, 398.233509230383, 274.6037346111142, 399.09884184260585, 260.3257465094376, 399.09884184260585, 244.3170931833153, 398.6661755364944, 233.50043553053, 395.85384454677023, 221.8184452655219, 392.6088472509347, 213.16511914329365, 386.11885265926344, 206.45879139856675, 383.522854822595, 204.079126714954, 376.11761767327295, 199.11108303048377, 370.06028938771317, 196.08241888770388, 364.8682937143762, 193.27008789797972, 362.27229587770773, 191.53942267353406, 361.40696326548493, 197.81308411214954, 356.43130074520366, 202.5724134793751, 347.5616414699197, 208.19707545882343, 342.5859789496385, 209.49507437715766, 335.8796512049116, 209.71140753021336, 325.27932670518203, 209.71140753021336, 313.3810032871182, 209.49507437715766, 302.9970119404443, 205.60107762215495, 296.7233505018288, 200.62541510187373, 291.2863423691176, 197.84030771874666, 287.1760124610592, 190.26864736179695, 282.8493493999451, 183.99498592318147]], "scale": 2, "viewpoint": 2, "zoom_in": 1, "landmarks": [314, 186, 1, 275, 186, 1, 290, 198, 1, 316, 210, 2, 342, 207, 2, 362, 191, 2, 238, 194, 1, 218, 229, 2, 196, 249, 1, 202, 271, 1, 218, 263, 1, 230, 247, 1, 225, 278, 1, 218, 308, 1, 215, 340, 2, 204, 415, 2, 192, 511, 2, 279, 521, 2, 372, 502, 2, 366, 422, 2, 374, 348, 1, 371, 313, 1, 365, 293, 2, 372, 285, 2, 355, 306, 2, 343, 343, 2, 397, 364, 2, 399, 290, 2, 392, 216, 2], "style": 2, "bounding_box": [190, 184, 401, 522], "category_id": 10, "occlusion": 2, "category_name": "short sleeve dress"}}