{"source": "shop", "pair_id": 1671, "item1": {"segmentation": [[289.6486897717667, 266.1168216398986, 295.7361552028219, 271.79964726631397, 301.0694885361553, 278.120634920635, 305.81022927689605, 284.2440917107584, 307.19294532627873, 286.0218694885362, 299.09417989417994, 288.3922398589066, 295.1435626102293, 290.9601410934745, 290.6003527336861, 294.3181657848325, 286.45220458553797, 296.6885361552029, 279.3410934744268, 299.2564373897708, 268.8719576719577, 301.42927689594364, 264.72380952380956, 303.99717813051154, 263.8335097001764, 316.2335097001764, 265.6112874779542, 328.0853615520283, 267.38906525573196, 333.0236331569666, 262.6483245149912, 336.5791887125221, 262.6483245149912, 342.50511463844805, 266.4014109347443, 348.62857142857155, 269.16684303350974, 350.0112874779543, 275.2902998236332, 344.87548500881843, 281.21622574955916, 341.12239858906537, 290.3026455026456, 339.5421516754851, 296.49664902998245, 342.3569664902999, 298.47195767195774, 360.3322751322752, 299.8505879668552, 374.5820037273378, 298.9740357389516, 384.8084463862129, 293.53368606701946, 396.6779541446209, 281.4433862433863, 424.62010582010583, 271.9619047619048, 441.0151675485009, 263.27054673721346, 454.05220458553794, 248.06067019400356, 467.6818342151676, 230.72054099746413, 479.9790363482672, 216.37142857142862, 489.44649196956897, 207.05190194420967, 494.47607776838555, 205.7205409974641, 499.50566356720213, 209.54215167548497, 505.4102292768961, 216.85079365079363, 513.1139329805998, 226.7273368606702, 518.6447971781306, 235.41869488536156, 522.7929453262789, 251.18871252204588, 532.0585537918872, 273.3121693121694, 539.7622574955909, 282.20105820105823, 539.5647266313935, 282.20105820105823, 539.5647266313935, 280.83527336860664, 536.0768959435627, 297.6253968253968, 536.8670194003529, 297.6253968253968, 536.8670194003529, 333.77354497354503, 535.8793650793652, 340.46664028492296, 538.9606648199447, 358.7491887613773, 535.6365650969531, 374.5386624455879, 532.3124653739613, 372.5996042738427, 535.0825484764543, 387.00403640680673, 535.3595567867037, 406.272898784737, 532.4016996685647, 414.1253675533271, 532.1637460695165, 436.50600169061715, 530.1935756551142, 446.2693153000846, 527.8267117497887, 459.8124585705789, 517.6485765275771, 470.5203705277472, 506.2268037732642, 476.36750233704424, 498.18852723718885, 485.4097391008753, 487.0047080819241, 486.36155349706803, 482.2456361009604, 483.860219257245, 478.01720064587425, 470.5348177105465, 475.87561825444055, 461.0166737486191, 472.54426786776594, 451.3298393913779, 467.2175824175825, 442.0679628064244, 453.3857988165681, 429.3262890955199, 431.639391377853, 419.11530008453093, 412.25038038884196, 410.3913778529163, 394.2133558748944, 403.68263112679233, 381.10024762141023, 398.60880564399184, 369.61487443588413, 398.1817727977851, 347.3588121522849, 400.51924540552795, 336.84018541744194, 408.9151695419394, 335.61876434095353, 419.8610350981559, 338.95011472762815, 428.5036348267118, 339.6748943364328, 430.09303985722795, 337.76034673238723, 434.6141582391435, 330.8596923599898, 431.0275132275134, 328.05996472663145, 425.78059964726646, 325.2821869488537, 429.03490913794275, 320.9143891870916, 431.0000000000001, 315.5785714285716, 431.20783806505904, 307.3335833926146, 431.0089602704988, 301.20693153000843, 424.23738977072327, 298.7389770723104, 414.83406135803517, 293.5283419733152, 400.556845415144, 287.3415483980624, 388.15144477450724, 281.4886308398597, 390.4198757763976, 268.0670807453417, 392.12119902781535, 259.9385363219012, 387.77337294085885, 259.5604644882528, 384.1816905211991, 276.95176883607894, 383.6145827707265, 281.8667026735081, 374.9189305968134, 282.2447745071565, 367.16845800702134, 284.32416959222263, 358.6618417499325, 287.537780178234, 348.26486632460166, 292.2636780988389, 339.002106400216, 288.8610315960034, 326.3790440183635, 286.1516608155551, 313.5246016743181, 284.07226573048894, 305.9631650013502, 276.32179314069685, 297.0300929839392, 268.1633136094675, 292.01555367709216, 263.897886728656]], "scale": 2, "viewpoint": 2, "zoom_in": 1, "landmarks": [345, 283, 1, 294, 268, 2, 312, 287, 2, 346, 292, 2, 385, 284, 2, 394, 259, 2, 268, 309, 2, 265, 328, 2, 263, 346, 2, 294, 338, 2, 291, 327, 2, 290, 315, 2, 295, 326, 2, 300, 357, 2, 299, 386, 2, 267, 451, 2, 207, 497, 1, 342, 535, 2, 485, 482, 1, 434, 438, 2, 404, 384, 2, 398, 353, 2, 404, 315, 2, 404, 307, 2, 405, 320, 2, 404, 332, 2, 434, 330, 2, 435, 316, 2, 433, 301, 2], "style": 1, "bounding_box": [201, 252, 489, 540], "category_id": 10, "occlusion": 1, "category_name": "short sleeve dress"}}