{"source": "shop", "pair_id": 1666, "item1": {"segmentation": [[282.92307692307685, 198.42307692307685, 291.17307692307674, 206.42307692307676, 297.6730769230767, 211.1730769230767, 301.0429116338205, 214.2040686586139, 305.588366179275, 215.85696122059736, 315.29910998092777, 215.85696122059736, 324.80324221233263, 214.41068022886182, 333.4809281627457, 211.7247298156387, 342.1586141131589, 206.97266369993628, 347.4453273998731, 202.66369993642724, 348.27177368086484, 198.32485696122066, 362.3213604577242, 198.73808010171652, 372.6519389701208, 199.97774952320412, 377.81722822631906, 210.10171646535278, 383.8089637635091, 220.84551811824522, 388.97425301970736, 231.17609663064178, 393.9329307056577, 243.77940241576562, 395.1726001271453, 247.08518753973254, 400.33884297520655, 258.2441195168468, 403.4380165289255, 264.2358550540368, 405.50413223140487, 266.0953591862682, 405.9173553719007, 270.6408137317227, 410.8760330578511, 282.4176732358548, 414.5950413223138, 291.09535918626796, 421.0600762873491, 306.71106166560713, 425.81214240305155, 317.66147488874753, 427.25842339478703, 322.41354100444994, 427.6716465352829, 324.27304513668133, 427.465034965035, 325.306102987921, 420.64685314685323, 327.9920534011441, 412.382390336936, 330.67800381436723, 404.1179275270187, 332.9507310870945, 392.7542911633825, 336.4631277813093, 394.199618563255, 344.58232676414525, 403.29052765416395, 364.83026064844256, 408.6624284806102, 378.2600127145581, 413.41449459631264, 390.03687221869023, 418.78639542275886, 400.9872854418306, 423.716465352829, 411.58455181182444, 426.1958041958042, 420.05562619198963, 424.95613477431664, 425.2209154481879, 417.724729815639, 436.1713286713283, 415.2453909726638, 442.1630642085183, 413.0019071837254, 448.5705657978388, 413.41513032422125, 462.6201525746981, 415.4812460267006, 474.39701207883024, 415.4812460267006, 482.66147488874753, 413.20851875397335, 486.38048315321026, 411.7622377622378, 495.0581691036234, 408.04322949777503, 503.94246662428446, 405.3572790845519, 506.83502860775553, 397.50603941513054, 509.52097902097864, 385.5225683407505, 512.2069294342017, 373.7457088366184, 512.2069294342017, 367.75397329942837, 508.6945327399869, 365.2746344564532, 502.9094087730448, 363.8283534647177, 498.1573426573424, 355.9755244755247, 498.3057851239669, 347.9176732358553, 500.16528925619826, 338.4135410044505, 504.090909090909, 328.0829624920539, 505.5371900826445, 322.7110616656077, 508.0165289256197, 313.44119516846797, 512.592180546726, 301.8709472345838, 514.2450731087094, 293.1932612841707, 511.5591226954864, 282.2428480610303, 504.3277177368088, 276.66433566433614, 496.6830896376353, 273.35855054036927, 490.0715193897015, 272.1188811188817, 484.6996185632553, 273.7717736808651, 476.6417673235859, 275.21805467260066, 467.75746980292485, 275.21805467260066, 461.97234583598276, 270.52383979656724, 446.68054672600124, 267.83788938334413, 431.80451366815015, 266.39160839160866, 413.6226954863322, 266.8048315321045, 394.82104259377036, 266.5979020979022, 378.8216783216785, 266.95200254291177, 351.51811824539107, 267.7784488239035, 338.29497774952347, 267.7784488239035, 333.74952320406896, 263.08550540368736, 332.3595041322308, 253.58137317228253, 333.18595041322254, 255.64748887476185, 344.75619834710676, 255.234265734266, 346.20247933884224, 248.00286077558837, 345.3760330578505, 238.4987285441835, 343.5165289256191, 234.77972027972075, 340.6239669421481, 234.3664971392249, 329.05371900826395, 235.60616656071247, 304.88016528925596, 236.22600127145625, 285.2520661157024, 236.84583598220007, 279.6735537190083, 237.6722822631918, 275.54132231404964, 238.76319135410054, 262.3766687857597, 238.2908455181183, 247.9122695486329, 240.77018436109347, 232.8296249205339, 241.18340750158936, 222.9122695486332, 244.48919262555626, 216.30069930069936, 250.0677050222504, 212.37507946598868, 256.4726636999363, 209.48251748251764, 269.0759694850601, 203.07755880483174]], "scale": 2, "viewpoint": 2, "zoom_in": 1, "landmarks": [311, 200, 1, 283, 198, 1, 301, 214, 1, 317, 219, 2, 343, 210, 2, 348, 198, 1, 247, 216, 2, 238, 281, 2, 234, 341, 2, 268, 334, 2, 266, 293, 1, 264, 258, 1, 266, 269, 1, 269, 291, 1, 269, 345, 2, 269, 409, 2, 274, 491, 2, 340, 503, 2, 412, 477, 2, 408, 378, 2, 384, 324, 2, 382, 287, 2, 370, 251, 2, 372, 239, 1, 381, 289, 1, 391, 335, 2, 427, 322, 2, 396, 247, 2, 373, 200, 1], "style": 2, "bounding_box": [215, 192, 437, 533], "category_id": 10, "occlusion": 2, "category_name": "short sleeve dress"}}