{"source": "shop", "pair_id": 1675, "item1": {"segmentation": [[398.25315068493154, 251.7728767123288, 387.3731506849315, 249.08520547945182, 379.37315068493143, 252.76520547945182, 376.3331506849314, 253.72520547945183, 364.33315068493135, 256.28520547945186, 343.86690305979823, 257.2154849862785, 335.5370405025304, 258.88145749773213, 308.58849315068494, 259.15150684931507, 287.3084931506848, 262.1915068493151, 239.34, 288.33232876712333, 198.60876712328763, 306.07561643835623, 208.53561643835607, 342.0136986301369, 225.3356164383562, 363.29369863013704, 242.4556164383563, 382.3336986301372, 247.25561643835633, 388.57369863013724, 249.97561643835635, 387.77369863013723, 260.6956164383564, 380.09369863013717, 268.53260273972603, 376.23698630136994, 272.8526027397261, 374.1569863013699, 276.2126027397261, 375.7569863013699, 280.3726027397261, 388.07698630137, 282.1326027397261, 392.07698630137, 282.1326027397261, 398.47698630137006, 285.33260273972616, 403.9169863013701, 285.33260273972616, 414.79698630137017, 287.3065753424658, 445.52082191780835, 286.8265753424658, 457.84082191780846, 288.1065753424658, 468.5608219178085, 287.95342465753424, 497.1153424657535, 288.0780821917808, 510.5572602739726, 286.3180821917808, 516.3172602739726, 289.1980821917808, 522.2372602739727, 288.2380821917808, 542.2372602739728, 287.1416438356164, 570.8035616438357, 283.9416438356164, 575.6035616438357, 285.8616438356164, 583.1235616438357, 284.10164383561636, 592.5635616438358, 280.9369863013698, 618.2498630136987, 278.8569863013698, 635.0498630136988, 279.6501369863014, 639.6917808219177, 276.7701369863014, 650.8917808219179, 277.7301369863014, 658.091780821918, 287.01013698630146, 669.6117808219179, 300.60027397260274, 682.1594520547945, 310.8402739726028, 688.8794520547946, 330.0402739726029, 693.6794520547946, 375.50273972602736, 705.4624657534246, 412.94273972602764, 715.7024657534247, 431.69506849315076, 718.5471232876713, 461.93506849315094, 715.8271232876713, 488.0189041095891, 714.5402739726028, 489.0564383561644, 536.2887671232877, 492.0375342465754, 457.30383561643833, 518.2775342465756, 460.0238356164383, 533.9241095890412, 460.9416438356165, 548.1641095890412, 461.2616438356165, 550.5641095890413, 422.3816438356162, 554.2509589041097, 386.52602739726024, 556.4909589041097, 370.68602739726015, 558.0909589041097, 353.72602739726005, 558.7731506849315, 339.6961643835616, 557.4931506849315, 334.7361643835616, 544.0531506849314, 324.0161643835615, 527.5731506849313, 311.85616438356146, 510.6131506849312, 299.53616438356136, 504.9435616438358, 294.17479452054806, 500.1435616438357, 290.174794520548, 487.9835616438356, 283.294794520548, 480.6235616438356, 273.2147945205479, 476.94356164383555, 272.4147945205479, 477.42356164383557, 275.7747945205479, 483.9835616438356, 285.21479452054797, 480.7835616438356, 293.5347945205481, 472.30356164383556, 305.8547945205481, 463.34356164383547, 315.93479452054817, 455.087397260274, 325.28739726027413, 443.40739726027385, 333.4473972602742, 425.00739726027376, 342.08739726027426, 412.68739726027366, 347.6873972602743, 406.08630136986324, 342.17671232876734, 397.45952884928084, 334.6530418261796, 388.8063013698631, 319.6167123287672, 383.6863013698631, 305.5367123287671, 378.8863013698631, 280.09671232876696, 378.2531506849314, 264.5728767123289, 378.5731506849314, 260.09287671232886, 384.1731506849315, 256.2528767123288]], "scale": 2, "viewpoint": 2, "zoom_in": 1, "landmarks": [432, 275, 1, 385, 254, 2, 380, 298, 2, 410, 349, 2, 460, 321, 2, 484, 284, 2, 287, 263, 2, 240, 288, 1, 199, 306, 1, 247, 388, 2, 263, 378, 2, 276, 376, 2, 284, 405, 2, 287, 518, 2, 277, 656, 2, 377, 712, 2, 488, 714, 1, 489, 536, 1, 499, 437, 2, 505, 419, 2, 499, 440, 2, 492, 453, 2, 546, 462, 2, 550, 409, 2, 553, 333, 2], "style": 3, "bounding_box": [197, 251, 559, 721], "category_id": 1, "occlusion": 1, "category_name": "short sleeve top"}}