{"source": "shop", "pair_id": 1677, "item1": {"segmentation": [[295.13430003124614, 189.98511763548618, 289.94398861256104, 190.6771591579775, 283.02357338764756, 196.55951209915398, 278.1792827302081, 197.25155362164531, 277.83326196896246, 200.01971971161072, 286.4837810001043, 209.0162595039982, 293.75021698626347, 222.16504843133382, 298.94052840494857, 240.15812801610886, 301.0025112543542, 278.52465542581365, 297.88832440314314, 289.5973197856752, 301.34853201559986, 297.9018180555714, 305.50078115054794, 318.6630637303118, 305.84680191179365, 335.61808103134985, 312.6752290309603, 352.7524807208601, 318.5521803624571, 367.07754959138356, 319.6541087371128, 378.4641427961586, 314.8790857802716, 389.1161170844966, 313.7911377023758, 400.9558042378861, 309.9849093286734, 414.10459316522173, 308.6008262836907, 435.5578803624535, 305.14061867123394, 448.7066692897891, 303.02787068004454, 487.7056856187293, 306.13898179115563, 527.7056856187293, 309.6945373467112, 591.705685618729, 310.13898179115563, 620.5945745076178, 310.5834262356001, 681.4834633965065, 314.90003716090666, 750.0817539947977, 317.56670382757335, 799.4150873281309, 317.56670382757335, 813.637309550353, 328.23337049424, 816.7484206614641, 346.90003716090655, 812.3039762170197, 351.78892604979546, 815.8595317725752, 358.01114827201764, 824.7484206614641, 359.78892604979546, 836.7484206614641, 362.4555927164621, 844.3039762170196, 367.34448160535095, 854.5261984392419, 376.2333704942398, 863.4150873281307, 380.76997398736535, 870.1917502787068, 387.43664065403203, 876.8584169453734, 390.10330732069866, 876.4139725009289, 395.436640654032, 881.7473058342623, 406.1033073206986, 883.0806391675956, 414.1033073206986, 881.3028613898178, 420.76997398736523, 876.8584169453734, 425.2144184318097, 867.5250836120401, 429.2144184318097, 864.4139725009289, 444.3255295429207, 860.4139725009289, 450.54775176514295, 859.0806391675957, 457.2144184318096, 858.6361947231512, 463.4366406540318, 854.6361947231512, 467.8810850984762, 849.7473058342623, 467.43664065403175, 841.302861389818, 471.8810850984762, 837.7473058342624, 473.2144184318095, 832.413972500929, 481.2144184318095, 830.6361947231513, 482.9921962095873, 825.7473058342624, 490.1033073206984, 820.8584169453735, 490.54775176514283, 809.3028613898181, 494.54775176514283, 806.6361947231513, 497.6588628762539, 805.7473058342625, 500.32552954292055, 808.8584169453736, 506.99219620958723, 803.0806391675958, 511.43664065403163, 795.5250836120402, 503.4366406540317, 778.6361947231514, 499.4366406540317, 766.6361947231514, 501.6588628762539, 759.9695280564848, 511.43664065403163, 750.6361947231516, 506.99219620958723, 728.8584169453738, 502.5358602749905, 659.6878483835004, 498.5358602749905, 629.0211817168339, 497.2025269416572, 593.4656261612785, 495.8691936083239, 553.0211817168341, 492.31363805276834, 523.2434039390564, 493.2025269416572, 517.9100706057231, 487.8691936083239, 506.3545150501676, 483.13861018208837, 488.46599777034555, 483.58305462653277, 464.0215533259012, 491.1386101820883, 449.79933110367904, 491.1386101820883, 434.68821999256795, 479.13861018208837, 411.13266443701247, 470.2497212931995, 392.46599777034584, 468.47194351542174, 376.4659977703459, 467.5830546265328, 372.02155332590144, 472.0274990709773, 364.46599777034595, 471.16908212560384, 355.3140096618356, 464.9468599033816, 338.86956521739114, 460.5024154589372, 329.0917874396134, 456.05797101449275, 317.5362318840579, 453.3913043478261, 302.86956521739125, 454.280193236715, 291.7584541062802, 460.05797101449275, 262.42512077294697, 462.280193236715, 246.425120772947, 459.6135265700483, 234.42512077294703, 459.6135265700483, 222.42512077294708, 460.5024154589372, 208.64734299516934, 462.0854700854701, 187.21590486807875, 462.52991452991455, 177.88257153474547, 458.0854700854701, 175.2159048680788, 448.3076923076924, 174.77146042363435, 433.64102564102575, 169.43812709030104, 423.863247863248, 168.1047937569677, 415.86324786324803, 166.32701597918992, 418.0854700854702, 169.43812709030104, 424.7521367521369, 169.8825715347455, 428.30769230769243, 175.66034931252324, 430.0854700854702, 191.6603493125232, 430.52991452991466, 207.2159048680787, 429.64102564102575, 213.88257153474535, 420.7521367521369, 224.99368264585644, 406.9743589743591, 235.2159048680786, 388.75213675213695, 245.88257153474527, 377.19658119658146, 246.3270159791897, 358.9743589743593, 240.1047937569675, 349.641025641026, 236.10479375696752, 342.08547008547043, 228.9936826458564, 326.1330360460795, 214.2356001486435, 318.57748049052395, 204.90226681531018, 302.13303604607955, 193.7911557041991]], "scale": 2, "viewpoint": 2, "zoom_in": 1, "landmarks": [376, 197, 1, 296, 191, 2, 341, 230, 2, 389, 246, 2, 433, 213, 2, 426, 170, 2, 280, 199, 2, 305, 319, 2, 314, 351, 2, 315, 402, 2, 313, 605, 2, 318, 813, 2, 429, 864, 2, 511, 754, 2, 496, 594, 2, 468, 372, 2, 460, 330, 2, 455, 291, 2, 461, 178, 2], "style": 1, "bounding_box": [271, 166, 516, 888], "category_id": 12, "occlusion": 1, "category_name": "vest dress"}}