{"source": "shop", "pair_id": 1675, "item1": {"segmentation": [[245.6958904109589, 221.1715068493151, 240.09589041095887, 222.9315068493151, 233.85589041095884, 222.9315068493151, 223.93589041095876, 227.25150684931515, 217.92876712328783, 229.82465753424663, 206.24876712328776, 230.30465753424662, 202.0887671232877, 231.42465753424662, 198.7287671232877, 234.94465753424666, 190.56876712328764, 235.74465753424664, 184.1687671232876, 236.70465753424665, 177.60876712328758, 232.86465753424665, 173.92876712328754, 231.58465753424662, 169.60876712328752, 233.82465753424665, 165.7687671232875, 240.0646575342467, 158.8197260273973, 244.24438356164387, 152.09972602739725, 247.44438356164392, 146.97972602739722, 247.9243835616439, 143.7797260273972, 250.64438356164393, 142.01972602739718, 252.88438356164394, 138.17972602739718, 254.48438356164394, 136.41972602739716, 257.52438356164396, 135.29972602739716, 259.444383561644, 131.45972602739712, 259.76438356164397, 130.01972602739713, 259.604383561644, 128.56986301369852, 264.2690410958905, 124.08986301369849, 267.7890410958905, 109.47397260273969, 275.8054794520549, 100.51397260273964, 279.9654794520549, 98.59397260273963, 281.7254794520549, 108.35397260273969, 281.88547945205494, 119.71397260273976, 289.085479452055, 128.83397260273983, 301.56547945205506, 133.98027397260276, 311.7473972602739, 138.9402739726028, 325.187397260274, 117.50027397260266, 338.1473972602741, 121.98027397260269, 346.3073972602741, 128.86027397260273, 353.50739726027416, 134.46027397260275, 354.62739726027417, 138.9402739726028, 351.4273972602742, 148.06027397260286, 345.1873972602741, 159.42027397260293, 338.1473972602741, 160.86027397260293, 338.4673972602741, 161.34027397260294, 351.1073972602742, 162.94027397260294, 360.0673972602742, 164.1030136986302, 381.4263013698631, 167.14301369863023, 397.4263013698632, 168.90301369863025, 401.58630136986324, 168.46246575342462, 413.34849315068493, 169.90246575342462, 429.82849315068506, 172.62246575342465, 439.5884931506851, 172.94246575342464, 451.2684931506852, 174.3643835616439, 467.0471232876712, 173.2443835616439, 489.92712328767135, 174.3643835616439, 500.8071232876714, 173.7260273972603, 526.4580821917809, 172.78410958904107, 542.850410958904, 171.98410958904105, 557.5704109589042, 171.97753424657532, 584.1895890410959, 170.3775342465753, 600.349589041096, 167.65424657534246, 620.7534246575342, 167.97424657534245, 638.8334246575344, 171.81424657534248, 642.5134246575343, 175.53369863013685, 647.2076712328766, 188.65369863013694, 653.7676712328766, 200.653698630137, 660.6476712328767, 210.09369863013706, 663.5276712328767, 231.53369863013722, 665.6076712328768, 293.4367123287672, 667.7024657534247, 326.8767123287674, 668.0224657534246, 345.5452054794521, 664.8076712328767, 357.86520547945213, 664.4876712328768, 373.54520547945225, 661.9276712328767, 368.6312328767123, 610.9736986301369, 369.9112328767123, 575.2936986301368, 368.4827397260274, 541.2569863013699, 369.6027397260274, 519.9769863013697, 372.0027397260274, 513.8969863013697, 370.3846575342466, 502.9479452054794, 371.0246575342466, 480.38794520547924, 371.66465753424666, 459.5879452054791, 372.96438356164384, 449.0958904109589, 374.08438356164385, 432.77589041095877, 374.40438356164384, 424.4558904109587, 377.44438356164386, 403.01589041095855, 380.32109589041096, 385.6076712328767, 402.4010958904111, 387.3676712328768, 420.1610958904112, 388.96767123287674, 420.8010958904112, 392.4876712328768, 428.00109589041125, 390.88767123287676, 429.54301369863015, 387.2093150684932, 429.2230136986301, 345.7693150684929, 431.4465753424658, 295.0367123287672, 429.84657534246577, 280.95671232876714, 423.92657534246575, 266.236712328767, 414.9665753424657, 259.51671232876697, 401.68657534246563, 251.03671232876692, 381.0465753424655, 241.59671232876687, 360.12164383561645, 230.94465753424663, 352.2816438356164, 227.9046575342466, 349.2416438356164, 224.7046575342466, 343.16164383561636, 225.6646575342466, 349.5616438356164, 230.94465753424663, 343.3216438356164, 245.02465753424673, 335.4816438356163, 257.0246575342468, 324.707397260274, 269.2224657534248, 312.38739726027393, 278.34246575342485, 297.3473972602738, 286.50246575342493, 292.2273972602738, 288.5824657534249, 280.7073972602737, 282.02246575342485, 267.9073972602736, 270.1824657534248, 255.3139726027397, 256.9008219178083, 248.11397260273966, 239.9408219178082, 244.59397260273965, 227.1408219178081]], "scale": 3, "viewpoint": 2, "zoom_in": 1, "landmarks": [302, 230, 1, 241, 224, 2, 256, 258, 2, 291, 288, 2, 330, 264, 2, 350, 230, 2, 175, 237, 2, 131, 259, 2, 99, 279, 2, 134, 355, 2, 148, 344, 2, 163, 329, 2, 164, 355, 2, 176, 485, 2, 170, 639, 2, 285, 668, 2, 374, 662, 1, 370, 503, 2, 386, 363, 2, 388, 341, 2, 385, 361, 2, 380, 386, 2, 429, 387, 2, 429, 326, 2, 422, 265, 2], "style": 6, "bounding_box": [95, 221, 435, 668], "category_id": 1, "occlusion": 1, "category_name": "short sleeve top"}}