{"source": "shop", "pair_id": 1675, "item1": {"segmentation": [[199.06684931506845, 225.80821917808225, 127.92164383561635, 244.74739726027394, 96.03561643835604, 278.2021917808221, 87.04931506849307, 310.1013698630138, 116.80931506849326, 332.02136986301394, 126.61205479452056, 345.3835616438356, 104.67397260273967, 374.87287671232883, 110.2739726027397, 377.11287671232884, 118.91397260273976, 375.5128767123288, 123.07397260273979, 372.31287671232883, 124.9939726027398, 365.91287671232874, 124.6739726027398, 360.79287671232873, 134.11397260273986, 346.5528767123286, 137.63397260273987, 355.6728767123287, 139.2339726027399, 380.15287671232886, 141.83671232876713, 414.4520547945206, 144.40493150684932, 443.9397260273973, 147.28493150684935, 468.8997260273975, 150.34301369863013, 491.74465753424647, 151.94301369863012, 525.5046575342467, 150.6416438356165, 560.1402739726028, 151.2816438356165, 573.2602739726029, 152.08328767123294, 604.4021917808218, 148.8832876712329, 611.9221917808219, 151.61808219178084, 615.7917808219178, 152.09808219178083, 636.1117808219178, 152.09972602739725, 643.506301369863, 159.4597260273973, 653.426301369863, 172.89972602739738, 662.7063013698631, 200.31561643835624, 669.9424657534247, 223.8356164383564, 673.4624657534247, 257.5704109589041, 676.8454794520547, 293.89041095890434, 675.8854794520547, 318.5764383561646, 674.278904109589, 341.08657534246566, 669.3106849315068, 353.24657534246575, 664.3506849315067, 366.20657534246584, 662.1106849315067, 355.3347945205479, 638.5397260273971, 351.81479452054793, 600.2997260273969, 350.36328767123285, 541.7336986301369, 349.24328767123285, 508.6136986301367, 350.5232876712328, 502.53369863013666, 348.44328767123284, 497.0936986301366, 351.1567123287672, 469.60876712328763, 350.83671232876713, 434.56876712328744, 353.23671232876717, 430.4087671232874, 353.4032876712329, 414.6317808219178, 353.72328767123287, 393.8317808219176, 369.24328767123296, 393.99178082191764, 387.00328767123307, 390.9517808219176, 413.65534246575345, 384.81753424657535, 416.85534246575344, 382.0975342465753, 409.97534246575344, 355.3775342465751, 405.49534246575337, 335.217534246575, 397.78246575342473, 287.6783561643836, 391.7024657534247, 271.0383561643835, 382.26246575342464, 259.03835616438346, 372.8224657534246, 254.23835616438342, 354.90246575342445, 246.71835616438338, 339.12383561643844, 239.45095890410957, 324.24383561643833, 230.65095890410953, 310.4838356164382, 228.0909589041095, 307.9238356164382, 223.29095890410946, 303.2838356164382, 222.81095890410947, 307.60383561643823, 228.7309589041095, 304.0838356164382, 242.1709589041096, 293.52383561643813, 264.2509589041097, 288.2438356164381, 274.3309589041098, 278.6936986301371, 286.4098630136986, 263.493698630137, 298.2498630136987, 255.49369863013692, 303.20986301369874, 236.4536986301368, 289.12986301369864, 222.05369863013672, 272.96986301369856, 209.48657534246573, 253.68931506849324]], "scale": 3, "viewpoint": 2, "zoom_in": 1, "landmarks": [253, 231, 1, 199, 226, 1, 217, 268, 2, 256, 304, 2, 285, 277, 2, 310, 229, 2, 128, 245, 1, 96, 278, 1, 87, 310, 1, 123, 374, 2, 128, 350, 2, 130, 321, 2, 140, 373, 2, 153, 495, 2, 151, 645, 2, 261, 677, 2, 366, 662, 1, 348, 497, 2, 356, 371, 2, 359, 341, 2, 358, 366, 2, 354, 392, 2, 414, 383, 2, 403, 321, 2, 380, 259, 2], "style": 5, "bounding_box": [88, 222, 414, 678], "category_id": 1, "occlusion": 2, "category_name": "short sleeve top"}}