{"source": "shop", "pair_id": 1675, "item1": {"segmentation": [[384.8000000000003, 280.5599999999999, 371.5200000000002, 285.19999999999993, 355.84000000000015, 286.79999999999995, 345.44000000000005, 290.64, 328.88, 292.71999999999997, 309.51999999999987, 295.28, 297.3599999999998, 299.28000000000003, 284.64000000000004, 299.84, 280.0, 301.12, 269.2799999999999, 312.6400000000001, 247.5199999999998, 329.7600000000002, 218.56000000000003, 356.88, 203.19999999999993, 372.8800000000001, 184.9599999999998, 387.6000000000002, 219.20000000000005, 425.44, 226.0800000000001, 428.32, 229.28000000000011, 423.35999999999996, 244.80000000000024, 442.4000000000001, 252.32000000000028, 448.16000000000014, 256.63999999999993, 443.0399999999999, 269.44, 427.6799999999998, 276.48, 431.8399999999998, 277.6, 433.4399999999998, 286.47999999999996, 447.27999999999986, 294.16, 474.16, 298.16, 502.1600000000002, 300.96000000000004, 518.4000000000001, 304.00000000000006, 547.8400000000003, 306.08, 558.2399999999998, 304.32, 566.7199999999998, 307.04, 574.3999999999999, 307.04, 596.08, 306.88000000000005, 624.5600000000002, 307.91999999999996, 652.32, 305.35999999999996, 669.6000000000001, 306.24, 706.6400000000001, 304.71999999999997, 733.5999999999999, 311.28000000000003, 742.7199999999999, 327.4400000000001, 755.0400000000001, 342.9600000000002, 762.5600000000001, 366.08, 770.9599999999998, 395.3600000000002, 777.3599999999999, 433.19999999999993, 780.3999999999999, 469.0400000000002, 782.8, 499.75999999999993, 779.52, 523.7600000000001, 775.52, 552.1599999999999, 764.32, 556.6399999999999, 751.68, 551.28, 714.2399999999999, 503.35999999999996, 592.08, 506.08, 556.7199999999998, 513.7599999999999, 482.6399999999999, 564.9600000000003, 480.8799999999999, 564.8000000000002, 483.7599999999999, 577.6000000000004, 482.15999999999985, 579.5200000000003, 480.07999999999987, 578.2400000000004, 457.1999999999997, 576.0, 416.64, 575.84, 376.7999999999997, 574.9600000000002, 357.76000000000005, 569.2000000000002, 342.23999999999995, 556.88, 333.4399999999999, 533.1999999999999, 321.27999999999986, 514.3199999999999, 311.12000000000006, 508.87999999999994, 307.12, 503.9199999999999, 303.12, 499.4399999999998, 301.03999999999996, 493.99999999999983, 301.2, 489.1999999999998, 298.64, 485.19999999999976, 292.23999999999995, 478.9599999999997, 291.5999999999999, 477.1999999999997, 291.2799999999999, 477.6799999999997, 293.67999999999995, 482.95999999999975, 295.28, 484.71999999999974, 298.96, 482.31999999999977, 306.64000000000004, 474.6399999999997, 319.1200000000001, 459.6000000000001, 341.52, 442.96, 357.8400000000001, 424.8799999999998, 370.32000000000016, 411.43999999999977, 377.5200000000002, 401.92000000000013, 371.28000000000026, 388.1600000000001, 357.3600000000001, 376.15999999999997, 334.16, 371.52, 313.1999999999999, 372.31999999999994, 293.6799999999997, 373.27999999999986, 289.0400000000001, 385.9199999999999, 282.4800000000001]], "scale": 2, "viewpoint": 2, "zoom_in": 1, "landmarks": [428, 302, 1, 372, 292, 2, 378, 335, 2, 408, 380, 2, 458, 341, 2, 487, 301, 2, 282, 304, 2, 234, 346, 2, 186, 388, 2, 251, 448, 2, 264, 437, 2, 278, 432, 2, 294, 472, 2, 306, 592, 2, 307, 738, 2, 424, 784, 2, 559, 761, 2, 503, 592, 2, 509, 482, 2, 525, 438, 2, 520, 458, 2, 514, 484, 2, 575, 484, 2, 577, 422, 2, 569, 345, 2], "style": 5, "bounding_box": [177, 290, 578, 788], "category_id": 1, "occlusion": 1, "category_name": "short sleeve top"}}