{"source": "shop", "pair_id": 1684, "item1": {"segmentation": [[561.7505494505494, 92.93736263736263, 546.6051865089925, 95.45101714894105, 537.0005494505494, 96.18736263736263, 520.7505494505494, 94.93736263736263, 503.66153846153844, 91.50549450549448, 483.97542872352483, 82.3022282216053, 467.3664321837323, 72.26762614548065, 451.99557017377083, 56.24798281303465, 448.18934180006835, 52.4417544393322, 408.96483516483516, 52.24945054945054, 366.3912087912088, 61.92527472527472, 336.7186813186813, 78.05164835164835, 327.443956043956, 99.40989010989009, 319.943956043956, 105.90989010989009, 309.89117837180123, 109.24081904254898, 304.7008669531161, 116.50725502870822, 301.93270086315067, 125.50379482109582, 300.2025970569223, 134.15431385223778, 287.0538081295865, 154.56953876573274, 273.0931746454238, 169.66656526864134, 268.2488839879843, 177.9710635385376, 265.13469713677324, 183.16137495722276, 262.3665310468078, 188.6977071371536, 254.7540742994029, 200.116392258261, 245.40279858549758, 211.62500855545838, 239.17442488307537, 223.73573519905707, 233.98411346439022, 227.19594281151387, 228.44778128445938, 226.8499220502682, 223.2574698657742, 233.77033727518173, 220.43795961823636, 238.49949807977484, 220.09193885699068, 248.1880793946538, 219.3827826153085, 257.5776265257235, 217.30665804783445, 265.5361040343741, 212.1163466291493, 271.4184569755506, 195.85337085060243, 280.7610175291839, 182.01254040077532, 291.4876611277999, 164.36548157724576, 310.8648237575578, 157.79108711357787, 323.3215711624023, 149.65243165139404, 335.36478573329737, 142.73201642648047, 344.01530476443935, 129.23720673789904, 350.2436784668615, 123.7008745579682, 358.20215597551214, 125.77699912544227, 363.73848815544295, 122.12916080459307, 371.0260808395758, 119.70701547587333, 377.94649606448934, 114.7811932012626, 390.3095859158141, 116.51129700749098, 403.80439560439555, 108.89884026008608, 410.7248108293091, 100.55607057302542, 421.46856914711594, 96.29677554279644, 436.8945016920794, 98.02687934902484, 451.0813529031522, 104.25525305144703, 463.19207954675096, 110.82964751511491, 470.80453629415587, 119.48016654625684, 473.57270238412127, 129.5147686223815, 473.9187231453669, 140.24141222099752, 471.8425985778929, 152.69815962584192, 482.91526293775456, 164.80888626944062, 494.6799688201076, 172.07532225559987, 499.87028023879276, 185.2241111829356, 501.60038404502114, 190.41442260162077, 498.1401764325644, 193.52860945283186, 496.410072626336, 198.718920871517, 502.2924255675125, 207.02341914141329, 505.4066124187236, 215.32791741130956, 503.67650861249524, 223.9784364424515, 499.1782387163014, 240.994775466747, 486.1965550020909, 255.1816266778198, 467.85745465607, 259.6798965740136, 455.05468648997993, 257.60377200653954, 448.82631278755775, 251.02937754287166, 442.5979390851355, 244.45498307920377, 440.5218145176615, 248.26121145290622, 438.44568995018744, 248.9532529753976, 429.4491501577998, 248.9532529753976, 423.2207764553776, 245.14702460169514, 419.7605688429208, 239.26467166051862, 416.9924027529554, 236.1504848093075, 416.9924027529554, 237.18854709304455, 414.22423666299, 241.34079622799266, 411.45607057302453, 241.34079622799266, 402.8055515418826, 250.90894330582958, 401.352062816077, 266.13385680063936, 396.16175139739187, 270.6321266968332, 392.3555230236894, 288.2791855203628, 392.00950226244373, 293.92319479828086, 397.07628426936367, 298.075443933229, 398.80638807559205, 303.61177611315986, 406.0728240617513, 307.764025248108, 414.72334309289323, 312.2622951443018, 421.64375831780677, 315.70943001635055, 432.02873873531314, 322.97586600250975, 441.37129928894643, 323.32188676375546, 450.36783908133407, 324.3599490474925, 463.5166280086698, 329.36262975778527, 481.41605003992544, 332.4768166089964, 491.79667287729575, 338.3591695501729, 498.71708810220935, 343.3699342180312, 506.82524050344114, 347.1761625917336, 516.8598425795658, 356.04045781208407, 535.3442602380319, 362.61485227575196, 553.3373398228072, 367.0362637362637, 565.0681318681318, 378.6472527472527, 570.2285714285714, 394.39065934065934, 586.0, 718.8560135366364, 586.0, 730.9667401802351, 579.2549830792045, 734.7729685539376, 576.1407962279935, 737.8871554051486, 565.7601733906231, 742.7314460625881, 558.1477166432182, 747.229715958782, 549.4971976120763, 746.1235103996349, 532.2300733868208, 739.549115935967, 521.8494505494505, 729.5571428571428, 486.37142857142857, 726.3318681318681, 467.66483516483515, 723.3116544355298, 444.3018974105479, 724.8366972128217, 425.04857979390835, 725.1827179740674, 404.6333548804134, 724.3668314384577, 376.536898741397, 720.9663675424921, 353.5927982052547, 718.4928780562, 340.58465340887494, 715.3786912049889, 319.4773869728886, 714.3621012205786, 301.7789839917867, 710.2397239438761, 289.53133959466146, 708.8556408988934, 271.19223924864053, 703.438796151945, 252.51987528042878, 701.994969390471, 227.67452374615, 700.1195482717974, 207.56673257538307, 698.7055933685691, 186.20710293167065, 694.553344233621, 162.6776911669646, 687.2869082474617, 150.56696452336587, 683.0876725350772, 132.1892771588273, 680.9387315107039, 110.27888132628601, 681.9042929388949, 90.41878018175592, 677.7520438039468, 68.61947222327822, 671.1776493402789, 55.47068329594248, 659.0669226966802, 43.70597741358944, 650.5144187991939, 41.75773983801659, 632.1538461538461, 39.348351648351645, 610.867032967033, 39.99340659340659, 592.1604395604395, 39.99340659340659, 589.9990569983646, 53.787250465797285, 592.4212023270844, 66.93603939313303, 588.2689531921362, 77.31666223050337, 576.5401098901099, 85.9065934065934]], "scale": 3, "viewpoint": 2, "zoom_in": 2, "landmarks": [517, 45, 1, 452, 52, 1, 486, 81, 2, 534, 94, 2, 584, 78, 2, 592, 39, 1, 286, 153, 2, 180, 292, 2, 96, 443, 2, 148, 480, 2, 203, 504, 2, 262, 455, 2, 249, 432, 2, 241, 404, 2, 272, 395, 2, 298, 393, 2, 311, 418, 2, 343, 507, 2, 0, 0, 0, 0, 0, 0, 749, 547, 2, 728, 412, 2, 711, 267, 2, 0, 0, 0, 0, 0, 0, 0, 0, 0, 0, 0, 0, 0, 0, 0, 0, 0, 0, 0, 0, 0, 0, 0, 0, 0, 0, 0, 661, 44, 2], "style": 1, "bounding_box": [95, 39, 750, 586], "category_id": 2, "occlusion": 1, "category_name": "long sleeve top"}}