{"source": "shop", "pair_id": 1689, "item1": {"segmentation": [[207.04395604395606, 17.461538461538463, 226.00219780219783, 23.44835164835165, 226.00219780219783, 23.44835164835165, 248.4527472527473, 20.953846153846158, 269.9054945054945, 19.45714285714286, 270.40439560439563, 19.45714285714286, 277.6481243594817, 18.180901646829632, 289.220915987675, 26.060249138365503, 297.75949252348147, 45.07002594204812, 301.83516483516485, 66.35384615384616, 303.104964164798, 82.40242576752271, 303.597423383019, 89.41996962717185, 305.6903750604582, 100.25407242803368, 307.82197802197805, 106.76483516483518, 312.9534294575846, 119.28889768280351, 319.601628903568, 141.44956250274814, 329.7736263736264, 159.64835164835165, 343.7428571428572, 184.5934065934066, 361.20439560439564, 214.02857142857144, 377.6681318681319, 238.9736263736264, 383.6549450549451, 251.44615384615386, 381.68298073118035, 254.39803286894693, 376.88150335352566, 257.2296733737177, 371.8337963667605, 259.1995102466016, 365.18559692077713, 253.5362292370602, 355.58264216546775, 246.02622615919006, 353.22197802197803, 249.94945054945057, 348.31886869670814, 251.07393314595524, 349.72967032967034, 258.92967032967033, 349.1806723285949, 262.4004951650381, 345.1178837782717, 264.24721723336677, 343.14804690538773, 266.46328371536123, 341.1782100325037, 266.832628129027, 336.7460770685148, 268.6793501973557, 338.1003399186225, 277.5436161253336, 338.839028745954, 285.4229636168694, 332.3139441045259, 288.8701781444164, 324.28571428571433, 289.3626373626374, 300.33846153846156, 290.3604395604396, 296.84615384615387, 292.85494505494506, 296.84615384615387, 292.85494505494506, 298.7852194589037, 298.16892636449427, 298.04653063157224, 301.000566869265, 292.2601348174756, 301.98548530570696, 285.8703296703297, 302.8329670329671, 277.60947307540107, 279.2092464629861, 271.08438843397295, 281.67154255409105, 264.91648351648354, 286.3692307692308, 259.92747252747256, 290.85934065934066, 254.93846153846155, 288.3648351648352, 251.44615384615386, 279.88351648351653, 251.44615384615386, 279.88351648351653, 248.4527472527473, 268.40879120879123, 240.4703296703297, 241.967032967033, 231.99202954396975, 216.80888196886772, 225.00439560439563, 190.0813186813187, 222.5439560439561, 168.83296703296713, 212.79395604395606, 138.5829670329671, 204.04395604395606, 118.33296703296708, 200.04395604395606, 91.83296703296705, 202.04395604395606, 77.58296703296703, 200.79395604395606, 55.58296703296701, 197.5648351648352, 25.942857142857147]], "scale": 2, "viewpoint": 3, "zoom_in": 1, "landmarks": [245, 17, 1, 277, 17, 1, 0, 0, 0, 0, 0, 0, 0, 0, 0, 209, 20, 1, 287, 23, 2, 302, 65, 2, 303, 84, 2, 305, 109, 2, 338, 176, 2, 382, 252, 2, 333, 286, 2, 256, 287, 2, 232, 211, 2, 217, 122, 2, 216, 98, 1, 215, 77, 1, 198, 26, 1], "style": 2, "bounding_box": [192, 9, 388, 306], "category_id": 12, "occlusion": 2, "category_name": "vest dress"}}