{"source": "shop", "pair_id": 1706, "item1": {"segmentation": [[416.8725961538469, 630.6208447802189, 413.7475961538469, 641.948969780219, 409.84134615384687, 655.2302197802192, 400.8569711538468, 666.9489697802193, 387.57572115384664, 670.8552197802194, 374.29447115384653, 669.2927197802194, 365.3100961538465, 657.1833447802192, 361.0132211538464, 643.902094780219, 358.2788461538464, 638.433344780219, 352.02884615384636, 640.777094780219, 335.2319711538462, 647.4177197802192, 321.9507211538461, 654.8395947802192, 307.1069711538459, 661.8708447802193, 298.12259615384585, 668.5114697802193, 298.12259615384585, 675.5427197802194, 295.7788461538458, 683.7458447802195, 291.0913461538458, 689.6052197802195, 288.35697115384573, 706.7927197802197, 290.31009615384573, 725.1520947802198, 289.52884615384573, 732.57396978022, 288.59478021978066, 737.5730425824172, 290.15728021978066, 743.0417925824172, 287.42290521978066, 755.5417925824173, 283.5166552197806, 765.6980425824174, 281.9541552197806, 769.2136675824175, 277.65728021978055, 762.9636675824174, 269.8447802197805, 752.8074175824173, 268.6729052197805, 750.4636675824173, 263.98540521978043, 757.4949175824174, 258.5166552197804, 766.8699175824174, 255.39165521978038, 768.0417925824174, 252.26665521978032, 769.9949175824175, 252.65728021978035, 778.1980425824175, 241.71978021978023, 785.2292925824177, 234.68853021978018, 791.0886675824177, 233.12603021978015, 793.8230425824178, 235.86040521978018, 795.3855425824178, 250.31353021978032, 796.1667925824178, 262.03228021978043, 797.7292925824178, 263.98540521978043, 799.6824175824178, 265.54790521978043, 807.8855425824179, 271.0166552197805, 806.7136675824179, 276.09478021978055, 803.5886675824178, 280.0010302197806, 808.2761675824179, 285.07915521978066, 814.1355425824179, 294.0635302197807, 821.557417582418, 304.21978021978083, 825.463667582418, 315.1572802197809, 823.119917582418, 318.67290521978094, 821.166792582418, 321.407280219781, 823.119917582418, 319.45415521978094, 830.9324175824181, 316.2790865384617, 851.7165521978017, 314.3259615384617, 859.9196771978018, 311.5915865384616, 880.2321771978019, 308.0759615384616, 902.8884271978021, 302.60721153846157, 919.2946771978022, 295.9665865384615, 941.1696771978025, 292.84158653846146, 949.7634271978026, 294.7947115384615, 957.1853021978026, 299.0915865384615, 963.4353021978027, 300.65408653846157, 966.5603021978027, 300.3359203296703, 985.072493131868, 299.9452953296703, 1004.6037431318681, 302.2890453296703, 1011.2443681318682, 308.14842032967033, 1016.7131181318682, 319.47654532967044, 1018.6662431318682, 335.49217032967056, 1017.4943681318682, 353.8515453296707, 1015.1506181318682, 374.55467032967096, 1010.4631181318682, 392.5234203296711, 1006.1662431318681, 412.8359203296713, 997.9631181318681, 426.5077953296714, 994.838118131868, 435.4921703296715, 990.931868131868, 451.5077953296717, 991.713118131868, 463.97352335164805, 993.5648008241759, 478.81727335164817, 992.7835508241758, 496.00477335164834, 986.5335508241758, 512.8016483516485, 978.7210508241757, 528.4266483516486, 974.0335508241757, 540.5360233516487, 968.1741758241756, 551.0828983516489, 961.5335508241756, 554.989148351649, 954.1116758241754, 555.770398351649, 948.6429258241754, 551.4735233516489, 937.7054258241753, 556.551648351649, 933.7991758241753, 555.770398351649, 930.2835508241752, 540.1453983516487, 904.502300824175, 523.7391483516486, 868.9554258241747, 496.65559752747276, 817.2684409340657, 484.93684752747265, 795.7840659340654, 485.32747252747265, 786.4090659340654, 484.54622252747265, 780.1590659340653, 488.06184752747265, 779.3778159340653, 501.7337225274728, 774.2996909340653, 506.4212225274729, 769.2215659340652, 510.7180975274729, 762.9715659340652, 511.4993475274729, 759.4559409340651, 520.483722527473, 758.2840659340651, 526.733722527473, 750.4715659340651, 529.8587225274731, 747.737190934065, 534.1555975274731, 741.877815934065, 534.9368475274731, 737.971565934065, 533.7649725274731, 721.9559409340648, 530.2493475274731, 710.6278159340648, 509.1411057692311, 672.3011332417586, 491.56298076923093, 648.4730082417584, 479.0629807692308, 633.2386332417582, 466.1723557692307, 627.7698832417582, 446.64110576923053, 624.2542582417582, 429.06298076923036, 625.8167582417582]], "scale": 2, "viewpoint": 2, "zoom_in": 1, "landmarks": [384, 636, 1, 357, 639, 1, 368, 662, 2, 395, 672, 2, 411, 657, 2, 416, 631, 1, 307, 664, 2, 290, 732, 2, 295, 820, 2, 279, 803, 2, 272, 781, 2, 291, 743, 2, 311, 761, 2, 323, 784, 2, 329, 749, 2, 331, 713, 2, 332, 721, 2, 329, 765, 2, 325, 819, 2, 306, 912, 2, 302, 1004, 2, 439, 991, 2, 554, 935, 2, 521, 867, 2, 487, 799, 2, 472, 757, 2, 458, 714, 2, 461, 704, 1, 469, 744, 1, 491, 778, 2, 473, 756, 2, 462, 721, 2, 489, 701, 2, 515, 717, 2, 527, 750, 2, 512, 681, 2, 468, 631, 2], "style": 1, "bounding_box": [228, 621, 558, 1020], "category_id": 11, "occlusion": 1, "category_name": "long sleeve dress"}}