{"source": "shop", "pair_id": 1706, "item1": {"segmentation": [[492.5274038461542, 424.5379807692303, 492.9180288461542, 438.6004807692304, 490.5742788461542, 450.7098557692305, 482.76177884615413, 456.17860576923056, 469.480528846154, 456.56923076923056, 459.3242788461539, 455.00673076923056, 453.85552884615385, 451.4911057692305, 445.2617788461538, 442.89735576923044, 438.2305288461537, 434.30360576923033, 430.4180288461536, 436.25673076923033, 421.43365384615356, 446.41298076923044, 405.4180288461534, 449.9286057692305, 395.2617788461533, 457.35048076923056, 392.1367788461533, 466.72548076923067, 391.3555288461533, 478.8348557692308, 391.3555288461533, 494.8504807692309, 391.7461538461533, 515.9442307692311, 394.8711538461533, 525.3192307692312, 402.29302884615333, 533.1317307692312, 411.27740384615345, 538.6004807692314, 416.3555288461535, 547.9754807692314, 425.73052884615356, 552.2723557692315, 431.1992788461536, 554.2254807692315, 432.3711538461536, 559.6942307692315, 433.9336538461537, 566.3348557692316, 427.56947115384634, 583.7509615384608, 426.7882211538463, 593.1259615384608, 424.0538461538463, 602.500961538461, 419.3663461538462, 627.5009615384612, 415.0694711538462, 651.3290865384614, 412.72572115384617, 684.5322115384618, 411.55384615384617, 704.4540865384619, 413.89759615384617, 707.969711538462, 424.4444711538463, 708.360336538462, 430.69447115384634, 708.360336538462, 434.2100961538464, 715.782211538462, 442.02259615384645, 719.2978365384621, 450.2257211538465, 722.0322115384621, 452.56947115384656, 718.9072115384621, 463.8975961538467, 719.2978365384621, 483.81947115384685, 719.6884615384621, 501.397596153847, 715.391586538462, 517.0225961538472, 713.047836538462, 537.7257211538473, 709.532211538462, 547.1007211538474, 706.407211538462, 559.9913461538475, 704.4540865384619, 580.2800480769232, 695.4387019230768, 584.5769230769232, 691.5324519230768, 593.1706730769233, 685.2824519230767, 597.8581730769233, 679.8137019230767, 613.0925480769234, 669.6574519230766, 618.1706730769235, 666.9230769230766, 622.8581730769235, 659.1105769230765, 622.8581730769235, 655.9855769230765, 610.7487980769234, 633.7199519230762, 595.9050480769233, 600.516826923076, 580.2800480769232, 573.5637019230757, 568.1879807692306, 549.8076923076926, 568.1879807692306, 545.9014423076926, 570.9223557692306, 541.9951923076925, 572.4848557692306, 533.7920673076925, 576.7817307692308, 533.4014423076925, 581.4692307692308, 531.4483173076925, 584.2036057692308, 524.0264423076924, 584.9848557692308, 518.9483173076924, 586.5473557692308, 515.8233173076923, 587.3286057692308, 514.2608173076923, 584.2036057692308, 512.3076923076923, 581.4692307692308, 513.8701923076923, 579.1254807692308, 509.1826923076922, 577.5629807692308, 505.2764423076922, 573.5495192307693, 483.2629807692312, 571.5963942307693, 466.85673076923104, 568.8620192307693, 455.5286057692309, 560.6588942307692, 440.6848557692308, 548.5495192307691, 428.9661057692307, 539.174519230769, 421.5442307692306, 529.7995192307689, 418.4192307692306, 520.4245192307689, 416.4661057692306, 509.87764423076874, 416.8567307692306, 504.4088942307686, 421.1536057692306]], "scale": 2, "viewpoint": 2, "zoom_in": 1, "landmarks": [463, 427, 1, 437, 433, 1, 453, 454, 1, 478, 460, 2, 494, 446, 2, 494, 425, 2, 394, 460, 2, 395, 519, 2, 418, 548, 2, 415, 504, 2, 441, 484, 2, 462, 497, 2, 466, 531, 2, 452, 557, 2, 441, 525, 1, 432, 492, 1, 434, 504, 1, 442, 539, 1, 429, 583, 2, 419, 638, 2, 414, 708, 2, 534, 711, 2, 624, 661, 2, 597, 604, 2, 570, 553, 2, 552, 520, 2, 539, 484, 2, 535, 477, 2, 541, 492, 1, 546, 506, 1, 551, 523, 1, 552, 507, 2, 570, 527, 2, 584, 524, 1, 578, 509, 2, 569, 458, 1, 530, 419, 2], "style": 1, "bounding_box": [389, 415, 624, 724], "category_id": 11, "occlusion": 2, "category_name": "long sleeve dress"}}