{"source": "shop", "pair_id": 1706, "item1": {"segmentation": [[486.92857012191143, 10.043856737792504, 487.87981863558565, 29.068827011276653, 484.0748245808888, 44.76442748690107, 481.2210790398662, 60.9356522193626, 475.5135879578209, 75.68000418131281, 474.56233944414674, 76.15562843814992, 462.19610876638205, 82.81436803386937, 438.41489592452683, 79.48499823600964, 417.48742862369426, 72.82625864029019, 388.47434895663093, 52.85003985313183, 365.64438462845, 30.97132403862507, 350.9000326664998, 15.751347819837749, 341.2505416105895, 18.29730174700452, 320.3230743097569, 31.139156681606323, 296.54186146790175, 34.94415073630315, 272.28502436920945, 36.84664776365157, 252.78442983888823, 53.01787249611309, 231.85696253805565, 72.51846702643435, 224.24697442866199, 98.67780115247504, 221.86885314447647, 132.92274764474652, 223.68891037618747, 173.7113953822631, 226.54265591721008, 213.18820869974272, 233.20139551292954, 273.1168650612178, 238.4332623381377, 320.67929074492815, 240.8113836223232, 340.6555095320865, 246.04325044753134, 349.2167461551544, 259.36072963897027, 361.5829768329191, 271.2513360598978, 366.8148436581272, 285.52006376501095, 369.19296494231276, 306.9231553226806, 370.61983771282405, 326.4237498530019, 371.0954619696612, 333.5581137055584, 371.0954619696612, 336.88748350341814, 374.4248317675209, 343.5462230991376, 377.75420156538064, 340.07512249937946, 385.0904130352405, 339.5994982425423, 416.9572382433264, 339.5994982425423, 453.1046817629463, 338.6482497288681, 490.6789980530775, 341.0263710130536, 535.3876781957653, 341.0263710130536, 542.0464177914847, 342.453243783565, 548.229533130367, 349.5876076361215, 552.985775698738, 357.1975957455152, 549.6564059008783, 359.5757170297007, 543.9489148188331, 360.5269655433749, 538.717047993625, 362.9050868275604, 541.0951692778104, 366.23445662542014, 550.1320301577155, 371.4663234506283, 562.4982608354801, 379.07631156002196, 573.4376187427335, 390.5088918216147, 581.119180462819, 400.0213769583568, 578.7410591786336, 402.39949824254234, 577.3141864081222, 404.30199526989077, 570.1798225555657, 410.4851106087731, 571.606695326077, 423.802589800212, 569.7041982987286, 440.92506304634776, 560.6673374188235, 455.66941500829796, 551.6304765389186, 465.18190014504, 551.6304765389186, 480.8775006206645, 547.8254824842218, 501.804967921497, 546.8742339705476, 514.6468228560989, 546.8742339705476, 522.7324352223295, 544.0204884295249, 527.4886777907006, 531.6542577517603, 527.4886777907006, 512.6292874782761, 527.4886777907006, 503.59242659837116, 533.671793129583, 498.360559773163, 540.3305327253024, 497.4093112594888, 547.9405208346961, 503.116802341534, 553.6480119167413, 514.5317845056245, 565.5386183376689, 520.7148998445068, 574.0998549607368, 522.1417726150182, 581.2682337876154, 507.8742261305876, 586.5001006128235, 491.70300139812605, 591.2563431811946, 481.2392677477098, 605.5250708863076, 475.53177666566455, 625.501289673466, 468.8730370699451, 632.1600292691854, 462.6899217310627, 634.538150553371, 456.5068063921804, 619.3181743345837, 429.39622375246546, 589.8294704106833, 374.22380995936146, 573.6582456782216, 343.7838575217868, 564.6213847983167, 325.2345115051397, 563.1854176738836, 315.082113130627, 570.7954057832774, 302.24025819602525, 574.6003998379742, 292.2521488024461, 579.8322666631823, 287.97153049091213, 581.7347636905307, 286.0690334635637, 583.6372607178791, 292.2521488024461, 584.5885092315534, 297.9596398844913, 590.7716245704357, 297.9596398844913, 593.1497458546212, 296.0571428571429, 596.4791156524809, 297.9596398844913, 603.6134795050375, 288.92277900458635, 611.6990918712683, 282.2640394088669, 622.1628255216846, 272.2759300152877, 634.0534319426122, 252.29971122812935, 635.0046804562863, 229.46974689994835, 636.4315532267976, 200.93229148972213, 631.8613320092514, 170.63643229541103, 621.3975983588351, 125.45212789588618, 609.5069919379075, 89.3046843762663, 594.7626399759573, 50.77911957246089, 584.7745305823781, 34.60789483999936, 559.0908207131746, 22.71728841907177, 532.9314865871338, 10.351057741307073, 513.4308920568126, 9.399809227632865]], "scale": 3, "viewpoint": 2, "zoom_in": 1, "landmarks": [418, 14, 1, 349, 16, 1, 389, 55, 2, 435, 80, 2, 482, 63, 1, 486, 10, 1, 243, 63, 2, 229, 207, 2, 249, 350, 2, 314, 373, 2, 391, 332, 2, 361, 250, 2, 343, 253, 2, 329, 237, 2, 325, 205, 2, 318, 173, 2, 329, 215, 2, 345, 291, 1, 349, 368, 1, 340, 453, 2, 351, 553, 2, 506, 550, 2, 636, 462, 2, 597, 390, 2, 563, 325, 2, 565, 256, 1, 560, 180, 1, 553, 143, 1, 560, 173, 1, 564, 205, 1, 566, 235, 1, 568, 268, 1, 629, 260, 1, 635, 216, 1, 630, 176, 2, 615, 107, 2, 584, 38, 2], "style": 1, "bounding_box": [217, 3, 641, 586], "category_id": 11, "occlusion": 2, "category_name": "long sleeve dress"}}