{"source": "shop", "pair_id": 1706, "item1": {"segmentation": [[467.8150277073356, 323.1922982999906, 462.0293603832067, 329.240950502489, 454.40279891049136, 335.28960270498743, 447.03922231614547, 336.3415422184654, 442.56847938386403, 334.50064806987893, 438.0977364515826, 329.240950502489, 434.94191791114866, 322.9293134216211, 434.94191791114866, 319.24752512444815, 430.73415985723676, 318.98454024607867, 417.32193106039244, 322.14035878651265, 407.32850568235165, 325.55916220531606, 402.3317929933312, 330.0299051375975, 397.5980651826803, 338.70840612379084, 390.7604583450734, 351.8576500422656, 384.185836385836, 366.05883347421843, 381.8189724805105, 379.2080773926932, 381.0300178454021, 387.623593500517, 377.34822954822914, 396.03910960834094, 376.8222597914901, 399.7208979055139, 381.8189724805105, 404.19164083779526, 379.97807833192405, 407.8734291349682, 375.77032027801215, 412.87014182398866, 374.45539588616464, 416.0259603644226, 376.03330515638163, 417.34088475627004, 379.7150934535546, 414.71103597257513, 384.9747910209445, 413.3961115807276, 389.9715037099649, 413.3961115807276, 392.86433737202935, 414.4480510942056, 396.8091105475718, 414.71103597257513, 397.8610500610498, 413.6590964590971, 404.96164177702616, 414.71103597257513, 407.0655208039821, 414.71103597257513, 403.28917065840136, 420.3908143138911, 397.50350333427247, 430.9102094486709, 389.0879872264486, 446.1633323941017, 382.7763501455807, 460.1015309476849, 379.09456184840775, 468.7800319338783, 376.2017281863433, 473.7767446228987, 374.36083403775683, 476.4065934065937, 378.0426223349298, 481.4033060956141, 382.25038038884173, 481.9292758523531, 386.7211233211231, 480.3513665821361, 389.0879872264486, 480.3513665821361, 395.3996243073165, 485.085094392787, 402.50021602329286, 489.81882220343795, 408.8118531041608, 494.0265802573499, 415.9124448201372, 495.8674744059364, 419.0682633605711, 495.8674744059364, 425.379900441439, 501.91612660843475, 431.4285526439374, 501.12717197332626, 440.89600826523923, 500.8641870949568, 454.045252183714, 501.6531417300653, 463.5127078050159, 505.8608997839772, 472.98016342631774, 506.3868695407162, 484.55149807457553, 504.8089602704992, 492.9670141823994, 502.17911148680423, 503.9054005823235, 497.9768009768012, 515.2137503522118, 494.8209824363673, 525.9961303653612, 491.4021790175638, 532.0447825678596, 488.50934535549936, 533.0967220813375, 486.6684512069129, 533.359706959707, 484.0386024232179, 527.3110547572086, 467.9965248426787, 520.2104630412322, 444.5908706677936, 512.5839015685168, 420.39626185779997, 507.32420400112693, 403.30224476378277, 503.9054005823235, 392.78284962900295, 504.4313703390625, 388.83807645346053, 510.2170376631914, 381.47449985911464, 520.6792239010988, 372.91064560439565, 526.5385989010989, 368.2231456043956, 533.9604739010989, 367.4418956043956, 538.257348901099, 361.19189560439554, 540.210473901099, 352.9887706043954, 543.335473901099, 349.4731456043954, 542.554223901099, 341.6606456043953, 534.741723901099, 335.8012706043953, 528.1010989010989, 331.89502060439526, 524.5854739010989, 328.3793956043952, 523.8042239010989, 323.6918956043952, 521.4604739010988, 318.22314560439514, 515.6010989010988, 319.00439560439514, 512.4760989010988, 321.73877060439514, 504.6635989010987, 322.52002060439514, 492.55422390109857, 321.34814560439514, 479.27297390109845, 320.56689560439514]], "scale": 1, "viewpoint": 2, "zoom_in": 1, "landmarks": [450, 322, 1, 435, 320, 2, 438, 333, 2, 449, 337, 2, 461, 333, 2, 468, 323, 1, 406, 327, 2, 389, 358, 2, 379, 401, 2, 385, 402, 2, 388, 398, 2, 402, 392, 2, 406, 398, 2, 406, 407, 2, 409, 385, 2, 412, 360, 2, 411, 367, 2, 410, 389, 2, 407, 415, 2, 392, 443, 2, 376, 477, 2, 453, 502, 2, 534, 487, 2, 521, 446, 2, 510, 412, 2, 505, 397, 2, 499, 369, 2, 499, 361, 2, 501, 375, 2, 520, 374, 2, 509, 358, 2, 506, 334, 2, 521, 331, 1, 537, 339, 2, 538, 359, 2, 520, 334, 1, 490, 322, 2], "style": 1, "bounding_box": [372, 313, 545, 509], "category_id": 11, "occlusion": 1, "category_name": "long sleeve dress"}}