{"source": "shop", "pair_id": 1706, "item1": {"segmentation": [[233.69699337523397, 229.03876337693214, 229.41637506370006, 246.63686087990496, 223.7088839816548, 260.429964328181, 215.14764735858694, 266.61307966706335, 204.20828945133354, 262.8080856123665, 193.26893154408017, 258.05184304399546, 181.85394937998967, 250.9174791914389, 171.39021572957338, 239.9781212841855, 165.68272464752815, 234.27063020214027, 158.5483607949716, 234.74625445897738, 138.57214200781323, 243.78311533888234, 120.4984202480033, 249.49060642092758, 107.6565653134015, 260.90558858501805, 97.66845591982232, 277.0768133174796, 87.68034652624314, 306.56551724138, 84.35097672838342, 330.34673008323523, 82.86203499235617, 355.3210803465262, 85.71578053337879, 371.49230507898767, 85.24015627654168, 377.19979616103296, 81.43516222184486, 381.00479021572977, 83.81328350603037, 393.37102089349446, 80.69250891795477, 400.12777305928313, 75.93626634958372, 403.45714285714286, 72.60689655172399, 408.2133854255139, 70.22877526753848, 413.44525225072204, 70.22877526753848, 417.25024630541884, 75.46064209274662, 414.87212502123333, 82.59500594530317, 411.0671309665365, 89.72936979785973, 417.725870562256, 98.2906064209276, 427.238355698998, 105.42497027348415, 427.4703244436897, 116.36432818073754, 436.0315610667576, 124.44994054696829, 437.934058094106, 135.8649227110588, 433.17781552573496, 143.95053507728954, 429.84844572787523, 152.9873959571945, 432.22656701206074, 160.59738406658818, 431.2753184983865, 161.5486325802624, 431.2753184983865, 155.84114149821716, 439.8365551214544, 142.04803804994114, 459.81277390861277, 128.73055885850223, 483.59398675046793, 113.03495838287782, 514.9851877017168, 98.7662306777647, 540.6688975709204, 93.53436385255657, 551.1326312213366, 98.7662306777647, 555.4132495328706, 103.04684898929864, 561.5963648717529, 114.93745541022622, 560.6451163580788, 123.4986920332941, 566.8282316969611, 141.09678953626693, 573.4869712926806, 153.93864447086872, 577.7675896042144, 158.61848139969425, 578.3098012570066, 160.52097842704265, 587.8222863937486, 161.47222694071687, 595.4322745031423, 159.09410565653135, 604.9447596398844, 167.6553422795992, 609.2253779514183, 180.97282147103812, 614.9328690334636, 204.7540343128933, 625.3966026838798, 222.35213181586613, 630.628469509088, 234.71836249363082, 627.2990997112282, 241.37710208935027, 620.1647358586716, 249.93833871241816, 609.7010022082554, 268.4876847290652, 600.6641413283504, 289.41515202989774, 597.3347715304907, 304.15950399184794, 601.6153898420247, 316.05011041277555, 605.8960081535586, 324.61134703584344, 605.4203838967214, 330.3188381178887, 598.286020044165, 330.02038389672146, 584.6907083404111, 330.49600815355853, 577.5563444878545, 336.2034992356038, 573.2757261763206, 338.5816205197893, 572.3244776626464, 342.38661457448615, 577.0807202310174, 353.8015967385766, 570.8976048921351, 366.1678274163413, 561.86074401223, 373.3021912688979, 549.9701375913025, 373.3021912688979, 544.7382707660944, 358.08221505011056, 514.7739425853568, 340.00849329030063, 474.82150501104013, 326.69101409886173, 450.08904365551075, 308.5363682690672, 417.1810090028882, 303.7801257006962, 410.04664515033164, 299.9751316459994, 406.2416510956348, 308.06074401223015, 400.05853575675246, 317.0976048921351, 391.97292339052166, 320.9025989468319, 382.4604382537796, 333.26882962459666, 363.91109223713255, 353.7206726685921, 343.9348734499742, 374.17251571258754, 318.2511635807706, 395.57560727025725, 294.46995073891543, 409.8443349753703, 274.49373195175707, 426.49118396466895, 250.71251910990188, 433.1499235603884, 238.3462884321372, 434.5767963308997, 226.45568201120957, 429.8205537625287, 216.9431968744675, 420.7836928826237, 211.71133004925937, 417.92994734160106, 202.1988449125173, 414.60057754374134, 195.54010531679785, 405.801087141159, 194.13925598776987, 396.28860200441693, 189.38301341939885, 385.8248683540006, 186.05364362153912, 377.73925598776987, 187.48051639205042, 370.1292678783762, 196.0417530151183, 368.7023951078649, 198.4198742993038, 376.31238321725857, 200.79799558348932, 379.16612875828116, 202.70049261083773, 374.40988618991014, 205.55423815186037, 361.56803125530837, 216.01797180227663, 351.5799218617292, 219.34734160013636, 344.4455580091726, 222.201087141159, 336.35994564294185, 225.05483268218163, 324.9449634788514, 219.34734160013636, 310.2006115169011, 217.44484457278796, 296.40750806862513, 219.34734160013636, 288.79751995923147, 222.6767113979961, 269.29692542891024, 223.6279599116703, 247.41820961440345, 225.05483268218163]], "scale": 3, "viewpoint": 2, "zoom_in": 1, "landmarks": [197, 225, 1, 164, 233, 1, 184, 255, 2, 209, 267, 2, 226, 252, 2, 234, 229, 1, 114, 255, 2, 84, 331, 1, 100, 427, 2, 100, 414, 2, 102, 396, 2, 135, 400, 2, 143, 409, 2, 145, 427, 2, 132, 376, 2, 129, 332, 2, 127, 352, 2, 137, 399, 2, 164, 431, 2, 129, 484, 2, 94, 552, 2, 238, 623, 2, 374, 549, 2, 339, 477, 2, 301, 409, 2, 325, 376, 2, 353, 344, 2, 364, 330, 2, 388, 302, 2, 410, 275, 2, 379, 248, 2, 348, 224, 2, 383, 203, 2, 417, 212, 2, 433, 231, 2, 361, 216, 1, 288, 224, 2], "style": 1, "bounding_box": [63, 173, 437, 635], "category_id": 11, "occlusion": 1, "category_name": "long sleeve dress"}}