{"source": "shop", "pair_id": 1717, "item1": {"segmentation": [[124.64111139696209, 576.2387445330587, 113.39850784666696, 572.0967326987394, 99.78904039104654, 580.3807563673779, 92.09673269873936, 582.7476202727032, 84.99614098276348, 576.2387445330587, 74.936969385131, 566.7712889117574, 67.83637766915513, 557.3038332904563, 62.51093388217323, 550.7949575508118, 77.89554926678761, 545.4695137638299, 83.22099305376952, 534.2269102135348, 83.81270903010083, 514.1085670182698, 81.44584512477554, 496.94880370466143, 81.73635301061368, 478.57842172870636, 83.88988937484073, 464.94983277592127, 85.19656062307078, 461.27738366642086, 93.3573449961419, 451.93208129663213, 98.09107280679248, 431.8137381013672, 100.45793671211777, 412.87882685876485, 107.55852842809364, 393.94391561616254, 121.16799588371406, 365.5415487522591, 126.56143315087343, 351.2659267917266, 134.18574736300314, 338.3226138410182, 152.85901100554736, 326.6984527432812, 168.3046050939033, 315.67275533830576, 177.77250581523845, 306.9752693522758, 188.42294828916826, 296.7378440957034, 184.87265243118034, 319.2230511962937, 180.73064059686106, 336.97453048623333, 177.08046429274702, 354.380113642938, 176.3884227702556, 366.83686104778354, 175.35036048651847, 376.8714631239091, 174.22176485721653, 387.8621044507271, 181.91407254952372, 393.187548237709, 199.07383586313208, 400.87985593001616, 217.56489335849503, 408.3593523972687, 221.55904296372233, 439.93311036788344, 224.23494983277794, 456.4339464882923, 228.06791870336687, 476.02778492409414, 232.04744983277877, 514.2464464882985, 239.1149987136606, 562.3771546179577, 245.03215847697385, 614.448160535114, 250.35760226395576, 666.5191664522704, 257.4581939799316, 702.0221250321497, 266.3339336249014, 722.732184203746, 272.842809364546, 723.9156161564086, 278.28123734246964, 686.7653423753982, 278.62725810371535, 669.1182835518671, 278.7599691278592, 643.4422433753488, 279.9434010805219, 607.9392847954695, 286.4522768201664, 580.1286339078973, 288.2274247491604, 544.6256753280179, 286.93175637361236, 523.0975223061776, 288.8191407254917, 484.8623617185544, 290.00257267815437, 470.66117828660265, 295.3280164651363, 431.60792384873537, 304.2037561101061, 396.104965268856, 317.77720607152014, 369.90995626447085, 330.7949575508092, 340.3241574479047, 333.16182145613453, 330.8567018266035, 343.220993053767, 301.2709030100374, 349.13815281708025, 279.9691278621098, 383.45767944429696, 290.62001543607363, 400.4316580064981, 290.89814954114416, 424.28608181115817, 292.9868793413989, 433.161821456128, 290.62001543607363, 439.07898121944123, 295.94545922305554, 463.0614157919715, 315.81164435083525, 472.74999710685137, 325.1542049044694, 481.17828659634745, 329.8430666323663, 481.17828659634745, 332.80164651402293, 516.0895291998954, 352.3282737329566, 558.6622073578595, 375.90944172883917, 574.6385387188052, 379.45973758682715, 594.7568819140702, 388.9271932081283, 608.3663493696906, 403.72009261641136, 615.4669410856665, 407.8621044507306, 618.4255209673231, 413.1875482377125, 631.757139181887, 423.72523797273, 639.0, 432.60097761769987, 639.0, 472.2459480318985, 629.9819912528931, 468.6956521739105, 611.0470800102908, 459.22819655260935, 595.0707486493451, 450.3524569076395, 587.9701569333691, 443.84358116799496, 573.7689735014175, 447.9855930023142, 569.6269616670982, 454.49446874195877, 567.8518137381042, 462.186776434266, 554.2423462824838, 472.83766400822975, 550.7720081933998, 481.0945365752056, 545.581696774714, 479.01841200773134, 537.0825829688755, 481.1216876768683, 535.3074350398815, 480.529971700537, 529.3902752765682, 472.83766400822975, 519.9228196552671, 474.0210959608924, 503.7612554669384, 477.5302289683588, 493.7020838693059, 484.63082068433465, 480.09261641368545, 485.222536660666, 465.2997170054024, 501.79058399794303, 453.46539747877597, 531.3763828145092, 429.62696166709765, 589.2307692307718, 427.2600977617724, 598.1065088757416, 424.30151788011574, 605.2071005917174, 417.7926421404712, 630.059171597633, 419.56779006946516, 665.5621301775124, 421.2257698672631, 703.2757403571247, 431.2603719433887, 708.8120725370561, 439.21884945204005, 707.774010253319, 434.7205795558458, 720.2307576581645, 427.4541435696859, 728.8812766893072, 429.1842473759145, 738.5698580041872, 432.2984342271258, 749.2965016028041, 423.99279650115614, 752.1584769745292, 397.3655775662466, 762.809364548493, 366.00463082068654, 773.4602521224568, 334.8392076151278, 778.0704913815307, 341.34808335477237, 805.2894262927715, 342.6765110923406, 821.6692319264841, 342.3304903310949, 833.779958570084, 339.2163034798835, 842.4304776012267, 338.52426195739207, 849.3508928261409, 338.17824119614636, 857.3093703347922, 336.1021166286721, 865.2678478434435, 332.2958882549693, 874.264387635832, 319.8391408501238, 865.9598893659349, 314.6488294314381, 858.6934533797751, 311.76228453820625, 852.6267043992773, 299.3362490352485, 824.8160535117051, 288.6853614612847, 795.8219706714704, 280.99305376897746, 770.9698996655549, 270.8875739644962, 742.1661950090062, 259.6449704142011, 740.9827630563435, 238.34319526627348, 752.2253666066387, 224.73372781065308, 765.2431180859278, 214.08284023668926, 773.5271417545663, 212.06397333673266, 785.4217634328875, 207.57396449704473, 794.2372009261626, 189.82248520710505, 819.0892719320781, 187.83071599681, 831.2423186862806, 180.97761770002637, 858.4666838178506, 176.07781416717887, 868.8127668931035, 161.45099048109273, 854.9163879598627, 154.35039876511686, 837.164908669923, 155.5338307177795, 811.7211216876761, 157.30897864677348, 785.685618729098, 153.16696681245423, 766.1589915101644, 145.474659120147, 753.7329560072066, 143.10779521482175, 730.6560329302849, 140.14921533316513, 704.0288139953755, 143.13038849221024, 688.2741780560411, 138.97813935726174, 675.4714098899499, 134.0005145356322, 653.120658605609, 131.04193465397557, 627.0851556470309, 133.40879855930086, 602.2330846411153, 135.17191098355892, 589.3122403397682, 134.0005145356322, 581.523025469519, 129.85850270131291, 575.6058657062058]], "scale": 3, "viewpoint": 2, "zoom_in": 2, "landmarks": [271, 296, 1, 188, 296, 1, 180, 337, 1, 173, 390, 1, 332, 330, 1, 347, 279, 1, 135, 337, 2, 92, 459, 2, 81, 536, 2, 70, 558, 2, 88, 579, 2, 128, 576, 2, 131, 557, 2, 128, 528, 2, 124, 481, 2, 124, 451, 2, 124, 472, 2, 132, 632, 2, 147, 761, 2, 260, 739, 2, 426, 747, 2, 426, 604, 2, 463, 502, 2, 484, 483, 2, 503, 477, 2, 528, 472, 2, 543, 476, 2, 546, 474, 2, 0, 0, 0, 0, 0, 0, 614, 408, 2, 513, 352, 2, 432, 288, 2, 320, 370, 1, 294, 470, 2, 288, 585, 2, 272, 741, 2, 200, 497, 2, 229, 611, 2], "style": 1, "bounding_box": [56, 275, 639, 867], "category_id": 4, "occlusion": 1, "category_name": "long sleeve outwear"}}