{"source": "shop", "pair_id": 1718, "item1": {"segmentation": [[383.3875930480674, 406.9627791442021, 390.04633264378674, 412.6702702262473, 400.5100662942029, 416.95088853778117, 409.54692717410774, 417.9021370514554, 417.15691528350135, 416.4752642809441, 424.7669033928949, 413.6215187399215, 433.80376427279975, 408.86527617155053, 440.93812812535623, 404.58465786001665, 444.743122180053, 398.87716677797147, 445.6943706937272, 392.21842718225207, 444.743122180053, 388.4134331275553, 451.87748603260945, 387.4621846138811, 460.4387226556772, 386.0353118433698, 472.32932907660467, 384.13281481602144, 482.7930627270208, 383.65719055918436, 490.87867509325145, 383.65719055918436, 498.48866320264506, 385.55968758653273, 506.09865131203856, 390.3159301549037, 515.1355121919435, 398.4015425211344, 524.6479973286854, 406.9627791442021, 534.6361067222645, 416.4752642809441, 539.3923492906354, 421.70713110615213, 546.526713143192, 427.89024644503445, 550.3317071978887, 432.1708647565683, 557.4660710504452, 438.3539800954506, 549.8560829410516, 438.3539800954506, 544.1485918590064, 438.3539800954506, 537.489852263287, 442.6345984069844, 534.6361067222645, 446.43959246168123, 531.7823611812419, 450.24458651637804, 528.9286156402193, 455.000829084749, 528.9286156402193, 461.18394442363126, 529.5721192586624, 466.9221453287197, 531.6482438261364, 470.7283737024221, 536.1465137223302, 472.80449826989616, 543.0669289472437, 474.8806228373702, 550.3333649334029, 475.9186851211072, 555.8696971133336, 475.2266435986159, 552.0634687396312, 477.6487889273356, 547.9112196046831, 478.34083044982697, 541.3368251410153, 478.6868512110726, 537.1845760060672, 477.9948096885813, 531.9942645873821, 476.2647058823529, 526.1119116462056, 472.80449826989616, 524.0357870787316, 469.6903114186851, 522.3056832725033, 466.9221453287197, 519.5375171825378, 467.2681660899654, 518.4994548988009, 468.9982698961938, 521.6136417500119, 478.6868512110726, 525.4198701237143, 489.41349480968853, 529.5721192586624, 501.5242214532871, 534.0703891548561, 512.9429065743943, 538.9802560118599, 533.7802018445398, 542.7263538266361, 547.9321269225834, 547.3049178224738, 559.1704203669123, 553.5484141804343, 571.6574130828332, 559.375677447864, 583.3119396176926, 566.4516399868859, 597.880097786267, 573.9438356164384, 610.3670905021879, 580.1873319743988, 626.1839479423543, 586.8990235627842, 641.2426410844869, 594.3912191923368, 654.9783330719998, 601.8834148218893, 670.3789574216356, 608.1269111798498, 682.033483956495, 613.5379413567489, 695.7691759440081, 616.4515729904638, 704.5100708451527, 614.7866406283409, 708.6724017504597, 610.2080766325033, 714.0834319273587, 604.7970464556042, 716.1645973800122, 600.2184824597666, 716.9970635610736, 598.9697831881745, 720.3269282853191, 598.5535500976438, 724.9054922811569, 597.7210839165824, 730.7327555485866, 593.9749861018062, 735.7275526349549, 588.9801890154378, 740.3061166307925, 580.6555272048238, 741.9710489929154, 575.2444970279248, 743.6359813550382, 564.8386697646574, 745.3009137171609, 561.5088050404119, 745.7171468076916, 556.0977748635128, 744.8846806266303, 551.9354439582058, 744.8846806266303, 543.6107821475919, 748.6307784414065, 536.1185865180394, 752.3768762561828, 527.7939247074254, 759.0366057046739, 521.5504283494649, 764.447635881573, 515.0174988952716, 769.5702607158639, 508.3577694467805, 774.981290892763, 501.69803999828935, 779.9760879791313, 488.3785811013071, 784.554651974969, 476.30782147591685, 788.3007497897453, 468.8156258463643, 789.5494490613373, 463.40459566946527, 789.965682151868, 457.99356549256623, 788.716982880276, 456.32863313044345, 786.6358174276224, 455.07993385885135, 782.0572534317848, 452.58253531566714, 775.8137570738244, 452.16630222513646, 774.1488247117015, 448.0039713198295, 774.981290892763, 443.84164041452254, 777.8949225264779, 441.7604749618691, 777.8949225264779, 439.2630764186849, 777.4786894359471, 436.76567787550067, 770.818959987456, 435.1007455133779, 761.6618319957807, 432.60334697019374, 746.261207646145, 429.2734822459482, 732.1092825681012, 425.1111513406412, 718.3735905805883, 420.94882043533426, 705.054131683606, 418.03518880161937, 691.7346727866237, 416.3702564394966, 673.0041837127424, 413.040391715251, 652.1925291862076, 411.7916924436589, 636.3756717460411, 408.36205864325115, 619.1641027468534, 405.86466010006694, 606.2608769404018, 403.3672615568828, 592.9414180434195, 400.8698630136986, 581.28689150856, 398.7886975610451, 575.0433951505995, 396.7075321083916, 580.0381922369679, 391.29650193149257, 582.1193576896213, 385.88547175459354, 584.6167562328055, 378.80950921557167, 587.5303878665204, 373.39847903867263, 588.7790871381125, 367.9874488617736, 590.0277864097046, 361.74395250381315, 590.860252590766, 355.9166892363834, 590.860252590766, 353.0030576026685, 590.0277864097046, 353.41929069319923, 580.0381922369679, 353.41929069319923, 570.0485980642312, 351.3381252405457, 559.226537710433, 348.4244936068309, 547.1557780850428, 346.75956124470804, 527.5928228301002, 345.9270950636467, 519.2681610194862, 343.0134634299318, 509.6947999372802, 341.7647641583397, 500.1214388550742, 340.0998317962169, 488.8831454107454, 339.6835987056862, 478.47731814747794, 338.34500449018566, 464.96404002679856, 338.7612375807164, 454.5582127635311, 339.1774706712471, 447.0660171339786, 340.84240303336986, 440.82252077601817, 345.42096702920753, 434.5790244180577, 350.83199720610656, 429.1679942411587, 359.9891251977819, 422.9244978831982, 369.1462531894572, 415.84853534417636, 375.8059826379484, 410.853738257808]], "scale": 2, "viewpoint": 2, "zoom_in": 1, "landmarks": [417, 402, 1, 381, 410, 2, 400, 416, 2, 422, 415, 2, 443, 404, 2, 447, 389, 2, 341, 445, 2, 347, 527, 2, 352, 590, 2, 396, 579, 2, 388, 540, 2, 375, 503, 2, 382, 517, 2, 394, 553, 2, 409, 603, 2, 421, 694, 2, 456, 788, 2, 537, 751, 2, 616, 710, 2, 576, 619, 2, 540, 549, 2, 530, 513, 2, 511, 467, 2, 503, 453, 2, 518, 469, 2, 534, 473, 2, 557, 439, 1, 527, 409, 1, 492, 386, 2], "style": 1, "bounding_box": [336, 385, 617, 794], "category_id": 10, "occlusion": 1, "category_name": "short sleeve dress"}}