{"source": "shop", "pair_id": 1717, "item1": {"segmentation": [[309.9258931669975, 751.9718928414591, 289.3565635067598, 759.6853914640483, 276.8680419273298, 766.6642711702003, 268.7872338465221, 784.6624346229082, 257.0333311835292, 801.1913602427421, 249.68714201915856, 818.4549047790131, 239.10224163188607, 841.1089305950968, 232.85798084217106, 842.5781684279709, 221.83869709561515, 834.1300508889448, 215.96174576411866, 817.9684347273294, 218.16560251342983, 794.4606294013435, 219.63484034630397, 772.7893713664502, 206.49179542460186, 743.7810147691571, 188.49363197189388, 724.313613483575, 174.53587255958973, 695.6634757425296, 163.1492793548153, 665.9114096268287, 164.25120772947088, 652.6882691309617, 141.97751304470577, 628.167721606456, 135.36594279677223, 619.3522946092112, 128.38706309062016, 596.5791081996623, 129.85630092349427, 573.8059217901135, 132.7947765892425, 549.5634975476905, 134.9986333385537, 528.2595489710158, 131.3255387563684, 517.6075746826784, 131.3255387563684, 506.22098147790393, 133.16208604746103, 489.6920558580701, 146.63140987251688, 464.5300066643923, 149.56988553826514, 445.06260537881025, 149.2025760800466, 418.9836338452946, 154.71221795332454, 385.55847314740834, 160.2218598266025, 360.94873944676687, 166.4661206163175, 349.92945570021095, 170.50652465672135, 347.35828949268125, 204.32896923015548, 328.7296805083366, 242.16184342666406, 313.6699927213769, 244.36570017597526, 333.872012923396, 243.63108125953818, 360.6856033733487, 245.10031909241232, 377.2145289931826, 252.0791987985644, 407.3339045671021, 281.3578165356817, 474.6525148106166, 295.6828854062044, 517.2604119639661, 305.9675502363232, 554.3586672440376, 315.24733501018073, 572.3796800476688, 315.24733501018073, 592.2143907914694, 312.40394212726216, 628.4139049356447, 304.69044350467306, 657.7986615931271, 306.15968133754717, 691.9584412074504, 310.93470429438804, 705.9162006197545, 320.0093362939216, 723.5099551305084, 326.98821600007363, 731.590763211316, 334.7017146226628, 731.590763211316, 338.00749974662955, 703.3079349284892, 337.2728808301925, 672.0866309799142, 343.14983216168895, 640.8653270313391, 348.65947403496693, 619.1940689964458, 350.5800479713538, 595.3540881604124, 351.31466688779085, 574.4174490419562, 353.88583309532055, 541.726907260507, 356.45699930285025, 507.5671276461837, 367.67947028816553, 447.34852323785094, 374.29104053609905, 417.59645712215, 377.244503410512, 364.3176674006693, 375.77526557763787, 316.56743783226034, 373.5714088283267, 303.71160679461184, 402.58885602759057, 302.24236896173767, 434.9120883508212, 309.9558675843268, 455.4814180110589, 316.56743783226034, 481.56038954457455, 321.7097702473198, 497.35469624797133, 338.9733147835907, 507.6393610780902, 358.0734066109543, 519.3932637410832, 388.9274011013108, 523.8479044012641, 396.7939658058237, 533.7652597731644, 427.2806508379617, 549.1922570183427, 469.88854799131116, 559.8442313066801, 497.4367573577009, 571.2308245114546, 507.72142218781977, 578.5659575382897, 521.875243772477, 578.1986480800712, 536.9349315594368, 574.8928629561044, 547.9542153059926, 571.2197683739191, 558.9734990525485, 574.8928629561044, 586.5217084189383, 574.1582440396674, 606.3564191627389, 571.9543872903562, 612.9679894106724, 558.3639373362705, 617.0083934510762, 533.7112075451996, 631.2572978185633, 518.6515197582398, 614.7283721987294, 513.6574907812369, 601.7711459851927, 499.1841184726578, 581.6705209590617, 490.00138201719454, 573.589712878254, 483.7571212274795, 571.7531655871613, 473.1051469391422, 595.6282803713658, 469.0647428987383, 625.7476559452853, 464.28971994189743, 653.295865311675, 468.33012398230125, 672.0286476808201, 465.75895777477155, 687.4556449259984, 466.86088614942713, 702.8826421711766, 465.0243388583345, 721.2481150821031, 470.35487130348855, 735.0196399998772, 466.68177672130327, 740.8965913313737, 446.11244706106555, 755.2216602018964, 417.82961877823874, 770.281347988856, 399.2830709036238, 780.6370177911691, 383.85607365844555, 781.7389461658247, 384.2233831166641, 807.4506082411218, 375.40795611941934, 828.0199379013595, 364.0213629146449, 843.8142446047564, 353.3693886263075, 848.9565770198158, 346.02319946193694, 832.7949608582004, 337.5750819229107, 792.0236109959436, 329.8615833003216, 763.0061637966796, 325.4538698016992, 754.190736799435, 320.3115373866398, 751.6195705919052]], "scale": 3, "viewpoint": 2, "zoom_in": 1, "landmarks": [316, 345, 1, 243, 315, 1, 244, 377, 1, 259, 421, 1, 376, 366, 1, 374, 303, 1, 171, 347, 2, 135, 517, 2, 141, 617, 2, 156, 641, 2, 172, 664, 2, 234, 596, 2, 232, 575, 2, 230, 555, 2, 210, 476, 1, 207, 451, 1, 224, 524, 2, 205, 598, 1, 187, 726, 2, 309, 743, 2, 469, 737, 2, 469, 626, 1, 468, 548, 1, 459, 485, 1, 459, 510, 1, 469, 525, 1, 477, 544, 1, 484, 571, 2, 538, 623, 2, 560, 617, 2, 576, 611, 2, 548, 468, 2, 484, 321, 2, 375, 420, 1, 355, 509, 2, 349, 619, 1, 335, 744, 1, 265, 486, 2, 285, 612, 1], "style": 1, "bounding_box": [123, 294, 581, 868], "category_id": 4, "occlusion": 2, "category_name": "long sleeve outwear"}}