{"source": "shop", "pair_id": 1722, "item1": {"segmentation": [[328.0011210035298, 240.99653507999892, 331.6022290367708, 247.367726215733, 337.69641186225556, 252.63088411046985, 347.3917027209813, 256.50900045396014, 363.1811764051919, 258.171050315456, 375.92355867666004, 256.78600876420944, 389.2199575686268, 251.24584255922332, 402.51635646059356, 238.50346028775516, 407.7795143553304, 230.47021929052525, 416.3667719730589, 220.77492843179948, 423.3957513039773, 219.63574796876014, 429.48993412946203, 221.5748061405053, 440.8472748496837, 222.95984769175183, 453.0356405006532, 230.16206375823384, 459.96084825688587, 239.85735461695958, 464.6699895311241, 257.03186985241666, 469.37913080536237, 283.9016759465995, 471.04118066685817, 309.1094321792865, 472.1492139078554, 324.898905863497, 476.47040458036486, 347.25871093858575, 480.0715126136059, 371.3584339302755, 477.5784378213621, 373.0204837917713, 474.5313464086197, 375.2365502737658, 470.93023837537874, 379.3916749275054, 470.3762217548801, 375.79056689426443, 470.0992134446308, 371.3584339302755, 465.66708048064186, 370.52740899952755, 460.95793920640364, 371.3584339302755, 457.633839483412, 374.12851703276857, 454.03273145017096, 376.62159182501233, 450.7086317271793, 378.0066333762589, 448.76957355543414, 379.1146666172561, 447.6615403144369, 405.4304560909403, 449.2483439720583, 435.0566986909273, 450.63338552330487, 458.87941337236776, 452.8494520052993, 473.560853815581, 454.2344935565459, 482.70212805380817, 455.3425267975431, 496.5525435662736, 457.84662633524493, 519.2205041736537, 460.3397011274887, 542.7662105448449, 459.50867619674074, 549.9684266113268, 459.50867619674074, 556.3396177470609, 457.84662633524493, 560.2177340905512, 456.7385930942477, 564.6498670545401, 455.0765432327518, 571.2980665005235, 451.19842688926155, 567.9739667775318, 440.67211109978786, 566.3119169160359, 416.5723881080981, 567.1429418467839, 403.55299752638064, 569.082000018529, 382.7773742576826, 569.6360166390276, 349.6674417958292, 570.9321653897109, 311.4402949814247, 570.9321653897109, 297.14032926004506, 569.7553618247345, 302.4034871547819, 551.1958050380308, 305.1956197481911, 515.8698060941829, 304.6416031276925, 458.2520775623269, 303.8105781969446, 437.1994459833795, 308.79672778143214, 415.0387811634349, 309.3020965545354, 404.20693169290064, 300.7148389368069, 403.37590676215274, 288.24946497558807, 402.82189014165414, 278.27716580661297, 401.4368485904076, 270.5209331196324, 399.7747987289117, 261.37965888140525, 396.45069900592006, 265.2577752248955, 377.6141339089671, 269.68990818888443, 371.24294277323304, 271.3519580503803, 365.9797848784962, 272.9828606898341, 352.2760077451153, 278.80003520506955, 313.7718526204616, 286.0022512715516, 277.20675566755295, 288.49532606379535, 267.7884731190765, 292.0964340970363, 263.3563401550876, 302.0687332660114, 254.49207422710975, 305.9468496095017, 252.5530160553646, 312.5950490554851, 248.12088309137567, 319.7972651219671, 243.96575843763605]], "scale": 2, "viewpoint": 2, "zoom_in": 1, "landmarks": [372, 235, 1, 328, 242, 2, 346, 253, 2, 371, 257, 2, 397, 245, 2, 415, 223, 2, 292, 265, 2, 277, 337, 2, 262, 397, 2, 310, 403, 2, 313, 362, 2, 313, 325, 2, 315, 347, 2, 314, 376, 2, 310, 407, 2, 306, 478, 2, 299, 569, 2, 388, 572, 2, 459, 571, 2, 456, 481, 1, 448, 406, 2, 448, 381, 2, 445, 343, 2, 443, 310, 2, 446, 338, 2, 449, 376, 2, 480, 374, 2, 471, 300, 2, 456, 235, 2], "style": 1, "bounding_box": [255, 213, 482, 585], "category_id": 10, "occlusion": 1, "category_name": "short sleeve dress"}}