{"source": "shop", "pair_id": 1722, "item1": {"segmentation": [[299.84320131419287, 36.29811130953222, 292.1297026916031, 37.76734914240647, 286.2527513601061, 37.76734914240647, 282.5796567779205, 38.13465860062502, 279.27387165395345, 39.23658697528071, 275.23346761354924, 41.073134266373515, 270.45844465670797, 44.011609932122006, 266.0507311580852, 45.48084776499625, 260.9083987430254, 45.48084776499625, 257.96992307727686, 46.58277613965193, 254.2968284950913, 48.7866328889633, 250.62373391290566, 51.357799096493224, 246.58332987250148, 54.29627476224172, 240.7063785410045, 58.33667880264589, 222.34090563007646, 71.92712875673266, 208.75045567598968, 82.9464125032895, 204.34274217736694, 85.15026925260085, 201.0369570533999, 90.29260166766072, 194.16716271901328, 114.13513850242884, 182.4132600560193, 163.35460590371605, 170.65935739302535, 222.4914286769044, 161.1748365334481, 270.6114595013633, 149.05362441223556, 315.42321340402776, 126.64774746090333, 393.6601280045813, 117.46713364803804, 419.78090636838976, 129.95565522746912, 424.9232387834496, 158.23848351029835, 431.1674995731652, 180.277051003412, 436.309831988225, 201.58099958008856, 441.0848549450663, 230.96575623757346, 446.59449681834474, 222.44954459176637, 481.5181336727241, 217.69330202339518, 501.0187282030459, 213.88830796869826, 517.6655771923449, 192.5636904299538, 592.1343538939246, 188.28307211841974, 619.0, 583.6515912897822, 619.0, 576.9928516940626, 612.8568327168941, 574.614730409877, 610.0030871758714, 574.1391061530398, 603.819971836989, 574.1391061530398, 597.1612322412693, 574.1391061530398, 590.5024926455498, 574.1391061530398, 585.7462500771785, 575.0903546667141, 579.0875104814589, 579.8465972350853, 541.9888184481638, 577.4684759508997, 497.28013830547485, 576.5172274372255, 461.13269478585397, 576.5172274372255, 442.5833487692064, 575.0030772172394, 427.7285754973846, 573.1005801898908, 418.2160903606422, 570.7224589057053, 410.13047799441125, 568.8199618783568, 403.4717383986916, 567.8687133646825, 398.23987157348336, 569.7712103920311, 393.48362900511216, 574.5274529604022, 390.1542592072524, 577.3811985014249, 389.2030106935781, 584.5155623539816, 389.2030106935781, 589.2718049223529, 389.2030106935781, 589.7474291791899, 389.67863495041524, 594.9792960043983, 389.67863495041524, 603.5405326274663, 387.3005136662297, 632.5536122945305, 383.0198953546956, 643.017345944947, 381.59302258418427, 643.017345944947, 388.2517621799039, 652.5298310816894, 385.8736408957183, 675.3597954098709, 380.64177407051005, 693.4335171696814, 377.78802852948735, 693.9091414265185, 373.98303447479043, 676.7866681803823, 274.1019405389959, 664.3075066175111, 191.92633799198268, 659.0756397923028, 145.31516082194523, 649.680865683949, 66.09894498254353, 637.7902592630212, 38.98836234282788, 629.2026123483058, 14.102976236712877, 624.9219940367718, 13.627351979875758, 623.0194970094234, 13.627351979875758, 617.787630184215, 12.20047920936441, 589.7257990308252, 0.0, 508.52861214514917, 0.0, 500.91862403575533, 15.87015537457454, 487.601144844316, 34.89512564805921, 472.3811686255283, 51.06635038052117, 446.2218344994869, 70.09132065400584, 420.06250037344546, 80.5550543044224, 400.56190584312367, 82.45755133177087, 383.4394325969875, 81.98192707493375, 363.9388380666657, 79.60380579074817, 343.96261927950684, 75.32318747921413, 330.64514008806754, 71.04256916768007, 319.2942915130552, 64.68087564258124, 309.7818063763129, 56.59526327635026, 301.6961940100819, 42.32653557123676]], "scale": 3, "viewpoint": 2, "zoom_in": 2, "landmarks": [404, 23, 1, 300, 36, 2, 336, 74, 2, 409, 81, 2, 474, 48, 2, 0, 0, 0, 204, 83, 2, 165, 249, 2, 118, 421, 2, 230, 445, 2, 249, 342, 2, 250, 242, 2, 256, 291, 2, 247, 377, 2, 220, 498, 2, 0, 0, 0, 0, 0, 0, 0, 0, 0, 0, 0, 0, 0, 0, 0, 574, 512, 2, 568, 407, 2, 577, 291, 2, 0, 0, 0, 586, 199, 2, 580, 300, 2, 576, 388, 2, 693, 378, 2, 663, 185, 2], "style": 1, "bounding_box": [104, 1, 698, 619], "category_id": 10, "occlusion": 1, "category_name": "short sleeve dress"}}