{"source": "shop", "pair_id": 1722, "item1": {"segmentation": [[363.6663856437432, 321.87667108274115, 372.8076598819703, 332.40298687221485, 385.2730338431892, 342.92930266168855, 396.0763579429122, 347.6384439359268, 409.09574852462964, 352.9016018306636, 423.2231723473443, 355.3946766229074, 440.6746958930507, 354.28664338191015, 459.7882693002529, 345.6993857641816, 471.4226183307238, 336.8351198362038, 479.6251957123931, 324.07346742141397, 484.05732867638204, 316.5942430446826, 494.0296278453571, 318.8103095266771, 498.7387691195953, 317.4252679754306, 510.65012646031556, 306.8989521859569, 512.5891846320607, 310.7770685294472, 513.9742261833072, 315.7632181139347, 517.8523425267975, 317.1482596651813, 521.4534505600385, 315.4862098036854, 525.0545585932796, 312.1621100806937, 528.6556666265205, 313.82415994218957, 532.8107912802601, 313.54715163194027, 537.7969408647477, 311.3310851499458, 541.3980488979887, 309.39202697820065, 543.3371070697339, 306.6219438757076, 545.8301818619776, 303.29784415271587, 554.1404311694569, 296.92665301698185, 551.4996989040106, 286.5978561965555, 552.8847404552571, 279.3956401300735, 556.7628567987474, 275.2405154763339, 563.9650728652294, 274.1324822353366, 568.3972058292184, 273.0244489943394, 569.7822473804649, 267.48428278935324, 574.7683969649524, 261.39009996386847, 580.0315548596893, 258.0660002408768, 587.1646392870048, 248.56822835119837, 600.1840298687222, 235.2718294592316, 598.7989883174756, 244.13609538720945, 600.1840298687222, 254.10839455618452, 606.5552210044563, 265.7427435866554, 616.8045284836807, 285.41033361435626, 620.4056365169216, 290.39648319884384, 628.4388775141515, 274.8840178248826, 635.6410935806335, 264.0806937251596, 640.3502348548718, 275.4380344453812, 641.458268095869, 287.3493917861014, 640.0732265446225, 301.47681560881614, 636.7491268216307, 309.7870649162953, 630.9319523063953, 315.3272311212815, 621.7906780681682, 322.5294471877635, 604.6161628327111, 337.4878959412261, 593.5358304227387, 351.61531976394076, 584.3254245453451, 360.599060580513, 581.8323497531013, 370.2943514392388, 580.7243165121041, 376.11152595447425, 577.1232084788631, 383.036733710707, 573.5221004456221, 389.96194146693966, 572.9680838251235, 392.1780079489341, 572.4140672046249, 422.3719137661086, 571.4047934481513, 473.4520052992894, 575.0059014813922, 523.590509454414, 577.498976273636, 575.1140551607853, 580.7440684090088, 634.9986751776466, 585.7302179934964, 684.5831627122726, 588.4212935083705, 727.293267493677, 587.5902685776226, 767.7364807900759, 589.806335059617, 800.9774780199929, 579.5570275803926, 807.3486691557268, 567.9226785499218, 810.6727688787186, 556.1387450319162, 814.5513669757919, 502.39913284355055, 825.0776827652656, 448.38251234493555, 834.2189570034927, 400.46007467180533, 840.8671564494762, 365.8819703721546, 843.6475972540046, 330.42490666024327, 846.4176803564976, 326.8237986270023, 848.3567385282428, 326.8237986270023, 852.2348548717331, 324.60773214500784, 851.1268216307359, 324.0537155245092, 843.9246055642539, 324.0537155245092, 826.1960737082982, 322.6686739732627, 816.5007828495724, 322.6686739732627, 807.6365169215945, 320.7296158015175, 802.3733590268578, 318.23654100927376, 792.678068168132, 315.57509333975673, 752.2733951583765, 316.68312658075394, 719.5864145489583, 319.1762013729977, 695.4866915572685, 318.8991930627484, 662.7997109478501, 321.065879802481, 631.6844514031073, 322.72792966397685, 619.7730940623871, 322.45092135372755, 596.5043960014453, 319.6808382512345, 566.3104901842707, 301.12128146453085, 564.0944237022763, 292.257015536553, 561.0473322895339, 289.20992412381065, 559.3852824280381, 288.93291581356135, 565.4794652535229, 270.650367337107, 559.3852824280381, 250.48753462603878, 554.3487895941225, 252.70360110803324, 542.9914488739009, 265.4459833795014, 493.1299530290256, 276.2493074792244, 450.4706732506322, 286.88474045525714, 382.7207033602312, 299.6271227267253, 340.8924485125858, 308.49138865470314, 336.18330723834754, 327.6049620619053, 327.596049620619, 335.63820305913526, 325.37998313862454, 351.9816933638444, 319.5628086233891, 355.0287847765868, 320.9478501746356, 358.35288449957847, 322.0558834156329]], "scale": 2, "viewpoint": 2, "zoom_in": 1, "landmarks": [428, 322, 1, 363, 322, 2, 392, 346, 2, 431, 357, 2, 468, 342, 2, 486, 318, 2, 300, 342, 2, 278, 443, 2, 251, 551, 2, 322, 564, 2, 326, 509, 2, 324, 445, 2, 328, 480, 2, 328, 534, 2, 322, 584, 2, 317, 702, 2, 324, 847, 2, 467, 831, 2, 591, 804, 2, 585, 671, 2, 578, 573, 2, 576, 520, 2, 572, 463, 2, 572, 395, 2, 603, 344, 2, 631, 314, 2, 601, 238, 2, 559, 279, 2, 534, 311, 2], "style": 1, "bounding_box": [245, 229, 646, 856], "category_id": 10, "occlusion": 1, "category_name": "short sleeve dress"}}