{"source": "shop", "pair_id": 1722, "item1": {"segmentation": [[301.47157588551164, 230.8978639884286, 305.99269426742717, 234.46716797415138, 312.4174414417282, 242.5575903417897, 320.5078638093665, 247.31666232275342, 329.7880541722457, 250.41005911037982, 338.8302909360768, 250.41005911037982, 350.7279708884861, 249.69619831323527, 364.0533724351845, 242.5575903417897, 374.28537719425645, 231.84967838462134, 379.52035637331653, 218.04836963982657, 379.7583099723647, 212.33748326267013, 380.9480779676056, 206.62659688551366, 381.89989236379836, 200.67775690930904, 396.45057886789, 199.8180331424001, 419.7700315746122, 199.10417234525556, 425.4809179517686, 200.76984753859287, 432.8574795222624, 209.57413070337572, 439.0442730975152, 224.32725384436324, 442.8515306822862, 238.60446978725437, 447.8485562622981, 249.07442814537455, 450.22809225277996, 255.02326812157918, 450.22809225277996, 261.44801529588017, 452.1317210451654, 270.01434486161486, 460.15192322614143, 294.7633266947728, 470.4358927935474, 328.77424351248163, 469.72203199640285, 333.29536189439716, 467.5804496049692, 328.0603827153371, 465.6768208125837, 325.442893125807, 451.63755846874074, 323.77721793246974, 434.9808065353678, 323.77721793246974, 439.2639713182351, 341.3857842620355, 443.3091825020542, 358.756396992553, 443.07122890300604, 382.0758496992752, 444.260996898247, 397.5428336374073, 451.9475397865978, 456.19057874851524, 454.80298297517606, 464.0430475171054, 457.65842616375426, 491.6456650066949, 460.03796215423614, 513.537396119128, 461.22773014947705, 531.6218696467901, 462.41749814471797, 546.850899985874, 458.1343333618506, 546.850899985874, 456.46865816851334, 546.1370391887294, 450.5198181923087, 546.850899985874, 451.47163258850145, 553.0376935611268, 434.57692705608025, 554.4654151554159, 391.111670072162, 561.2775939628227, 351.84932622921133, 564.3709907504492, 330.19012611938666, 565.8506771530722, 310.6779309974354, 564.8988627568795, 300.9218334364598, 560.8536515730603, 298.0663902478816, 556.8084403892411, 295.9248078564479, 550.8596004130366, 289.5000606821469, 552.0493684082775, 289.7380142811951, 543.9589460406391, 294.4970862621588, 529.4437764986998, 295.0869545321605, 511.4578099912658, 289.85197535310044, 487.9004036854954, 286.99653216452225, 471.2436517521224, 289.61402175405226, 428.88791112154536, 292.1376131821519, 407.9325403536277, 294.51714917263376, 397.70053559455573, 302.36961794122385, 383.89922684976096, 304.0352931345612, 379.14015486879725, 298.08645315835656, 379.14015486879725, 292.85147397929643, 383.42331965166454, 282.61946922022446, 387.7064844345319, 276.67062924401984, 390.56192762311014, 275.24290764973074, 393.1794172126402, 274.29109325353795, 394.8450924059775, 272.1495108621043, 385.56490204309824, 268.5802068763815, 343.6850686106176, 269.30409912876354, 306.26896615527863, 265.73479514304074, 298.17854378764036, 264.06911994970346, 291.9917502123875, 264.782980746848, 265.8168543170871, 268.590238331619, 256.77461755325606, 277.1565678973536, 248.20828798752135, 284.5331294678474, 241.78354081322036, 288.1024334535702, 239.64195842178668, 290.7199230431002, 235.59674723796752, 293.0994590335821, 232.97925764843748, 296.6687630193049, 232.50335045034112, 298.81034541073853, 232.97925764843748]], "scale": 2, "viewpoint": 2, "zoom_in": 1, "landmarks": [332, 214, 1, 303, 232, 2, 322, 248, 2, 352, 250, 2, 375, 232, 2, 383, 203, 2, 268, 259, 2, 268, 330, 2, 272, 393, 2, 305, 381, 1, 304, 355, 2, 293, 323, 2, 298, 337, 2, 305, 361, 2, 298, 401, 1, 287, 470, 2, 289, 556, 2, 381, 565, 2, 463, 546, 2, 450, 456, 2, 445, 381, 2, 445, 364, 2, 427, 314, 1, 418, 275, 2, 431, 298, 2, 432, 328, 2, 470, 328, 2, 452, 263, 2, 424, 202, 2], "style": 3, "bounding_box": [253, 192, 478, 572], "category_id": 10, "occlusion": 1, "category_name": "short sleeve dress"}}