{"source": "shop", "pair_id": 1722, "item1": {"segmentation": [[282.09460899211587, 279.3831238014063, 287.35776688685274, 287.69337310888557, 298.16109098657574, 297.38866396761136, 316.1666311527807, 306.2529298955892, 331.12507990624334, 309.85403792883017, 342.48242062646494, 310.9620711698274, 353.83976134668654, 310.1310462390795, 369.35222672064776, 305.42190496484125, 388.6166631152781, 294.18069465160875, 402.46707862774343, 280.0532708288941, 409.3922863839761, 272.29703814191345, 412.16236948646923, 272.29703814191345, 416.0404858299595, 273.4050713829107, 421.30364372469637, 272.57404645216275, 424.90475175793733, 273.1280630726614, 427.95184317067975, 275.0671212444065, 434.87705092691243, 277.00617941615167, 446.23439164713403, 281.1613040698913, 457.59173236735563, 288.6405284466226, 464.239931813339, 296.9507777541018, 467.01001491583213, 303.0449605795866, 468.9490730875773, 311.9092265075644, 471.44214787982105, 327.9757085020243, 471.99616450031965, 342.10313232473897, 472.82718943106755, 357.8926060089495, 475.3202642233113, 370.91199659066694, 482.79948860004265, 399.4438525463456, 488.13211165565735, 427.2985297251225, 494.50330279139143, 458.6004687832942, 500.5974856168762, 487.40933304922225, 500.8744939271255, 494.33454080545494, 493.67227786064353, 496.2735989772001, 485.085020242915, 499.87470701044106, 484.8080119326657, 495.16556573620284, 466.24845514596205, 497.9356488386959, 440.2096739825272, 501.5367568719369, 444.81740750598874, 521.2310354005855, 456.236092627096, 556.87117380889, 469.3848815544317, 602.5459142933191, 472.4990684056428, 615.3486824594091, 473.88315145062546, 636.801969656641, 476.65131754059087, 651.3348416289592, 480.4575459142933, 671.0580250199628, 480.80356667553895, 684.8988554697897, 478.8421612989087, 739.4889539526217, 478.8421612989087, 765.786531807293, 475.0359329252063, 766.4785733297844, 453.23662496672875, 766.4785733297844, 394.75911631620966, 770.6308224647324, 333.5722651051371, 775.160766569071, 283.05323396326855, 775.8528080915623, 261.9459675272824, 778.9669949427735, 260.56188448229966, 758.5517700292786, 257.1016768698429, 740.2126696832578, 257.4476976310886, 702.4964067074792, 256.15411232366245, 667.5035932925206, 253.73196699494272, 615.946499866915, 249.57971785999464, 570.2717593824859, 249.4687250465797, 500.66941708810225, 224.55523023689108, 497.55523023689113, 224.55523023689108, 500.66941708810225, 215.55869044450355, 500.32339632685654, 192.11977641735425, 494.7609795049241, 200.07825392600478, 441.4737822730902, 211.49693904711205, 371.23156774021817, 216.22837370242215, 332.20122438115516, 222.1107266435986, 305.2116050039925, 232.49134948096886, 294.1389406441309, 241.14186851211073, 289.9866915091828, 247.02422145328723, 286.8725046579717, 257.75086505190313, 284.1043385680063, 265.363321799308, 279.6060686718125, 270.55363321799314, 278.9140271493212]], "scale": 2, "viewpoint": 2, "zoom_in": 1, "landmarks": [344, 279, 1, 282, 279, 2, 304, 298, 2, 342, 309, 2, 386, 298, 2, 409, 274, 2, 228, 303, 2, 204, 400, 2, 191, 490, 2, 249, 501, 2, 249, 431, 2, 251, 365, 2, 252, 397, 2, 254, 451, 2, 254, 512, 2, 254, 633, 2, 257, 776, 2, 389, 776, 2, 471, 763, 2, 472, 633, 2, 444, 498, 1, 429, 449, 2, 439, 399, 2, 441, 362, 2, 437, 432, 2, 439, 501, 2, 502, 492, 2, 485, 396, 2, 464, 297, 2], "style": 1, "bounding_box": [185, 257, 506, 786], "category_id": 10, "occlusion": 1, "category_name": "short sleeve dress"}}