{"source": "shop", "pair_id": 1724, "item1": {"segmentation": [[340.02723032947193, 670.476154656236, 324.45629607341664, 678.4346321648865, 296.42861441251705, 680.5107567323605, 256.6362268692646, 677.3965698811494, 229.35895892884005, 675.9637430419738, 190.95065443057027, 671.46547314578, 161.8849104859337, 664.5450579208666, 128.82277719271846, 656.353242064089, 106.33142771174968, 650.4708891229127, 97.33488791936216, 645.6265984654732, 96.98886715811649, 642.1663908530165, 99.4110124868362, 632.4778095381376, 101.83315781555592, 610.6785015796602, 105.63938618925833, 588.8791936211827, 109.09959380171506, 575.0383631713557, 115.67398826538286, 538.3601624793143, 115.58688129983453, 510.0472393561004, 116.27892282232587, 497.9365127125019, 118.35504738979992, 450.5316684218446, 120.43117195727396, 388.24793139762335, 124.11433729502028, 350.66676696253944, 119.9620881600722, 353.78095381375056, 116.84790130886113, 353.0889122912592, 119.61606739882652, 346.51451782759136, 119.61606739882652, 339.9401233639236, 109.2354445614563, 324.71520986911395, 104.73717466526256, 320.21693997292016, 93.31848954415533, 311.56642094177835, 74.28734767564328, 298.0716112531971, 84.1038062283736, 284.64314728448926, 90.6782006920414, 271.49435835715366, 98.6366782006919, 249.69505039867622, 102.78892733563998, 234.81615766511226, 108.32525951557076, 229.27982548518145, 119.39792387543231, 226.85768015646175, 129.77854671280252, 225.12757635023337, 135.66089965397896, 224.43553482774203, 138.42906574394436, 222.359410260268, 142.2352941176468, 222.359410260268, 153.72107717767412, 220.31367534225961, 160.29547164134192, 216.85346772980287, 165.48578306002702, 216.16142620731154, 170.33007371746643, 216.16142620731154, 179.32661350985396, 213.7392808785918, 186.59304949601312, 209.24101098239805, 195.58958928840062, 206.81886565367836, 198.357755378366, 207.164886414924, 198.357755378366, 208.20294869866103, 192.82142319843524, 209.93305250488942, 190.7452986309612, 215.4693846848202, 191.09131939220686, 234.50052655333224, 194.20550624341791, 245.5731909131938, 202.5100045133141, 256.29983451180965, 214.96675191815834, 264.9503535429515, 228.46156160673962, 267.7185196329169, 240.5722882503382, 268.41056115540823, 253.7210771776738, 264.25831202046015, 266.86986610500935, 256.991876034301, 273.0982398074315, 253.18564766059862, 285.4478712200992, 240.77523694899955, 293.7523694899954, 226.58838573792696, 300.3267639536632, 215.86174213931105, 298.25063938618916, 212.40153452685433, 302.7489092823829, 212.7475552881, 313.1295321197531, 215.86174213931105, 319.7039265834209, 221.05205355799617, 340.4651722581613, 228.664510305401, 360.5343764104104, 239.39115390401687, 370.22295772528923, 242.15931999398225, 382.67970513013347, 250.4638182638784, 389.94614111629267, 257.03821272754624, 391.67624492252105, 264.65066947495103, 397.90461862494317, 279.529562208515, 403.0980893636226, 309.6285542349932, 403.79013088611396, 319.3171355498721, 402.4060478411313, 326.58357153603123, 404.4821724086053, 332.4659244772077, 408.2884007823077, 344.92267188205193, 411.40258763351875, 370.1821874529861, 412.0946291560101, 374.68045734917985, 399.2918609899202, 379.5247480066193, 376.45449074770573, 384.36903866405873, 357.7693696404394, 385.40710094779575, 350.8489544155259, 386.0991424702871, 349.1188506092975, 380.21678952911066, 346.35068451933216, 384.36903866405873, 340.4683315781557, 429.3517376259963, 336.59259816458547, 473.75101549571247, 331.748307507146, 514.2354445614562, 330.0182037009177, 544.6852715510755, 331.748307507146, 577.2112231081688, 336.7516172709493, 604.9783360914702, 336.7516172709493, 627.469685572439, 339.8658041221604, 652.0371596208818]], "scale": 3, "viewpoint": 2, "zoom_in": 1, "landmarks": [253, 219, 1, 193, 211, 2, 194, 244, 2, 228, 269, 2, 274, 254, 2, 303, 214, 2, 103, 234, 1, 90, 272, 1, 74, 298, 1, 120, 353, 2, 127, 335, 2, 125, 309, 2, 124, 351, 2, 117, 499, 2, 98, 646, 2, 191, 673, 2, 341, 670, 1, 332, 513, 2, 349, 380, 2, 352, 344, 2, 350, 366, 2, 351, 387, 2, 412, 375, 2, 405, 329, 2, 390, 257, 2], "style": 1, "bounding_box": [70, 205, 414, 688], "category_id": 1, "occlusion": 1, "category_name": "short sleeve top"}}