{"item2": {"segmentation": [[168.1094182825485, 315.78632586250325, 183.6218836565097, 314.4012843112567, 217.97091412742378, 309.96915134726777, 227.66620498614955, 308.3071014857719, 257.58310249307476, 303.5979602115337, 265.89335180055394, 301.65890203978853, 266.72437673130185, 317.17136741374975, 268.1094182825484, 363.70876353563335, 270.04847645429356, 386.14643666582725, 260.8373205741627, 472.75623268698064, 258.6212540921682, 485.2216066481995, 256.2792747418786, 488.6495844875347, 254.8942331906321, 491.97368421052636, 255.44824981113072, 495.2977839335181, 255.44824981113072, 498.34487534626044, 253.50919163938556, 501.66897506925216, 253.78619994963486, 506.6551246537397, 252.95517501888696, 509.42520775623274, 251.2931251573911, 511.6412742382272, 252.12415008813903, 518.8434903047092, 249.90808360614457, 530.2008310249308, 246.71178544447244, 552.7625283303954, 242.83366910098212, 572.4301183580963, 240.894610929237, 582.6794258373205, 240.81024930747924, 584.2319315033997, 236.65512465373965, 587.5560312263914, 231.94598337950143, 588.3870561571392, 224.74376731301942, 585.3399647443969, 220.86565096952913, 580.907831780408, 217.26454293628814, 578.6917652984135, 218.64958448753467, 570.104507680685, 215.87950138504158, 554.5920423067238, 213.38642659279782, 546.0047846889953, 212.2783933518006, 536.0324855200201, 213.66343490304715, 527.4452279022917, 214.49445983379505, 521.0740367665576, 215.60249307479228, 511.65575421808114, 213.66343490304715, 511.10173759758254, 212.2783933518006, 516.6419038025687, 209.78531855955683, 519.688995215311, 209.50831024930753, 524.3981364895493, 209.50831024930753, 528.8302694535382, 208.4002770083103, 532.1543691765298, 210.06232686980616, 541.295643414757, 211.4473684210527, 561.2402417527071, 211.724376731302, 582.5698816419037, 210.894610929237, 586.5972047343239, 208.67854444724253, 591.3063460085622, 204.2464114832536, 593.7994208008059, 199.8142785192647, 594.3534374213045, 195.38214555527577, 594.0764291110552, 191.78103752203478, 589.9213044573156, 187.07189624779656, 585.7661798035759, 181.5317300428104, 570.8077310501134, 177.0995970788215, 558.6193653991438, 174.88353059682703, 538.9517753714431, 176.8225887685722, 529.2564845127173, 176.76089146310755, 510.27637874590783, 177.86892470410478, 489.5007554772098, 171.79677663057166, 437.5157391085369, 172.35079325107026, 408.70687484260895, 169.02669352807857, 350.25812138000515, 169.02669352807857, 334.1916393855453]], "scale": 2, "viewpoint": 2, "zoom_in": 1, "landmarks": [169, 315, 1, 221, 309, 1, 265, 301, 1, 172, 409, 1, 176, 510, 1, 196, 593, 2, 211, 583, 2, 215, 506, 2, 217, 382, 1, 219, 500, 2, 218, 582, 2, 242, 583, 2, 259, 490, 2, 262, 398, 1], "style": 0, "bounding_box": [159, 274, 269, 596], "category_id": 8, "occlusion": 2, "category_name": "trousers"}, "source": "shop", "pair_id": 1731, "item1": {"segmentation": [[95.53827751196174, 32.49307479224377, 106.89561823218334, 28.891966759002774, 112.71279274741879, 27.783933518005547, 125.45517501888693, 28.060941828254855, 129.61029967262652, 30.000000000000004, 137.92054898010576, 39.41828254847645, 144.01473180559051, 49.39058171745151, 148.44686476957943, 70.16620498614955, 150.10891463107527, 91.77285318559552, 152.60198942331903, 131.10803324099714, 160.31415260639636, 190.84802316796774, 166.1313271216318, 241.26353563334166, 176.82510702593808, 340.440695039033, 183.47330647192146, 398.0584235708889, 192.55036514731808, 474.9930747922438, 197.81352304205492, 514.0512465373962, 199.49571896247798, 534.6285570385294, 195.61760261898766, 534.9055653487787, 190.35444472425084, 537.9526567615211, 186.75333669100985, 549.0329891714935, 183.70624527826746, 556.789221858474, 179.55112062452784, 560.390329891715, 175.39599597078825, 560.1133215814657, 172.34890455804586, 556.2352052379754, 170.96386300679933, 550.1410224124907, 170.4098463863007, 545.985897758751, 169.30181314530347, 542.9388063460086, 165.14668849156388, 543.215814656258, 160.99156383782426, 538.2296650717705, 157.94447242508187, 532.6894988667843, 154.06635608159158, 528.5343742130447, 151.0192646688492, 518.5620750440696, 146.5871317048603, 495.5703852933771, 144.64807353311514, 481.99697809116105, 141.60475950642157, 459.5448249811131, 138.00365147318058, 443.201334676404, 131.29312515739107, 382.1172248803828, 134.61722488038276, 359.6795517501889, 137.66431629312515, 329.48564593301444, 131.5701334676404, 328.3776126920172, 116.05766809367918, 327.26957945102, 98.67287836816922, 323.69365399143794, 90.36262906069, 321.7545958196928, 79.83631327121633, 321.2005791991942, 79.0052883404684, 316.49143792495596, 79.0052883404684, 311.50528834046844, 77.34323847897255, 294.88478972550996, 77.34323847897255, 273.0011332158147, 76.23520523797532, 246.96235205237983, 73.99899269705364, 227.83744648703095, 73.99899269705364, 207.6158398388315, 73.44497607655502, 187.6712415008814, 72.89095945605641, 157.20032737345758, 72.89032989171494, 129.39561823218335, 72.33631327121633, 111.66708637622767, 71.03626290606901, 83.39461092923698, 72.42130445731554, 73.69932007051122, 74.9143792495593, 62.06497104004032, 78.51548728280031, 51.81566356081595, 84.80105766809369, 42.358977587509436], [246.4964744396878, 40.77940065474695, 253.69869050616978, 47.42760010073032, 271.42722236212546, 55.73784940820954, 279.46046335935534, 57.953915890203994, 286.1086628053387, 74.85142281541174, 289.98677914882904, 92.3029463611181, 288.3247292873332, 116.12566104255852, 286.385671115588, 132.46915134726765, 285.29841349785954, 153.8554520271972, 286.68345504910604, 174.90808360614454, 290.28456308234706, 203.7169478720725, 291.6696046335936, 213.13523042054894, 295.2707126668346, 217.84437169478718, 297.61332158146564, 232.4773356837069, 297.05930496096704, 233.86237723495344, 292.9041803072274, 226.66016116847146, 289.85708889448506, 224.444094686477, 282.9318811382524, 224.444094686477, 280.4388063460086, 225.55212792747423, 278.49974817426346, 233.03135230420554, 282.9318811382524, 277.3526819440947, 283.06157139259636, 308.75598086124404, 282.23054646184846, 322.0523797532108, 286.385671115588, 358.61747670611936, 288.87874590783184, 379.1160916645681, 292.0731553764795, 414.52090153613705, 292.6271719969781, 450.2549735582977, 294.289221858474, 488.20511206245277, 294.289221858474, 509.2577436414001, 292.94762024678926, 512.2355829765802, 288.51548728280034, 515.2826743893227, 284.9143792495594, 516.1136993200705, 281.03626290606906, 516.1136993200705, 274.9420800805843, 512.5125912868295, 271.3409720473433, 511.40455804583235, 267.7398640141023, 510.2965248048351, 265.24678922185853, 511.127549735583, 262.1996978091162, 514.1746411483253, 260.260639637371, 517.2217325610678, 258.32158146562585, 513.8976328380761, 257.21354822462865, 488.96688491563845, 257.21354822462865, 455.44887937547225, 258.32347015865025, 399.18156635608165, 258.32347015865025, 348.21203727020907, 259.98552002014605, 321.065222865777, 263.43742130445736, 248.22525812138, 267.8695542684462, 217.20032737345758, 271.74767061193654, 183.6823218332914, 271.70486023671623, 140.75295895240492, 266.4417023419794, 123.57844371694789, 262.2865776882398, 102.80282044824985, 256.81125661042563, 79.60400402921178, 255.42621505917907, 69.90871317048602, 252.656131956686, 64.64555527574917, 249.33203223369432, 59.659405691261654, 246.83895744145053, 53.56522286577689, 243.79186602870817, 45.808990178796286]], "scale": 3, "viewpoint": 2, "zoom_in": 1, "landmarks": [196, 30, 1, 127, 30, 1, 144, 49, 2, 149, 80, 2, 252, 64, 1, 247, 40, 1, 79, 61, 2, 77, 135, 2, 75, 201, 2, 79, 260, 2, 81, 319, 2, 139, 328, 2, 128, 268, 2, 119, 214, 2, 112, 143, 2, 108, 118, 2, 110, 127, 2, 119, 307, 1, 153, 531, 2, 198, 535, 2, 295, 509, 2, 284, 306, 1, 280, 141, 1, 274, 109, 1, 275, 142, 1, 274, 176, 1, 278, 199, 1, 278, 223, 1, 290, 225, 2, 290, 206, 2, 288, 187, 2, 285, 135, 2, 276, 59, 1, 258, 84, 2, 268, 137, 2, 260, 329, 2, 258, 515, 2, 151, 128, 2, 171, 325, 2], "style": 1,