{"source": "shop", "pair_id": 1722, "item1": {"segmentation": [[303.4960996488757, 248.92132130184643, 305.4351578206209, 255.5695207478298, 311.80634895635495, 263.60276174505975, 325.6567644688203, 274.1290775345334, 344.7212916554721, 281.74162258312566, 363.2808484421757, 283.12666413437216, 392.64372932860226, 279.8025644113805, 417.0204606305414, 267.89120707066024, 428.4302985945765, 256.598110970085, 437.5715728328037, 241.36265390637303, 442.55772241729125, 231.94437135789659, 460.5632625834962, 231.66736304764729, 473.859661475463, 236.0994960116362, 486.04802712643254, 239.9776123551265, 499.3444260183993, 250.5039281446002, 506.269633774632, 261.8612688648218, 511.2557833591195, 280.42082565152543, 519.5660326665987, 317.5399392249326, 525.3832071818342, 350.78093645484955, 535.7326777161175, 404.24768156088163, 539.887802369857, 428.0703962423221, 542.9348937825995, 437.76568710104783, 544.3199353338459, 451.0620859930146, 549.0290766080842, 471.00668433096473, 541.5498522313529, 472.3917258822113, 520.2202123421562, 476.2698422257016, 518.8351707909097, 472.6687341924606, 495.56647272996787, 472.6687341924606, 494.37554544696536, 523.8220105800498, 497.9766534802064, 586.148880386144, 502.3113842077469, 645.5937566588536, 507.5420746903343, 709.4548772918038, 506.9880580698357, 723.0282844940198, 506.1570331390878, 724.136317735017, 506.1570331390878, 744.3579243832165, 508.37309962108225, 747.6820241062081, 507.64016713143536, 761.729314705528, 507.36315882118606, 770.5935806335059, 509.3022169929312, 779.1808382512345, 511.2412751646764, 789.9841623509575, 504.593075718693, 792.2002288329519, 489.0806103447318, 790.8151872817054, 466.0889205940392, 787.4910875587137, 445.5903056355905, 788.8761291099603, 406.00644345417317, 790.815877486358, 363.9011802962784, 790.815877486358, 329.55214982536427, 791.9239107273552, 294.0950861134529, 790.815877486358, 270.1065833480021, 790.3592631023078, 264.84342545326524, 794.2373794457981, 265.1204337635146, 785.6501218280695, 269.6405727424749, 735.5597303511705, 274.3280727424749, 698.0597303511705, 277.0624477424749, 638.6847303511705, 274.3280727424749, 621.1066053511705, 282.5311977424749, 547.2784803511704, 289.67892976588627, 510.546247909699, 238.11642976588624, 510.546247909699, 223.27267976588624, 508.983747909699, 224.05392976588624, 475.780622909699, 230.30392976588624, 420.31187290969893, 238.07535535117057, 351.0618206521739, 242.76285535117057, 308.8743206521739, 247.45035535117057, 285.8274456521739, 254.48160535117057, 274.8899456521738, 261.5128553511706, 269.4211956521738, 278.3097303511706, 259.6555706521738, 285.73160535117063, 252.23369565217382, 292.76285535117063, 251.84307065217382]], "scale": 2, "viewpoint": 2, "zoom_in": 1, "landmarks": [373, 239, 1, 304, 250, 2, 333, 277, 2, 376, 283, 2, 421, 263, 2, 442, 233, 2, 249, 286, 2, 232, 397, 2, 226, 512, 2, 290, 511, 2, 286, 432, 2, 277, 362, 2, 281, 388, 2, 288, 452, 2, 285, 528, 2, 276, 638, 2, 265, 794, 2, 382, 792, 2, 510, 791, 2, 502, 644, 1, 495, 522, 2, 496, 440, 2, 492, 369, 2, 493, 355, 2, 494, 407, 2, 496, 472, 2, 550, 471, 2, 528, 365, 2, 501, 257, 2], "style": 2, "bounding_box": [217, 230, 554, 799], "category_id": 10, "occlusion": 1, "category_name": "short sleeve dress"}}