{"source": "shop", "pair_id": 1723, "item1": {"segmentation": [[194.40436179981634, 34.543365472910935, 198.81207529843894, 35.277984389348035, 200.28131313131314, 42.991483011937575, 201.38324150596878, 53.27614784205696, 202.85247933884298, 56.949242424242456, 206.89288337924702, 58.418480257116656, 214.97369146005514, 56.58193296602391, 228.1968319559229, 54.01076675849406, 245.8276859504133, 57.31655188246101, 249.50078053259878, 58.418480257116656, 253.90849403122138, 59.520408631772305, 268.6008723599634, 50.337672176308565, 275.2124426078973, 43.358792470156125, 281.0893939393941, 37.11453168044078, 286.2317263544537, 31.972199265381086, 298.3529384756659, 36.747222222222234, 318.5549586776861, 47.766505968778716, 321.4934343434345, 50.704981634527115, 319.2895775941232, 58.785789715335206, 318.1876492194676, 65.3973599632691, 319.65688705234174, 79.35511937557399, 319.65688705234174, 85.96668962350788, 319.2895775941232, 96.25135445362727, 318.5549586776861, 101.39368686868696, 310.474150596878, 115.7187557392104, 306.8010560146925, 123.43225436179992, 306.4421487603306, 132.99070247933886, 307.54407713498625, 146.21384297520663, 304.97291092745644, 156.13119834710747, 304.97291092745644, 176.3332185491277, 305.70752984389355, 199.4737144168963, 306.4421487603306, 216.73725895316818, 309.380624426079, 243.5508494031223, 313.78833792470164, 258.97784664830135, 317.2203397612489, 269.1609733700643, 321.6280532598715, 281.28218549127644, 333.0146464646465, 299.6476584022039, 349.9108815426998, 323.8900826446282, 366.80711662075305, 351.80560146923796, 381.1321854912765, 382.6595959595961, 390.31492194674024, 399.1885215794308, 401.2454775022957, 424.9638200183654, 416.30516528925625, 459.8582185491276, 428.05906795224985, 489.2429752066116, 437.2418044077136, 514.220018365473, 442.38413682277326, 533.3201101928375, 442.38413682277326, 538.0951331496788, 437.2418044077136, 539.5643709825529, 414.4686179981635, 552.4202020202022, 386.92040863177226, 563.8067952249771, 378.71978879706154, 568.5788797061525, 368.4351239669422, 567.4769513314968, 364.02741046831954, 570.4154269972452, 355.57929292929293, 574.8231404958678, 354.4773645546373, 577.3943067033977, 346.39655647382915, 580.7000918273646, 330.60224977043157, 582.9039485766759, 317.37910927456375, 585.4751147842057, 283.95394857667577, 591.3520661157025, 249.4268595041321, 591.7193755739211, 232.77612488521584, 591.8958907254362, 189.43360881542696, 589.3247245179062, 179.88356290174468, 589.3247245179062, 153.06997245179056, 586.0189393939394, 143.15261707988975, 584.9170110192837, 134.33719008264455, 580.1419880624426, 126.99100091827356, 577.9381313131313, 101.82904040404046, 572.4930670339761, 73.54621212121214, 562.2084022038567, 45.630693296602374, 550.0871900826446, 22.14703856749312, 536.9853305785125, 17.004706152433425, 533.312235996327, 16.637396694214875, 526.700665748393, 18.47394398530762, 520.4564049586777, 21.04511019283747, 514.9467630853995, 22.14703856749312, 508.33519283746557, 24.350895316804415, 501.7236225895317, 29.49322773186411, 492.1735766758494, 33.53363177226815, 480.4196740128558, 41.61443985307625, 462.7888200183654, 57.77605601469243, 427.5271120293847, 69.89726813590457, 401.0808310376491, 91.14157483930211, 363.43181818181824, 119.42440312213043, 319.35468319559226, 140.36104224058775, 287.766069788797, 155.4207300275483, 268.6659779614324, 160.93037190082651, 261.31978879706145, 162.39960973370074, 254.70821854912754, 160.563062442608, 237.44467401285573, 159.0938246097338, 216.5080348943984, 157.73158861340679, 201.1598943985308, 158.83351698806243, 193.44639577594126, 156.26235078053259, 186.83482552800737, 151.1200183654729, 176.55016069788797, 148.54885215794306, 168.83666207529845, 147.81423324150595, 156.34814049586774, 148.1815426997245, 149.3692607897153, 148.1815426997245, 139.81921487603302, 145.9776859504132, 132.84033516988057, 144.87575757575755, 121.45374196510554, 144.30284664830123, 98.11551882460978, 144.30284664830123, 82.68852157943068, 145.40477502295687, 72.4038567493113, 147.24132231404963, 61.38457300275481, 147.9759412304867, 51.46721763085397, 147.60863177226815, 47.79412304866848, 149.53096877869606, 44.064325068870524, 158.71370523415982, 36.71813590449953, 169.36567952249774, 33.41235078053259, 180.38496326905425, 30.841184573002742, 188.46577134986234, 30.841184573002742]], "scale": 3, "viewpoint": 2, "zoom_in": 1, "landmarks": [237, 42, 1, 193, 35, 2, 202, 55, 2, 235, 57, 2, 269, 50, 1, 285, 33, 1, 148, 53, 2, 149, 146, 2, 158, 203, 2, 165, 262, 2, 92, 375, 2, 18, 532, 2, 233, 593, 2, 439, 534, 2, 381, 390, 2, 314, 259, 1, 306, 200, 1, 308, 145, 1, 319, 51, 2], "style": 1, "bounding_box": [15, 32, 447, 597], "category_id": 12, "occlusion": 2, "category_name": "vest dress"}}