{"source": "shop", "pair_id": 1722, "item1": {"segmentation": [[305.0247762221483, 251.26651499445902, 309.54589460406385, 257.45330856971185, 315.25678098122034, 262.21238055067556, 322.1574353536177, 264.5919165411574, 328.1062753298223, 266.4955453335429, 340.00395528223163, 267.6853133287838, 354.51912482417094, 266.9714525316393, 366.41680477658025, 263.87805574401284, 379.0283455261341, 257.9292157678082, 388.5336815759054, 249.18276965255987, 398.289779136881, 234.90555370966874, 398.7656863349774, 231.81215692204233, 417.56402065978403, 232.2880641201387, 430.41351500838607, 236.33327530395786, 437.3141693807834, 242.2821152801625, 443.6168787889037, 252.01251643889304, 449.8036723641565, 275.8078763437116, 457.1802339346503, 313.88045219142134, 464.556795505144, 346.24214166197453, 470.7886182177753, 374.70023218382113, 473.4061078073053, 375.89000017906204, 477.2133653920763, 389.4533553248086, 475.7856437977872, 391.5949377162423, 453.41800548725774, 395.8781024991097, 453.18005188820956, 394.21242730577234, 436.9992071529329, 395.1642417019651, 436.0216157765624, 459.5983548174661, 436.25956937561057, 478.634642741321, 435.3077549794178, 496.0052554718385, 436.0216157765624, 515.2794969947415, 434.66461972189666, 561.9764006135861, 433.47485172665574, 570.3047765802726, 435.140526919993, 577.6813381507662, 437.7580165095231, 585.05789972126, 437.5200629104749, 589.1031109050792, 434.66461972189666, 589.5790181031756, 435.3784805190412, 598.6212548670067, 434.90257332094484, 605.2839556403558, 432.523037330463, 605.0460020413076, 429.66759414188476, 604.332141244163, 428.9537333447402, 602.904419649874, 419.1976357837646, 601.9526052536812, 417.2940069913791, 601.2387444565367, 416.58014619423454, 599.8110228622476, 407.0620022323071, 599.5730692631994, 390.1672966998859, 602.1905588527294, 372.37208899782934, 601.7404286348109, 352.62194027682995, 602.9301966300518, 330.49225556534867, 607.2133614129191, 299.7962412881327, 611.4965261957865, 291.7058189204944, 610.7826653986419, 290.75400452430165, 610.0688046014974, 288.8503757319162, 611.2585725967383, 286.7087933404825, 611.0206189976901, 286.94674693953067, 599.360892644329, 287.18470053857885, 577.4691615318959, 283.6153965528561, 539.158632085138, 282.0782839486768, 499.2144069364668, 285.17168073630324, 481.60584060690104, 286.36144873154416, 449.0061975372996, 290.6446135144115, 427.59037362296294, 263.62721365487573, 426.2461854804534, 255.06088408914107, 424.1046030890197, 255.53679128723743, 396.0260784013338, 260.057909669153, 352.0046625774195, 264.5790280510685, 302.6387959866221, 266.72061044250216, 282.41274006752633, 269.33810003203223, 275.7500392941771, 278.1423831968151, 265.9939417332015, 284.5671303711161, 261.71077695033415, 292.8955063378026, 255.52398337508134, 297.84758335836887, 251.54297290790836, 300.94098014599524, 251.54297290790836]], "scale": 2, "viewpoint": 2, "zoom_in": 1, "landmarks": [350, 248, 1, 305, 252, 2, 322, 265, 2, 354, 267, 2, 384, 254, 2, 400, 234, 2, 270, 278, 2, 260, 361, 2, 256, 424, 2, 289, 425, 2, 295, 377, 2, 290, 336, 2, 295, 357, 2, 295, 389, 2, 292, 418, 2, 285, 492, 2, 287, 610, 2, 368, 605, 2, 435, 605, 2, 434, 491, 1, 438, 421, 2, 433, 383, 2, 427, 335, 2, 430, 320, 2, 432, 356, 2, 436, 396, 2, 477, 392, 2, 460, 317, 2, 440, 245, 2], "style": 2, "bounding_box": [246, 225, 482, 618], "category_id": 10, "occlusion": 1, "category_name": "short sleeve dress"}}