{"item2": {"segmentation": [[368.73957065542083, 571.9623999792726, 351.3482663075939, 573.4746873138663, 324.88323795220515, 573.4746873138663, 293.88134759303534, 570.4501126446789, 271.9531812414275, 565.913250640898, 251.53730222441325, 558.3518139679298, 222.80384286713397, 548.5219462930711, 210.70554419038478, 543.2289406219934, 207.6809695211975, 579.5238366522409, 203.9002511847134, 604.476577673036, 198.44370592526553, 627.2276890654103, 193.11826213828303, 644.979168355352, 187.2011023749691, 655.6300559293171, 177.73364675366685, 678.1152630299099, 165.3369241525754, 711.0928347618881, 155.5070564777167, 742.0947251210579, 144.92104513556117, 770.8281844783371, 134.33503379340564, 798.8055001683197, 129.2724505327232, 814.3744292237418, 123.05022831050076, 835.7077625570759, 122.16133942161184, 850.374429223743, 127.93911719938983, 862.818873668188, 139.6280394644834, 866.8584302250338, 154.75091281041986, 868.3707175596273, 172.1422171582468, 874.4198668980019, 182.712806772583, 881.2820609582741, 185.6512824383315, 886.7917028315526, 189.69168647873568, 890.0974879555196, 190.4263053951728, 901.1167717020764, 198.1398040177626, 902.2187000767321, 209.15908776431945, 903.6879379096064, 220.54568096909486, 902.2187000767321, 224.58608500949902, 895.607129828798, 226.42263230059183, 886.4243933733339, 224.82800608828234, 869.0410958904105, 223.49467275494897, 851.7077625570764, 220.3835616438377, 833.0410958904091, 208.38356164383728, 813.9299847792972, 215.77065801225353, 798.6374328590978, 222.0149188019691, 782.8431261556996, 233.76882146496305, 763.7430343283345, 245.18926805544544, 740.245440544706, 269.08864485452585, 676.2214423185652, 272.16528925620247, 733.8983357862523, 271.3388429752107, 791.7495754556768, 278.7768595041367, 808.2785010755124, 281.25619834711205, 829.7661043812985, 279.6033057851285, 852.0801539680766, 275.7002151024601, 872.0892109136166, 269.9150911355176, 897.7090456243618, 270.9024522878555, 911.4414894994426, 281.48846363001104, 918.246782505114, 297.36748064324433, 912.9537768340363, 303.41662998161894, 897.8309034880998, 315.96694214876675, 877.6999886788217, 327.5371900826516, 862.8239556209697, 335.9308076753823, 844.1447031100253, 338.5101324578352, 816.7173100871676, 336.62809917356117, 792.5760217366685, 349.8512396694297, 720.6751952903838, 359.76859504133097, 681.0057738027785, 368.2661911323748, 636.1034287103812, 374.0473225404817, 585.3123514094697, 374.0473225404817, 570.4363183516176]], "scale": 2, "viewpoint": 2, "zoom_in": 1, "landmarks": [210, 542, 1, 278, 567, 1, 370, 572, 1, 164, 711, 1, 124, 857, 1, 189, 896, 1, 226, 883, 1, 208, 811, 1, 260, 664, 1, 246, 809, 1, 243, 895, 1, 295, 908, 1, 309, 818, 1, 343, 704, 1], "style": 0, "bounding_box": [119, 527, 381, 916], "category_id": 8, "occlusion": 3, "category_name": "trousers"}, "source": "shop", "pair_id": 1741, "item1": {"segmentation": [[470.52260138877864, 276.1655363720693, 467.62976772671414, 283.00314320967635, 464.4739491862801, 287.21090126358837, 459.74022137562906, 291.15567443913085, 450.272765754327, 297.9932812767379, 445.8020228220455, 300.36014518206343, 439.75337061954696, 302.9899939657584, 432.65277890357044, 305.88282762782296, 424.7632325524854, 307.98670665477897, 417.1366710797699, 310.35357056010446, 412.13995839074937, 310.8795403168435, 405.82832130988135, 310.090585681735, 397.4128052020573, 306.93476714130094, 388.2083344591247, 302.7270090873889, 381.8966973782567, 293.7855232228259, 375.3220754190192, 281.9512036961983, 371.6402871218462, 276.1655363720693, 371.6402871218462, 266.69808075076725, 373.48118127043267, 260.12345879152974, 375.5850602973887, 253.5488368322922, 377.9519242027142, 240.92556267055616, 358.74480559833717, 241.181630686373, 348.75138022029614, 241.181630686373, 337.96900020714656, 241.181630686373, 326.1254581971155, 242.76415119829176, 314.29113867048795, 240.92325704970526, 305.8756225626639, 240.92325704970526, 294.3042879144059, 243.55310583340028, 280.36608936082234, 246.97190925220377, 272.2135581313678, 248.8128034007903, 257.2234200643062, 252.7575765763328, 245.12611565930916, 254.86145560328882, 230.92493222735612, 255.6504102383973, 229.87299271387812, 266.9587600082859, 228.0320985652916, 287.7345653994765, 224.08732538974908, 300.620824439582, 214.61986976844705, 325.8673727630541, 206.730323417362, 344.2763142489192, 202.7855502418195, 352.95481523511273, 209.09718732268752, 357.68854304576377, 222.5094161195321, 360.8443615861978, 226.7171741734441, 362.4222708564148, 234.08075076779014, 361.6333162213063, 227.69364104172388, 384.19431813321853, 222.28261086482462, 410.4170028366534, 218.9527461405789, 431.64489045371977, 215.2066483258025, 454.12147734237817, 207.71445269624968, 491.16622239961157, 204.384587972004, 516.556440921985, 201.470956338289, 544.027824897012, 211.4605505110261, 547.7739227117884, 224.36377631747817, 558.5959830655869, 235.1858366712767, 571.9154419625697, 241.42933302923737, 581.0725699542454, 251.41892720197444, 590.2296979459211, 272.64681481904074, 600.6355252091888, 290.1286046213307, 606.8790215671495, 327.8085327783539, 618.0945077188422, 369.0156087408944, 623.5055378957414, 406.0603537981277, 630.1652673442329, 426.4557752341326, 597.6990862828374, 447.2674297606682, 553.5783786865819, 458.5057232049975, 538.5939874274762, 472.6576482830417, 531.5180248884541, 490.13943808533156, 534.8478896126999, 535.5088449531792, 537.7615212464148, 545.914672216447, 503.2141747323657, 550.0770031217542, 474.07785839521586, 549.5355579946696, 448.9930295211905, 545.3732270893624, 412.78075064501854, 544.540760908301, 370.7412085014166, 540.7946630935246, 333.28023035365254, 529.9726027397261, 320.7932376377312, 513.7395122090284, 305.3926132880948, 492.9278576824927, 289.1595227573971]], "scale": 2, "viewpoint": 2, "zoom_in": 1, "landmarks": [415, 274, 1, 354, 244, 1, 377, 280, 2, 406, 308, 2, 458, 309, 1, 477, 276, 1, 303, 236, 1, 261, 249, 1, 233, 253, 1, 203, 351, 1, 226, 362, 1, 241, 332, 1, 224, 377, 1, 216, 452, 1, 0, 0, 0, 0, 0, 0, 0, 0, 0, 459, 538, 1, 504, 467, 1, 518, 430, 1, 503, 484, 1, 473, 532, 1, 535, 536, 1, 552, 453, 1, 537, 325, 1], "style": 1, "bounding_box": [201, 229, 554, 642], "category_id": 1, "occlusion": 3, "category_name": "short sleeve top"}}