{"source": "shop", "pair_id": 1735, "item1": {"segmentation": [[261.76273666880087, 1.3771229959101479, 256.05524558675563, 8.035862591629618, 245.59151193633932, 15.6458507010233, 230.37153571755195, 20.40209326939435, 217.52968078295012, 23.731463067254083, 199.93158327997725, 24.682711580928295, 184.71160706118985, 21.828966039905662, 173.29662489709935, 15.170226444186193, 161.4060184761717, 4.230868536932778, 159.25863767623596, 0.2766251584324362, 151.1730253100052, 0.0, 147.36803125530832, 1.7034979289437508, 141.18491591642598, 2.654746442617961, 135.4774248343807, 6.935364754151906, 118.56272862085982, 19.175694893342083, 104.72189817103268, 30.594380014449477, 99.18556599110181, 39.24489904559144, 95.72535837864503, 53.77777101790994, 89.84300543746849, 79.03728658884448, 84.32849918247823, 101.1345982736986, 82.17240537240512, 118.07423687423707, 79.50573870573842, 122.51868131868157, 78.61684981684952, 133.62979242979281, 82.61684981684958, 142.96312576312627, 83.95018315018292, 155.85201465201533, 86.17240537240518, 163.85201465201544, 90.61684981684968, 185.18534798534904, 87.50573870573852, 198.51868131868252, 90.17240537240522, 210.5186813186827, 90.61684981684968, 224.7409035409051, 91.06129426129412, 236.2964590964608, 99.95018315018312, 242.96312576312755, 101.72796092796094, 246.0742368742387, 99.50573870573868, 252.74090354090544, 111.80561660561665, 251.25787545787546, 129.1389499389502, 248.1467643467643, 158.91672771672836, 245.4800976800976, 163.27203907203887, 263.245421245421, 169.49426129426118, 281.023199023199, 172.60537240537232, 292.57875457875474, 177.0498168498168, 301.91208791208817, 179.71648351648352, 326.80097680097737, 181.93870573870578, 341.9120879120887, 183.71648351648358, 354.3565323565333, 189.49426129426143, 365.91208791208896, 197.04981684981706, 382.35653235653365, 221.71208791208792, 436.0131868131868, 233.44615384615383, 484.18461538461537, 245.79780219780218, 534.8263736263737, 249.52649572649577, 544.505982905983, 258.8598290598292, 548.505982905983, 272.6019536019536, 551.9741147741147, 289.93528693528714, 550.6407814407813, 308.60195360195405, 547.9741147741147, 322.379731379732, 546.1963369963369, 340.15750915751, 546.1963369963369, 355.7130647130657, 549.307448107448, 374.3797313797326, 544.8630036630035, 394.82417582417736, 538.6407814407812, 419.29206349206345, 531.3118437118438, 438.40317460317476, 524.6451770451771, 453.95873015873053, 516.2007326007325, 461.95873015873065, 508.64517704517687, 465.9587301587307, 497.53406593406567, 468.18095238095293, 489.97851037851, 474.4031746031752, 484.6451770451766, 473.95873015873076, 470.86739926739864, 470.8476190476196, 457.0896214896207, 469.95873015873076, 447.3118437118428, 469.06984126984185, 437.0896214896204, 464.1809523809529, 426.86739926739807, 458.40317460317505, 415.7562881562868, 456.6253968253972, 396.6451770451755, 452.62539682539716, 367.3118437118418, 447.2920634920638, 341.97851037850813, 435.3956043956044, 281.0, 424.40586080586075, 230.6510378510373, 418.18363858363847, 191.09548229548125, 413.73919413919396, 144.428815628814, 412.85030525030504, 122.65103785103594, 412.85030525030504, 111.53992673992468, 417.56068376068373, 100.59633699633687, 425.56068376068384, 97.04078144078127, 451.7829059829064, 96.15189255189237, 471.4229546654156, 95.37220495376643, 499.3384615384626, 96.15189255189237, 509.5606837606849, 96.59633699633683, 526.4229548229549, 98.71501831501828, 539.767032967033, 96.34285714285714, 557.9660561660563, 92.4410256410256, 565.9660561660564, 88.88547008547, 571.7438339438343, 83.99658119658105, 580.1882783882788, 67.55213675213639, 581.9660561660567, 58.6632478632474, 580.5274725274726, 26.556043956043958, 551.5010989010989, 10.498901098901099, 537.2967032967033, 1.2351648351648352, 466.27472527472526, 0.6175824175824176, 390.92967032967033, 0.0]], "scale": 3, "viewpoint": 2, "zoom_in": 2, "landmarks": [0, 0, 0, 0, 0, 0, 186, 23, 2, 222, 25, 2, 248, 15, 2, 0, 0, 0, 103, 35, 2, 84, 146, 2, 100, 252, 1, 158, 245, 1, 143, 198, 2, 141, 158, 2, 141, 188, 2, 187, 362, 2, 248, 544, 2, 366, 547, 2, 475, 486, 2, 441, 312, 2, 414, 128, 2, 416, 102, 2, 471, 101, 2, 535, 96, 2, 0, 0, 0, 0, 0, 0, 0, 0, 0], "style": 1, "bounding_box": [73, 0, 588, 553], "category_id": 1, "occlusion": 1, "category_name": "short sleeve top"}}