{"source": "shop", "pair_id": 1734, "item1": {"segmentation": [[385.17603608512746, 186.26545171999734, 367.17787263241837, 186.26545171999734, 348.8123997214907, 181.49042876315616, 341.8335200153382, 173.77693014056652, 337.42580651671557, 167.53266935085114, 334.4873308509671, 157.24800452073166, 332.65078355987436, 154.67683831320176, 319.0603336057879, 152.47298156389044, 297.7563850291118, 149.1671964399235, 274.615889161343, 145.49410185773795, 261.39274866547504, 148.79988698170493, 252.57732166822979, 154.67683831320176, 245.04917304917367, 167.63228690501387, 229.989485262213, 185.63045035772296, 211.2567028930668, 207.66901785083616, 194.36046781501335, 227.13641913641948, 187.74889756707938, 235.5845366754462, 192.15661106570204, 241.82879746516159, 201.7066569793844, 252.84808121171818, 208.31822722731837, 256.8884852521223, 210.15477451841113, 255.41924741924805, 219.70482043209353, 265.7039122493676, 220.07212989031206, 270.47893520620875, 205.37975156156995, 296.55790673972604, 185.29736929736956, 330.2732015459285, 160.6876355967265, 375.8195743650291, 137.54713972895766, 413.65244856154004, 108.83161283161287, 459.19010282646644, 92.66999666999654, 479.7594324867054, 93.03730612821509, 487.1056216510765, 98.17963854327483, 494.4518108154476, 112.5047074137984, 505.1037851037856, 126.46246682610342, 508.40957022775257, 151.07220052674649, 509.1441891441897, 170.17229235411125, 518.3269255996535, 191.47624093078733, 532.6519944701771, 214.2494273403376, 546.6097538824821, 236.85728413001172, 558.5969585969586, 258.89585162312494, 562.2700531791442, 278.3632529087082, 560.8008153462699, 288.6479177388277, 551.2507694325875, 296.36141636141735, 551.6180788908061, 296.7287258196359, 546.4757464757463, 302.23836769291415, 520.0294654840105, 309.58455685728524, 495.41973178336747, 324.2738675465948, 458.0938253665523, 335.29315129315137, 429.07637816728663, 348.85792994883894, 383.1486493304676, 355.83680965499144, 360.3754629209173, 371.9984258166078, 322.9098981826249, 374.56959202413765, 307.8502103956642, 377.1407582316675, 301.97325906416734, 390.731208185754, 315.93101847647233, 396.9754689754694, 322.1752792661878, 396.60815951725084, 325.8483738483733, 390.36389872753546, 340.54075217711545, 385.2215663124757, 349.72348863257923, 393.30237439328386, 351.560035923672, 405.42358651449615, 348.25425079970506, 411.30053784599295, 341.6426805517711, 413.1370851370857, 327.68492113946604, 419.7486553850197, 298.3001644819818, 426.36022563295364, 274.0577402395573, 431.5650410195863, 255.72665718120265, 432.66696939424196, 239.93235047780487, 425.68808968808946, 225.23997214906277, 408.791854610036, 205.77257086347944, 396.30333303060524, 194.75328711692285]], "scale": 2, "viewpoint": 2, "zoom_in": 1, "landmarks": [358, 169, 1, 335, 156, 2, 339, 171, 2, 351, 182, 2, 371, 186, 1, 387, 186, 1, 266, 149, 2, 223, 193, 2, 190, 236, 2, 222, 265, 2, 233, 234, 2, 254, 207, 2, 244, 218, 2, 226, 253, 2, 204, 301, 2, 154, 387, 2, 95, 483, 2, 190, 530, 2, 293, 550, 2, 328, 450, 2, 351, 376, 2, 372, 326, 1, 389, 284, 2, 398, 270, 2, 388, 288, 2, 378, 301, 1, 410, 342, 2, 422, 296, 2, 433, 243, 2], "style": 1, "bounding_box": [90, 142, 436, 571], "category_id": 10, "occlusion": 1, "category_name": "short sleeve dress"}}