{"source": "shop", "pair_id": 1733, "item1": {"segmentation": [[174.07945925236714, 256.4182584423404, 162.09598817798687, 250.8397460456461, 154.65797164906115, 245.0546220787039, 145.56706255815197, 238.236440260522, 141.43483115319324, 235.75710141754678, 136.9889880137927, 236.89282469487165, 124.79890536916447, 242.4713370915659, 117.15427726999084, 247.63662634776432, 114.88154999726353, 249.2895189097478, 113.22865743528006, 250.3225767609875, 108.47659131957752, 251.76885775272305, 105.99725247660228, 253.62836188495447, 104.13774834437086, 255.90108915768175, 98.97245908817246, 269.3308412237976, 93.60055826172612, 282.3473701494176, 89.88076186306168, 297.5400689617419, 87.40142302008645, 314.4822177220727, 83.6824147556236, 332.2508127633952, 80.58324120190456, 346.5070111105028, 79.34357178041694, 352.292135077445, 79.13696021016901, 356.2177549121558, 79.13696021016901, 359.11031689562685, 79.13696021016901, 362.82932516008975, 78.72373706967313, 367.58139127579227, 77.69067921843346, 389.48221772207347, 77.69067921843346, 391.13511028405696, 77.69067921843346, 394.8541185485198, 77.69067921843346, 398.98634995347857, 78.31051392917726, 401.0524656559579, 80.37662963165663, 401.4656887964538, 83.26919161512772, 400.639242515462, 86.16175359859884, 398.1599036724868, 87.40142302008645, 398.98634995347857, 89.4675387225658, 400.639242515462, 91.32704285479724, 401.2590772262058, 92.36010070603692, 402.7053582179414, 95.25266268950803, 406.42436648240425, 100.8311750862023, 409.93676317661914, 106.20307591264864, 411.7962673088506, 111.36836516884703, 410.34998631711505, 120.2526626895083, 405.1846970609166, 127.07084450769018, 401.67230036670173, 127.69067921843398, 400.4326309452141, 128.51712549942573, 399.3995730939744, 129.5501833506654, 400.639242515462, 130.17001806140922, 402.0855235071976, 133.4758031853762, 402.0855235071976, 135.95514202835142, 401.87891193694963, 138.64109244157459, 408.4904821848836, 140.29398500355808, 409.93676317661914, 142.36010070603746, 410.1433747468671, 145.6658858300044, 409.5235400361233, 151.2443982266987, 406.8375896229001, 152.8972907886822, 409.93676317661914, 155.3766296316574, 412.20949044934645, 160.74853045810374, 415.51527557331343, 160.54191888785584, 420.060730118768, 160.54191888785584, 421.5070111105036, 160.74853045810374, 423.366515242735, 162.81464616058312, 425.6392425154623, 164.67415029281455, 427.9119697881896, 164.8843084669696, 434.73438782770495, 164.26447375622578, 437.83356138142403, 163.2314159049861, 441.7591812161348, 161.57852334300262, 445.06496634010176, 160.13224235126705, 449.6104208855564, 160.13224235126705, 465.93273493514334, 159.30579607027533, 471.71785890208554, 158.89257292977945, 475.64347873679634, 158.89257292977945, 478.5360407202674, 158.27273821903563, 484.32116468720966, 156.8264572273001, 487.0071151004328, 156.20662251655628, 489.8996770839039, 156.61984565705214, 492.37901592687916, 158.0661266487877, 496.3046357615899, 156.72300366701333, 500.1309397405722, 155.89695145312237, 520.1719665042964, 156.10356302337033, 547.6513053472719, 156.92981227081168, 577.2034590334404, 158.37609326254722, 585.4679218433578, 158.7893164030431, 589.3935416780686, 159.20253954353896, 593.3191615127794, 159.20253954353896, 608.4018061408786, 161.26865524601834, 619.972054074763, 166.8471676427126, 634.0216408516227, 174.49179574188625, 647.0381697772427, 183.16948169229954, 659.2282524218709, 184.82237425428303, 660.2613102731107, 187.5083246675062, 660.2613102731107, 190.60749822122526, 659.021640851623, 195.15295276667985, 655.3026325871601, 198.45873789064683, 650.5505664714576, 200.52485359312618, 651.9968474631931, 204.0372502873411, 653.8563515954246, 206.10336598982047, 654.0629631656725, 207.75625855180397, 652.616682173937, 208.78931640304364, 654.0629631656725, 211.88848995676267, 657.3687482896395, 216.22733293196933, 661.0877565541024, 219.5363691095178, 662.0186415631327, 227.18099720869145, 665.9442613978435, 230.9000054731543, 666.9773192490833, 235.03223687811303, 667.3905423895791, 238.13141043183205, 666.7707076788353, 241.64380712604697, 664.2913688358601, 246.18926167150158, 658.7128564391658, 249.08182365497268, 653.9607903234632, 252.5942203491876, 653.9607903234632, 256.1066170434025, 653.7541787532153, 260.23884844836124, 652.5145093317277, 264.99091456406376, 648.7955010672648, 267.8834765475349, 643.0103771003227, 268.50331125827864, 642.183930819331, 269.94959225001423, 642.183930819331, 275.32149307646057, 643.0103771003227, 279.66033605166723, 641.770707678835, 280.9000054731548, 640.9442613978433, 283.79256745662593, 639.9112035466036, 286.68512944009706, 641.770707678835, 289.16446828307227, 643.6302118110665, 293.5033112582789, 645.6963275135458, 297.8463904548191, 644.6628755952054, 299.9125061572984, 645.2827103059492, 303.0116797110175, 647.1422144381806, 309.4166383887035, 648.3818838596683, 314.375316074654, 647.1422144381806, 320.57366318209205, 643.8364293142137, 325.11911772754667, 637.8446937770235, 328.4249028515136, 633.2992392315689, 329.25134913250537, 631.6463466695855, 329.25134913250537, 630.8199003885937, 329.0447375622574, 626.8942805538829, 330.0777954134971, 627.3075036943787, 333.79680367795993, 629.5802309671061, 336.48275409118315, 629.993454107602, 340.61498549614186, 629.993454107602, 342.47448962837325, 629.993454107602, 344.3339937606047, 629.5802309671061, 347.01994417382787, 629.993454107602, 351.5653987192825, 631.4397350993376, 357.3505226862247, 631.8529582398334, 361.4827540911834, 630.4066772480978, 366.8546549176297, 626.481057413387, 367.6811011986215, 624.6215532811556, 368.09432433911735, 622.9686607191721, 368.9207706201091, 617.3901483224779, 370.36705161184466, 616.1504789009903, 374.49928301680336, 616.1504789009903, 384.73162935799894, 616.4572929779434, 388.2440260522138, 614.597788845712, 392.3762574571725, 611.0853921514971, 395.26881944064365, 606.5399376060425, 395.88865415138747, 604.4738219035631, 397.334935143123, 603.0275409118276, 398.7812161348586, 601.5812599200921, 398.9878277051065, 600.1349789283564, 398.3679929943627, 598.0688632258771, 392.78948059766844, 588.977954134968, 387.4175797712221, 575.3415904986041, 381.8390673745278, 560.6721690110006, 373.98782770510627, 543.1101855399261, 344.9571780417052, 494.4486782332656, 332.56048382682906, 476.06024848119927, 303.9416780690712, 433.9063652783101, 286.7929177384925, 410.14603469979744, 284.10696732526935, 405.6005801543428, 283.28052104427763, 402.08818346012794, 281.4210169120462, 390.10471238574763, 283.48713261452554, 387.8319851130203, 288.2391987302281, 381.63363800558227, 289.8920912922116, 377.9146297411194, 290.7185375732033, 375.2286793278962, 290.9251491434513, 371.50967106343336, 291.1317607136992, 364.89810081549945, 291.85504898472976, 355.08262273548206, 294.334387827705, 355.4958458759779, 298.2600076624158, 355.4958458759779, 302.8054622078704, 353.8429533139944, 306.52447047233323, 349.29749876853987, 307.97075146406877, 348.88427562804395, 311.0699250177878, 349.9173334792837, 315.6153795632424, 350.1239450495316, 326.1525696458872, 348.88427562804395, 326.56579278638304, 347.4379946363084, 325.3261233648954, 335.86774670242403, 321.6062284494558, 318.2993596409616, 317.680608614745, 308.79522740955656, 314.9946582015218, 301.1505993103829, 311.68887307755483, 288.3406819550109, 305.90374911061264, 268.2993596409611, 302.1847408461498, 252.39026873186998, 299.7054020031745, 245.77869848393604, 296.81284001970346, 240.61340922773763, 293.0938317552406, 236.68778939302686, 288.548377209786, 234.00183897980367, 281.7301953916041, 232.55555798806813, 263.5483772097857, 230.0762191450929, 251.97812927590132, 229.24977286410115, 250.1186251436699, 235.86134311203512, 247.63928630069466, 241.43985550872938, 245.15994745771943, 244.53902906244844, 241.85416233375244, 248.05142575666332, 238.34176563953753, 250.94398774013445, 233.79631109408294, 253.83654972360554, 228.01118712714072, 257.34894641782046, 