{"source": "shop", "pair_id": 1737, "item1": {"segmentation": [[96.11446316082996, 226.38466523864457, 95.34552813583957, 235.30431152853293, 104.88032244572025, 239.14898665348483, 119.79766193053358, 243.608809798429, 127.94837319543159, 245.45425385840593, 138.09831552530457, 246.06940187839822, 147.17174882019103, 246.37697588839438, 155.93760810508132, 246.8383369033886, 179.75384615384615, 248.58830120283406, 196.05526868364217, 247.2042181578514, 209.89609913346897, 245.51256110287255, 225.73616064827073, 241.20652496292644, 238.03912104811675, 237.6694238479707, 254.38141205200026, 232.4623073965635, 262.22454930690213, 230.77065034158466, 270.22147356680205, 227.84869724662124, 276.06537975672893, 224.15780912666742, 281.44792493166153, 222.15857806169245, 289.5736855224744, 216.56393863729508, 301.2614979023282, 220.8699747772412, 323.406826622051, 240.24713740699872, 337.70901808687205, 252.55009780684475, 347.5513864067489, 262.0848921167254, 353.54907960167384, 271.0045384066138, 356.7842106374978, 280.6770819338295, 359.5523767274631, 285.9058401037641, 361.85918180243425, 290.67323725870443, 362.47432982242657, 297.43986547861977, 362.7819038324227, 304.20649369853504, 362.62811682742466, 309.28146486347157, 364.6273478923996, 313.7412880084157, 363.85841286740924, 320.2003422183349, 363.397051852415, 327.2745444482464, 363.85841286740924, 332.34951561318286, 364.6273478923996, 339.2699308380963, 365.0887089073938, 344.806263018027, 367.54930098736304, 347.8820031179885, 370.9326150973207, 353.2645482929212, 377.5388384011225, 362.86465476084885, 380.61457850108405, 369.4774959757661, 380.9221525110802, 378.55092927065255, 380.9221525110802, 378.55092927065255, 379.84564347609364, 390.70010266550054, 380.7683655060821, 400.2348969753812, 385.99712367601666, 408.53939524527726, 387.0736327110032, 413.7681534152118, 391.544276715211, 421.3601159317425, 393.23593377018983, 426.74266110667514, 390.3139806752264, 424.12828202170783, 386.0079445352803, 420.1298198917579, 384.00871347030534, 417.36165380179256, 381.394334385338, 415.36242273681756, 377.24208525039, 413.8245526868368, 368.6300129704978, 411.8253216218618, 358.7876446506209, 411.9791086268599, 348.63770232074796, 412.5942566468522, 338.02639897588074, 415.36242273681756, 316.0772467056202, 423.69467364623085, 311.30984955067987, 428.4620708011712, 311.1560625456818, 428.6158578061693, 307.6189614307261, 432.3067459261231, 306.23487838574334, 434.1521899861, 305.3121563557549, 437.9968651110519, 305.6197303657511, 446.1475763759499, 305.9273043757472, 450.453612515896, 305.465943360753, 450.60739952089403, 303.6204993007761, 447.2240854109364, 302.85156427578573, 443.53319729098257, 301.9288422457972, 440.303670186023, 301.31369422580497, 437.9968651110519, 301.31369422580497, 443.37941028598453, 300.69854620581265, 451.53012155088254, 296.3186720238624, 460.80763020140216, 292.0126358839163, 469.7272764912905, 285.55358167399714, 476.801478721202, 285.39979466899905, 476.9552657262001, 273.8657692941434, 487.87414308106344, 264.2190704336033, 494.84815561216965, 257.60622921868605, 497.30874769213887, 251.91611003375726, 500.38448779210034, 247.61007389381115, 501.3072098220888, 239.45936262891314, 500.69206180209653, 233.92303044898242, 499.4617657621119, 231.001077354019, 498.0776827171292, 230.38592933402668, 497.7701087071331, 215.77616385920953, 497.1549606871408, 196.74425474563856, 495.7755875804319, 184.44129434579253, 493.31499550046266, 176.90573110088684, 490.5468294104973, 174.29135201591956, 489.62410738050886, 171.52318592595418, 489.47032037551077, 166.90957577601193, 487.4710893105358, 163.52626166605427, 486.5483672805473, 160.45052156609276, 484.54913621557233, 155.52933740615433, 481.9347571306051, 150.30057923621976, 478.85901703064354, 145.99454309627365, 476.5522119556724, 137.07489680638528, 471.9386018057302, 135.0756657414103, 469.63179673075905, 127.38631549150652, 463.6341035358341, 118.92853720673794, 456.8802041480241, 112.62327000181685, 450.4211499381049, 108.93238188186304, 447.0378358281473, 107.08693782188614, 444.7310307531761, 102.01196665694964, 428.8909692383744, 98.16729153199776, 414.5887777735534, 96.32184747202085, 401.2093083387208, 86.02613703098132, 401.2003954522988, 75.87619470110833, 400.12388641731224, 68.80199247119685, 398.27844235733534, 61.72779024128539, 396.27921129236034, 56.6669488911703, 394.0232015581499, 48.5162376262723, 387.71793435322877, 46.97836757629155, 384.3346202432711, 47.74730260128192, 379.72101009332886, 50.97682970624151, 370.6475767984424, 55.59043985618377, 355.57645030863097, 57.43588391616068, 348.9636090937137, 59.28132797613759, 344.3499989437715, 64.65305229180655, 328.3430345894014, 70.18938447173727, 312.5029730745996, 71.57346751671994, 306.9666408946689, 73.88027259169108, 296.8166985647959, 76.95601269165259, 284.3599511599518, 78.63824987008381, 266.430395748043, 80.94505494505495, 253.97364834319887, 83.86700804001838, 242.13204895834707, 85.25109108500106, 237.05707779341057, 88.17304417996449, 231.828319623476, 90.32606224993755, 228.7525795235145]], "scale": 3, "viewpoint": 2, "zoom_in": 1, "landmarks": [195, 226, 1, 0, 0, 0, 133, 246, 2, 193, 247, 2, 240, 240, 2, 279, 225, 2, 93, 234, 2, 72, 307, 2, 50, 387, 2, 96, 398, 2, 86, 361, 2, 82, 323, 2, 84, 341, 2, 94, 385, 2, 0, 0, 0, 0, 0, 0, 0, 0, 0, 299, 431, 2, 293, 357, 2, 292, 336, 2, 298, 377, 2, 304, 427, 2, 390, 423, 2, 361, 335, 2, 339, 258, 2], "style": 1, "bounding_box": [46, 220, 394, 507], "category_id": 1, "occlusion": 1, "category_name": "short sleeve top"}}