{"source": "shop", "pair_id": 1748, "item1": {"segmentation": [[169.24441554151295, 138.521532680953, 166.6765143069453, 139.50918700194055, 160.75058838101992, 141.68202650811318, 157.78762541805725, 141.8795573723107, 151.2691068995393, 146.620298113051, 133.29379825756567, 155.31165613774155, 106.23206986250646, 169.13881663156744, 87.30050786572174, 177.97010611503066, 82.95482885337645, 179.15529130021574, 80.58445848300632, 182.90837771996848, 79.99186589041378, 185.08121722614112, 73.86840910029089, 188.0441801891038, 68.53507576695804, 192.98245179404162, 55.49803872992222, 210.76022957181775, 50.08432954137487, 220.77055004571696, 41.67087823609634, 231.50097031255655, 25.73254469631206, 251.26252116107324, 13.288100251868773, 266.4723977042817, 4.138548247243625, 279.2735042735035, 0.0, 284.60683760683634, 0.0, 305.15004748337765, 2.1632396052684992, 307.71794871794526, 13.620029728724226, 319.56980056979603, 23.694103802797365, 329.6438746438692, 37.126202568228216, 340.90313390312735, 42.657066765758564, 345.05128205127517, 52.92053759445042, 351.87586192658677, 68.92053759444893, 362.93759032164746, 78.00695734753451, 368.2709236549803, 80.57485858210217, 368.8635162475728, 79.58720426111461, 380.9128989636211, 80.17979685370715, 384.86351624757134, 80.17979685370715, 390.3943804451017, 79.19214253271959, 396.5178372352246, 78.00695734753451, 400.4684545191748, 78.40201907592953, 410.3449977290505, 78.59954994012705, 415.8758619265808, 78.12768900449892, 420.93226392501896, 77.9301581403014, 445.4260910855105, 76.74497295511632, 466.5618935546443, 76.8671084685588, 506.64726041538717, 75.54204775883593, 572.3488856228454, 75.2344737488398, 584.9594200326867, 74.77311273384561, 609.4115538273791, 74.70069589905677, 624.5359991462008, 75.4696309240471, 632.8404974160964, 75.93099193904129, 634.0707934560809, 77.46886198902195, 634.6859414760731, 82.69762015895616, 633.7632194460847, 95.61572857879364, 632.6867104110983, 102.53614380370657, 632.2253493961041, 111.60957709859241, 631.9177753861079, 122.52845445345504, 632.3791364011021, 130.6791657183525, 632.8404974160964, 149.13360631812031, 632.8404974160964, 207.4412156259083, 633.1877449801132, 218.47420643174823, 633.8367444392802, 228.20919831925406, 634.2694107453916, 240.32385489037242, 634.9184102045587, 253.3038440737135, 634.053077592336, 270.1778300120569, 635.35107651067, 285.10481757289915, 636.6490754290041, 307.7986310958993, 635.2170431092674, 330.0809458606348, 634.3517104970447, 361.66558620676483, 633.7027110378776, 374.64557539010593, 634.1353773439889, 383.0825683592776, 635.433376262323, 383.94790097150036, 633.4863778848219, 383.73156781844466, 612.2857288853647, 384.16423412455606, 561.8801042233902, 383.96366471255476, 451.38145268798024, 382.4841919432137, 389.94713042031157, 381.40252617793533, 373.9384770941909, 383.1331914023808, 371.34247925752265, 388.79926745437075, 367.95376746016206, 401.60203562045916, 358.61120690652996, 409.90653389035435, 350.998750159126, 416.66483012601196, 346.4641666561189, 433.75514921741103, 336.2965084625017, 443.49014110491686, 330.4555133299982, 456.05322772320096, 321.8655406248702, 465.57188645765115, 314.0775471148656, 467.0, 312.1305487373644, 467.0, 291.79523235013005, 460.812557090426, 283.3582393809583, 449.31633387657166, 265.913409761396, 439.39188801082094, 250.9808827207939, 428.5483511832259, 231.73277157859778, 415.56917332938315, 212.75373590639364, 405.18437065321194, 198.4174660080223, 401.93937335737667, 196.03780132440977, 390.041049939314, 188.24980781440513, 387.8777184087572, 185.6538099777369, 375.7630618376388, 178.08214962078793, 346.91481791657793, 161.732677520706, 337.8288254882392, 156.3243486943139, 332.4204966618471, 153.51201770459, 325.49783576406514, 152.64668509236725, 314.0321786521138, 145.94035734764103, 310.5708482032229, 142.91169320486142, 306.4605182951649, 141.830027439583, 302.13385523405117, 140.7483616743046, 300.6195231626614, 140.96469482736026, 280.28420677542704, 150.48335356181042, 263.62655399013926, 154.37735031681274, 252.37723003124364, 156.1080155412582, 237.9040763243596, 157.04195615093187, 224.49142083490716, 158.1236219162103, 208.91543381489785, 156.8256229978762, 196.36811093766812, 153.58062570204092, 186.20045274405092, 149.03762948787153, 172.78779725459847, 141.89863543703393]], "scale": 3, "viewpoint": 1, "zoom_in": 2, "landmarks": [238, 157, 2, 167, 140, 2, 184, 186, 2, 235, 214, 2, 288, 191, 2, 306, 142, 2, 80, 185, 2, 37, 241, 2, 0, 0, 0, 83, 368, 2, 81, 331, 2, 87, 302, 2, 85, 315, 2, 78, 446, 2, 76, 633, 2, 226, 633, 2, 383, 634, 2, 384, 452, 2, 387, 320, 2, 385, 307, 2, 381, 338, 2, 383, 371, 2, 0, 0, 0, 438, 250, 2, 403, 197, 2], "style": 1, "bounding_box": [0, 139, 467, 641], "category_id": 1, "occlusion": 1, "category_name": "short sleeve top"}}