{"source": "shop", "pair_id": 1742, "item1": {"segmentation": [[196.26095695989443, 152.37295087533508, 200.92488014233592, 155.11643510030063, 207.6464164935016, 159.50600986024557, 214.09360442217067, 162.11231987396286, 220.4036181395915, 164.03275883143877, 231.10320661695724, 165.54167515516983, 240.42559799516584, 165.55604581550494, 246.8917102635074, 165.96087796989355, 251.65103963073267, 165.96087796989355, 255.52021621915085, 163.7584104089422, 256.75478412038535, 160.19188091648695, 254.83434516290947, 154.29338983281096, 261.06231358668566, 158.5753283819443, 265.1726434947438, 160.30599360638985, 273.6096364639158, 162.0366588308354, 283.9936278105891, 160.95499306555692, 289.8346229430928, 163.98365720833664, 296.757283840875, 169.17565288167327, 313.59783452655813, 178.7587082126287, 325.0634916385099, 183.51803757985397, 336.3128155974059, 189.35903271235767, 341.93747757685395, 194.1183620795829, 330.6881536179579, 203.8533539670891, 328.74115524045664, 209.9106822526485, 329.17382154656804, 217.91500891570917, 326.36149055684405, 224.40500350737994, 329.61574901098544, 223.64328952982675, 341.88748020163473, 225.10420990966594, 354.15921139228396, 223.93547360579458, 352.40610693647693, 228.02605066934433, 349.48426617679854, 230.65570735305488, 350.94518655663774, 234.74628441660465, 351.82173878454125, 238.54467740418656, 350.0686343287342, 241.46651816386495, 348.02334579695935, 246.43364745531824, 345.3936891132488, 250.81640859483582, 340.42655982179554, 252.8616971266107, 333.998510150503, 254.90698565838557, 330.49230123888896, 255.1991697343534, 330.3641741822076, 260.42683464840445, 332.99383086591814, 262.76430725614716, 331.8250945620468, 266.27051616776123, 328.90325380236834, 270.361093231311, 331.2407264101111, 272.9907499150215, 329.19543787833624, 278.5422473584105, 324.52049266285076, 280.5875358901854, 320.429915599301, 281.17190404212107, 314.2940500039764, 283.8015607258316, 307.86600033268394, 282.63282442196027, 304.9441595730055, 274.7438543708286, 304.65197549703765, 266.27051616776123, 302.6066869652628, 265.68614801582555, 301.1457665854236, 268.60798877550394, 299.97703028155223, 272.6985658390537, 302.8988710412306, 275.62040659873213, 299.1004780536487, 279.41879958631404, 295.59426914203465, 282.63282442196027, 293.25679653429194, 287.3077696374457, 302.0657414170935, 299.6652756583188, 311.1234477720965, 322.74781765977815, 320.1811541270995, 341.15541444575206, 325.7326515704885, 356.6411704720475, 335.95909422936285, 377.678423941732, 351.1503513987776, 405.59561410686774, 366.5773486439555, 432.40920455681976, 375.02546618298146, 452.2439153006199, 384.9428215548815, 463.9978179636126, 393.758248552126, 469.5074598368904, 397.7986525925297, 475.3844111683867, 403.51355608933915, 478.64251632264364, 413.5069814673791, 477.5905768091657, 420.3445883049854, 477.32759193079625, 435.136138613861, 477.9999999999994, 442.3861386138605, 483.49999999999903, 449.1361386138601, 489.9999999999986, 455.3861386138597, 496.7499999999982, 457.4254561550811, 507.0448831865467, 456.3341584158381, 520.4306930693111, 448.3341584158386, 540.9306930693099, 441.584158415839, 555.430693069309, 431.3341584158397, 571.680693069308, 422.08415841584025, 582.6806930693072, 419.06188118811764, 585.0519801980191, 417.5618811881177, 588.3019801980189, 420.36771014379065, 593.264124045543, 418.26383111683487, 598.2608367345629, 413.3490099009877, 600.9455445544579, 403.3490099009884, 608.1955445544573, 395.03778541119283, 611.0373812891513, 386.2214588805812, 615.6088098605796, 379.03778541119397, 617.241462921804, 373.813295615276, 619.8537078197629, 367.6092139826234, 627.6904425136399, 355.527581329563, 638.1394221054759, 336.30834512022415, 653.9583754293817, 331.7369165487959, 656.2440897150958, 325.33781188769876, 661.0320984761208, 315.0838553243073, 668.3257223681561, 294.18589614063535, 678.7747019599922, 277.1642756112318, 685.0721357850074, 258.5627746206579, 688.5954784827585, 245.16427561123413, 686.7047888462317, 221.98060214184804, 682.1333602748035, 205.9806021418492, 678.5415235401099, 188.041220448571, 673.8973530006057, 180.20448575469402, 669.9789856536672, 177.59224085673503, 660.5095978985659, 174.97999595877604, 652.0198019801991, 167.14326126489905, 657.570822388362, 160.93917963224644, 659.2034754495863, 151.4697918771451, 654.3055162659132, 150.16366942816558, 650.7136795312196, 139.06162861183986, 642.5504142250977, 133.18407759143213, 635.6932713679554, 134.16366942816674, 625.5708223883643, 132.53101636694237, 602.3871489189783, 130.89310971913426, 586.8478480501118, 133.50535461709325, 544.0723378460333, 138.0767831885215, 492.1539704990983, 141.34208931097024, 458.19478682563135, 152.8951303293576, 404.16003232976254, 163.0175793089487, 360.4049302889494, 173.1400282885398, 331.0171751869107, 178.69104869670267, 318.60901192160554, 183.91553849262067, 312.07839967670805, 187.1808446150694, 309.46615477874906, 186.52778339057966, 304.241664982831, 180.9767629824168, 303.5886037583413, 174.56051727621696, 305.5001010305083, 166.72378258233996, 305.82663164275317, 161.499292786422, 303.2143867447942, 158.56051727621812, 304.1939785815288, 152.3564356435655, 303.2143867447942, 146.47888462315777, 299.62255001010055, 147.45847645989238, 295.3776520509172, 148.11153768438214, 290.15316225499924, 146.47888462315777, 286.8878561325505, 150.07072135785137, 281.98989694887734, 149.83188522933696, 273.1941806425524, 153.0971913517857, 265.6839765609203, 155.7094362497447, 255.8880581935741, 157.34208931096907, 247.39826227520734, 156.6890280864793, 245.11254798949324, 151.13800767831646, 245.11254798949324, 145.91351788239848, 254.90846635683945, 137.09719135178688, 266.99009900989984, 125.34208931097139, 274.17377247928704, 115.87270155587004, 278.7452010507153, 110.97474237219693, 281.0309153364294, 106.72984441301357, 273.1941806425524, 104.62517680339246, 263.1339664578697, 106.25782986461682, 252.68498686603374, 109.84966659931044, 244.19519094766702, 111.48231966053481, 235.3788644170554, 110.57834511382197, 232.3858920975842, 109.67295806085689, 228.94542129631685, 106.23248725958953, 227.31572460097968, 104.42171315365934, 227.31572460097968, 102.42986163713613, 224.41848603149137, 101.70555199476405, 221.34017005141004, 99.53262306764783, 219.52939594547988, 97.35969414053162, 220.43478299844497, 95.00568780282237, 221.15909264081705, 90.84090735918294, 219.34831853488686, 86.6761269155435, 218.98616371370082, 83.72971955411793, 219.8639678363482, 81.01355839522266, 223.30443863761553, 79.02170687869946, 218.77750337279008, 79.74601652107154, 214.97487775033667, 82.46217767996681, 211.1722521278833, 87.89449999775736, 207.91285873720898, 92.78359008376887, 206.10208463127879, 97.40886293246888, 203.75167294909457, 110.80859131635225, 192.88702831351347, 120.76784889896827, 182.74669332030444, 127.64879050150297, 174.77928725421162, 133.62434505107257, 171.88204868472332, 137.42697067352597, 171.51989386353728, 143.59080090897334, 166.72074187952902, 151.3771295644731, 160.02087768758733, 156.26621965048463, 158.9344132240292, 159.70669045175197, 158.02902617106412, 165.50116759072856, 158.02902617106412, 171.49830800191774, 156.26621965048463, 174.39554657140604, 152.46359402803122, 181.27648817394075, 148.1177361737988, 190.87359093537071, 148.84204581617087]], "scale": 3, "viewpoint": 2, "zoom_in": 1, "landmarks": [234, 153, 1, 193, 152, 2, 211, 160, 2, 235, 166, 2, 252, 166, 2, 256, 158, 2, 160, 158, 2, 119, 185, 2, 82, 218, 2, 116, 284, 2, 150, 250, 1, 171, 218, 2, 173, 231, 2, 153, 266, 1, 186, 306, 1, 145, 462, 2, 137, 637, 2, 355, 639, 2, 423, 478, 2, 346, 397, 2, 296, 290, 2, 319, 250, 2, 309, 220, 2, 301, 207, 2, 320, 232, 2, 323, 270, 2, 342, 194, 1, 312, 181, 2, 286, 163, 2], "style": 1, "bounding_box": [78, 151, 457, 692], "category_id": 10, "occlusion": 1, "category_name": "short sleeve dress"}}