{"source": "shop", "pair_id": 1745, "item1": {"segmentation": [[469.71516304221007, 558.2341483535463, 461.0646440110701, 546.469442471196, 455.5283118311405, 537.818923440056, 453.4521872636669, 531.5905497376352, 453.4521872636669, 521.2099269002672, 454.8362703086493, 511.1753248241448, 448.9539173674741, 492.1441829556369, 438.9193152913517, 474.49712413211137, 432.8606568455008, 466.2035410190483, 426.656575212849, 450.8566022435414, 419.79943235570767, 436.8157859170137, 414.90147317203525, 424.08109203946543, 405.75861602918, 411.34639816191714, 396.61575888632484, 401.87701040681713, 378.0035139883696, 403.50966346804125, 354.16677929449713, 408.40762265171367, 340.45249358021437, 413.63211244763096, 330.00351398837984, 418.8566022435482, 337.1871874577661, 446.2851736721138, 346.98310582511095, 473.0606838761897, 354.81984051898684, 497.87701040679667, 359.71779970265925, 512.2443573455691, 367.88106500877996, 516.4892553047519, 367.88106500877996, 524.6525206108726, 372.45249358020754, 536.4076226516864, 375.8547816037156, 545.5383317128756, 375.57777329346635, 555.7876391920979, 377.5168314652111, 569.9150630148099, 383.33400598044545, 574.9012125992964, 381.9489644291992, 584.0424868375218, 386.93511401368573, 592.9067527654979, 389.15118049567974, 600.662985452477, 385.2730641521902, 601.7710186934739, 383.6110142906947, 605.9261433472128, 380.28691456770366, 598.1699106602337, 375.57777329346635, 591.5217112142516, 369.2065821577335, 591.5217112142516, 361.1733411605052, 589.5826530425069, 357.29522481701565, 582.3804369760262, 347.0459173377933, 580.7183871145307, 334.8575516868261, 573.2391627378009, 325.16226082810226, 565.4829300508218, 315.7439782796277, 564.9289134303233, 309.92680376439336, 554.1255893306025, 301.3395461466665, 550.8014896076114, 293.5833134596874, 546.9233732641219, 292.4752802186904, 543.0452569206323, 280.39378066886627, 537.1624628272672, 261.9848391830052, 527.6950072059672, 243.1935246504806, 511.4401929523282, 210.47747526777135, 498.78587196467646, 194.42809255172529, 491.069822581962, 166.96812913907394, 508.16483857615833, 149.39000413907803, 523.7898385761547, 159.9368791390756, 549.9617135761486, 174.78062913907212, 581.2117135761413, 183.76500413907004, 592.5398385761387, 197.01111562872742, 616.6562148975746, 207.83317598252293, 633.3055385187986, 214.0766723404819, 645.3762981441859, 203.25461198668637, 635.3867039714515, 194.9299501760744, 632.4730723377373, 191.18385236129905, 638.7165686956963, 198.2598149003192, 648.2899297779, 208.66564216358412, 669.1015843044299, 216.57407088366548, 686.5833741067149, 219.90393560791026, 696.5729682794494, 223.23380033215503, 713.6385249912038, 229.06106359958338, 732.7852471556113, 237.80195850072593, 754.0131347726717, 238.75224066406614, 757.4835225012043, 234.7070294802477, 762.7185016802634, 233.04135428691072, 768.4293880574189, 235.89679747548843, 775.0920888307669, 240.17996225835498, 776.0439032269594, 246.84266303170298, 777.4716248212483, 240.65586945645128, 777.9475320193445, 234.23112228215143, 779.6132072126816, 231.61363269262188, 786.7518151841258, 234.23112228215143, 797.6976807403404, 238.51428706501798, 805.0742423108328, 236.13475107453655, 813.1646646784696, 233.517261485007, 824.5864374327805, 233.99316868310328, 842.6709109604393, 233.517261485007, 865.0385492709646, 234.88307622878423, 895.3249832556783, 235.31574253489558, 910.2519708165194, 236.61374145322958, 921.5012947754142, 242.67106973878828, 926.4769572956945, 248.29573171823566, 929.2892882854181, 252.1897284732377, 930.5872872037522, 251.90581309787333, 957.9190581309739, 490.2949027883883, 959.0, 490.7705270452253, 945.7495413060769, 492.6730240725732, 928.1514438031089, 502.6611334661497, 911.9802190706516, 521.6861037396287, 900.5652369065642, 550.6991834066843, 891.5283760266617, 576.858517532718, 885.820884944618, 611.5790882818172, 882.4915151467592, 615.85970659335, 878.2108968352264, 615.3840823365131, 854.4296839933776, 604.9203486860995, 823.0384830421372, 593.0297422651752, 784.5129182383421, 585.6679428807997, 764.969991721857, 586.0585678807996, 757.1574917218588, 605.1991928807952, 750.5168667218604, 615.3554428807928, 740.7512417218627, 620.0429428807917, 720.8293667218674, 617.6991928807922, 697.7824917218727, 606.2864375997497, 684.8287501605178, 595.2061051897796, 682.6126836785238, 576.0925317825811, 681.5046504375267, 562.5191245803678, 681.2276421272775, 550.3307589294006, 675.9644842325417, 542.0205096219231, 666.2691933738179, 532.3252187631992, 654.3578360331, 525.9540276274664, 645.4935701051239, 516.2587367687426, 638.8453706591418, 513.7656619764992, 635.5212709361508, 514.8736952174963, 629.4270881106672, 524.5689860762202, 625.5489717671777, 531.2171855222022, 622.2248720441867, 533.4332520041962, 618.6237640109464, 525.6770193172172, 608.6514648419733, 517.6437783199888, 605.8813817394807, 512.6576287355023, 602.2802737062405, 508.1305281494463, 600.7400399453306, 501.5545644306266, 598.6992236188004, 497.92644651679507, 601.420312054174, 493.61805649412014, 603.0076136414754, 486.361820666457, 587.3613551380768, 478.198555360336, 570.1277950473769, 473.20989322881763, 562.6448018500993]], "scale": 3, "viewpoint": 2, "zoom_in": 2, "landmarks": [275, 467, 1, 192, 491, 1, 292, 545, 2, 387, 607, 2, 355, 496, 1, 330, 418, 1, 150, 523, 1, 228, 697, 2, 234, 832, 2, 0, 0, 0, 511, 909, 2, 617, 702, 2, 527, 646, 2, 457, 544, 1, 401, 404, 2], "style": 2, "bounding_box": [115, 388, 627, 958], "category_id": 5, "occlusion": 2, "category_name": "vest"}}