{"source": "shop", "pair_id": 1763, "item1": {"segmentation": [[223.91297591297274, 298.1735839917655, 227.2187610369398, 291.92932320205, 234.56495020131104, 287.88891916164584, 246.68616232252353, 283.4812056630231, 251.46118527936483, 283.84851512124163, 250.7265663629277, 272.8292313746848, 247.0534717807421, 269.15613679249924, 253.66504202867617, 267.3195895014064, 259.54199336017314, 273.563850291122, 261.37854065126595, 281.6446583719303, 268.72472981563715, 284.58313403767875, 287.0902027265652, 286.78699078699015, 308.39415130324176, 286.05237187055303, 327.4942431306069, 283.84851512124163, 341.45200254291217, 277.97156378974466, 356.87899978809173, 273.1965408329034, 359.45016599562166, 269.52344625071777, 361.2867132867145, 258.50416250416094, 364.225188952463, 252.99452063088256, 366.4290457017743, 249.68873550691552, 374.1425443243641, 250.7906638815712, 368.26559299286714, 257.4022341295053, 369.36752136752284, 264.3811138356579, 380.7541145722982, 265.8503516685322, 392.8753266935107, 270.62537462537347, 402.0580631489747, 276.869635415089, 400.2215158578819, 304.41784478148105, 398.01765910857057, 329.76219739856174, 395.81380235925917, 331.23143523143597, 396.91573073391487, 335.2718392718402, 396.18111181747776, 341.88340951977426, 396.91573073391487, 355.1065500156424, 392.8753266935107, 362.0854297217951, 391.773398318855, 367.22776213685495, 391.4060888606365, 372.3700945519148, 393.9772550681664, 379.716283716286, 391.4060888606365, 385.96054450600155, 385.89644698735805, 389.2663296299686, 377.08101999011257, 390.7355674628428, 373.407925407927, 392.9394242121542, 375.9790916154569, 397.7144471689955, 381.1214240305168, 405.0606363333667, 388.18110308241336, 436.8344331055436, 394.839842678133, 469.17688257046746, 395.95776098901075, 503.44780219780154, 399.86401098901086, 522.1978021978022, 399.08276098901086, 539.7759271978027, 402.207760989011, 566.7290521978036, 404.55151098901104, 602.2759271978048, 404.16088598901104, 633.9165521978058, 401.0358859890109, 664.3853021978068, 397.1296359890108, 676.8853021978072, 390.4890109890106, 674.5415521978072, 386.58276098901047, 678.4478021978073, 343.06035462753437, 678.6781826972133, 321.18163881302706, 680.1050554677247, 320.7060145561899, 688.6662920907927, 317.37664475833014, 691.5200376318154, 306.9129111079136, 691.0444133749783, 305.96166259423933, 694.3737831728381, 287.4123165775918, 693.898158916001, 281.7048254955464, 691.5200376318154, 281.7048254955464, 687.2394193202814, 264.5823522494103, 689.1419163476298, 253.64299434215658, 687.2394193202814, 249.83800028745966, 667.2632005331225, 245.0817577190885, 625.4082659314563, 243.65488494857718, 559.7721184879343, 245.55738197592564, 498.41658935594637, 258.8748611673649, 431.82919339875014, 265.05797650624737, 410.4261018410799, 269.81421907461856, 386.169264742387, 259.8261096810391, 383.31551920136434, 248.4111275169483, 379.5105251466674, 236.0448968391833, 377.60802811931893, 237.47176960969466, 370.9492885235993, 230.81303001397504, 370.47366426676217, 230.25733362951092, 366.6134768917185, 234.53795194104498, 362.33285858018445, 232.1598306568594, 359.00348878232467, 235.4892004547192, 354.7228704707906, 229.3060851158367, 346.63725810455963, 231.20858214318517, 337.1247729678173, 225.9767153179769, 317.6241784374956]], "scale": 2, "viewpoint": 2, "zoom_in": 1, "landmarks": [313, 274, 1, 253, 268, 1, 270, 286, 2, 317, 288, 2, 357, 274, 2, 367, 254, 2, 225, 299, 2, 233, 342, 2, 231, 371, 2, 268, 381, 2, 265, 347, 2, 258, 317, 2, 266, 332, 2, 271, 369, 2, 267, 409, 1, 246, 542, 2, 254, 688, 2, 325, 680, 2, 398, 676, 2, 397, 529, 2, 371, 397, 2, 353, 348, 2, 357, 319, 2, 361, 306, 2, 361, 330, 2, 355, 362, 2, 391, 379, 2, 399, 320, 2, 401, 278, 2], "style": 1, "bounding_box": [222, 248, 406, 696], "category_id": 10, "occlusion": 1, "category_name": "short sleeve dress"}}