{"source": "shop", "pair_id": 1771, "item1": {"segmentation": [[203.90498641700904, 270.03587705709344, 201.94580274353967, 272.3215913428077, 199.66008845782537, 277.2195505264812, 197.700904784356, 282.11750971015465, 199.3335578455805, 285.3828158326036, 200.63968029456007, 287.99506073056284, 207.17029253945802, 295.5052648121955, 215.98661907007028, 300.72975460811386, 220.88457825374374, 303.6685301183179, 224.14988437619272, 303.99506073056284, 234.27233335578455, 305.6277137917873, 250.92539458027437, 305.6277137917873, 265.29274151904986, 303.6685301183179, 276.7213129476213, 300.72975460811386, 289.7825374374172, 296.15832603668525, 301.8641700904784, 289.3011831795424, 310.6804966210907, 282.4440403223996, 317.53763947823353, 276.8930199142363, 324.94672324375296, 269.1736602231652, 327.5589681417121, 264.2757010394917, 329.5181518151815, 262.6430479782672, 334.08958038661007, 263.296109202757, 342.5793763049774, 263.9491704272468, 345.8446824274264, 263.9491704272468, 348.7834579376305, 262.9695785905121, 351.39570283558965, 262.3165173660223, 353.681417121304, 264.2757010394917, 359.885498753957, 265.5818234884713, 364.1303967131407, 264.6022316517366, 367.06917222334476, 261.98998675377743, 368.04876406007946, 262.3165173660223, 368.04876406007946, 265.5818234884713, 367.39570283558965, 266.561415325206, 374.25284569273254, 268.84712961092026, 383.7222334478346, 272.76549695785906, 386.6610089580387, 274.07161940683864, 390.76482342111757, 277.1677330998406, 398.6015581149951, 281.73916167126913, 402.193394849689, 285.6575290182079, 405.13217035989305, 291.86161065086094, 407.09135403336245, 293.82079432433034, 412.3158438292808, 296.75956983453443, 415.5811499517298, 298.3922228957589, 422.4382928088727, 301.330998405963, 427.66278260479106, 304.2697739161671, 430.92808872724004, 306.55548820188136, 435.1729866864237, 308.51467187535076, 436.4791091354033, 312.75956983453443, 437.458700972138, 314.3922228957589, 442.03012954356655, 315.3718147324936, 447.5811499517298, 318.9636514671875, 451.8260479109135, 324.1881412631059, 456.72400709458697, 331.6983453447385, 459.3362519925461, 336.9228351406569, 459.3362519925461, 339.53508003861606, 441.2063492063492, 332.5948717948718, 434.09523809523813, 328.1504273504273, 428.31746031746036, 335.7059829059829, 429.2063492063492, 342.817094017094, 422.09523809523813, 353.92820512820515, 404.31746031746036, 367.26153846153846, 436.76190476190476, 384.5948717948718, 426.03012954356655, 388.51467187535076, 423.09135403336245, 386.88201881412624, 419.4995172986686, 387.2085494263712, 417.2138030129543, 389.1677330998406, 410.3566601558114, 392.75956983453443, 405.78523158438287, 395.6983453447385, 398.2750275027502, 397.6575290182079, 389.78523158438287, 397.330998405963, 383.5811499517298, 392.4330392222895, 380.6423744415257, 384.2697739161671, 378.68319076805636, 375.45344738555485, 378.03012954356655, 371.53508003861606, 378.03012954356655, 365.6575290182079, 378.3566601558114, 364.3514065692283, 377.05053770683185, 363.6983453447385, 375.09135403336245, 366.6371208549426, 374.4382928088727, 371.53508003861606, 372.8056397476482, 373.82079432433034, 370.8464560741788, 376.1065086100446, 364.96890505377064, 377.4126310590242, 360.3974764823421, 376.1065086100446, 355.4995172986686, 374.1473249365753, 354.193394849689, 376.1065086100446, 351.5811499517298, 383.2901820794324, 348.3158438292808, 390.47385554882015, 344.3974764823421, 396.6779371814732, 343.74441525785227, 397.9840596304528, 339.7717159471049, 406.92216160391547, 336.8329404369008, 414.758896297793, 332.26151186547224, 423.90175344065017, 331.28192002873755, 431.0854269100379, 328.99620574302327, 438.26910037942565, 328.01661390628857, 442.8405289508542, 328.6696751307784, 446.4323656855481, 329.32273635526815, 450.35073303248686, 327.03702206955387, 454.59563099167053, 327.03702206955387, 458.5139983386093, 329.32273635526815, 464.3915493590175, 331.6084506409825, 471.90175344065017, 333.5676343144518, 479.0854269100379, 337.8125322736355, 491.493590175344, 339.11865472261513, 500.9629779304461, 341.4043690083294, 511.7384881345277, 342.710491457309, 521.2078758896297, 344.99620574302327, 531.0037942569767, 346.30232819200285, 539.1670595630991, 348.88897869378775, 552.5205091937765, 350.5216317550122, 564.6021418468378, 352.1542848162367, 575.0511214386745, 354.11346848970607, 588.1123459284704, 356.7257133876653, 597.9082642958174, 357.3787746121551, 605.0919377652051, 359.01142767337956, 609.9898969488786, 360.97061134684895, 617.5001010305112, 362.27673379582853, 629.5817336835725, 362.94353516984347, 636.6505466873217, 364.57618823106793, 647.0995262791585, 365.22924945555775, 658.5280977077299, 365.55578006780263, 668.6505466873217, 365.55578006780263, 673.87503648324, 143.30015042320557, 673.2481982892166, 142.64708919871578, 668.676769717788, 142.64708919871578, 662.79921869738, 142.64708919871578, 654.6359533912574, 143.95321164769535, 644.5135044116656, 147.09988549875393, 628.1576075974945, 149.71213039671312, 609.8718933117801, 149.05906917222333, 577.2188320872904, 151.67131407018252, 564.8106688219842, 154.61008958038659, 553.3820973934128, 160.48764060079475, 537.3820973934128, 161.14070182528457, 523.3412810668822, 162.77335488650905, 514.8514851485148, 165.71213039671312, 501.7902606587189, 167.9978446824274, 492.97393412810663, 171.9162120293662, 480.56577086280055, 176.16110998854987, 466.8514851485148, 180.07947733548863, 456.729036168923, 182.69172223344782, 450.19842392402506, 187.2631508048764, 447.58617902606585, 189.8110953952538, 439.84993601400953, 189.15803417076398, 434.62544621809116, 187.8519117217844, 431.0336094833973, 188.5049729462742, 425.48258907523405, 187.5253811095395, 421.56422172829525, 185.892728048315, 418.62544621809116, 184.9131362115803, 414.7070788711524, 184.58660559933543, 406.21728295278507, 183.60701376260073, 405.56422172829525, 178.70905457892727, 408.8295278507442, 172.8315035585191, 410.1356502997238, 160.09680968096808, 411.7683033609483, 153.23966682382522, 411.7683033609483, 144.09680968096808, 411.7683033609483, 137.892728048315, 411.1152421364585, 133.32129947688645, 407.84993601400953, 128.74987090545787, 405.8907523405402, 126.46415661974359, 407.84993601400953, 124.17844233402931, 408.50299723849935, 124.8315035585191, 403.60503805482585, 127.77027906872318, 396.0948339731932, 130.38252396668236, 388.9111605038055, 130.38252396668236, 385.3193237691116, 131.03558519117217, 377.8091196874789, 133.97436070137624, 373.56422172829525, 136.26007498709052, 369.9723849936014, 138.8723198850497, 370.2989156058463, 143.4437484564783, 370.62544621809116, 140.8315035585191, 368.013201320132, 135.93354437484564, 363.44177274870344, 132.66823825239663, 357.56422172829525, 131.03558519117217, 354.2989156058463, 130.38252396668236, 346.46218091196874, 133.64783008913133, 337.3193237691116, 136.58660559933543, 327.52340540176465, 141.4845647830089, 314.7887115242136, 144.09680968096808, 307.278507442581, 149.90817449091847, 297.2690330257515, 156.1122561235715, 290.7384207808536, 162.6428683684695, 284.2078085359556, 171.78572551132663, 278.33025751554743, 183.21429693989805, 274.08535955636376]], "scale": 2, "viewpoint": 2, "zoom_in": 2, "landmarks": [266, 273, 1, 206, 269, 1, 216, 304, 2, 262, 305, 2, 303, 291, 2, 332, 266, 2, 167, 283, 2, 135, 341, 2, 127, 409, 2, 182, 406, 2, 182, 377, 1, 187, 345, 1, 182, 360, 1, 189, 421, 2, 173, 486, 2, 158, 578, 1, 0, 0, 0, 0, 0, 0, 0, 0, 0, 351, 577, 2, 334, 485, 2, 331, 428, 2, 351, 377, 2, 344, 353, 2, 375, 368, 2, 388, 396, 2, 458, 341, 2, 416, 300, 2, 367, 268, 2], "style": 2, "bounding_box": [122, 262, 463, 676], "category_id": 10, "occlusion": 2, "category_name": "short sleeve dress"}}