{"source": "shop", "pair_id": 1790, "item1": {"segmentation": [[348.916688847485, 201.82364348454317, 328.50146393398984, 201.82364348454317, 327.1173808890071, 208.39803794821108, 330.9236092627096, 216.35651545686173, 332.3076923076923, 218.43264002433583, 329.53952621772686, 220.5087645918099, 320.8890071865849, 218.43264002433583, 317.0827788128824, 212.20426632191356, 310.85440511046016, 205.97589261949133, 299.7817407505984, 196.97935282710364, 290.439180196965, 192.1350621696641, 283.1727442108057, 191.44302064717274, 278.32845355336616, 192.82710369215548, 277.9824327921205, 199.0554773945777, 290.7852009582107, 202.16966424578885, 297.7056161831243, 212.55028708315925, 300.8198030343354, 227.42917981672352, 303.58796912430086, 242.30807255028776, 300.7352370812581, 253.88722004638996, 293.12278033385314, 266.34396745123445, 275.47572151032347, 265.9979466899888, 262.32693258298764, 263.575801361269, 251.25426822312585, 264.9598844062517, 253.33039279059992, 274.30244495988507, 254.71447583558265, 297.1398152021, 255.7525381193197, 319.9771854443149, 260.5968287767592, 332.0879120879137, 268.57218905661784, 346.2160538423516, 275.1465835202858, 355.55861439598493, 278.95281189398827, 364.90117494961834, 277.91474961025125, 370.78352789079486, 269.6102513403549, 386.7004829080962, 265.80402296665244, 396.7350849842209, 264.073919160424, 417.15030989771606, 259.57564926423015, 438.9496178561939, 256.81584851135017, 465.3151830868093, 255.77778622761312, 482.61622114909335, 256.46982775010446, 508.56777824251935, 254.3937031826304, 536.9414806646652, 253.70166166013902, 563.5850792805826, 251.8702612266625, 579.8147458078251, 251.8702612266625, 585.0050572265103, 255.676489600365, 587.0811817939845, 264.327008631507, 588.1192440777214, 268.82527852770085, 588.4652648389672, 273.6695691851404, 583.2749534202819, 285.4342750674935, 580.1607665690708, 306.54154150348, 581.8908703752992, 338.7214722993283, 586.7351610327387, 352.5623027491555, 589.1573063614585, 357.7526141678407, 589.1573063614585, 359.13669721282344, 593.3095554964067, 366.05711243773703, 594.001597018898, 371.24742385642224, 595.7317008251264, 378.5138598425815, 596.0777215863721, 385.08825430624944, 591.5794516901783, 400.6596448534167, 587.2077265295259, 414.5004753032439, 581.671394349595, 419.6907867219291, 577.8651659758925, 417.614662154455, 562.2942317198368, 411.3862884520328, 523.8859272215664, 404.11985246587346, 482.7094566333304, 394.1190159321648, 435.0171489410244, 387.1986007072512, 406.9894672801243, 383.0463515723031, 385.5361800828921, 381.31624776607464, 373.0794326780476, 377.85604015361787, 361.6607475569401, 376.47195710863514, 351.9721662420611, 376.1259363473895, 346.08981330088454, 376.1259363473895, 341.24552264344504, 382.008289288566, 326.7126506711264, 384.65827598007536, 313.47047416251627, 382.23613065135555, 287.17289630784455, 378.0838815164074, 270.9099205292976, 370.12540400775674, 259.4912354081901, 363.8970303053345, 242.5362181071518, 359.7447811703864, 222.4670139549023, 352.1323244229814, 207.93414198258375], [278.7502186394921, 192.54876611277905, 271.13776189208716, 194.62489068025315, 260.411118293471, 203.9674512338865, 253.8367238298031, 221.26848929617051, 250.3765162173463, 239.2615688809459, 248.99243317236358, 254.8325031370015, 252.10662002357472, 266.94322978060035, 261.4491805772081, 263.82904292938923, 259.02703524848835, 246.1819841058595, 259.02703524848835, 227.49686299859277, 269.06163732461306, 205.35153427886922, 275.636031788281, 200.161222860184, 279.4422601619835, 199.123160576447]], "scale": 2, "viewpoint": 2, "zoom_in": 1, "landmarks": [324, 204, 1, 291, 193, 1, 307, 208, 1, 330, 222, 2, 352, 218, 1, 363, 203, 1, 282, 198, 2, 262, 293, 2, 270, 327, 2, 281, 364, 2, 262, 469, 2, 253, 579, 2, 347, 587, 2, 419, 572, 2, 406, 475, 2, 381, 375, 2, 381, 327, 2, 385, 278, 2, 377, 204, 1], "style": 1, "bounding_box": [243, 185, 425, 596], "category_id": 12, "occlusion": 2, "category_name": "vest dress"}}