{"source": "shop", "pair_id": 1789, "item1": {"segmentation": [[184.39801587301235, 140.40317460317553, 187.1757936507903, 138.4934523809532, 196.72440476190206, 138.14623015873093, 204.71051587301372, 136.75734126984196, 214.08551587301434, 136.58373015873084, 214.25912698412546, 139.70873015873104, 214.08551587301434, 143.1809523809535, 214.60634920634772, 148.21567460317607, 215.3007936507922, 155.16011904762098, 217.90496031745903, 165.2295634920661, 222.071626984126, 169.56984126984418, 230.75218253968214, 172.8684523809555, 240.82162698412725, 174.4309523809556, 255.92579365079493, 170.09067460317755, 269.8146825396847, 163.31984126984375, 279.3632936507965, 153.77123015873198, 286.65496031746363, 145.4378968253981, 292.5577380952418, 139.70873015873104, 298.46051587302, 136.2365079365086, 303.8424603174648, 134.6740079365085, 315.1271825396878, 134.6740079365085, 325.0230158730218, 134.32678571428625, 321.00615079364945, 136.91448412698566, 315.7978174603158, 140.56031746031923, 313.0200396825378, 147.1575396825419, 312.32559523809334, 153.58115079365345, 311.11031746031546, 162.95615079365407, 309.02698412698203, 178.40753968254398, 303.2107142857145, 230.85039682539696, 305.8148809523813, 253.2462301587318, 304.77321428571463, 279.6351190476224, 307.3171192443925, 306.8002361275145, 307.7303423848884, 324.3622195985902, 308.115466351831, 407.6016528925634, 308.32207792207896, 461.9404958677739, 300.26422668240895, 462.14710743802186, 294.06587957497044, 464.0066115702534, 282.08240850058945, 466.6925619834767, 270.5121605667043, 472.27107438017134, 265.14025974025765, 475.57685950413855, 247.61038961039276, 482.9728453364793, 230.0484061393171, 483.3860684769752, 216.82526564344838, 480.4935064935039, 208.14757969303452, 475.1216056670572, 195.54427390790966, 468.7166469893708, 181.70129870129708, 462.10507674143645, 162.48642266823782, 458.5926800472213, 151.74262101534447, 455.4935064935021, 138.3766233766222, 449.4788665879591, 128.45926800472068, 442.4540731995288, 122.88075560802605, 435.01605667060267, 126.80637544273708, 397.412750885476, 135.89728453364683, 360.22266824084517, 150.16694214876026, 315.94096812278656, 166.48925619834822, 284.12278630460247, 172.48099173553874, 265.52774498228706, 181.7785123966964, 236.1889020070783, 185.0842975206636, 226.89138134592062, 185.1416765053137, 211.11216056670426, 183.48878394333013, 193.5501770956286, 182.24911452184244, 179.0873671782722, 182.84321133411981, 150.23541912632845]], "scale": 2, "viewpoint": 2, "zoom_in": 1, "landmarks": [246, 168, 1, 214, 140, 2, 216, 164, 2, 242, 176, 2, 278, 157, 2, 302, 138, 2, 186, 142, 2, 185, 213, 2, 184, 241, 2, 171, 274, 1, 143, 344, 1, 125, 437, 2, 201, 469, 2, 308, 463, 2, 308, 366, 2, 306, 287, 1, 304, 248, 2, 303, 216, 2, 323, 137, 2], "style": 2, "bounding_box": [117, 131, 326, 489], "category_id": 12, "occlusion": 2, "category_name": "vest dress"}}