{"source": "shop", "pair_id": 1793, "item1": {"segmentation": [[307.506406018332, 166.73946772344777, 298.392842472586, 171.01145063551618, 279.70152453456194, 176.56865882426553, 269.8759638368046, 183.97342920518412, 265.74638035513846, 192.8021938901255, 260.19280256944955, 223.4180714266158, 253.58559418509546, 263.1002546759041, 249.0288124122225, 302.26009803653125, 247.2474725274726, 330.57230769230756, 248.20747252747265, 362.412307692308, 251.24747252747267, 371.85230769230816, 253.00747252747271, 374.5723076923082, 254.44747252747274, 374.09230769230817, 254.76747252747273, 371.37230769230814, 255.88747252747274, 364.97230769230805, 260.68747252747283, 364.17230769230804, 268.8474725274729, 365.61230769230804, 274.127472527473, 368.1723076923081, 280.5784929356363, 375.6616954474102, 282.61930926216695, 378.85047095761433, 285.29788069073845, 378.72291993720614, 286.9560439560446, 376.68210361067554, 290.8110264027096, 366.72444379816824, 290.8110264027096, 360.67529445979386, 293.0794574046, 357.83975570743087, 294.2136729055452, 382.60346081140096, 281.70710176250407, 442.9870627986965, 279.21402697026025, 473.7349852363702, 276.0353978093301, 517.0464105931933, 275.1700651971073, 530.2427329295915, 273.65573312571735, 541.0593905823771, 274.20229751025585, 551.2504995965204, 276.0477415702328, 553.4035176664936, 279.4310556801905, 553.2497306614955, 290.65750704505035, 549.0974815265473, 304.0369764798833, 545.5603804115915, 315.72478885973743, 545.5603804115915, 334.9481644844974, 545.5603804115915, 367.3620712236621, 543.2047690871223, 391.3528440033626, 540.2828159921587, 420.8799489629939, 537.9760109171875, 428.1079381979037, 537.8222239121894, 431.3374653028634, 539.6676679721664, 442.5639166677232, 540.5903900021549, 473.4751046723373, 538.5911589371798, 485.07781030964424, 538.1944898623101, 486.9232543696212, 535.8876847873389, 486.7694673646231, 532.3505836723831, 484.3088752846538, 523.5847243874925, 473.082423919794, 486.8296301929514, 453.34852801519486, 401.90584723918175, 441.8917378917379, 358.4490571157242, 431.0275403608735, 325.26387193053847, 427.86704653371294, 317.16510649843957, 435.96581196581184, 312.62189662189627, 451.5707502374171, 300.17745217745164, 462.39370506037176, 283.8214624881295, 468.3196309862978, 274.9325735992404, 463.7764211097545, 260.51282051282044, 462.19617419617424, 254.19183285849934, 462.5912359245693, 245.89553656220292, 462.19617419617424, 229.50047483380757, 462.39804639804635, 211.06715506715574, 459.43508343508336, 190.12888346221712, 454.29928096594745, 182.03011803011822, 446.002984669651, 175.31406864740205, 436.5215031881694, 170.9683896350563, 419.9289105955765, 167.61036494369822, 412.6202686202677, 166.42517975851302, 406.84630647130604, 165.02586996337007, 398.8601953601948, 167.28281440781456, 391.9157509157502, 173.0119810744813, 382.19352869352787, 178.74114774114807, 363.04175824175843, 180.96175824175862, 341.92175824175814, 179.6817582417586, 325.60175824175786, 175.52175824175853, 314.08175824175765, 172.16175824175846]], "scale": 2, "viewpoint": 2, "zoom_in": 1, "landmarks": [361, 172, 1, 308, 167, 2, 328, 176, 2, 360, 180, 2, 388, 178, 1, 406, 166, 1, 268, 180, 2, 253, 265, 2, 249, 328, 2, 248, 352, 2, 253, 371, 2, 284, 376, 2, 292, 357, 2, 295, 336, 2, 293, 284, 2, 289, 253, 2, 296, 265, 2, 295, 298, 2, 292, 345, 2, 282, 438, 1, 276, 548, 2, 383, 541, 2, 486, 538, 2, 464, 424, 2, 430, 341, 2, 417, 289, 1, 413, 244, 1, 427, 226, 2, 433, 241, 1, 414, 312, 2, 402, 282, 2, 401, 250, 2, 427, 233, 2, 441, 253, 2, 466, 275, 2, 466, 220, 2, 448, 175, 2], "style": 1, "bounding_box": [240, 157, 488, 562], "category_id": 11, "occlusion": 1, "category_name": "long sleeve dress"}}