{"source": "shop", "pair_id": 1794, "item1": {"segmentation": [[571.3637362637371, 248.76875981161797, 574.9555729984311, 241.91161695447502, 575.9351648351658, 232.44222919937283, 574.6290423861861, 221.34018838304615, 572.3433281004718, 217.09529042386242, 569.4045525902677, 215.46263736263793, 562.2208791208799, 216.44222919937263, 551.4453689167981, 212.8503924646787, 530.8739403453692, 204.36059654631126, 509.9759811616955, 191.29937205651515, 486.4657770800625, 172.6871271585557, 471.7718995290419, 149.50345368916766, 469.1596546310827, 138.72794348508586, 470.7923076923072, 133.50345368916743, 465.89434850863364, 131.54427001569803, 453.15965463108245, 129.5850863422286, 441.73108320251083, 132.19733124018782, 425.4045525902657, 145.25855572998393, 411.46828885400373, 158.82605965463085, 408.8560439560445, 161.76483516483495, 395.4682888540035, 166.00973312401868, 380.447880690738, 175.15259026687596, 367.3866562009419, 186.58116169544755, 360.85604395604383, 198.00973312401914, 356.2846153846152, 198.98932496075383, 344.5295133437987, 209.7648351648356, 336.6927786499211, 218.25463108320307, 334.08053375196187, 225.43830455259092, 333.42747252747205, 235.5607535321829, 333.75400313971693, 239.47912087912172, 314.2158555729992, 241.21978021978006, 297.2362637362643, 244.81161695447398, 287.1138147566723, 247.0973312401883, 271.11381475667207, 259.5054945054946, 255.11381475667184, 273.8728414442703, 255.11381475667184, 273.8728414442703, 240.09340659340634, 290.5259026687603, 237.48116169544713, 294.44427001569915, 239.44034536891655, 301.3014128728421, 246.2974882260595, 311.0973312401892, 254.78728414442696, 314.36263736263817, 268.82810047095774, 313.38304552590347, 276.6648351648354, 303.9136577708013, 286.1342229199376, 299.6687598116176, 295.2770800627948, 300.9748822605972, 303.11381475667247, 310.11773940345444, 309.64442700157053, 324.48508634223015, 310.95054945055017, 337.21978021978134, 312.25667189952975, 350.93406593406723, 318.4069073783363, 373.3001569858713, 327.22323390894866, 396.15729984301447, 337.6722135007855, 413.1368916797494, 349.427315541602, 424.56546310832096, 360.85588697017363, 427.5042386185251, 376.8558869701738, 426.1981161695455, 385.5496075353216, 426.62967032967, 389.14144427001554, 432.8337519623231, 392.4067503924646, 443.6092621664049, 397.3047095761381, 454.7113029827316, 402.8557299843015, 459.2827315541602, 406.7740973312403, 459.2827315541602, 412.65164835164853, 453.7317111459969, 426.69246467817936, 441.9766091051804, 435.8353218210366, 431.8541601255884, 450.2026687598123, 414.5480376766086, 463.5904238618533, 388.7521193092613, 473.3863422292004, 384.8337519623225, 478.2843014128739, 378.62967032966935, 482.52919937205763, 371.44599686028147, 486.77409733124136, 363.6092621664038, 493.838147566719, 363.69591836734713, 500.0422291993721, 360.4306122448981, 511.7973312401886, 347.369387755102, 526.4912087912091, 332.3489795918365, 531.7156985871277, 331.6959183673467, 539.2259026687603, 331.3693877551018, 540.8585557299849, 328.7571428571426, 539.5524332810053, 323.53265306122415, 534.0014128728419, 316.34897959183627, 545.7565149136584, 306.8795918367341, 548.6952904238626, 296.1040816326523, 551.3075353218218, 282.3897959183664, 550.654474097332, 280.430612244897, 561.1034536891689, 263.1244897959172]], "scale": 2, "viewpoint": 2, "zoom_in": 1, "landmarks": [516, 180, 1, 471, 135, 1, 483, 167, 2, 505, 192, 2, 538, 209, 2, 571, 217, 2, 451, 133, 2, 394, 171, 2, 355, 203, 2, 336, 232, 2, 350, 256, 2, 380, 241, 2, 403, 239, 2, 410, 222, 2, 413, 208, 2, 421, 199, 2, 410, 212, 1, 389, 218, 1, 372, 224, 1, 320, 245, 2, 240, 296, 2, 322, 372, 2, 406, 459, 2, 462, 390, 1, 484, 338, 1, 490, 308, 1, 500, 280, 2, 511, 266, 2, 496, 289, 2, 464, 310, 2, 458, 321, 2, 455, 341, 2, 492, 364, 2, 513, 346, 2, 529, 331, 2, 550, 285, 2, 576, 236, 2], "style": 1, "bounding_box": [235, 129, 579, 467], "category_id": 11, "occlusion": 2, "category_name": "long sleeve dress"}}