{"source": "shop", "pair_id": 1806, "item1": {"segmentation": [[380.2701230393538, 60.03719357565512, 362.9131210669672, 60.03719357565512, 349.5008922701231, 56.3554052784822, 334.2477693246924, 50.56973795435334, 319.5206161360008, 43.73213111674651, 287.64835164835165, 21.802197802197803, 270.7692307692308, 0.0, 69.62637362637362, 0.7032967032967034, 57.67032967032967, 5.626373626373627, 49.934065934065934, 9.846153846153847, 49.23076923076923, 17.582417582417584, 40.79120879120879, 20.395604395604394, 31.64835164835165, 23.912087912087912, 23.912087912087912, 33.05494505494506, 57.67032967032967, 35.16483516483517, 79.47252747252747, 46.417582417582416, 90.02197802197803, 56.26373626373626, 107.6043956043956, 80.87912087912088, 116.04395604395604, 109.71428571428571, 112.52747252747253, 149.0989010989011, 100.57142857142857, 169.4945054945055, 60.48351648351648, 188.4835164835165, 26.021978021978022, 199.03296703296704, 37.27472527472528, 227.16483516483515, 49.934065934065934, 244.74725274725276, 66.10989010989012, 252.4835164835165, 80.87912087912088, 254.5934065934066, 99.86813186813187, 247.56043956043956, 111.12087912087912, 239.12087912087912, 118.15384615384616, 222.94505494505495, 121.67032967032966, 213.0989010989011, 118.15384615384616, 198.32967032967034, 122.37362637362638, 196.21978021978023, 126.5934065934066, 187.07692307692307, 135.73626373626374, 180.74725274725276, 142.06593406593407, 206.76923076923077, 149.0989010989011, 212.3956043956044, 152.6153846153846, 232.7912087912088, 151.9120879120879, 253.1868131868132, 152.6153846153846, 298.1978021978022, 151.2087912087912, 328.43956043956047, 149.8021978021978, 369.2307692307692, 146.98901098901098, 395.25274725274727, 144.87912087912088, 438.85714285714283, 142.06593406593407, 452.2197802197802, 141.36263736263737, 485.97802197802196, 135.03296703296704, 493.010989010989, 126.5934065934066, 502.85714285714283, 135.73626373626374, 516.9230769230769, 141.36263736263737, 543.6483516483516, 140.65934065934067, 554.9010989010989, 156.13186813186815, 564.0439560439561, 169.4945054945055, 566.1538461538462, 218.02197802197801, 587.2527472527472, 261.6263736263736, 602.7252747252747, 316.4835164835165, 618.1978021978022, 324.2197802197802, 624.5274725274726, 348.83516483516485, 636.4835164835165, 384.7032967032967, 639.0, 525.3626373626373, 639.0, 536.6153846153846, 616.0879120879121, 540.1318681318681, 596.3956043956044, 543.6483516483516, 578.1098901098901, 546.4615384615385, 563.3406593406594, 549.2747252747253, 553.4945054945055, 545.7582417582418, 539.4285714285714, 536.6153846153846, 521.8461538461538, 521.1428571428571, 494.4175824175824, 513.4065934065934, 464.8791208791209, 502.85714285714283, 416.35164835164835, 509.8901098901099, 360.7912087912088, 518.3296703296703, 346.02197802197804, 554.9010989010989, 338.989010989011, 586.5494505494505, 334.7692307692308, 594.2857142857143, 330.54945054945057, 597.0989010989011, 327.7362637362637, 597.0989010989011, 305.2307692307692, 597.8021978021978, 298.9010989010989, 619.6043956043956, 292.57142857142856, 639.0, 286.24175824175825, 639.0, 232.0879120879121, 623.8241758241758, 184.96703296703296, 610.4615384615385, 130.1098901098901, 600.6153846153846, 94.24175824175825, 581.6263736263736, 39.38461538461539, 571.7802197802198, 12.659340659340659, 481.75824175824175, 4.21978021978022, 467.6923076923077, 23.208791208791208, 450.8131868131868, 45.714285714285715, 415.64835164835165, 59.07692307692308]], "scale": 3, "viewpoint": 2, "zoom_in": 2, "landmarks": [369, 23, 1, 0, 0, 0, 311, 38, 1, 381, 60, 2, 451, 45, 1, 0, 0, 0, 0, 0, 0, 0, 0, 0, 28, 31, 2, 95, 249, 2, 121, 200, 2, 138, 154, 2, 148, 215, 2, 149, 368, 2, 0, 0, 0, 0, 0, 0, 0, 0, 0, 502, 416, 2, 547, 243, 2, 552, 203, 2, 537, 272, 2, 521, 338, 2, 0, 0, 0, 614, 156, 2, 572, 15, 1], "style": 1, "bounding_box": [4, 2, 639, 639], "category_id": 1, "occlusion": 1, "category_name": "short sleeve top"}}