{"source": "shop", "pair_id": 1804, "item1": {"segmentation": [[265.43571428571425, 159.5642857142857, 269.93571428571425, 158.3142857142857, 273.93571428571425, 162.5642857142857, 277.68571428571425, 165.8142857142857, 282.1857142857142, 171.5642857142857, 285.9357142857142, 176.31428571428566, 293.1857142857142, 181.56428571428566, 301.4357142857142, 186.06428571428566, 311.6857142857142, 192.56428571428563, 319.4357142857142, 199.56428571428563, 325.1857142857142, 205.56428571428563, 330.1857142857142, 213.31428571428563, 333.7357142857142, 222.42857142857144, 337.9857142857142, 234.17857142857144, 341.7357142857142, 245.67857142857142, 344.9857142857142, 257.9285714285714, 347.9857142857142, 268.4285714285714, 351.4857142857142, 283.1785714285714, 354.2357142857142, 295.42857142857133, 357.69999999999993, 310.55714285714294, 360.94999999999993, 328.8071428571429, 363.69999999999993, 343.5571428571429, 367.19999999999993, 356.0571428571429, 369.44999999999993, 367.0571428571428, 372.19999999999993, 377.8071428571428, 374.19999999999993, 390.8071428571428, 376.69999999999993, 403.3071428571428, 379.19999999999993, 414.05714285714276, 381.19999999999993, 423.55714285714276, 383.4499999999999, 431.55714285714276, 383.7357142857142, 439.2857142857143, 385.9857142857142, 449.7857142857142, 388.7357142857142, 459.2857142857142, 388.7357142857142, 470.5357142857142, 391.7357142857142, 479.5357142857142, 393.2357142857142, 491.0357142857142, 387.9857142857142, 495.28571428571416, 380.7357142857142, 497.03571428571416, 370.9857142857142, 500.53571428571416, 365.4857142857142, 502.53571428571416, 357.2357142857142, 503.78571428571416, 354.23571428571427, 493.5357142857142, 348.23571428571427, 476.7857142857142, 342.48571428571427, 462.0357142857142, 337.98571428571427, 450.7857142857142, 334.48571428571427, 441.5357142857143, 333.48571428571427, 438.5357142857143, 333.48571428571427, 446.7857142857142, 333.98571428571427, 461.2857142857142, 334.23571428571427, 472.5357142857142, 333.9, 481.0285714285714, 333.9, 489.77857142857135, 333.65, 499.02857142857135, 332.9, 507.52857142857135, 332.65, 517.7785714285714, 332.9, 526.0285714285714, 328.15, 526.7785714285714, 320.9, 525.7785714285714, 309.15, 522.7785714285714, 302.65000000000003, 523.2785714285714, 297.65000000000003, 524.5285714285714, 295.15000000000003, 527.5285714285714, 295.65000000000003, 529.5285714285714, 284.90000000000003, 531.0285714285714, 277.40000000000003, 530.5285714285714, 271.8285714285714, 527.8142857142857, 268.0785714285714, 526.8142857142857, 262.3285714285714, 525.0642857142857, 255.32857142857142, 524.0642857142857, 239.57857142857145, 524.0642857142857, 225.07857142857148, 524.3142857142857, 214.82857142857148, 523.5642857142857, 208.32857142857148, 524.0642857142857, 198.5785714285715, 526.0642857142857, 191.32857142857154, 527.0642857142857, 184.73571428571424, 526.9714285714285, 175.98571428571427, 525.9714285714285, 167.98571428571427, 524.4714285714285, 160.23571428571427, 523.7214285714285, 152.7357142857143, 524.7214285714285, 138.7357142857143, 526.9714285714285, 137.4857142857143, 521.2214285714285, 137.4857142857143, 510.47142857142853, 137.7357142857143, 500.2214285714286, 138.8714285714286, 488.2642857142857, 138.3714285714286, 476.0142857142857, 138.8714285714286, 462.76428571428573, 138.8714285714286, 448.76428571428573, 139.1214285714286, 440.26428571428573, 136.1214285714286, 447.76428571428573, 133.3714285714286, 456.51428571428573, 129.3714285714286, 464.26428571428573, 126.37142857142861, 470.76428571428573, 122.37142857142862, 473.7642857142857, 117.87142857142862, 482.0142857142857, 114.87142857142862, 493.5142857142857, 113.62142857142862, 496.7642857142857, 109.62142857142855, 497.3857142857143, 100.12142857142857, 497.1357142857143, 91.62142857142858, 493.1357142857143, 83.1214285714286, 490.1357142857143, 77.3714285714286, 486.8857142857143, 77.3714285714286, 480.8857142857143, 80.3714285714286, 462.13571428571436, 84.6214285714286, 450.13571428571436, 88.37142857142858, 436.38571428571436, 92.37142857142858, 419.1357142857144, 94.73571428571427, 408.6357142857143, 97.48571428571427, 393.8857142857143, 99.23571428571427, 385.3857142857143, 100.73571428571427, 374.6357142857143, 102.23571428571427, 362.88571428571436, 106.23571428571427, 347.88571428571436, 109.48571428571425, 332.63571428571436, 111.97857142857146, 321.47857142857134, 115.22857142857146, 307.22857142857134, 116.97857142857146, 298.47857142857134, 119.22857142857144, 287.4785714285714, 121.22857142857144, 277.4785714285714, 124.97857142857144, 261.9785714285714, 128.97857142857143, 248.97857142857143, 134.97857142857143, 234.72857142857143, 139.97857142857143, 219.22857142857146, 144.22857142857143, 208.72857142857146, 148.4785714285714, 202.22857142857148, 154.4785714285714, 195.22857142857148, 164.7285714285714, 190.2285714285715, 176.47857142857137, 184.2285714285715, 185.22857142857134, 178.4785714285715, 194.72857142857134, 168.2285714285715, 202.48571428571432, 162.49285714285713, 208.23571428571432, 159.49285714285713, 218.4857142857143, 159.99285714285713, 229.4857142857143, 162.24285714285713, 238.23571428571427, 164.2428571428571, 249.48571428571427, 162.74285714285713, 260.73571428571427, 160.99285714285713]], "scale": 2, "viewpoint": 1, "zoom_in": 1, "landmarks": [237, 164, 1, 208, 165, 2, 220, 189, 2, 236, 209, 2, 260, 189, 2, 272, 162, 2, 148, 204, 2, 119, 288, 2, 101, 374, 2, 93, 428, 2, 78, 485, 2, 109, 499, 2, 135, 436, 2, 144, 377, 2, 145, 335, 2, 153, 280, 2, 150, 294, 2, 142, 394, 2, 137, 525, 2, 237, 523, 2, 329, 524, 2, 329, 393, 2, 323, 290, 2, 324, 280, 2, 331, 332, 2, 328, 386, 2, 338, 449, 2, 360, 503, 2, 393, 491, 2, 381, 431, 2, 366, 368, 2, 353, 293, 2, 330, 210, 2], "style": 3, "bounding_box": [73, 150, 399, 535], "category_id": 2, "occlusion": 1, "category_name": "long sleeve top"}}