{"source": "shop", "pair_id": 1808, "item1": {"segmentation": [[158.5901098901099, 107.63516483516483, 142.55934065934065, 113.36043956043956, 132.82637362637362, 118.5131868131868, 123.66593406593407, 125.38351648351647, 118.5131868131868, 133.97142857142856, 113.93296703296703, 146.56703296703296, 104.77252747252747, 157.44505494505495, 95.6120879120879, 168.89560439560438, 88.74175824175823, 179.77362637362637, 83.58901098901099, 194.08681318681317, 85.21403914644917, 220.79198502328708, 91.03121366168475, 240.73658336123762, 91.86223859243267, 248.7698243584677, 93.24728014367925, 277.02467200389765, 97.12539648716964, 296.13824541110023, 101.55752945115864, 306.38755289032486, 111.52982862013391, 322.1770265745357, 115.96196158412292, 330.21026757176577, 114.63487421669234, 340.2078376169281, 114.84148578694027, 345.5797384433745, 117.11421305966759, 353.63758968304404, 121.24644446462634, 362.3152756334574, 128.27123785305622, 367.48056488965585, 134.2629733902464, 369.9599037326311, 139.01503950594898, 372.02601943511047, 137.15553537371753, 375.3318045590775, 134.6761965307423, 378.6375896830445, 133.02330396875877, 383.38965579874707, 131.5770229770232, 386.4888293524661, 132.19685768776702, 390.41444918717696, 134.05636181999847, 393.513622740896, 137.15553537371753, 396.1995731541192, 142.73404777041185, 398.6789119970944, 147.4861138861144, 401.7780855508135, 149.96545272908966, 403.63758968304495, 145.00677504313916, 405.29048224502844, 140.46132049768454, 408.18304422849957, 137.36214694396546, 410.4557715012269, 134.6761965307423, 413.9681681954418, 132.81669239851084, 419.3400690218882, 132.6100808282629, 425.9516392698222, 134.6434111343201, 433.35312868949194, 140.42853510126236, 439.758087367178, 143.9409317954773, 442.0308146399053, 149.3128326219237, 445.74982290436816, 153.8582871673783, 447.40271546635165, 157.37068386159325, 447.19610389610375, 159.02357642357674, 446.9894923258558, 163.77564253927932, 449.675442739079, 169.56076650622157, 448.6423848878393, 172.0401053491968, 444.7167650531285, 172.65994005994062, 445.54321133412026, 172.0401053491968, 449.2622195985831, 167.4946508037422, 451.9481700118063, 163.1558078285355, 454.84073199527745, 160.4698574153123, 456.9068476977568, 158.8169648533288, 460.0060212514759, 158.8169648533288, 463.31180637544287, 159.23018799382467, 466.204368358914, 160.67646898556023, 470.33659976387275, 164.18886567977518, 474.26221959858356, 166.66820452275044, 475.91511216056705, 170.59382435746124, 476.3283353010629, 168.52770865498186, 479.63412042502995, 166.87481609299837, 482.3200708382531, 165.84175824175867, 485.6258559622201, 166.25696122059753, 492.7144582690035, 167.29001907183724, 500.15247479792924, 173.0751430387795, 503.04503678140037, 173.47582417582416, 520.0, 269.3418308963764, 520.0, 271.2013350286078, 510.28925619834695, 280.2922441195171, 520.0, 645.810989010989, 520.0, 644.7624106052677, 514.8550148264434, 638.1864468864468, 502.1566021280304, 628.8893947322516, 491.7257631257627, 620.4993720565145, 482.655468341182, 613.9234083376934, 473.5851735566013, 610.5220477934757, 467.2359672073949, 605.5333856619563, 462.7008198151045, 600.7714809000515, 459.2994592708868, 589.6603697889402, 453.8572824001384, 584.2181929181918, 448.64186289900454, 581.2703471132031, 437.7575091575077, 581.2703471132031, 427.32667015524, 581.9506192220466, 423.01828013256414, 585.8054945054935, 417.80286063143024, 588.0258503401361, 406.92054770626225, 589.3863945578232, 394.2221350078493, 589.3863945578232, 387.8729286586428, 594.8285714285716, 391.2742892028606, 607.3002267573701, 386.28562707134125, 620.1698063840914, 376.93008895866126, 628.786586429443, 370.58088260945476, 643.5258154543866, 354.2543519972096, 652.3693528693527, 345.4108145822434, 657.5847723704866, 339.7418803418805, 658.9453165881737, 335.8870050584337, 657.5847723704866, 332.03212977498697, 652.5961102389673, 327.95049712192565, 646.7004186289898, 322.28156288156276, 648.060962846677, 315.93235653235627, 646.0201465201462, 310.4901796616079, 641.484999127856, 299.6058259201111, 635.362550148264, 290.76228850514497, 630.3786726153508, 287.0827568433106, 631.1476076403412, 280.77748963838934, 629.4559505853623, 274.9335834484623, 627.1491455103911, 272.1654173584968, 628.687015560372, 269.08967725853523, 628.687015560372, 266.01393715857364, 627.6105065253854, 263.24577106860824, 624.2271924154276, 259.09352193366004, 620.0749432804794, 256.32535584369464, 623.150683380441, 248.32843158379444, 624.996127440418, 243.561034428854, 625.149914445416, 240.48529432889237, 625.7650624654084, 238.0247022489231, 629.1483765753661, 235.25653615895766, 631.3013946453393, 232.33458306399413, 632.2241166753278, 230.48913900401718, 632.531690685324, 227.41339890405558, 632.531690685324, 223.87629778909974, 631.7627556603335, 221.1081316991343, 627.1491455103911, 215.41801251420534, 624.2271924154276, 214.0339294692226, 628.7779564917976, 211.31842275371724, 630.4696135467764, 208.24268265375562, 630.6234005517745, 203.47528549881514, 630.6234005517745, 197.47759230389002, 631.0847615667687, 192.40262113895338, 629.700678521786, 189.9420290589841, 623.8567723318589, 187.32764997401674, 621.5499672568877, 187.32764997401674, 618.3204401519281, 175.4860505891646, 615.2447000519664, 167.18155231926826, 603.2493136621163, 151.95663882445837, 600.9503779188906, 150.4305727720959, 591.2617966040116, 142.1260745021996, 581.4194282841344, 134.4367242522956, 573.5762910292324, 128.43903105737047, 565.7331537743303, 123.51784689743192, 564.3490707293475, 122.28755085744729, 562.1960526593745, 113.98305258755096, 559.1203125594128, 95.2210379777852, 556.6597204794435, 84.4559476279196, 554.9680634244646, 78.76582844299064, 551.0680072330592, 64.09362121922709, 545.6854620581265, 51.17551279938837, 538.3036858182187, 39.79527442953045, 534.3052236882686, 35.335451284586135, 526.0007254183722, 28.261249054674455, 517.5463748093507, 21.950686337883738, 508.9343025294582, 15.491632127964376, 499.0919342095811, 11.031808983020056, 480.17613259481726, 6.879559848071898, 463.27313121327, 4.793322517544017, 451.8928928434121, 6.023618557528657, 434.514961278629, 8.791784647494097, 430.0551381336847, 6.792553582519057, 424.6725929587519, 7.407701602511377, 420.981704838798, 8.330423632499857, 422.05821387378455, 17.711430937382737, 422.36578788378074, 36.78101955714466, 416.8294557038498, 53.390016096937295, 412.21584555390746, 64.92404147179329, 404.3564174387705, 75.54023600390374, 392.05345703892414, 88.45834442374246, 381.28836668905853, 96.60905568864071, 366.0634531942486, 104.45219294354278, 350.6847526944406, 111.9877561884487, 331.6151640746787, 120.90740247833733, 322.3879437747939, 123.98314257829894, 298.94653189376305, 131.03364623714467, 275.4563194822675, 137.53093903181363, 252.29930157306262, 140.69628680357545, 237.47214622112568, 141.02948130586617, 216.81408707910123, 137.697536282959, 200.15436196456534, 132.8662159997436, 193.32387466760565, 129.53427097683644, 178.31650273924325, 118.1072565918047, 169.15365392624852, 111.77656104828107]], "scale": 3, "viewpoint": 2, "zoom_in": 2, "landmarks": [296, 75, 1, 160, 111, 1, 250, 141, 2, 325, 123, 2, 396, 87, 2, 423, 11, 2, 85, 192, 2, 116, 343, 2, 143, 442, 2, 168, 487, 2, 0, 0, 0, 0, 0, 0, 255, 497, 2, 243, 452, 2, 228, 385, 2, 183, 317, 2, 213, 358, 2, 243, 451, 2, 0, 0, 0, 0, 0, 0, 0, 0, 0, 591, 401, 2, 558, 239, 2, 551, 215, 2, 561, 258, 2, 574, 309, 2, 583, 353, 2, 592, 391, 2, 658, 335, 2, 647, 317, 2, 630, 282, 2, 615, 168, 2, 523, 26, 2], "style": 1, "bounding_box": [83, 7, 661, 520], "category_id": 2, "occlusion": 1, "category_name": "long sleeve top"}}