{"source": "shop", "pair_id": 1815, "item1": {"segmentation": [[338.3166463166458, 188.94207027540378, 339.55121421788044, 212.70750237416985, 349.11911545244857, 222.58404558404666, 362.0820784154119, 228.448243114911, 377.5141771808444, 228.448243114911, 395.10676977343746, 227.52231718898506, 400.6623253289932, 225.67046533713315, 409.61294261294404, 224.43589743589854, 417.02035002035166, 218.26305792972556, 423.19318952652463, 210.23836657170065, 426.2796092796111, 200.36182336182384, 426.2796092796111, 189.86799620132973, 429.36602903269767, 188.01614434947783, 440.1684981685004, 190.48528015194702, 454.67467100800695, 196.65811965812003, 465.16849816850106, 199.74453941120655, 470.41541174874817, 202.21367521367574, 472.2672636006, 207.76923076923146, 473.193189526526, 215.79392212725634, 471.3413376746741, 214.55935422602175, 470.1067697734395, 212.3988603988612, 467.3289919956616, 212.70750237416985, 464.24257224257514, 221.0408357075034, 462.08207841541457, 229.99145299145425, 461.46479446479725, 231.84330484330616, 460.53778320444883, 234.0510107176769, 460.53778320444883, 244.544837878171, 467.0192646859305, 241.76706010039314, 474.73531406864674, 234.97693664360284, 481.21679555012844, 227.87817121150388, 483.377289377289, 225.71767738434332, 490.78469678469656, 233.12508479175094, 505.29086962420314, 248.55718355718344, 518.2538325871665, 263.6806403473073, 522.2661782661789, 265.22385022385055, 527.2044498711173, 270.4707638040976, 539.5501288834633, 284.35965269298686, 538.932844932846, 288.3719983719993, 527.5130918464259, 298.2485415818761, 503.7476597476599, 317.6929860263211, 498.50074616741284, 322.32261565595087, 494.79704246370903, 322.0139736806422, 489.85877085877064, 316.76706010039516, 485.22914122914085, 311.82878849545676, 479.9822276488938, 307.50780084113563, 477.8217338217333, 303.8040971374318, 471.3402523402516, 303.18681318681456, 468.8711165377824, 301.33496133496266, 466.09333876000454, 301.026319359654, 461.15506715506615, 305.9645909645924, 458.685931352597, 307.199158865827, 448.80938814272014, 316.76706010039516, 446.0316103649423, 321.70533170533355, 441.4019807353125, 332.19915886582766, 438.00691900691737, 346.39668973002557, 440.7374847374851, 379.9078822412148, 442.8979785646456, 406.14245014245006, 444.4411884411889, 417.2535612535615, 446.91032424365807, 451.20417853751303, 448.4535341202013, 472.8091168091185, 449.68810202143595, 490.40170940171157, 452.77452177452244, 503.05603038936624, 457.71279337946083, 517.8708452041815, 460.01600868267434, 522.6019536019537, 460.63329263329166, 525.6883733550402, 460.324650657983, 528.1575091575095, 461.250576583909, 533.0957807624478, 463.1024284357609, 535.8735585402256, 464.9542802876128, 536.1822005155343, 473.28761362094633, 552.5402252068928, 471.7444037444031, 559.0217066883745, 464.64563831230413, 566.1204721204734, 465.57156423823005, 571.9846696513378, 467.1147741147733, 573.527879527881, 471.12711979378577, 594.8241758241779, 469.5839099172425, 597.6019536019558, 463.41107041106955, 600.9970153303509, 449.8308234974889, 604.7007190340547, 419.58390991724116, 605.9352869352892, 398.37009903676534, 603.3032153032143, 372.75281508614734, 601.760005426671, 357.93800027133216, 601.760005426671, 345.2836792836775, 604.8464251797575, 337.87627187626987, 605.7723511056835, 318.12318545651624, 606.3896350563008, 293.9797856464512, 606.874236874237, 285.64645231311766, 605.3310269976938, 284.7205263871917, 603.1705331705332, 285.02916836250034, 600.0841134174467, 286.5723782390436, 594.2199158865824, 265.89336589336403, 592.0594220594219, 252.31311897978344, 588.6643603310267, 244.59706959706716, 584.0347307013969, 242.4365757699066, 579.4051010717671, 230.7081807081779, 571.6890516890509, 222.683489350153, 565.2075702075692, 211.27988061321344, 559.0860127526787, 204.79839913173177, 555.6909510242835, 202.6379053045712, 551.6786053452711, 202.6379053045712, 546.7403337403327, 209.42802876136153, 531.3082349749002, 212.20580653913936, 529.1477411477397, 215.29222629222588, 524.5181115181099, 215.90951024284317, 517.7279880613196, 225.47741147741132, 486.2465065798373, 238.87369420702845, 451.70682404015713, 255.23171889838693, 408.4969474969461, 264.1823361823378, 386.583367250032, 273.7502374169059, 350.78089811422853, 276.83665716999246, 335.9660832994133, 283.2406729073391, 311.1410934744266, 287.8703025369689, 299.7213403880066, 290.33943833943806, 288.61022927689515, 286.32709266042565, 290.7707231040557, 279.5369692036353, 294.16578483245087, 272.746845746845, 296.6349206349201, 276.14190747524015, 292.31393298059896, 277.68511735178345, 287.37566137566057, 273.672771672771, 281.5114638447962, 268.11721611721526, 275.02998236331456, 257.9320309320298, 261.44973544973396, 247.4382037715357, 251.57319223985712, 255.15425315425196, 242.31393298059763, 269.6604259937585, 225.33862433862186, 275.5246235246229, 222.56084656084403, 279.5369692036353, 220.0917107583748, 280.4628951295613, 216.69664902997965, 283.54931488264776, 215.46208112874507, 289.41351241351214, 216.388007054671, 298.364129697463, 224.41269841269593, 298.65567765567744, 219.19196852530132, 296.4951838285169, 207.7722154388813, 294.64333197666497, 202.21665988332558, 293.1001221001217, 199.13024013023906, 293.1001221001217, 195.7351784018439, 295.56925790259095, 194.19196852530067, 297.72975172975146, 192.34011667344876, 310.07543074209747, 190.79690679690552, 323.9643196309867, 190.17962284628823, 330.13715913715976, 189.87098087097957]], "scale": 2, "viewpoint": 2, "zoom_in": 1, "landmarks": [380, 186, 1, 338, 189, 1, 340, 213, 1, 377, 230, 2, 414, 217, 2, 426, 191, 2, 294, 197, 2, 270, 225, 1, 248, 252, 1, 276, 300, 2, 293, 277, 2, 301, 246, 2, 296, 264, 2, 289, 299, 2, 277, 336, 2, 238, 451, 2, 201, 553, 2, 338, 605, 2, 469, 593, 2, 446, 451, 2, 437, 347, 2, 445, 320, 2, 457, 303, 2, 460, 295, 2, 479, 308, 2, 495, 322, 2, 539, 287, 2, 505, 250, 2, 469, 205, 2], "style": 1, "bounding_box": [200, 185, 542, 610], "category_id": 10, "occlusion": 1, "category_name": "short sleeve dress"}}