{"source": "shop", "pair_id": 1819, "item1": {"segmentation": [[209.85048010973958, 185.50135214579652, 206.00960219478753, 198.67007642563206, 205.4609053497944, 213.484891240447, 204.3635116598081, 222.8127376053305, 206.00960219478753, 233.78667450519345, 208.20438957476014, 238.1762492651386, 219.72702331961622, 242.01712718009063, 232.89574759945174, 246.40670194003582, 243.86968449931467, 249.15018616500154, 254.8436213991776, 249.15018616500154, 270.75582990397885, 243.66321771507006, 287.21673525377327, 237.07885557515232, 294.3497942386841, 231.0431902802277, 301.48285322359504, 219.5205565353716, 311.3593964334717, 205.80313541054295, 318.49245541838263, 193.73180482069372, 321.23593964334833, 189.34223006074856, 328.91769547325237, 189.34223006074856, 340.44032921810845, 193.73180482069372, 342.635116598081, 198.67007642563206, 339.3429355281222, 207.4492259455224, 334.4046639231839, 218.97185969037847, 332.2098765432113, 228.8484029002551, 331.11248285322495, 250.24757985498783, 332.7585733882044, 273.2928473447, 332.7585733882044, 279.87720948461777, 332.7585733882044, 283.16939055457664, 335.5020576131701, 282.62069370958346, 334.4046639231839, 293.04593376445325, 332.7585733882044, 311.70162649422025, 332.2098765432113, 328.71122868900784, 330.0150891632387, 350.65910248873365, 328.91769547325237, 369.31479521850065, 329.32929649225935, 379.8250048990786, 331.5240838722319, 388.60415441896896, 334.2675680971977, 394.63981971389353, 339.205839702136, 401.22418185381133, 352.9232608269647, 416.5876935136194, 368.8354693317659, 440.73035469331785, 380.9067999216151, 454.9964726631397, 390.7833431314918, 470.9086811679409, 399.5624926513821, 489.01567705271475, 404.50076425632045, 502.1844013325503, 410.5364295512451, 519.742700372331, 419.3155790711354, 547.1775426219883, 428.6434254360189, 579.0019596315908, 436.78059964726623, 609.5912208504798, 441.7188712522045, 626.0521262002742, 444.46235547717026, 635.9286694101507, 445.0110523221634, 639.7695473251028, 437.8779933372525, 643.0617283950617, 428.550146972369, 648.5486968449932, 417.57621007250606, 652.3895747599452, 409.34575739760885, 656.7791495198903, 400.01791103272535, 660.6200274348424, 394.5309425827939, 665.5582990397806, 385.7517930629036, 668.8504801097396, 376.9726435430132, 671.5939643347053, 361.06043503821195, 677.0809327846367, 337.4664707035067, 681.4705075445819, 319.3594748187328, 684.2139917695476, 313.8725063688014, 686.4087791495202, 313.3238095238082, 690.2496570644723, 307.8368410738767, 694.0905349794243, 293.57072310405493, 694.6392318244175, 279.30460513423316, 694.6392318244175, 270.5254556143428, 690.7983539094654, 268.8793650793633, 685.8600823045272, 268.8793650793633, 682.0192043895751, 252.12137958063892, 683.208543993729, 223.58914364099527, 687.0494219086811, 198.89778561630368, 687.5981187536743, 174.20642759161208, 689.7929061336469, 153.3559474818725, 687.5981187536743, 141.28461689202328, 684.3059376837153, 140.187223202037, 681.0137566137564, 141.83331373701643, 674.9780913188318, 133.05416421712607, 672.7833039388593, 133.05416421712607, 672.7833039388593, 114.3984714873591, 668.9424260239073, 102.32714089750988, 665.1015481089552, 101.22974720752359, 659.6145796590238, 102.32714089750988, 647.5432490691745, 106.1680188124619, 629.4362531844007, 111.1062904174002, 604.196198314716, 110.55759357240706, 594.8683519498325, 113.84977464236596, 578.407446600038, 117.69065255731797, 561.3978444052505, 120.43413678228372, 546.0343327454424, 119.88543993729056, 537.2551832255521, 125.37240838722202, 516.9533999608057, 128.6645894571809, 514.2099157358399, 126.46980207720833, 512.5638252008605, 124.82371154222888, 508.7229472859084, 128.11589261218776, 507.076856750929, 131.40807368214664, 496.1029198510661, 141.48112874779545, 466.3989417989415, 150.80897511267895, 442.25628061924306, 162.88030570252818, 417.0162257495583, 175.50033313737055, 398.90922986478444, 179.88990789731574, 391.7761708798736, 180.98730158730203, 384.0944150499695, 181.53599843229517, 365.4387223202025, 179.3412110523226, 340.7473642955109, 177.69512051734313, 317.70209680579876, 173.30554575739797, 298.4977072310386, 174.0006270821086, 281.0665490887717, 173.45193023711545, 270.6413090339019, 171.25714285714287, 265.15434058397045, 170.70844601214972, 248.14473838918292, 175.09802077209488, 242.1090730942583, 178.39020184205378, 222.90468351949818, 182.77977660199895, 200.9568097197723, 186.07195767195782, 193.27505388986825, 191.5589261218893, 187.23938859494365, 198.14328826180704, 184.4959043699779]], "scale": 3, "viewpoint": 2, "zoom_in": 1, "landmarks": [248, 239, 1, 207, 189, 1, 206, 236, 2, 248, 251, 2, 292, 236, 2, 322, 190, 1, 187, 196, 2, 176, 291, 2, 180, 337, 2, 183, 382, 2, 132, 507, 2, 102, 663, 2, 287, 696, 2, 443, 641, 2, 402, 496, 2, 327, 381, 2, 330, 337, 2, 333, 297, 2, 341, 197, 1], "style": 2, "bounding_box": [95, 176, 448, 701], "category_id": 12, "occlusion": 2, "category_name": "vest dress"}}