{"source": "shop", "pair_id": 1815, "item1": {"segmentation": [[316.28102645277124, 187.06657331587962, 316.9836115441648, 199.69489334195123, 316.63759078291906, 211.45959922430447, 318.3676945891475, 215.265827598007, 319.05973611163887, 216.30388988174406, 324.9420890528155, 216.99593140423542, 332.90056656146623, 219.07205597170952, 341.2050648313627, 221.840222061675, 343.6272101600824, 224.60838815164047, 346.39537625004795, 224.95440891288615, 359.19814441613823, 223.9163466291491, 368.19468420852604, 223.57032586790342, 382.0355146583534, 219.07205597170952, 390.6860336894955, 212.15164074679583, 395.1843035856894, 203.84714247689942, 400.3746150043747, 186.20008365336952, 402.7967603330944, 180.31773071219288, 409.3711547967624, 179.27966842845584, 415.2535077379391, 179.97170995094723, 424.94208905281823, 183.08589680215837, 435.32271189018877, 186.20008365336952, 446.3953762500507, 192.42845735579183, 454.70316603729606, 200.26844023990168, 461.8375298898528, 202.64656152408725, 466.8229548229549, 206.00313971742509, 469.5440432583291, 209.40450026164282, 470.4510727367872, 213.71289028431866, 470.9045874760162, 219.3818245246816, 469.99755799755815, 226.63806035234617, 469.3172858887146, 230.7196930054075, 467.72998430141297, 231.85347985348008, 467.0497121925694, 228.2253619396478, 466.5961974533404, 222.55642769928485, 465.6891679748823, 219.83533926391064, 464.3286237571952, 217.34100819815094, 461.8342926914355, 213.25937554508963, 458.65968951683226, 211.21855921855897, 455.93860108145805, 209.85801500087186, 453.44427001569835, 208.27071341357026, 450.94993894993866, 208.49747078318478, 446.4147915576483, 217.34100819815094, 440.74585731728536, 229.5859061573349, 438.25152625152566, 235.02808302808333, 455.2583289726145, 234.8013256584688, 456.16535845107256, 233.4407814407817, 462.9680795395081, 233.4407814407817, 464.5553811268097, 234.12105354962526, 467.9567416710275, 239.10971568114462, 469.77080062794363, 242.05756148613335, 469.99755799755815, 247.9532530961108, 468.63701377987104, 250.90109890109954, 464.3286237571952, 254.98273155416086, 462.51456480027906, 256.11651840223345, 461.3807779522065, 256.11651840223345, 460.2469911041339, 267.68114425257386, 460.2469911041339, 271.0825047967916, 462.51456480027906, 276.52468166754005, 464.5553811268097, 283.3274027559755, 465.4184545613114, 290.3540903540902, 466.7789987789985, 299.1976277690564, 468.36630036630015, 314.6171289028436, 469.0465724751437, 319.8325484039775, 468.36630036630015, 320.51282051282107, 468.13954299668563, 323.4606663178098, 465.1916971916969, 324.8212105354969, 444.1032618175468, 325.5014826443404, 441.97244025815473, 327.39577882434986, 440.3851386708531, 329.66335252049504, 441.2921681493112, 333.0647130647128, 443.7864992150709, 344.85609628466773, 445.82731554160154, 356.42072213500813, 447.41461712890316, 367.305075876505, 453.3103087388806, 390.2075702075712, 459.4327577184726, 408.57491714634716, 468.98935984650296, 445.0361067503928, 473.97802197802235, 464.76399790685576, 479.6504447933016, 491.38810395953203, 484.8658642944355, 517.238444095587, 489.1742543171113, 541.2747252747259, 490.485958485958, 551.7467294610148, 491.16623059480156, 562.6310832025116, 492.7535321821032, 564.2183847898132, 493.2070469213322, 571.0211058782487, 495.02110587824836, 575.3294959009245, 495.92813535670643, 576.9167974882262, 497.51543694400806, 577.8238269666842, 497.9689516832371, 585.7603349031923, 495.7013779870919, 588.254665968952, 492.56049839512025, 590.2057775656828, 488.515287211301, 593.5371279523574, 484.47007602748175, 596.6305247399839, 484.2321224284335, 598.7721071314177, 487.0875656170118, 600.6757359238032, 491.3707303998793, 612.5734158762127, 494.2261735884576, 620.4258846448031, 494.5060174804368, 622.5266226931902, 491.8885278909067, 625.8579730798649, 486.8915023108947, 629.4272770655879, 478.8010799432562, 632.0447666551179, 472.13837916990684, 633.4724882494071, 455.71958083558167, 633.4724882494071, 448.5809728641359, 631.0929522589252, 443.10804008602753, 625.3820658817685, 440.7564832549965, 621.5398735708065, 440.5185296559483, 618.6844303822282, 425.5274529159123, 613.9253584012645, 421.48224173209303, 612.7355904060234, 415.7713553549365, 613.2114976041198, 417.4370305482738, 636.0550431127463, 411.01228337397265, 639.3863934994209, 404.1116290015751, 641.0520686927582, 393.4037170444065, 640.81411509371, 387.69283066724995, 639.3863934994209, 383.6476194834307, 635.5791359146498, 383.6476194834307, 612.4976368069753, 380.5542226958042, 611.7837760098307, 372.2258467291175, 615.8289871936499, 368.1806355452983, 618.2085231841319, 360.56612037575616, 625.1091775565294, 348.1925332252502, 632.0098319289269, 333.9153172823587, 636.7689039098908, 309.713396656883, 640.7244248909924, 289.72529433683496, 641.4382856881371, 271.64082080917245, 640.0105640938478, 254.5081616777027, 635.7273993109804, 237.85140974432935, 628.1128841414384, 234.99596655575104, 624.5435801557154, 234.99596655575104, 621.6881369671372, 236.185734550992, 615.5013433918842, 237.85140974432935, 601.4620810480409, 237.03603951075615, 592.8296997470106, 231.80106033169596, 588.5465349641432, 226.32812755358756, 583.7874629831794, 226.32812755358756, 580.932019794601, 230.35508691189793, 576.535526341594, 232.97257650142802, 573.4421295539676, 234.40029809571718, 572.0144079596784, 235.59006609095812, 570.5866863653893, 234.87620529381354, 568.6830575730037, 232.73462290237984, 567.2553359787146, 231.54485490713887, 564.8757999882326, 231.78280850618705, 556.7853776205942, 232.73462290237984, 552.0263056396303, 233.44848369952442, 548.4570016539075, 237.76119656666953, 535.7847958109712, 246.8034333305008, 511.27557510900755, 253.94204130194652, 490.81156559086315, 256.55953089147664, 477.4861640441644, 258.70111328291034, 470.1096024736705, 260.60474207529586, 459.6396441155501, 262.032463669585, 433.7027018192973, 268.7134162684432, 389.0426812925326, 271.3309058579733, 365.0093677886654, 274.66225624464795, 352.39782703911123, 278.7074674284672, 335.97902870478606, 278.46951382941904, 330.7440495257258, 272.9965810513106, 329.07837433238853, 265.38206588176854, 325.27111674761744, 257.05368991508186, 324.7952095495211, 256.57778271698544, 328.6024671342921, 242.53852037314218, 329.07837433238853, 242.53852037314218, 323.3674879552319, 241.34875237790123, 305.7589216256658, 242.01481326525928, 281.2540416157309, 242.72867406240385, 271.0220368566587, 242.49072046335567, 261.74184649377924, 241.7768596662111, 255.55505291852626, 239.87323087382555, 250.79598093756243, 238.6834628785846, 250.32007373946607, 238.9214164776328, 247.46463055088776, 246.06002444907853, 244.60918736230948, 258.67156519863266, 242.46760497087575, 267.7138019624639, 241.0398833765866, 272.23492034437953, 241.515790574683, 271.17030025298936, 227.4163861123999, 267.8389498663147, 207.66623739140005, 265.9353210739291, 201.95535101424346, 264.50759947964, 199.81376862280973, 264.7455530786882, 196.24446463708688, 268.04735538108514, 195.12561204411236, 275.4239169515791, 192.03221525648587, 279.46912813539836, 190.8424472612449, 285.4179681116031, 187.27314327552205, 291.3668080878079, 183.7038392897992, 296.1258800687717, 182.03816409646186, 302.07472004497646, 181.32430329931725, 308.13741166626323, 181.12128442646005, 312.42057644913064, 182.54900602074918]], "scale": 2, "viewpoint": 2, "zoom_in": 1, "landmarks": [360, 183, 1, 316, 187, 1, 316, 212, 1, 359, 225, 2, 390, 212, 1, 400, 186, 1, 266, 196, 2, 244, 271, 2, 243, 327, 2, 280, 328, 2, 278, 291, 2, 273, 251, 2, 275, 272, 2, 280, 311, 2, 270, 365, 2, 256, 477, 2, 236, 622, 2, 381, 635, 2, 500, 585, 2, 473, 465, 2, 444, 357, 2, 431, 308, 1, 422, 271, 1, 428, 257, 2, 421, 273, 1, 417, 296, 1, 463, 321, 2, 460, 268, 2, 463, 209, 2], "style": 1, "bounding_box": [225, 180, 502, 647], "category_id": 10, "occlusion": 2, "category_name": "short sleeve dress"}}