{"source": "shop", "pair_id": 1834, "item1": {"segmentation": [[187.29206349206345, 114.46631393298058, 196.2151675485009, 125.58024691358025, 204.7089947089947, 134.66666666666669, 217.5389770723104, 140.39223985890652, 235.44021164021163, 141.0095238095238, 251.9188712522046, 139.80246913580248, 271.74285714285713, 134.12451499118166, 281.2243386243386, 126.02574955908288, 284.8229276895944, 120.63915343915343, 289.12142857142857, 114.73571428571428, 295.2490299823633, 115.55661375661374, 305.5206349206349, 118.32204585537917, 315.9897707231041, 121.48253968253968, 328.37142857142857, 128.2357142857143, 332.3848324514991, 135.1121693121693, 334.36014109347445, 143.60599647266315, 335.74285714285713, 159.80352733686067, 335.9403880070547, 179.35908289241624, 337.12557319223987, 194.56895943562614, 336.29982363315696, 223.18024691358025, 333.13932980599645, 245.50123456790124, 330.9664902998236, 260.3160493827161, 326.6357142857143, 263.97142857142865, 320.694885361552, 263.6740740740741, 312.65714285714284, 260.9, 304.15714285714284, 259.9, 296.65714285714284, 259.65, 297.01428571428573, 251.0928571428572, 298.0543209876543, 242.88218694885364, 301.2148148148148, 224.90687830687833, 302.51428571428573, 215.59285714285718, 300.01428571428573, 213.84285714285718, 297.01428571428573, 218.84285714285718, 293.38571428571424, 233.2214285714286, 290.94320987654316, 246.04268077601412, 289.13571428571424, 252.2214285714286, 285.31428571428575, 260.4142857142857, 290.3506172839506, 269.94391534391536, 295.2888888888889, 280.41305114638453, 300.81428571428575, 297.4428571428571, 304.17777777777775, 306.6846560846561, 307.33827160493826, 324.857495590829, 310.1037037037037, 337.30194003527345, 314.74285714285713, 363.83139329805994, 317.1132275132275, 388.32522045855376, 318.69347442680777, 406.3005291005291, 329.94708994709, 494.1760141093474, 331.92239858906527, 526.76860670194, 331.52733686067023, 543.7562610229277, 333.91393298059967, 561.3975308641976, 333.37989417989417, 574.9647266313933, 338.31816578483244, 612.1005291005291, 341.28112874779544, 632.2486772486773, 344.3294532627866, 671.8102292768959, 339.92857142857144, 677.7857142857143, 333.42857142857144, 678.2857142857143, 325.42857142857144, 678.0357142857143, 316.558024691358, 675.54708994709, 314.38518518518515, 677.5223985890653, 314.1857142857143, 683.6785714285714, 312.1857142857143, 687.9285714285714, 304.9357142857143, 689.6785714285714, 296.40987654320986, 688.7816578483246, 287.4357142857143, 687.4285714285714, 287.1259259259259, 682.263139329806, 286.6835897000085, 675.8098410809893, 283.82814651143025, 675.5718874819411, 284.1629629629629, 683.4483245149912, 283.359921815246, 687.6230135123651, 281.79259259259254, 690.9544973544974, 278.8296296296296, 693.1273368606702, 272.3111111111111, 694.1149911816578, 263.4222222222222, 694.905114638448, 256.11358024691356, 693.5223985890653, 252.42595393898188, 692.3820854933289, 248.14278915611453, 689.5266423047506, 247.56190476190477, 682.7248677248677, 246.47711396277722, 671.9180759751848, 244.5989417989418, 670.6754850088183, 243.61128747795414, 676.9964726631393, 243.61128747795414, 686.6754850088183, 242.821164021164, 692.6014109347443, 241.9559955808617, 698.0929718704853, 237.91078439704253, 701.0, 231.01013002464515, 701.0, 216.6462081128748, 701.0, 204.00423280423283, 701.0, 189.38694885361554, 700.5132275132274, 184.44867724867726, 699.5255731922398, 179.1153439153439, 696.3650793650793, 177.1400352733686, 691.2292768959435, 177.1400352733686, 685.5008818342151, 177.1400352733686, 682.9329805996472, 174.96719576719576, 682.9329805996472, 174.37460317460318, 685.8959435626102, 168.2511463844797, 687.8712522045855, 162.12768959435624, 688.068783068783, 155.60917107583774, 687.8712522045855, 150.868430335097, 685.5008818342151, 149.6832451499118, 679.7724867724868, 148.10714285714286, 675.8428571428572, 145.81869488536157, 673.7587301587301, 132.60714285714286, 673.3428571428572, 126.85714285714285, 670.8428571428572, 127.35714285714286, 660.0928571428572, 129.22610229276896, 646.1044091710758, 130.21375661375663, 630.6970017636684, 130.59823633156967, 606.3135802469136, 131.5858906525573, 582.0172839506173, 137.51181657848323, 552.5851851851852, 138.30194003527336, 528.6839506172839, 137.82151675485008, 512.7407407407408, 141.57460317460317, 491.6049382716049, 145.13015873015874, 474.2222222222222, 146.67548500881833, 443.1763668430335, 150.62610229276893, 416.70723104056435, 153.98412698412696, 392.41093474426805, 159.0557319223986, 339.8398589065256, 164.1915343915344, 311.1978835978836, 168.37954144620812, 293.6899470899471, 177.0708994708995, 275.51710758377425, 183.4, 262.8642857142857, 180.65, 257.6142857142857, 169.6395061728395, 256.90194003527336, 158.18271604938272, 257.49453262786596, 149.02045855379185, 260.4539682539683, 140.99576719576714, 259.83668430335103, 137.441975308642, 254.13650793650794, 136.36613756613752, 242.8613756613757, 138.83527336860664, 232.67619047619053, 142.18271604938272, 220.16119929453262, 143.9604938271605, 199.0253968253968, 141.4331569664903, 177.08395061728396, 140.56014109347444, 154.3978835978836, 140.16507936507938, 144.52134038800708, 144.9058201058201, 132.07689594356262, 153.03280423280418, 124.34285714285713, 164.6589065255732, 122.00282186948854, 173.94285714285718, 119.63245149911818, 181.1192239858906, 116.62680776014108]], "scale": 3, "viewpoint": 1, "zoom_in": 1, "landmarks": [241, 117, 1, 188, 115, 2, 202, 135, 2, 235, 142, 2, 274, 136, 2, 288, 115, 2, 148, 133, 2, 144, 199, 2, 142, 260, 2, 174, 249, 2, 174, 222, 2, 171, 191, 2, 173, 204, 2, 175, 230, 2, 187, 263, 2, 147, 457, 2, 127, 670, 2, 252, 689, 2, 342, 673, 2, 321, 434, 2, 285, 261, 2, 298, 225, 2, 306, 193, 2, 306, 181, 2, 303, 214, 2, 297, 260, 2, 331, 260, 2, 334, 198, 2, 328, 132, 2], "style": 1, "bounding_box": [122, 110, 349, 701], "category_id": 10, "occlusion": 1, "category_name": "short sleeve dress"}}