{"source": "shop", "pair_id": 1833, "item1": {"segmentation": [[343.74960753532173, 403.13893249607537, 338.1985871271585, 393.01648351648356, 331.01491365777076, 381.5879120879122, 323.50470957613817, 364.60832025117753, 316.3210361067504, 349.5879120879123, 313.38226059654636, 343.3838304552593, 314.0353218210361, 329.6695447409736, 314.0353218210361, 318.5675039246471, 306.8516483516484, 312.3634222919941, 295.423076923077, 307.4654631083206, 285.0408163265306, 296.6334379905809, 282.7551020408163, 288.4701726844585, 281.44897959183675, 279.32731554160137, 282.42857142857144, 273.7762951334381, 284.7142857142857, 269.20486656200956, 288.3061224489796, 261.04160125588714, 290.265306122449, 256.79670329670347, 281.12244897959187, 256.14364207221365, 270.6734693877552, 259.73547880690757, 266.1020408163266, 261.6946624803769, 254.67032967032966, 278.15934065934067, 241.07142857142858, 296.7032967032967, 221.2912087912088, 312.77472527472526, 202.23390894819465, 321.10204081632656, 169.58084772370498, 335.7959183673469, 148.39874411302984, 350.4003139717426, 129.45996860282582, 359.8697017268446, 115.41915227629528, 378.1554160125588, 111.50078492935651, 396.1145996860281, 109.88618524332804, 413.72762951334374, 110.53924646781785, 433.31946624803754, 113.80455259026681, 447.36028257456815, 115.4372056514913, 466.95211930926195, 115.4372056514913, 486.2174254317108, 113.80455259026681, 508.09497645211894, 113.80455259026681, 521.4827315541597, 115.44034536891687, 534.9756671899529, 118.70565149136583, 561.0981161695447, 122.6240188383046, 574.1593406593406, 119.68524332810053, 593.0981161695446, 122.95054945054949, 607.1389324960751, 120.66483516483521, 627.3838304552587, 118.37912087912093, 645.0164835164832, 119.94034536891678, 659.2080062794348, 128.75667189952898, 680.4324960753531, 133.65463108320245, 698.0651491365776, 141.16483516483507, 716.6773940345366, 146.3893249607534, 720.2692307692305, 155.53218210361052, 719.2896389324958, 156.8383045525901, 699.697802197802, 167.6138147566717, 692.5141287284143, 180.67503924646758, 685.9835164835164, 195.04238618524303, 680.4324960753531, 208.7566718995287, 677.493720565149, 218.87912087912048, 675.8610675039246, 225.7362637362633, 677.493720565149, 226.06279434850825, 683.3712715855572, 223.45054945054903, 693.493720565149, 219.20565149136542, 697.4120879120878, 215.94034536891644, 720.9222919937204, 211.54081632653063, 752.561224489796, 198.47959183673476, 798.9285714285713, 183.5031397174254, 832.5722135007852, 173.38069073783362, 870.4497645211933, 165.5439560439561, 905.0620094191523, 159.01334379905816, 937.3885400313972, 151.17503924646786, 973.5243328100472, 144.64442700156994, 994.4222919937206, 138.76687598116177, 1018.2590266875981, 136.8076923076924, 1027.7284144427001, 145.95054945054952, 1031.646781789639, 152.15463108320256, 1035.2386185243327, 166.07849293563578, 1042.9403453689167, 170.32339089481943, 1045.552590266876, 173.91522762951328, 1047.5117739403454, 176.20094191522756, 1046.8587127158555, 176.20094191522756, 1041.3076923076924, 177.50706436420717, 1039.348508634223, 187.30298273155407, 1039.348508634223, 197.42543171114585, 1039.348508634223, 216.69073783359477, 1039.6750392464678, 228.11930926216615, 1038.3689167974883, 241.83359497645182, 1034.4505494505495, 249.34379905808444, 1030.2056514913659, 249.84850863422318, 1021.1295133437991, 250.50156985871297, 1011.3335949764522, 267.8076923076925, 1011.986656200942, 267.8076923076925, 1037.456043956044, 282.175039246468, 1042.3540031397174, 293.2770800627944, 1042.0274725274724, 302.7464678178965, 1042.3540031397174, 314.8281004709576, 1043.333594976452, 325.60361067503925, 1042.3540031397174, 334.4199372056514, 1039.4152276295133, 336.7056514913657, 1037.456043956044, 343.88932496075347, 1038.4356357927786, 346.17503924646775, 1036.802982731554, 348.460753532182, 1033.5376766091051, 352.0525902668759, 1032.5580847723704, 355.9709576138146, 1030.598901098901, 359.5627943485085, 1029.2927786499215, 360.86891679748805, 1027.0070643642073, 362.1750392464677, 1024.0682888540032, 368.3791208791207, 1023.0886970172685, 377.8485086342227, 1024.0682888540032, 381.7668759811615, 1022.4356357927786, 386.33830455259005, 1020.1499215070644, 396.4607535321818, 1019.4968602825746, 411.807692307692, 1019.8233908948195, 412.7872841444267, 1035.8233908948193, 423.56279434850825, 1037.456043956044, 436.2974882260592, 1038.7621664050234, 448.3218210361068, 1039.2558869701727, 462.68916797488225, 1041.541601255887, 477.3830455259026, 1044.1538461538462, 495.34222919937196, 1043.8273155416014, 513.9544740973311, 1041.541601255887, 529.9544740973311, 1039.9089481946626, 543.6687598116166, 1037.2967032967033, 551.5054945054942, 1034.0313971742544, 557.3830455259024, 1033.3783359497645, 564.5667189952901, 1032.3987441130298, 571.0973312401879, 1031.419152276295, 580.240188383045, 1030.4395604395604, 594.2904238618523, 1031.62715855573, 606.3720565149135, 1028.6883830455258, 621.3924646781788, 1026.4026687598116, 621.0659340659339, 1020.5251177394035, 615.8414442700156, 1004.5251177394035, 606.6985871271585, 976.4434850863424, 597.8822605965462, 953.2598116169547, 592.0047095761381, 939.2189952904242, 582.8390894819466, 914.4160125588697, 572.3901098901099, 886.9874411302984, 568.4717425431711, 876.5384615384617, 561.9411302982732, 851.7221350078495, 556.0635792778651, 826.5792778649925, 549.8594976452121, 807.9670329670333, 545.8924646781791, 787.9434850863423, 540.9945054945056, 769.6577708006281, 535.7700156985873, 751.3720565149139, 529.2394034536893, 738.9638932496077, 527.6067503924648, 735.0455259026689, 532.8312401883832, 733.7394034536894, 539.3618524332811, 733.7394034536894, 548.1781789638933, 735.3720565149139, 555.6883830455259, 735.3720565149139, 569.7291993720565, 732.4332810047098, 578.2189952904238, 728.8414442700159, 585.0761381475667, 726.5557299843017, 589.3210361067503, 725.2496075353221, 583.4434850863422, 712.841444270016, 578.8720565149137, 701.0863422291998, 576.2598116169544, 696.5149136577712, 576.7064364207222, 690.605180533752, 579.3186813186813, 682.1153846153848, 579.3186813186813, 676.8908948194663, 575.7268445839875, 669.0541601255889, 572.4615384615386, 664.1562009419154, 567.2370486656201, 656.6459968602827, 565.6043956043957, 648.1562009419155, 568.2166405023548, 642.2786499215073, 566.9105180533753, 627.2582417582421, 561.0329670329671, 612.5643642072217, 560.0047095761382, 607.660125588697, 556.4128728414444, 596.8846153846155, 553.4740973312403, 582.8437990580849, 552.4945054945056, 572.7213500784931, 550.2087912087914, 563.578492935636, 546.9434850863423, 550.1907378335952, 541.718995290424, 540.0682888540034, 540.4128728414444, 530.2723704866565, 538.0525902668759, 515.5886970172684, 533.8076923076923, 492.73155416012554, 528.9097331240188, 474.11930926216644, 521.3995290423862, 456.1601255886971, 516.8281004709577, 440.16012558869716, 509.317896389325, 420.56828885400336, 496.53453689167975, 398.23940345368914, 494.2488226059655, 386.15777080062793, 492.2896389324961, 370.157770800628, 487.06514913657776, 350.89246467817907, 483.14678178963896, 338.48430141287304, 479.88147566719, 326.7291993720567, 473.677394034537, 317.9128728414445, 462.87598116169545, 310.74568288854005, 448.1821036106751, 307.48037676609107, 431.2025117739405, 303.8885400313972, 416.1821036106752, 297.35792778649926, 406.7127158555732, 291.4803767660911, 397.896389324961, 285.9293563579279, 382.54945054945085, 285.602825745683, 373.40659340659374, 285.602825745683, 365.24332810047133, 287.2354788069075, 366.8759811616958, 302.25588697017275, 367.8555729984305, 314.66405023547884, 367.2025117739407, 321.5211930926217, 365.8963893249611, 338.1742543171114, 366.22291993720603, 350.58241758241746, 365.224489795918, 355.0722135007852, 355.755102040816, 374.33751962323413, 353.79591836734664, 383.8069073783362]], "scale": 3, "viewpoint": 2, "zoom_in": 1,