{"source": "shop", "pair_id": 1828, "item1": {"segmentation": [[321.3934065934066, 221.86153846153846, 313.0527472527472, 225.1978021978022, 305.26813186813183, 228.53406593406592, 297.73129678174297, 232.6643272254218, 285.83361682933366, 236.70953840924096, 274.64979767406896, 239.56498159781918, 264.6557465140452, 243.37223918259016, 256.32737054735867, 246.22768237116838, 246.09536578828667, 250.7488007530839, 237.52903622255198, 254.5560583378549, 232.2940570434919, 257.88740872452945, 230.3904282511064, 262.6464807054932, 222.77591308156448, 271.92667106837246, 217.18751658811146, 279.82827333285394, 211.41760676996134, 288.0733432772214, 206.47960463094313, 299.8163756529015, 203.3862078433167, 309.33451961482893, 201.24462545188302, 318.8526635767564, 198.10209516836522, 329.91399284831766, 195.4846055788352, 339.4321368102451, 192.1532551921606, 348.47437357407614, 189.29781200358238, 356.3268423426663, 185.96646161690776, 365.36907910649734, 185.01464722071503, 372.2697334788947, 185.72850801785958, 374.88722306842476, 189.0598584045342, 377.0288054598584, 195.00869838073882, 378.93243425224387, 207.23340659340658, 383.4610989010989, 217.4734065934066, 386.82109890109894, 226.4334065934066, 388.9010989010989, 235.0734065934066, 391.3010989010989, 239.55340659340658, 392.1010989010989, 246.8825829732433, 391.7819286008459, 248.54825816658058, 389.4023926103641, 249.9759797608697, 384.64332062940036, 252.35551575135156, 379.4083414503403, 254.5934065934066, 380.7410989010989, 256.1934065934066, 393.0610989010989, 256.9934065934066, 401.70109890109893, 257.7934065934066, 410.1810989010989, 258.89142857142855, 420.44659340659337, 259.84017101280637, 428.6159468134483, 260.5540318099509, 438.13409077537574, 260.5540318099509, 447.65223473730316, 261.7437998051918, 458.5981002935197, 261.98175340424, 466.4505690621098, 261.7437998051918, 473.58917703355536, 474.86153846153843, 473.19340659340656, 473.6717704662975, 470.8138706029247, 474.62358486249025, 464.1511698295755, 474.38563126344206, 456.0607474619372, 476.2892600558275, 449.6360002876362, 477.95493524916486, 441.3076243209497, 479.38265684345396, 432.02743395807045, 481.04833203679124, 422.9851971942394, 482.95196082917676, 412.0393316380229, 484.37968242346585, 399.9036980865654, 486.6648655102254, 390.9262378183157, 487.7513299737836, 385.3128380899318, 488.6567170267487, 381.32913505688515, 490.59349942145894, 378.0656699635879, 491.9161104174232, 380.061593182734, 492.08186359095447, 383.8296794114976, 493.5458071127605, 388.93438630179236, 494.72649169012806, 392.9536463536464, 503.142909874191, 395.9964053149205, 510.2049288873191, 395.81532790432743, 518.7155671851915, 394.3667086195832, 527.8680978747606, 392.0518189722235, 537.386241836688, 390.38614377888615, 545.7146178033745, 388.0066077884043, 554.5189009681574, 385.38911819887426, 559.7538801472175, 382.77162860934425, 565.4647665243739, 381.1059534160069, 564.0370449300848, 377.06074223218775, 561.8954625386511, 371.5878094540795, 559.5159265481693, 365.4010158788267, 557.6122977557839, 360.641943897863, 554.9948081662537, 352.78947512927283, 552.1393649776755, 345.6508671578273, 550.7116433833864, 337.56044479018897, 548.5700609919528, 326.61457923397245, 547.1423393976636, 320.4277856587196, 544.7628034071818, 313.28917768727405, 541.6694066195554, 305.1987553196357, 538.3380562328807, 297.3462865510456, 533.5789842519171, 287.1142817919736, 528.9285956161625, 279.065279039818, 522.7418020409096, 270.4989494740833, 517.982730059946, 264.3121558988305, 511.32002928659676, 260.5048983140595, 504.8952821122958, 258.1253623235777, 495.61509174941654, 254.79401193690308, 488.47648377797094, 251.70061514927664, 478.24447901889897, 247.8933575645057, 467.7391937033817, 243.57918951958217, 458.69695693955066, 239.29602473671483, 451.0824417700087, 235.25081355289566, 443.46792660046674, 232.15741676526926, 438.23294742140666, 230.72969517098014, 434.9015970347321, 228.1122055814501, 432.04615384615386, 225.49471599192006, 429.1907106575756, 224.06699439763094, 426.9990774657441, 224.36583909917238, 429.1907106575756, 226.4465303881128, 431.3322930490093, 229.06401997764283, 431.76747252747253, 232.13670329670325, 431.2874725274725, 235.49670329670326, 428.47684986043106, 242.38942152434123, 424.90754587470826, 246.4346327081604, 420.38642749279273, 251.66961188722047, 415.8653091108772, 255.00096227389508, 410.15442273372076, 258.33231266056964, 403.2537683613234, 261.90161664629244, 396.1151603898778, 263.3293382405816, 388.7385988193841, 264.5191062358225, 382.31385164508305, 264.7570598348707, 375.1752436736375, 263.80524543867796, 367.79868210314373, 262.1395702453406, 361.13598132979456, 259.7600342548588, 354.9491877545417, 257.6184518634251, 347.7310326793967, 254.19468134483006, 340.5924247079512, 250.6253773591073, 335.83335272698747, 245.86630537814358, 332.50200234031286, 242.0590477933726, 329.4086055526864, 237.0620222133607, 325.60134796791544, 230.16136784096332, 323.4597655764818, 225.6402494590478, 326.0772551660118, 221.35708467618045]], "scale": 2, "viewpoint": 2, "zoom_in": 2, "landmarks": [384, 227, 1, 325, 225, 2, 343, 252, 2, 382, 265, 2, 421, 254, 2, 433, 228, 2, 235, 259, 2, 203, 313, 2, 186, 374, 2, 248, 391, 2, 254, 368, 2, 256, 341, 2, 255, 377, 2, 0, 0, 0, 0, 0, 0, 0, 0, 0, 0, 0, 0, 0, 0, 0, 487, 385, 2, 500, 348, 2, 498, 372, 2, 498, 395, 2, 564, 382, 2, 547, 320, 2, 518, 268, 2], "style": 2, "bounding_box": [158, 186, 621, 475], "category_id": 1, "occlusion": 1, "category_name": "short sleeve top"}}