{"source": "shop", "pair_id": 1834, "item1": {"segmentation": [[183.6, 82.54285714285714, 194.08306375873948, 93.78810393404986, 205.2, 97.97142857142858, 219.85714285714286, 101.82857142857144, 239.9142857142857, 99.51428571428572, 255.34285714285716, 95.65714285714286, 263.2670807453416, 89.1116932217121, 267.425870915474, 81.36122063192003, 281.2254928436403, 84.00772346745879, 291.43343235214695, 86.27615446934915, 300.3181204428842, 87.97747772076693, 305.23305428031335, 89.4897650553605, 310.33702403456664, 96.48409397785578, 316.00496894409935, 106.63089386983526, 319.5966513637591, 118.91822846340807, 326.02387253578183, 142.16964623278426, 330.1489603024574, 155.6660545503646, 334.8056170672428, 172.69300567107751, 339.7205509046719, 194.99924385633275, 340.2876586551445, 202.938752362949, 338.9644072373751, 209.17693761814752, 337.3547934107481, 212.9922765325412, 329.2262489873076, 215.82781528490418, 320.34156089657034, 216.20588711855257, 313.15819605725085, 214.69359978395897, 310.18104239805564, 212.47664056170674, 305.2661085606265, 211.15338914393737, 298.082743721307, 210.96435322711318, 292.22263029975693, 211.53146097758577, 292.05449635430733, 217.29268160950582, 289.59702943559273, 226.93351336753986, 284.81560896570346, 237.29116932217116, 287.273075884418, 246.3648933297326, 292.2435322711315, 260.7709424790711, 296.93886038347284, 281.959168241966, 297.31693221712123, 303.3202268431002, 297.48101539292463, 319.710829057521, 301.2866864704294, 330.1633270321362, 303.55511747231975, 343.77391304347833, 305.94021064002163, 370.1425330812855, 307.0744261409668, 397.17466918714564, 308.5867134755604, 417.7795841209831, 310.3282743721307, 476.9874156089657, 312.7455036456927, 495.0278692951661, 315.95911423170406, 521.3038617337295, 320.11790440183637, 540.963597083446, 325.54285714285714, 576.2571428571429, 327.0857142857143, 602.4857142857143, 323.9485282203618, 635.2846880907372, 319.34647583040777, 649.3329192546585, 313.6753983256819, 655.5711045098569, 301.76613556575745, 657.6504995949231, 293.0277612746422, 656.4382932757225, 285.4663246016744, 658.7067242776128, 283.36446124763705, 665.1298946799892, 282.2954361328652, 671.2610856062653, 275.2359168241966, 671.9351876856603, 273.1565217391304, 675.7159060221443, 269.39827167161764, 677.9883877936809, 265.23948150148533, 676.2870645422631, 263.5156899810964, 673.0694031866055, 258.78979206049144, 673.4474750202539, 254.7613237608938, 677.6618804468845, 251.4288862440972, 678.1993703689485, 249.27892655584137, 675.1894268053903, 242.18405958459707, 675.4044227742158, 238.4422360248447, 678.1162840939779, 236.70166237954467, 682.2842937766346, 232.01501485282202, 685.2996489332974, 230.88079935187685, 690.0255468539024, 225.20972184715094, 691.7268701053201, 218.40442884147984, 690.4036186875508, 215.1908182554685, 685.6777207669458, 215.1908182554685, 678.8724277612747, 213.26857142857142, 674.0685714285714, 207.98857142857142, 674.3885714285714, 205.26857142857142, 678.3885714285714, 201.61714285714288, 683.5085714285714, 193.61714285714285, 686.7085714285714, 185.77714285714285, 687.1885714285714, 178.89714285714285, 686.2285714285714, 175.4046988927896, 681.6106400216041, 172.75819605725087, 672.914987847691, 166.89808263570075, 676.3176343505266, 157.4462867944909, 680.0983526870106, 150.26292195517144, 678.7751012692412, 147.04931136916008, 670.4575209289765, 145.9150958682149, 656.0907912503376, 145.96700406970672, 652.0302619221538, 142.03051579800166, 653.6348906292196, 136.92654604374832, 654.7691061301648, 132.2343524992173, 653.1989982260253, 130.773432119378, 647.0631326307002, 131.06561619534585, 635.3757695919859, 131.4445044558466, 621.6878206859303, 130.31028895490144, 607.6991628409398, 129.36656579359283, 589.6589168318899, 129.07438171762496, 576.2184493373684, 131.43888738860383, 563.413934647583, 132.7621388063732, 544.3213070483391, 134.6524979746152, 528.0642182014582, 137.10996489332973, 507.0812314339724, 142.21393464758305, 490.44607075344305, 143.0544088490034, 461.2091620578107, 143.36343505266, 438.0572508776667, 145.6318660545504, 418.96462327842283, 146.57704563867136, 412.3483661895759, 148.89538212260328, 402.8635160680529, 150.78574129084524, 376.3984877126653, 152.29802862543883, 358.818147448015, 158.48474210099917, 327.51525789900086, 161.13124493653794, 319.95382122603297, 160.56413718606535, 299.1598703753713, 163.7777477720767, 275.1523089386983, 166.65352416959223, 261.72578990008105, 171.00135025654876, 252.65206589251963, 175.6522800793071, 241.1386413440468, 171.00135025654876, 236.39497704563868, 167.22063192006482, 225.80896570348366, 165.13365334446414, 213.0889700511322, 159.87433997704264, 215.71862673484296, 144.83391844450443, 219.86837699162845, 129.90008101539289, 222.1368079935188, 125.93032676208475, 221.5697002430462, 124.22900351066698, 215.70958682149612, 122.7167161760734, 204.17839589522012, 125.55225492843635, 187.73227113151498, 131.34072837316083, 168.36929980173224, 133.4209559816365, 150.55490143127193, 135.39335673778018, 132.3840669727248, 139.36311099108832, 115.7489062921955, 143.89997299486905, 103.83964353227108, 151.1026735079665, 95.85179584120985, 161.31061301647313, 89.42457466918715, 173.21987577639754, 84.69867674858223]], "scale": 3, "viewpoint": 1, "zoom_in": 1, "landmarks": [230, 80, 1, 183, 84, 2, 199, 99, 2, 226, 103, 2, 257, 97, 2, 269, 82, 2, 155, 97, 2, 134, 150, 2, 128, 218, 2, 166, 214, 2, 169, 179, 2, 168, 155, 2, 172, 166, 2, 168, 198, 2, 176, 240, 2, 147, 428, 2, 134, 650, 2, 230, 689, 2, 315, 650, 2, 310, 440, 2, 283, 241, 2, 289, 200, 2, 289, 163, 2, 289, 151, 2, 290, 182, 2, 290, 213, 2, 339, 213, 2, 330, 155, 2, 304, 91, 2], "style": 1, "bounding_box": [123, 71, 342, 690], "category_id": 10, "occlusion": 1, "category_name": "short sleeve dress"}}