{"source": "shop", "pair_id": 1829, "item1": {"segmentation": [[178.03177078691743, 199.13693075483474, 183.58279119508072, 207.95325728544702, 193.37870956242767, 218.72876748952868, 200.88891364406035, 226.23897157116136, 210.03177078691752, 231.13693075483482, 219.1746279297747, 234.40223687728383, 228.97054629712164, 237.6675429997328, 241.7052401746727, 237.014481775243, 252.48075037875435, 233.749175652794, 261.6236075216115, 231.13693075483482, 269.13381160324417, 227.21856340789606, 278.27666874610134, 220.68795116299808, 286.1134034399789, 211.8716246323858, 289.43048747883427, 206.11478477854024, 294.32844666250776, 190.76784600303, 296.6141609482221, 175.42090722751976, 300.20599768291595, 159.42090722751973, 303.79783441760986, 146.03315212547886, 307.3896711523037, 134.60458069690742, 310.3284466625078, 126.11478477854006, 314.2468140094466, 124.80866232956046, 316.205997682916, 128.07396845200947, 314.2468140094466, 135.58417253364212, 311.96109972373233, 144.4004990642544, 309.02232421352824, 157.78825416629525, 306.410079315569, 172.48213171731567, 304.12436502985474, 185.86988681935654, 302.16518135638535, 197.6249888601729, 301.83865074414047, 207.42090722751985, 303.14477319312005, 218.8494786560913, 305.10395686658944, 231.25764192139746, 309.3488548257731, 249.5433562071118, 313.92028339720173, 263.58417253364246, 321.4304874788344, 275.3392745744588, 327.30803849924257, 281.216825594867, 326.90241511451745, 291.6102842883878, 324.6167008288032, 303.03885571695923, 324.6167008288032, 312.8347740843062, 323.96363960431336, 323.28375367614296, 323.6371089920685, 324.58987612512254, 323.31057837982354, 335.0388557169593, 322.98404776757866, 347.77354959451037, 322.98404776757866, 347.77354959451037, 323.31057837982354, 366.7123251047145, 322.6575171553338, 380.7531414312451, 322.33098654308884, 395.4470189822656, 322.33098654308884, 411.1204883700207, 322.6575171553338, 424.1817128598167, 324.3900721860797, 460.1652704750022, 324.0635415738348, 479.43057659745125, 324.0635415738348, 498.36935210765535, 326.0227252473042, 516.0020051688799, 327.0023170840389, 531.0224133321452, 327.65537830852867, 550.6142500668392, 327.98190892077355, 568.8999643525535, 327.25577043044296, 611.3276445949559, 326.60270920595315, 636.7970323500581, 325.94964798146333, 651.1643792888336, 324.64352553248375, 655.4092772480172, 317.78638267534086, 659.0011139827112, 310.929239818198, 661.2868282684254, 299.5006683896266, 662.5929507174051, 290.2565279386864, 664.0077533196685, 286.01162997950274, 663.6812227074236, 279.15448712235985, 664.3342839319133, 273.60346671419654, 663.0281614829338, 268.0524463060333, 660.0893859727297, 266.0932626325639, 657.8036716870154, 264.46060957133943, 655.844488013546, 264.46060957133943, 655.844488013546, 263.48101773460473, 654.5383655645664, 261.8483646733802, 659.4363247482398, 254.01162997950263, 662.0485696461991, 247.48101773460468, 662.0485696461991, 238.3381605917475, 661.3955084217092, 238.3381605917475, 664.9873451564032, 233.76673202031893, 671.1914267890562, 231.80754834684953, 675.109794135995, 229.19530344889034, 675.4363247482399, 228.21571161215564, 673.4771410747705, 226.25652793868625, 673.1506104625256, 222.99122181623727, 671.844488013546, 223.31775242848215, 669.5587737278317, 224.29734426521685, 663.0281614829338, 224.95040548970667, 657.8036716870154, 222.33816059174745, 657.8036716870154, 221.35856875501275, 658.1302022992603, 219.72591569378827, 660.4159165849745, 217.7667320203189, 661.7220390339542, 215.4810177346046, 662.3751002584439, 212.8687728366454, 662.3751002584439, 209.9299973264413, 662.7016308706889, 207.31775242848212, 663.0281614829338, 202.74632385705354, 664.6608145441583, 199.48101773460456, 664.3342839319133, 196.54224222440047, 663.0281614829338, 193.2769361019515, 659.4363247482398, 191.64428304072698, 657.8036716870154, 190.3381605917474, 655.844488013546, 188.0524463060331, 655.1914267890562, 185.11367079582902, 655.1914267890562, 181.19530344889023, 655.1914267890562, 178.90958916317592, 658.4567329115051, 176.05917476160775, 663.1280634524552, 174.09999108813835, 668.0260226361287, 167.89590945548528, 670.311736921843, 167.56937884324037, 670.311736921843, 158.0999910881383, 669.3321450851083, 151.89590945548522, 665.0872471259246, 147.65101149630155, 662.4750022279654, 144.38570537385257, 658.8831654932715, 141.44692986364848, 654.3117369218429, 141.44692986364848, 653.985206309598, 137.8550931289546, 648.1076552891899, 136.54897067997499, 646.4750022279653, 132.9571339452811, 645.8219410034756, 130.67141965956682, 642.8831654932715, 130.67141965956682, 635.3729614116388, 130.9979502718117, 626.2301042687816, 131.3244808840566, 618.7199001871489, 130.9979502718117, 606.6382675340877, 130.3448890473219, 593.2505124320469, 130.67141965956682, 580.1892879422509, 131.3244808840566, 569.4137777381693, 133.36275733000625, 535.7561714642189, 134.01581855449604, 524.9806612601373, 134.99541039123073, 512.899028607076, 135.97500222796543, 505.06229391319846, 136.95459406470013, 496.5724979948311, 137.281124676945, 490.36841636217804, 137.281124676945, 485.47045717850455, 138.58724712592462, 479.91943677034124, 139.8933695749042, 468.8173959540147, 141.1994920238838, 457.71535513768816, 141.52602263612872, 448.24596738258606, 141.8525532483736, 436.8173959540146, 141.8525532483736, 426.36841636217787, 142.8321450851083, 419.8378041172799, 143.48520630959808, 408.73576330095335, 143.48520630959808, 402.20515105605534, 144.87180286961944, 378.80273594153823, 146.17792531859905, 368.68028696194636, 145.52486409410923, 357.2517155333749, 144.54527225737453, 354.6394706354157, 143.73865965600214, 346.8013546029766, 144.06519026824702, 339.6176811335888, 146.35090455396133, 335.37278317440513, 147.65702700294094, 331.7809464397113, 145.69784332947154, 324.9238035825684, 145.69784332947154, 322.31155868460917, 147.33049639069603, 318.7197219499153, 147.98355761518582, 314.47482399073164, 148.6366188396756, 305.65849746011935, 145.69784332947154, 298.80135460297646, 145.04478210498172, 293.903395419303, 142.10600659477765, 285.4135995009356, 141.12641475804296, 280.18910970501724, 141.12641475804296, 275.6176811335887, 146.35090455396133, 269.41359950093556, 154.8407004723287, 260.59727297032333, 160.71825149273687, 251.45441582746616, 165.01078335264236, 238.41587202566618, 168.60262008733625, 225.68117814811512, 170.56180376080565, 212.29342304607428, 171.86792620978522, 200.21179039301302, 171.21486498529543, 189.10974957668645, 168.92915069958116, 176.04852508689052, 165.99037518937706, 160.0485250868905, 162.72506906692806, 144.04852508689044, 162.39853845468318, 128.7015863113802, 162.38512610284286, 122.83330362712772, 166.63002406202656, 125.7720791373318, 168.58920773549593, 134.91493628018898, 170.54839140896533, 146.99656893325022, 172.18104447018985, 159.07820158631148, 173.81369753141433, 170.18024240263804, 176.0994118171286, 182.2618750556993, 177.7320648783531, 194.01697709651563]], "scale": 2, "viewpoint": 1, "zoom_in": 1, "landmarks": [235, 247, 1, 178, 199, 2, 201, 226, 2, 233, 239, 2, 261, 233, 2, 289, 213, 2, 164, 125, 2, 143, 280, 2, 149, 320, 2, 146, 356, 2, 138, 499, 2, 135, 646, 2, 229, 672, 2, 326, 655, 2, 324, 491, 2, 322, 345, 2, 323, 313, 2, 326, 283, 2, 315, 129, 2], "style": 2, "bounding_box": [131, 121, 329, 675], "category_id": 13, "occlusion": 1, "category_name": "sling dress"}}