{"source": "shop", "pair_id": 1828, "item1": {"segmentation": [[346.08782685458584, 191.73061398435354, 339.43962740860246, 193.946680466348, 332.5144196523698, 198.10180512008762, 324.20417034489054, 202.53393808407654, 318.66400413990436, 203.08795470457514, 310.88619806369934, 206.43782264247375, 300.7185398700812, 209.68281993830936, 291.84888059479727, 212.92781723414492, 284.06088708479183, 215.7401482238691, 280.8158897889562, 218.1198129074819, 276.7055598808978, 223.74447488693025, 272.162563666728, 230.45080263165713, 268.9175663708924, 236.7244640702726, 265.8753707082533, 242.95509660701657, 264.1447054838076, 249.66142435174345, 262.41404025936197, 255.71875263730323, 261.54870764713917, 261.9924140759187, 260.68337503491637, 269.3477412798127, 260.68337503491637, 278.0010674020409, 259.6017092696378, 285.57272775899065, 258.9527098104707, 294.875053340386, 256.9884998722208, 301.20097231054507, 255.25783464777516, 305.3113022186035, 255.43089637635092, 308.3740986286441, 258.0755244755245, 309.6964126782309, 263.6292434837889, 311.4154209426937, 268.91849968213603, 312.6055035873218, 275.1604847289001, 314.3972946469431, 281.6127145581691, 316.0435201162474, 288.0920534011443, 316.8369085459995, 295.063134810025, 316.77695933055594, 298.30813210586064, 316.77695933055594, 298.26461538461535, 323.56219780219783, 297.7846153846154, 329.3221978021978, 298.5846153846154, 333.1621978021978, 300.3446153846154, 338.2821978021978, 299.8224641772506, 341.8716050850178, 297.87546579974924, 346.1982681461319, 299.17346471808344, 351.3902638194689, 301.1204630955848, 355.9332600336387, 301.89780219780226, 359.3247252747253, 302.65693246720826, 366.0653064620614, 302.65693246720826, 371.6899684415098, 302.65693246720826, 376.665630961791, 301.35893354887406, 381.4249603290165, 300.2772677835955, 385.75162339013065, 301.14260039581836, 391.376285369579, 301.35893354887406, 395.70294843069314, 299.49232015621436, 399.63994266602964, 298.9792688652613, 407.38493869570124, 298.272907339574, 410.543372676706, 297.6556233889567, 417.3334961334961, 297.34698141364805, 425.6668294668294, 296.7296974630308, 432.4569529236196, 296.81593733470424, 440.2675779601686, 296.69654311284006, 447.28513026131856, 296.88535312582394, 454.15802088359806, 297.6096627681961, 457.7795690954586, 295.2190100497793, 459.4829717291256, 295.7449798065183, 466.58356344510196, 295.7908376820102, 473.26089175650065, 294.6930402930403, 478.6808678500987, 294.342218397266, 482.85799451793116, 294.88545062904507, 487.9281620145359, 299.1637832253217, 487.359368836292, 303.89751103597257, 487.0963839579225, 309.94616323847094, 488.67429322813945, 315.9948154409693, 491.0411571334649, 323.09540715694567, 493.14503616042083, 331.2479383864, 494.7229454306378, 339.9264393725933, 495.7748849441158, 350.7684042453273, 496.99964309195076, 359.44690523152065, 498.05158260542873, 366.8104818258665, 498.3145674837982, 376.54092232553774, 498.84053724053723, 384.4304686766226, 498.84053724053723, 392.5829999060769, 499.1035221189067, 401.78747064900915, 498.3145674837982, 410.25107542030617, 498.0592467361698, 417.614652014652, 498.0592467361698, 422.6113647036724, 497.53327697943087, 428.13404714943175, 496.4813374659529, 436.81254813562504, 495.6923828308444, 446.2800037569268, 494.9034281957359, 454.6955198647506, 493.58850380388844, 462.05909645909645, 492.01059453367145, 468.8967032967033, 490.9586550201935, 468.3707335399643, 485.17298769606464, 468.63371841833384, 479.6503052503052, 466.0038696346389, 477.2834413449798, 464.9519301211609, 471.2347891424814, 463.1110359725744, 463.8712125481356, 464.9519301211609, 460.9783788860712, 461.5331267023575, 456.50763595378976, 459.9552174321405, 449.67002911618295, 462.322081337466, 447.3031652108575, 461.0071569456185, 442.5694374002066, 459.692232553771, 440.9915281299896, 459.16626279703206, 433.6279515356438, 457.58835352681507, 425.738405184559, 456.2734291349676, 414.9560251714097, 455.5900441438903, 405.71691556306945, 456.11601390062924, 393.88259603644224, 456.11601390062924, 381.522306753076, 455.85302902225976, 370.21395698318776, 456.11601390062924, 359.694561848408, 456.90496853573774, 349.4381515919977, 456.90496853573774, 339.97069597069594, 457.69392317084623, 332.0811496196111, 458.2198929275852, 322.87667887667885, 459.27183244106317, 312.88325349863806, 461.11272658964964, 306.3086315394007, 463.7425753733446, 300.7859490936413, 464.7945148868226, 293.9483422560345, 465.5412416643186, 289.4218465295388, 468.960045083122, 292.0516953132337, 474.16400623597855, 296.10725883113423, 468.97369481729345, 289.18684360622075, 468.8958211338834, 285.6928096125328, 470.87014186462534, 282.10403722832064, 475.41313807879516, 276.04670894276086, 481.63516483516486, 268.72087912087915, 487.17501470946576, 263.5288834475422, 490.6363451583571, 259.2022203864281, 494.7466750664155, 253.57755840697973, 497.55900605613965, 249.03456219280991, 499.9386707397524, 242.1119012950273, 496.91000659697255, 238.65057084613602, 493.66500930113693, 234.7565740911333, 489.5546793930785, 230.42991103001918, 488.4730136278, 226.9685805811279, 485.6606826380758, 226.31958112196077, 481.7666858830731, 222.85825067306948, 477.00735651584756, 218.31525445889966, 473.762359220012, 215.28659031611977, 469.6520293119536, 211.60892671417275, 468.16424210709926, 209.79549973835688, 464.7628815628816, 207.07441130298275, 460.4544915402058, 205.03359497645212, 454.1052851909995, 201.85899180184896, 446.39553462410606, 199.36466073608932, 441.8603872318158, 197.5506017791732, 433.69712192569335, 196.87032967032968, 426.894400837258, 197.5506017791732, 420.6404298854031, 197.81364572369927, 422.3061050787404, 204.0004392989521, 420.5451944880516, 207.75468341182628, 415.55653235653233, 212.97010291296007, 411.92841444270016, 215.91794871794872, 407.8467817896389, 218.41227978370836, 402.4046049188906, 221.58688295831155, 397.1891854177568, 223.62769928484215, 391.2934938077795, 225.21500087214375, 384.7175300889586, 225.66851561137278, 377.4612942612942, 225.21500087214375, 369.75154369440077, 222.94742717599863, 365.44315367172504, 221.36012558869703, 359.5474620617477, 217.73200767486483, 355.692586778301, 214.10388976103263, 351.15743938601076, 209.5687423687424, 348.6631083202511, 204.8068376068376, 346.39553462410595, 200.04493284493284, 345.48850514564793, 197.0970870399442, 345.48850514564793, 194.82951334379905]], "scale": 2, "viewpoint": 2, "zoom_in": 1, "landmarks": [381, 201, 1, 345, 197, 2, 359, 221, 2, 385, 226, 2, 412, 219, 2, 422, 199, 1, 281, 220, 2, 264, 260, 2, 257, 308, 2, 300, 318, 2, 300, 299, 2, 298, 273, 2, 302, 303, 2, 305, 381, 2, 296, 488, 2, 381, 499, 2, 469, 492, 2, 457, 382, 2, 462, 303, 2, 466, 270, 2, 468, 281, 2, 468, 291, 2, 499, 243, 1, 482, 224, 2, 464, 208, 1], "style": 1, "bounding_box": [221, 180, 528, 507], "category_id": 1, "occlusion": 1, "category_name": "short sleeve top"}}