{"source": "shop", "pair_id": 1833, "item1": {"segmentation": [[374.3249607535319, 277.32103610675046, 369.75353218210336, 267.19858712715865, 364.8555729984299, 254.4638932496077, 359.6310832025116, 243.03532182103632, 359.9576138147565, 231.60675039246493, 357.9984301412871, 227.68838304552617, 346.8963893249606, 223.4434850863425, 337.1004709576137, 221.48430141287312, 327.9576138147566, 216.91287284144457, 327.63422291993726, 213.68681318681317, 326.65463108320256, 205.19701726844585, 314.8995290423863, 209.1153846153846, 307.06279434850876, 219.23783359497642, 297.59340659340677, 225.11538461538456, 283.8791208791211, 231.9725274725274, 271.79748822605995, 237.19701726844573, 254.8178963893253, 241.7684458398743, 248.8155416012559, 249.46860282574568, 240.97880690737836, 265.7951334379905, 238.36656200941917, 275.9175824175823, 236.4073783359498, 294.85635792778635, 237.3869701726845, 302.36656200941894, 235.10125588697022, 318.69309262166377, 232.81554160125594, 331.4277864992148, 232.81554160125594, 342.8563579277861, 231.50941915227634, 361.79513343799016, 229.55023547880697, 369.6318681318677, 227.5180533751962, 387.4866562009419, 229.47723704866556, 394.34379905808476, 227.19152276295128, 407.4050235478806, 225.8854003139717, 418.5070643642071, 227.19152276295128, 434.83359497645193, 229.80376766091047, 452.13971742543146, 236.6609105180533, 456.38461538461513, 250.37519623233896, 457.6907378335947, 251.68131868131854, 455.40502354788043, 250.04866562009406, 442.67032967032947, 261.4772370486654, 439.4050235478805, 275.8445839874409, 440.71114599686007, 276.4097331240188, 442.72370486656206, 264.3281004709576, 477.0094191522762, 256.4913657770801, 498.5604395604394, 245.71585557299852, 520.1114599686026, 238.53218210361078, 541.009419152276, 229.71585557299858, 562.5604395604391, 223.83830455259044, 578.2339089481942, 214.68916797488225, 607.6114599686028, 207.1789638932496, 631.4481946624803, 202.28100470957617, 643.5298273155415, 214.03610675039243, 649.0808477237048, 230.6891679748822, 656.5910518053373, 237.21978021978012, 662.4686028257455, 246.03610675039232, 663.4481946624802, 259.4238618524331, 670.305337519623, 257.67876426123206, 645.7321939997177, 257.1247476407334, 642.6851025869752, 263.7729470867171, 644.0701441382217, 269.03610498145423, 644.6241607587203, 275.9613127376873, 645.4551856894683, 282.05549556317237, 647.6712521714629, 289.25771162965475, 648.7792854124602, 294.9466415568122, 648.2893910860007, 305.74911069261526, 648.2893910860007, 314.39108600125775, 647.3634651600747, 324.2676292111348, 647.6721071353834, 334.76145637162927, 645.5116133082228, 339.39108600125917, 644.5856873822968, 334.9560439560439, 675.162480376766, 339.52747252747247, 679.4073783359497, 346.0580847723704, 680.3869701726844, 356.18053375196223, 680.0604395604395, 359.7920654931493, 640.4764128184764, 365.3017073664279, 638.272556069165, 374.4844438218922, 639.0071749856022, 379.2594667787336, 641.5783411931322, 385.50372756844934, 643.0475790260065, 385.50372756844934, 647.8226019828479, 389.5441316088536, 652.5976249396894, 399.90960451978253, 657.5856873822976, 412.79849340867224, 662.0301318267423, 431.0207156308957, 663.8079096045202, 433.298273155416, 671.2456828885402, 436.89010989010984, 680.7150706436421, 446.35949764521183, 682.0211930926217, 451.2574568288853, 681.368131868132, 456.8084772370485, 678.1028257456829, 460.40031397174243, 675.1640502354788, 465.29827315541587, 670.9191522762952, 475.09419152276274, 670.5926216640503, 487.5023547880688, 670.9191522762952, 506.114599686028, 667.3273155416014, 514.2778649921504, 661.7762951334381, 516.0580847723704, 659.0196232339089, 509.5274725274725, 641.3869701726844, 500.7111459968603, 617.8767660910519, 493.85400313971746, 600.5706436420724, 490.9152276295134, 593.7135007849295, 482.751962323391, 574.4481946624805, 475.24175824175836, 557.142072213501, 469.03767660910535, 538.8563579277868, 465.11930926216655, 522.2032967032972, 460.547880690738, 507.50941915227673, 456.041601255887, 489.3736263736264, 451.1436420722135, 476.6389324960754, 446.89874411302986, 466.8430141287285, 444.28649921507065, 458.0266875981163, 448.5313971742543, 456.3940345368918, 457.34772370486655, 457.3736263736265, 463.2252747252747, 457.3736263736265, 473.0211930926216, 459.00627943485097, 481.5109890109889, 457.7001569858714, 489.02119309262156, 453.78178963893265, 494.8987441130297, 439.41444270015717, 498.49058084772355, 424.3940345368919, 502.73547880690717, 414.2715855573001, 495.55180533751945, 424.06750392464704, 491.30690737833584, 428.6389324960756, 488.36813186813174, 429.6185243328103, 487.06200941915216, 415.90423861852463, 486.08241758241746, 402.8430141287288, 486.08241758241746, 390.10832025117776, 486.7354788069073, 379.985871271586, 482.2582417582417, 380.00078492935637, 475.074568288854, 379.3477237048666, 473.44191522762947, 369.5518053375197, 471.1562009419152, 353.8783359497647, 472.1357927786499, 342.12323390894835, 469.8500784929356, 327.429356357928, 468.21742543171115, 308.1640502354791, 463.7857142857143, 294.3477237048666, 456.92857142857144, 282.59262166405034, 449.0918367346939, 271.8171114599687, 444.84693877551024, 262.02119309262184, 441.5816326530613, 250.91915227629534, 430.7817896389326, 242.59026687598126, 423.92464678178976, 238.34536891679758, 420.98587127158567, 230.18210361067517, 416.08791208791223, 219.73312401883848, 410.86342229199386, 213.85557299843032, 405.31240188383066, 216.7943485086344, 401.39403453689187, 224.95761381475683, 397.802197802198, 230.18210361067517, 392.25117739403476, 233.77394034536903, 388.88697017268447, 247.76609105180535, 388.5604395604396, 253.31711145996857, 383.66248037676615, 261.480376766091, 379.0910518053376, 273.2354788069073]], "scale": 2, "viewpoint": 3, "zoom_in": 1, "landmarks": [368, 222, 1, 327, 217, 1, 362, 245, 2, 378, 273, 2, 392, 237, 2, 409, 216, 1, 245, 250, 2, 237, 328, 2, 228, 384, 2, 229, 416, 2, 233, 450, 2, 285, 437, 2, 286, 408, 2, 286, 380, 2, 285, 335, 1, 286, 294, 1, 295, 321, 1, 289, 395, 2, 264, 475, 1, 232, 563, 2, 206, 642, 2, 377, 642, 2, 513, 662, 2, 470, 540, 2, 444, 455, 2, 431, 394, 2, 431, 335, 2, 426, 291, 2, 413, 409, 1, 404, 460, 1, 449, 457, 2, 487, 455, 2, 484, 389, 2, 440, 413, 2, 422, 353, 1, 421, 316, 1, 427, 244, 1], "style": 1, "bounding_box": [193, 209, 522, 681], "category_id": 11, "occlusion": 2, "category_name": "long sleeve dress"}}