{"source": "shop", "pair_id": 1828, "item1": {"segmentation": [[198.15787126505123, 213.18123977999105, 189.41697636390657, 213.18123977999105, 182.34101382488473, 216.92733759476732, 167.65688049324413, 225.0370720188902, 155.535668372032, 228.7101666010757, 141.21059950150857, 235.68904630722815, 128.35476846385933, 242.6679260133806, 115.49893742621009, 249.64680571953303, 102.27579693034231, 258.0949232585597, 97.50077397350117, 263.23725567361936, 91.62382264200437, 273.5219205037388, 85.63093270365995, 284.4034107306834, 81.22321920503735, 296.157313393677, 79.01936245572605, 309.74776334776334, 77.91743408107041, 325.1747605929424, 76.81550570641475, 334.3574970484062, 72.40779220779217, 344.64216187852554, 71.30586383313651, 354.19220779220785, 69.10200708382521, 363.3749442476716, 69.10200708382521, 367.78265774629415, 72.77510166601071, 374.7615374524466, 76.81587301587301, 382.6539682539683, 85.26031746031747, 390.20952380952383, 95.92698412698415, 393.7650793650794, 107.48253968253972, 395.54285714285714, 122.14920634920641, 394.20952380952383, 129.70476190476197, 389.3206349206349, 137.42156631247545, 373.2922996195724, 140.72735143644238, 369.6192050373869, 141.82927981109805, 377.700013118195, 144.02222222222224, 391.9873015873016, 146.19506172839507, 405.22186948853613, 149.17546897546902, 421.777148104421, 151.37932572478033, 436.46952643316297, 152.22752197297655, 446.95083300537846, 153.69675980585075, 458.33742621015347, 153.93690476190477, 471.88015873015877, 154.8049603174603, 483.3384920634921, 156.02023809523808, 496.3593253968254, 156.2679260133806, 506.0876557785649, 156.63523547159915, 520.0454151908698, 156.12522045855377, 534.0952380952381, 155.75810048537318, 546.9091958546504, 155.75810048537318, 557.5611701429883, 155.02348156893606, 568.5804538895449, 155.39079102715462, 578.8651187196642, 154.16543209876545, 587.11569664903, 152.98024691358026, 596.2021164021164, 151.71769644496914, 602.0056145874329, 150.98307752853202, 608.2498753771482, 151.49447723993177, 617.3269054178145, 151.49447723993177, 627.2442607897153, 151.1271677817132, 639.732782369146, 151.1271677817132, 652.5886134067953, 151.49447723993177, 660.3021120293848, 152.96371507280597, 668.7502295684114, 163.24837990292536, 672.423324150597, 174.1971927062836, 675.6617866981503, 187.05302374393284, 676.3964056145875, 195.86845074117804, 677.1310245310245, 206.1531155712974, 678.2329529056802, 218.27432769250956, 677.8656434474616, 234.0686343959072, 677.4983339892431, 243.61868030958948, 678.2329529056802, 252.06679784861612, 677.4983339892431, 262.71877213695404, 677.1310245310245, 272.26881805063636, 675.6617866981503, 281.4515545061001, 676.0290961563688, 288.4304342122525, 674.9271677817133, 297.98048012593483, 673.8252394070576, 306.0612882067429, 671.2540731995277, 315.19323101141276, 669.6336612882068, 325.47789584153213, 668.1644234553326, 337.03279548734105, 664.4936901482356, 347.3174603174605, 662.6571428571428, 358.3367440640169, 659.7186671913945, 367.5194805194807, 657.1475009838646, 373.3964318509775, 654.5763347763348, 383.3137872228783, 650.1686212777122, 391.3945953036864, 645.393598320871, 397.6388560934017, 640.9858848222484, 401.67926013380577, 635.8435524071888, 398.37347500983884, 631.0685294503476, 391.76190476190493, 623.7223402859765, 389.1907385543751, 614.9069132887314, 384.0484061393154, 604.2549390003935, 381.8445493900041, 591.3991079627442, 380.3753115571299, 578.1759674668765, 379.6406926406928, 567.891302636757, 374.4983602256331, 554.6681621408893, 372.29450347632184, 542.1796405614585, 369.84557260920894, 527.5059687786961, 368.0090253181162, 512.8135904499541, 366.90709694346054, 498.4885215794307, 366.1724780270235, 488.2038567493113, 364.70324019414926, 477.1845730027548, 365.07054965236784, 465.4306703397612, 364.33593073593073, 452.20752984389344, 365.07054965236784, 439.3516988062442, 366.1724780270235, 429.43434343434336, 366.539787485242, 416.5785123966941, 365.8051685688049, 408.86501377410457, 367.27440640167913, 397.47842056932956, 368.3763347763348, 390.4995408631771, 370.21288206742753, 382.05142332415045, 373.51866719139446, 372.8686868686867, 374.25328610783157, 364.4205693296601, 380.1904761904764, 366.2190476190478, 389.9682539682542, 365.3301587301589, 401.0793650793653, 364.44126984127, 406.9438278892825, 361.48209366391166, 414.41269841269866, 358.6634920634922, 419.0650400104946, 351.1974288337923, 417.19561852289127, 344.7878263150991, 413.88983339892434, 335.2377804014168, 410.2167388167388, 325.32042502951595, 408.38019152564607, 310.99535615899254, 408.01288206742754, 296.67028728846907, 407.64557260920895, 285.28369408369406, 405.44171585989767, 273.52979142070046, 403.2378591105864, 262.510507674144, 399.5647645284009, 251.85853338580603, 394.4224321133412, 243.04310638856083, 390.0147186147186, 235.69691722418986, 382.54913037015035, 230.66302958228033, 371.72707001635223, 226.50069867697334, 361.73747584361547, 224.00330013378917, 351.81453495998943, 221.00453889544787, 339.6933228387773, 218.06606322969947, 330.5105863833136, 215.12758756395107, 320.59323101141274, 212.55642135642123, 312.51242293060466, 209.98525514889138, 305.53354322445216, 207.04677948314298, 300.75852026761106, 204.4756132756131, 294.88156893611426, 204.10830381739459, 294.51425947789573, 206.67947002492443, 300.75852026761106, 211.08718352354703, 300.75852026761106, 216.59682539682527, 300.75852026761106, 222.1064672701035, 298.9219729765183, 229.4526564344745, 294.88156893611426, 236.7988455988455, 290.1065459792731, 242.30848747212374, 282.76035681490214, 247.08351042896487, 274.40535222353407, 252.11069132887314, 265.58992522628887, 255.78378591105866, 256.77449822904373, 257.6203332021514, 245.38790502426866, 257.6203332021514, 235.83785911058638, 257.6203332021514, 228.12436048799682, 255.78378591105866, 220.04355240718874, 252.11069132887314, 212.69736324281774, 248.0702872884691, 206.45310245310242, 244.39719270628362, 200.57615112160562, 239.98947920766102, 195.43381870654594, 231.54136166863438, 191.91437490709075, 219.8409692284822]], "scale": 3, "viewpoint": 2, "zoom_in": 1, "landmarks": [251, 216, 1, 193, 219, 2, 211, 250, 2, 254, 262, 2, 289, 246, 2, 298, 209, 2, 101, 260, 2, 81, 310, 2, 71, 365, 2, 132, 390, 2, 138, 377, 2, 139, 363, 2, 144, 382, 2, 157, 503, 2, 152, 659, 1, 293, 674, 2, 400, 637, 1, 366, 496, 2, 372, 376, 2, 383, 323, 2, 378, 355, 2, 375, 365, 2, 420, 356, 2, 410, 295, 2, 390, 237, 2], "style": 2, "bounding_box": [42, 176, 460, 690], "category_id": 1, "occlusion": 1, "category_name": "short sleeve top"}}