{"source": "shop", "pair_id": 1855, "item1": {"segmentation": [[230.26712328767107, 192.1095890410964, 241.51712328767178, 197.60958904109674, 257.7671232876728, 204.8595890410972, 271.01712328767366, 210.35958904109754, 291.0171232876749, 214.1095890410978, 311.7671232876762, 214.1095890410978, 335.0171232876777, 213.1095890410977, 352.7671232876788, 210.10958904109754, 367.4041095890412, 205.69520547945268, 381.15410958904204, 201.69520547945243, 398.1541095890431, 192.94520547945186, 404.6541095890435, 186.6952054794515, 408.9041095890438, 179.94520547945103, 413.154109589044, 177.4452054794509, 425.1541095890448, 177.69520547945092, 433.40410958904533, 177.94520547945092, 436.65410958904556, 180.4452054794511, 437.65410958904556, 177.94520547945092, 443.65410958904596, 177.69520547945092, 455.4041095890467, 182.1952054794512, 470.65410958904766, 190.1952054794517, 489.40410958904886, 196.9452054794521, 502.77739726027255, 203.61986301369956, 510.27739726027306, 211.36986301370004, 518.2773972602736, 220.3698630137006, 523.7773972602739, 224.11986301370084, 527.2773972602741, 228.86986301370115, 525.777397260274, 230.1198630137012, 530.2773972602743, 244.11986301370212, 539.5273972602748, 265.8698630137035, 550.664383561643, 291.51027397260265, 558.9143835616435, 308.2602739726037, 568.1643835616441, 327.5102739726049, 574.9143835616445, 341.2602739726058, 582.914383561645, 355.5102739726067, 589.4143835616454, 369.01027397260754, 595.1643835616458, 382.2602739726084, 601.9143835616462, 394.5102739726091, 606.4143835616464, 404.26027397260975, 596.3253424657544, 410.23287671232697, 588.0753424657538, 413.7328767123272, 581.3253424657534, 417.7328767123274, 576.3253424657531, 422.73287671232777, 573.0753424657529, 428.98287671232816, 564.0753424657523, 435.73287671232856, 550.5753424657514, 447.98287671232936, 543.325342465751, 456.23287671232987, 541.0753424657509, 461.7328767123302, 534.0753424657504, 469.23287671233066, 529.32534246575, 473.23287671233095, 522.5753424657497, 466.98287671233055, 516.3253424657493, 459.7328767123301, 509.82534246574886, 448.7328767123294, 503.57534246574846, 440.7328767123289, 505.0753424657486, 463.9828767123303, 507.0753424657487, 489.232876712332, 509.32534246574886, 516.2328767123337, 513.2568493150684, 563.9657534246559, 516.2568493150685, 594.9657534246578, 519.5068493150687, 626.7157534246599, 521.5068493150688, 652.9657534246616, 524.8321917808222, 714.9041095890389, 526.8321917808223, 750.4041095890411, 527.5821917808223, 775.4041095890427, 528.8321917808224, 793.1541095890437, 528.8321917808224, 798.4041095890441, 524.356164383563, 799.198630136984, 507.106164383562, 797.6986301369839, 504.85616438356186, 798.9486301369839, 491.856164383561, 797.6986301369839, 479.60616438356027, 795.6986301369838, 474.85616438356, 792.9486301369835, 465.8561643835594, 792.9486301369835, 453.8561643835586, 791.9486301369835, 444.35616438355805, 790.4486301369834, 437.6061643835576, 786.4486301369832, 413.35616438355606, 785.6986301369831, 401.06164383562157, 788.3561643835616, 379.3116438356202, 790.8561643835617, 359.06164383561895, 790.6061643835617, 353.8116438356186, 791.3561643835618, 346.81164383561816, 789.3561643835616, 321.06164383561656, 790.8561643835617, 296.311643835615, 793.1061643835619, 278.8116438356139, 794.6061643835619, 259.8116438356127, 795.606164383562, 234.84931506849668, 796.7773972602729, 222.3493150684959, 795.5273972602729, 220.8493150684958, 792.5273972602727, 214.5993150684954, 790.5273972602726, 203.84931506849472, 790.0273972602726, 197.34931506849432, 794.7773972602728, 191.09931506849392, 799.0273972602731, 186.0993150684936, 800.5273972602732, 182.34931506849338, 800.5273972602732, 172.09931506849273, 805.2773972602735, 163.84931506849222, 807.0273972602736, 160.599315068492, 806.0273972602736, 158.59931506849188, 792.0273972602727, 157.0993150684918, 777.2773972602718, 156.0993150684917, 733.5273972602689, 157.0993150684918, 698.2773972602668, 156.28082191781104, 620.3595890410992, 156.78082191781107, 573.8595890410962, 158.78082191781118, 541.3595890410942, 159.53082191781124, 507.3595890410921, 160.78082191781132, 493.8595890410912, 157.03082191781107, 498.10958904109145, 154.78082191781095, 500.6095890410916, 150.03082191781064, 500.10958904109157, 135.0308219178097, 492.6095890410911, 129.0308219178093, 487.35958904109077, 118.53082191780865, 476.85958904109015, 112.78082191780828, 468.60958904108963, 105.53082191780783, 464.1095890410893, 92.78082191780703, 457.85958904108895, 79.11301369863148, 453.0273972602754, 67.61301369863075, 448.52739726027517, 66.6130136986307, 447.27739726027505, 71.11301369863098, 434.0273972602742, 79.11301369863148, 413.0273972602729, 87.363013698632, 394.0273972602717, 97.11301369863261, 372.7773972602704, 104.36301369863307, 355.27739726026925, 111.73630136986243, 335.8253424657561, 120.23630136986297, 311.0753424657545, 127.23630136986341, 284.0753424657528, 132.98630136986378, 261.07534246575136, 136.48630136986398, 247.5753424657505, 140.73630136986426, 238.3253424657499, 148.5616438356178, 225.18150684931533, 161.5616438356186, 216.68150684931481, 182.31164383561992, 206.43150684931416, 197.56164383562088, 198.68150684931368, 202.8116438356212, 195.9315068493135, 209.56164383562162, 196.68150684931354, 214.81164383562196, 193.43150684931334, 220.5616438356223, 189.43150684931308, 225.31164383562262, 189.9315068493131]], "scale": 3, "viewpoint": 1, "zoom_in": 1, "landmarks": [320, 215, 2, 217, 196, 2, 249, 247, 2, 323, 268, 2, 388, 241, 2, 416, 181, 2, 141, 238, 2, 111, 340, 2, 71, 442, 2, 153, 493, 2, 158, 432, 2, 165, 373, 2, 165, 412, 2, 161, 596, 2, 165, 807, 2, 339, 787, 2, 522, 795, 2, 512, 594, 2, 494, 402, 2, 496, 371, 2, 501, 421, 2, 525, 468, 2, 600, 402, 2, 557, 317, 2, 513, 220, 2], "style": 4, "bounding_box": [62, 174, 607, 812], "category_id": 1, "occlusion": 1, "category_name": "short sleeve top"}}