{"source": "shop", "pair_id": 1893, "item1": {"segmentation": [[236.35873015873017, 93.81269841269841, 222.58095238095237, 91.14603174603174, 212.8031746031746, 84.92380952380952, 207.46984126984125, 77.36825396825397, 208.8031746031746, 67.59047619047618, 209.69206349206348, 61.36825396825397, 204.35873015873017, 60.03492063492063, 199.46984126984125, 70.7015873015873, 195.9142857142857, 77.36825396825397, 193.24761904761905, 81.81269841269841, 184.8031746031746, 86.7015873015873, 177.24761904761905, 92.47936507936508, 169.24761904761903, 98.7015873015873, 158.5809523809524, 106.7015873015873, 144.8031746031746, 114.7015873015873, 141.24761904761903, 117.36825396825397, 135.02539682539683, 119.59047619047618, 127.02539682539683, 120.92380952380952, 123.02539682539683, 122.7015873015873, 117.69206349206348, 131.14603174603172, 111.91428571428571, 141.36825396825395, 108.35873015873017, 153.8126984126984, 106.13650793650794, 174.7015873015873, 105.24761904761905, 196.03492063492064, 101.69206349206348, 218.70158730158732, 100.51111111111112, 223.67301587301588, 96.95555555555556, 227.67301587301588, 92.51111111111112, 227.22857142857143, 91.17777777777778, 230.33968253968254, 94.73333333333333, 233.45079365079366, 99.62222222222223, 235.22857142857143, 100.95555555555556, 238.784126984127, 98.28888888888889, 241.89523809523808, 98.28888888888889, 244.56190476190477, 102.73333333333333, 248.56190476190477, 106.73333333333333, 249.0063492063492, 108.06666666666668, 239.22857142857143, 112.95555555555556, 234.784126984127, 122.28888888888889, 231.22857142857143, 129.4, 228.1174603174603, 136.51111111111112, 230.33968253968254, 137.84444444444443, 237.0063492063492, 137.4, 242.784126984127, 144.51111111111112, 243.67301587301586, 152.51111111111112, 242.784126984127, 158.2888888888889, 261.8952380952381, 163.17777777777778, 280.1174603174603, 166.2888888888889, 294.784126984127, 169.4, 305.8952380952381, 172.95555555555558, 312.56190476190477, 176.51111111111112, 313.0063492063492, 187.17777777777778, 313.0063492063492, 187.17777777777778, 319.67301587301586, 180.51111111111112, 323.67301587301586, 172.51111111111112, 328.56190476190477, 166.73333333333335, 340.1174603174603, 158.2888888888889, 352.1174603174603, 148.95555555555558, 364.1174603174603, 141.8761904761905, 374.84444444444443, 133.43174603174603, 386.84444444444443, 129.43174603174603, 396.17777777777775, 122.32063492063492, 409.9555555555555, 115.20952380952382, 431.2888888888889, 111.20952380952382, 444.6222222222222, 112.0984126984127, 451.7333333333333, 115.3015873015873, 465.6984126984127, 122.41269841269842, 478.14285714285717, 114.76507936507937, 488.6222222222222, 100.54285714285714, 499.7333333333333, 93.10793650793651, 502.7015873015873, 80.66349206349207, 512.479365079365, 70.88571428571429, 524.479365079365, 61.9968253968254, 537.8126984126984, 60.21904761904762, 548.0349206349207, 62.885714285714286, 556.9238095238095, 66.88571428571429, 566.2571428571429, 70.44126984126984, 577.368253968254, 73.9968253968254, 583.5904761904762, 82.88571428571429, 588.4793650793652, 93.10793650793651, 590.7015873015873, 99.77460317460317, 592.0349206349206, 108.21904761904761, 598.2571428571429, 113.1079365079365, 602.2571428571429, 122.88571428571429, 601.368253968254, 130.44126984126984, 599.5904761904762, 135.77460317460316, 601.8126984126984, 142.8857142857143, 607.5904761904762, 155.77460317460316, 612.0349206349206, 171.01698369565216, 611.1467391304349, 179.33015873015873, 614.7015873015873, 187.0326086956522, 616.6154891304349, 197.18885869565221, 615.0529891304349, 203.77460317460316, 616.4793650793652, 208.21904761904761, 620.4793650793652, 214.8857142857143, 627.1460317460318, 222.44126984126984, 630.2571428571429, 229.55238095238093, 632.9238095238095, 236.66349206349207, 635.1460317460318, 242.8857142857143, 637.8126984126984, 248.84126984126982, 638.5142857142857, 246.61904761904762, 640.2920634920636, 229.73015873015873, 642.9587301587302, 203.06349206349205, 646.9587301587302, 206.17460317460316, 650.0698412698413, 213.73015873015873, 650.5142857142857, 223.5079365079365, 654.9587301587302, 232.84126984126982, 659.8476190476191, 243.5079365079365, 666.9587301587302, 255.5079365079365, 679.8476190476191, 272.8412698412698, 695.4031746031746, 279.13015873015877, 701.0, 389.352380952381, 701.0, 400.4634920634921, 692.3650793650793, 411.13015873015877, 669.6984126984127, 420.90793650793654, 637.6984126984127, 422.24126984126985, 593.2539682539682, 426.6857142857143, 563.031746031746, 433.35238095238094, 546.1428571428571, 435.5809523809524, 518.6095238095238, 430.247619047619, 499.9428571428572, 421.8031746031746, 488.38730158730164, 412.0253968253968, 478.60952380952386, 407.5809523809524, 474.60952380952386, 403.13650793650794, 464.8317460317461, 397.8031746031746, 451.05396825396826, 391.13650793650794, 431.4984126984127, 385.8031746031746, 413.2761904761905, 377.35873015873017, 390.1650793650794, 367.98095238095243, 366.6, 359.98095238095243, 345.7111111111111, 355.536507936508, 333.2666666666667, 343.98095238095243, 319.48888888888894, 343.0920634920635, 309.2666666666667, 348.8698412698413, 304.3777777777778, 352.42539682539683, 300.3777777777778, 352.8698412698413, 287.0444444444445, 354.64761904761906, 278.15555555555557, 353.7587301587302, 267.0444444444445, 357.31428571428575, 258.15555555555557, 362.20317460317466, 245.71111111111114, 364.8698412698413, 237.2666666666667, 366.20317460317466, 232.82222222222225, 373.31428571428575, 231.04444444444448, 383.0920634920635, 225.71111111111114, 390.64761904761906, 219.4888888888889, 391.536507936508, 209.71111111111114, 395.0920634920635, 199.4888888888889, 397.7587301587302, 191.93333333333334, 399.0920634920635, 180.82222222222225, 394.90476190476187, 166.94285714285715, 396.68253968253964, 144.72063492063492, 394.90476190476187, 118.49841269841271, 389.57142857142856, 104.27619047619048, 374.015873015873, 94.49841269841271, 367.7936507936508, 90.49841269841271, 360.68253968253964, 90.49841269841271, 356.23809523809524, 92.27619047619048, 348.68253968253964, 92.72063492063492, 341.1269841269841, 92.72063492063492, 330.46031746031747, 87.3873015873016, 315.447619047619, 84.08571428571429, 307.0031746031746, 79.64126984126985, 298.55873015873016, 74.75238095238096, 289.66984126984124, 69.41904761904762, 281.0253968253968, 61.073015873015876, 273.46984126984125, 62.40634920634921, 272.7809523809524, 72.53015873015873, 267.00317460317456, 82.75238095238096, 259.447619047619, 88.08571428571429, 250.1142857142857, 92.08571428571429]], "scale": 3, "viewpoint": 2, "zoom_in": 2, "landmarks": [237, 78, 1, 195, 82, 1, 217, 90, 2, 239, 95, 2, 261, 88, 1, 276, 76, 1, 127, 124, 2, 108, 179, 2, 95, 232, 2, 152, 242, 1, 151, 215, 1, 151, 187, 1, 155, 208, 1, 165, 264, 1, 189, 322, 2, 114, 436, 2, 73, 583, 2, 221, 649, 2, 0, 0, 0, 429, 499, 2, 341, 317, 2, 334, 259, 1, 326, 200, 1, 332, 159, 2, 327, 176, 1, 327, 192, 1, 389, 221, 2, 392, 158, 2, 367, 92, 2], "style": 2, "bounding_box": [47, 68, 437, 701], "category_id": 10, "occlusion": 2, "category_name": "short sleeve dress"}}