{"source": "shop", "pair_id": 1902, "item1": {"segmentation": [[141.69082125603867, 22.521739130434828, 155.91304347826082, 46.52173913043469, 168.35748792270522, 59.85507246376795, 180.35748792270513, 68.29951690821234, 205.6908212560383, 78.07729468599007, 224.80193236714933, 81.6328502415456, 241.69082125603813, 81.6328502415456, 265.69082125603796, 80.74396135265673, 291.02415458937116, 73.18840579710121, 296.8019323671489, 68.29951690821234, 309.2173913043478, 57.555555555555536, 316.7729468599033, 41.111111111111185, 317.6618357487922, 34.888888888889, 313.21739130434776, 31.333333333333464, 303.8840579710145, 28.66666666666681, 320.32850241545884, 26.444444444444603, 326.550724637681, 29.555555555555696, 330.99516908212547, 36.66666666666677, 340.7729468599032, 41.111111111111185, 365.66183574879193, 53.55555555555556, 396.77294685990285, 66.88888888888881, 413.9710144927537, 73.30917874396147, 424.19323671497585, 81.75362318840587, 431.74879227053134, 84.86473429951695, 441.08212560386465, 88.86473429951694, 445.0821256038646, 96.8647342995169, 450.4154589371979, 105.75362318840573, 455.30434782608677, 120.42028985507231, 457.526570048309, 141.75362318840553, 457.526570048309, 151.0869565217388, 462.41545893719785, 172.420289855072, 466.0772946859903, 188.36231884057972, 467.0, 192.80676328502415, 467.0, 238.21739130434804, 378.7971014492753, 256.8840579710146, 372.1304347826087, 267.99516908212564, 371.68599033816423, 271.5507246376812, 367.24154589371983, 275.5507246376812, 367.6859903381643, 280.88405797101444, 367.6859903381643, 283.9951690821256, 365.9082125603865, 290.21739130434776, 366.3526570048309, 295.55072463768107, 365.0193236714976, 304.4396135265699, 364.13043478260875, 309.7729468599032, 362.352657004831, 318.2173913043476, 361.01932367149766, 328.8840579710142, 360.5748792270532, 336.4396135265697, 357.9082125603866, 349.3285024154585, 356.5748792270532, 357.7729468599029, 356.5748792270532, 368.88405797101393, 353.4637681159421, 391.5507246376805, 352.90338164251204, 400.2367149758454, 351.57004830917873, 420.2367149758453, 352.0144927536232, 446.9033816425118, 349.79227053140096, 474.0144927536228, 348.6183574879227, 493.77294685990336, 346.84057971014494, 527.1062801932366, 342.840579710145, 555.9951690821252, 339.54589371980677, 574.3623188405796, 335.16908212560384, 601.6859903381645, 334.2801932367149, 625.24154589372, 339.16908212560384, 651.9082125603865, 327.1690821256039, 650.5748792270531, 312.9468599033817, 650.5748792270531, 295.6135265700485, 654.5748792270531, 283.1690821256041, 659.463768115942, 258.2801932367154, 659.9082125603865, 220.2028985507245, 657.9613526570049, 201.98067632850237, 656.1835748792271, 187.75845410628025, 652.6280193236715, 164.97584541062807, 644.2512077294687, 138.30917874396158, 635.3623188405797, 106.09661835748793, 620.2367149758454, 86.98550724637693, 610.9033816425122, 70.54106280193258, 598.0144927536234, 64.31884057971038, 585.5700483091789, 63.429951690821504, 580.2367149758456, 63.429951690821504, 572.6811594202901, 70.09661835748813, 559.3478260869568, 73.20772946859923, 546.9033816425125, 75.87439613526587, 525.5700483091792, 78.54106280193253, 507.3478260869572, 80.70531400966192, 497.5555555555555, 82.92753623188413, 487.3333333333333, 80.70531400966192, 476.2222222222223, 79.81642512077303, 466.0000000000001, 81.14975845410636, 431.7777777777781, 81.5942028985508, 404.2222222222227, 79.81642512077303, 394.8888888888894, 77.14975845410639, 379.33333333333394, 75.81642512077306, 370.0000000000007, 63.391304347826086, 284.0869565217391, 58.69565217391304, 231.26086956521738, 50.11111111111098, 222.951690821256, 39.888888888888815, 219.39613526570045, 28.333333333333325, 218.50724637681157, 16.777777777777835, 222.951690821256, 8.78743961352658, 228.05797101449275, 2.120772946859951, 238.28019323671492, 4.787439613526603, 221.39130434782612, 8.342995169082139, 204.50241545893732, 9.231884057971023, 188.94685990338186, 6.565217391304371, 180.9468599033819, 3.898550724637719, 173.3913043478264, 3.898550724637719, 156.5024154589376, 3.898550724637719, 143.61352657004878, 3.898550724637719, 136.94685990338218, 10.019323671497649, 105.89855072463743, 16.241545893719834, 81.00966183574869, 20.685990338164252, 69.89855072463764, 26.90821256038644, 62.34299516908214, 33.130434782608624, 54.34299516908218, 39.35265700483082, 52.12077294685997, 46.019323671497446, 53.00966183574886, 51.79710144927519, 56.120772946859944, 63.79710144927512, 49.89855072463776, 85.69565217391305, 40.03864734299518, 112.806763285024, 30.7053140096619, 129.6956521739128, 24.927536231884158], [379.76811594202906, 254.35265700483097, 467.0, 237.46376811594217, 467.0, 285.01932367149743, 458.8792270531397, 286.7971014492752, 442.43478260869534, 289.90821256038635, 428.6570048309177, 291.68599033816406, 410.87922705313997, 293.01932367149743, 384.6570048309179, 295.2415458937196, 367.32367149758466, 293.9082125603863, 367.32367149758466, 287.24154589371966, 369.99033816425134, 277.9082125603864, 371.7681159420291, 270.7971014492753, 375.76811594202906, 260.57487922705315]], "scale": 3, "viewpoint": 2, "zoom_in": 2, "landmarks": [233, 30, 1, 143, 23, 1, 181, 68, 2, 241, 81, 2, 296, 68, 2, 323, 26, 2, 38, 56, 2, 4, 137, 2, 0, 0, 0, 59, 232, 1, 58, 211, 1, 56, 189, 1, 57, 205, 1, 78, 396, 2, 66, 583, 2, 189, 650, 2, 339, 652, 1, 350, 418, 2, 383, 234, 2, 392, 217, 2, 377, 264, 2, 365, 292, 2, 0, 0, 0, 464, 189, 2, 446, 91, 2], "style": 2, "bounding_box": [0, 22, 467, 667], "category_id": 1, "occlusion": 2, "category_name": "short sleeve top"}}