{"source": "shop", "pair_id": 1902, "item1": {"segmentation": [[194.38400109207558, 29.419493549928397, 210.71053170432037, 55.9501057948262, 227.54726639819782, 78.3990853866628, 239.7921643573814, 90.64398334584641, 259.17991945942214, 99.31745273360146, 286.22073578595257, 105.9501057948259, 324.996245990034, 110.54194252951976, 360.9797966009146, 109.37512797761241, 387.5104088458124, 103.25267899802061, 402.8165312947919, 96.10982185516352, 422.7144904784652, 80.80369940618401, 429.85734762132233, 69.06900552863306, 434.6017336700566, 54.94266602962253, 436.6425499965872, 46.77940072350013, 427.4588765271995, 42.18756398880628, 417.76499897617913, 37.59572725411243, 441.7445908129137, 36.06511500921448, 445.82622346597486, 40.14674766227568, 452.4588765271993, 47.28960480513278, 458.0711214251585, 50.86103337656133, 461.64254999658704, 51.88144153982663, 484.09152958842367, 63.616135417377585, 506.54050918026024, 73.31001296839793, 532.0507132618927, 85.55491092758155, 557.5609173435253, 95.24878847860188, 568.2752030578109, 101.37123745819369, 581.5405091802598, 111.57531909084669, 590.2139785680149, 114.12633949900993, 604.4996928537291, 121.26919664186704, 609.0260050508498, 129.02600505084985, 619.2300866835028, 148.41376015289055, 623.311719336564, 169.84233158146185, 625.3525356630946, 194.84233158146168, 628.9239642345232, 218.3117193365636, 631.9851887243191, 235.14845403044103, 639.0, 262.69947443860417, 639.0, 269.8423315814613, 638.1953450276432, 392.2776602279707, 613.1953450276433, 395.8490887993993, 592.7871817623372, 397.8899051259299, 559.623916456215, 401.9715377789911, 519.8279980888683, 401.9715377789911, 503.50146747662353, 402.48174186062374, 500.9504470684603, 416.7674561463379, 496.3586103337664, 438.19602757490924, 494.14920483243463, 448.416149068323, 491.08798034263873, 470.354924578527, 487.0063476895775, 489.232475598935, 484.45532728141427, 513.2120674356696, 482.9247150365163, 535.6610470275062, 483.43491911814897, 558.1100266193428, 481.39410279161837, 578.0079858030161, 482.41451095488367, 584.6406388642406, 481.75482902190976, 604.1222442154119, 480.2242167770118, 634.2242850317383, 476.65278820558325, 668.4079585011258, 476.65278820558325, 692.897754419493, 475.1221759606853, 713.305917684799, 466.64698655381886, 763.5751825813938, 461.0347416558597, 805.9221213569039, 457.94758036994057, 832.5564807862946, 455.90676404340996, 867.7605624189475, 462.7131804089495, 890.067915882497, 419.6822742474918, 892.2503583373148, 399.2741109821858, 897.3523991536413, 380.90676404341036, 901.9442358883351, 349.2741109821861, 902.4544399699678, 308.94887720974674, 901.2746570199987, 274.25499965872655, 896.6828202853048, 265.07132618933883, 893.6215957955089, 217.7168793938979, 877.9776124496622, 190.67606306736744, 868.2837348986418, 156.4923895979799, 855.0184287761929, 100.04197665688349, 819.1027916183195, 94.93993584055698, 814.5109548836257, 87.28687461606724, 795.123199781585, 86.77667053443459, 785.9395263121974, 96.98075216708759, 761.4497303938301, 102.59299706504675, 742.0619752917894, 104.63381339157735, 719.1027916183201, 107.69503788137324, 696.6538120264836, 112.2868746160671, 677.7762610060755, 113.81748686096505, 661.9599344754633, 111.05521807385159, 641.2306327213158, 111.05521807385159, 607.0469592519282, 112.58583031874953, 584.5979796600916, 113.09603440038218, 549.9041021090715, 109.01440174732099, 522.3530817009083, 106.46338133915773, 506.53675517029615, 106.46338133915773, 494.2918572111126, 93.37188777406166, 385.5458008175399, 87.1218877740617, 331.3791341508736, 82.95522110739506, 319.5735785953181, 49.46813452248223, 302.84327387588263, 32.10702341137124, 299.37105165366046, 14.74591230026024, 307.00994054254926, 5.023690078038083, 320.89882943143806, 7.107023411371401, 304.23216276477154, 13.357023411371362, 270.8988294314384, 12.662578966926922, 248.67660720921634, 4.329245633593644, 233.39882943143866, 4.329245633593644, 193.8154960981056, 10.759476031215176, 161.83389074693426, 15.620587142326254, 141.00055741360106, 23.259476031215094, 108.3616685247124, 26.731698253437294, 97.25055741360136, 34.19035674470456, 88.42948717948708, 47.38480118914892, 77.31837606837604, 53.634801189148874, 71.76282051282053, 62.66257896692659, 73.1517094017094, 70.30146785581543, 75.23504273504273, 100.27127461910067, 63.25808249721295, 130.86306205871412, 47.15951319212195, 159.33528428093615, 35.35395763656646]], "scale": 3, "viewpoint": 2, "zoom_in": 2, "landmarks": [319, 40, 1, 194, 28, 1, 243, 94, 2, 324, 112, 2, 396, 98, 2, 443, 38, 2, 44, 79, 2, 12, 167, 2, 8, 322, 2, 84, 318, 1, 76, 289, 1, 71, 264, 1, 78, 306, 1, 113, 526, 2, 87, 796, 2, 264, 893, 2, 462, 889, 1, 483, 584, 2, 524, 338, 2, 531, 310, 2, 513, 367, 2, 504, 404, 2, 0, 0, 0, 632, 235, 2, 605, 119, 2], "style": 2, "bounding_box": [1, 25, 638, 909], "category_id": 1, "occlusion": 2, "category_name": "short sleeve top"}}