{"item2": {"segmentation": [[244.20202020202012, 190.90909090909082, 258.4242424242424, 198.4646464646464, 275.31313131313135, 203.79797979797976, 289.0909090909092, 204.68686868686865, 306.868686868687, 202.90909090909088, 321.0909090909093, 198.02020202020196, 331.757575757576, 192.24242424242416, 341.09090909090935, 187.35353535353525, 349.09090909090935, 183.35353535353525, 356.20202020202055, 185.57575757575748, 372.646464646465, 185.13131313131302, 384.2020202020206, 188.6868686868686, 392.20202020202066, 196.24242424242416, 395.7575757575762, 213.57575757575756, 395.31313131313175, 225.13131313131316, 396.20202020202066, 237.13131313131322, 398.86868686868735, 245.57575757575768, 397.0909090909096, 250.4646464646466, 397.0909090909096, 263.3535353535355, 394.4242424242429, 283.79797979798, 387.31313131313175, 302.9090909090912, 378.8686868686873, 310.4646464646468, 373.09090909090946, 317.1313131313135, 369.9797979797983, 319.35353535353573, 369.9797979797983, 332.24242424242465, 369.9797979797983, 349.5757575757581, 366.4242424242428, 370.464646464647, 365.5757575757576, 376.80808080808083, 363.79797979797985, 381.69696969696975, 358.4646464646465, 387.4747474747475, 355.7979797979798, 388.36363636363643, 351.35353535353534, 389.69696969696975, 348.68686868686865, 384.80808080808083, 338.02020202020196, 384.80808080808083, 319.7979797979797, 387.03030303030306, 300.6868686868685, 390.1414141414142, 283.3535353535351, 391.4747474747475, 266.02020202020174, 391.919191919192, 251.79797979797945, 390.1414141414142, 230.90909090909048, 384.80808080808083, 224.2424242424238, 383.03030303030306, 214.46464646464634, 379.83838383838383, 206.02020202020185, 379.83838383838383, 200.24242424242405, 379.3939393939394, 196.68686868686848, 371.3939393939393, 198.02020202020182, 364.2828282828282, 201.13131313131294, 360.2828282828282, 210.02020202020188, 352.72727272727263, 219.79797979797968, 345.6161616161615, 222.0202020202019, 342.50505050505035, 223.7979797979797, 335.83838383838366, 217.131313131313, 333.61616161616143, 208.24242424242408, 331.83838383838366, 202.4646464646463, 325.171717171717, 200.6868686868685, 311.8383838383836, 197.5757575757574, 294.0606060606057, 197.13131313131294, 269.6161616161612, 197.5757575757574, 250.06060606060558, 197.5757575757574, 232.72727272727218, 202.2222222222224, 219.71717171717168, 212.44444444444463, 205.49494949494942, 222.6666666666669, 194.8282828282827, 231.11111111111137, 191.27272727272714]], "scale": 1, "viewpoint": 2, "zoom_in": 1, "landmarks": [293, 187, 1, 251, 186, 1, 269, 203, 2, 295, 205, 2, 327, 197, 2, 350, 184, 2, 221, 198, 1, 200, 269, 2, 207, 329, 2, 274, 330, 2, 336, 313, 1, 325, 280, 1, 265, 289, 1, 227, 294, 2, 231, 270, 1, 236, 247, 2, 237, 260, 2, 227, 317, 1, 0, 0, 0, 0, 0, 0, 0, 0, 0, 369, 308, 1, 363, 250, 1, 365, 240, 1, 365, 255, 1, 366, 269, 1, 330, 275, 2, 280, 278, 2, 280, 316, 2, 338, 318, 2, 379, 308, 2, 396, 259, 2, 390, 196, 2], "style": 0, "bounding_box": [174, 168, 423, 404], "category_id": 2, "occlusion": 2, "category_name": "long sleeve top"}, "source": "shop", "pair_id": 1903, "item1": {"segmentation": [[205.16141001855289, 378.3339517625232, 225.29292929292936, 382.8282828282829, 243.51515151515164, 387.7171717171718, 263.51515151515173, 392.1616161616163, 274.62626262626287, 389.93939393939405, 279.95959595959624, 392.1616161616163, 300.8484848484852, 389.93939393939405, 324.4040404040408, 386.8282828282829, 338.1818181818187, 384.6060606060607, 348.8484848484853, 383.27272727272737, 351.51515151515207, 385.4949494949496, 351.51515151515207, 392.6060606060607, 352.4040404040409, 401.0505050505052, 351.95959595959647, 403.2727272727274, 355.0707070707076, 406.82828282828297, 355.0707070707076, 415.7171717171719, 357.73737373737424, 420.6060606060608, 357.29292929292984, 425.05050505050525, 356.404040404041, 427.71717171717194, 356.404040404041, 439.27272727272754, 360.404040404041, 442.3838383838387, 363.51515151515207, 446.82828282828314, 363.51515151515207, 449.49494949494976, 360.84848484848544, 452.6060606060609, 364.84848484848544, 454.3838383838387, 367.0707070707076, 455.2727272727276, 367.0707070707076, 461.0505050505054, 365.7373737373743, 465.4949494949499, 367.0707070707076, 467.71717171717205, 370.6262626262632, 469.4949494949499, 370.6262626262632, 473.4949494949499, 370.6262626262632, 476.16161616161656, 372.404040404041, 477.4949494949499, 371.9595959595965, 483.71717171717216, 374.1818181818188, 484.16161616161656, 375.6363636363636, 491.7979797979796, 379.1919191919192, 500.24242424242414, 380.08080808080814, 505.13131313131305, 381.8585858585859, 508.6868686868686, 382.30303030303037, 514.020202020202, 383.6363636363637, 516.2424242424241, 385.8585858585859, 520.6868686868686, 385.8585858585859, 527.3535353535353, 387.6363636363637, 528.6868686868687, 390.30303030303037, 538.0202020202021, 393.8585858585859, 548.6868686868687, 402.3030303030304, 568.2424242424244, 405.41414141414157, 578.9090909090911, 406.3030303030304, 579.7979797979799, 408.52525252525265, 586.4646464646466, 409.858585858586, 590.4646464646466, 412.52525252525265, 593.5757575757577, 415.6363636363638, 594.9090909090911, 415.6363636363638, 601.5757575757578, 420.08080808080825, 603.3535353535356, 420.5252525252527, 610.0202020202023, 429.8585858585861, 626.4646464646468, 436.9696969696972, 644.2424242424246, 445.85858585858614, 665.5757575757581, 455.63636363636397, 686.0202020202025, 465.3737373737373, 707.3535353535352, 469.81818181818176, 714.9090909090908, 475.15151515151507, 722.9090909090908, 478.70707070707067, 732.2424242424241, 481.81818181818176, 742.020202020202, 483.5959595959596, 754.020202020202, 491.5959595959596, 763.7979797979798, 495.5959595959596, 766.909090909091, 493.8181818181818, 770.0202020202021, 494.26262626262627, 779.7979797979799, 494.7070707070707, 789.1313131313133, 483.5959595959596, 797.5757575757577, 472.92929292929284, 801.5757575757577, 463.59595959595947, 796.2424242424244, 459.59595959595947, 790.0202020202022, 458.7070707070706, 787.3535353535354, 455.59595959595947, 787.3535353535354, 452.4848484848483, 780.6868686868688, 450.2626262626261, 774.0202020202021, 448.9292929292928, 769.5757575757576, 442.2626262626261, 755.7979797979798, 436.0404040404038, 744.6868686868686, 428.48484848484827, 730.9090909090908, 417.37373737373713, 710.4646464646463, 407.5959595959593, 696.6868686868685, 396.48484848484816, 674.0202020202017, 390.70707070707033, 660.6868686868684, 376.04040404040364, 637.1313131313127, 367.59595959595913, 624.6868686868683, 364.48484848484804, 618.0202020202015, 360.48484848484804, 608.2424242424237, 343.23232323232327, 581.2121212121212, 324.5656565656565, 548.7676767676767, 302.34343434343424, 517.6565656565655, 292.121212121212, 500.3232323232321, 283.2323232323231, 490.98989898989873, 277.8989898989897, 488.7676767676765, 277.8989898989897, 516.3232323232321, 277.8989898989897, 544.3232323232322, 279.23232323232304, 557.2121212121212, 284.5656565656564, 588.7676767676769, 287.67676767676755, 616.7676767676769, 288.5656565656564, 641.2121212121215, 288.12121212121195, 654.5454545454548, 289.4545454545453, 658.5454545454548, 289.01010101010087, 667.8787878787882, 290.3434343434342, 676.7676767676771, 293.61616161616166, 694.5050505050503, 297.17171717171726, 730.060606060606, 298.94949494949503, 758.0606060606061, 300.7272727272728, 782.9494949494951, 301.6161616161617, 797.1717171717174, 306.0606060606062, 798.0606060606062, 310.0606060606062, 802.0606060606063, 311.3939393939395, 809.6161616161619, 311.83838383838395, 818.0606060606063, 311.83838383838395, 834.5050505050508, 309.17171717171726, 844.2828282828286, 300.28282828282835, 842.0606060606065, 291.39393939393943, 843.8383838383843, 284.2828282828283, 848.2828282828286, 280.72727272727275, 850.5050505050509, 276.2828282828283, 844.7272727272731, 273.17171717171715, 839.3939393939397, 271.83838383838383, 831.3939393939397, 270.50505050505046, 828.2828282828286, 