{"source": "shop", "pair_id": 1924, "item1": {"segmentation": [[197.61797899070626, 129.9244735062917, 190.27178982633527, 131.76102079738442, 183.29436523072889, 131.13093169456806, 177.78472335745067, 131.13093169456806, 172.27362637362637, 131.76102079738442, 164.56012775103684, 129.18985458985458, 157.21393858666585, 127.35330729876185, 149.1331305058578, 127.35330729876185, 134.07344271889727, 134.33218700491426, 118.64644547371822, 146.08608966790786, 109.46370901825449, 154.90151666515303, 104.68868606141335, 160.41115853843127, 98.81173472991657, 165.55349095349095, 90.36361719088994, 172.5323706596434, 76.48538027628936, 186.1883167337713, 71.71035731944822, 190.5960302323939, 66.93533436260708, 195.37105318923503, 68.03726273726272, 200.14607614607615, 66.93533436260708, 204.9210991029173, 62.16031140576595, 203.81917072826167, 57.01797899070626, 203.4518612700431, 51.87564657564657, 203.4518612700431, 44.896766869494144, 203.4518612700431, 32.775554748282026, 203.81917072826167, 25.429365583911043, 204.55378964469875, 22.1235804599441, 206.3903369357915, 23.960127751036847, 242.3866638412093, 27.633222333222335, 267.36370700007063, 30.57169799897073, 281.3214664123755, 31.306316915407827, 295.27922582468034, 31.673626373626377, 301.15617715617714, 37.55057770512316, 301.89079607261425, 39.3871249962159, 301.89079607261425, 42.3256006619643, 301.89079607261425, 49.671789826335285, 302.2581055308328, 54.07950332495787, 303.727343363707, 59.5891451982361, 303.727343363707, 62.527620863984495, 303.727343363707, 66.93533436260708, 315.48124602670055, 69.50650057013692, 323.92936356572716, 72.44497623588532, 334.5813378540651, 75.01614244341516, 344.13138376774737, 76.48538027628936, 352.579501306774, 81.24346663437572, 393.7655950110496, 87.48772742409105, 447.0254664527392, 91.52813146449509, 509.4680743498925, 90.42620308983945, 567.1356592902048, 92.99736929736929, 573.0126106217015, 119.81095974732338, 573.3799200799201, 141.84952724043632, 568.6048971230789, 169.76504606504602, 561.258707958708, 182.62087710269526, 558.6875417511781, 198.41518380609284, 555.0144471689925, 237.2064228700592, 546.8500812318994, 271.73351194260283, 540.9731299004026, 309.19907668089485, 536.56541640178, 338.21652388016025, 532.8923218195945, 371.4053673599128, 529.9159375977557, 391.97469702015155, 528.4466997648816, 409.60555101464195, 524.7736051826961, 420.99214421941696, 523.3043673498219, 427.6037144673508, 522.2024389751663, 423.93061988516536, 504.9388944388944, 420.99214421941696, 495.7561579834307, 418.05366855366856, 487.6753499026226, 415.11519288792016, 478.4926134471589, 411.80940776395323, 464.9021634930726, 409.60555101464195, 457.188664870483, 407.0343848071121, 442.1289770835225, 403.72859968314515, 431.4770027951846, 400.4228145591782, 420.0904095904096, 396.3824105187742, 403.9287934287934, 394.17855376946284, 393.2768191404555, 390.5054591872774, 380.7882975610248, 385.41281143099326, 349.51697898061536, 382.10702630702633, 334.8246006518734, 380.63778847415216, 324.17262636353547, 379.5358600994965, 310.9494858676677, 378.8012411830594, 299.5628926628927, 378.0666222666223, 290.01284674921044, 377.69931280840376, 275.68777787868703, 377.33200335018523, 269.4435170889717, 377.33200335018523, 266.1377319650047, 374.76083714265536, 257.6896144259781, 381.0050979323707, 258.05692388419664, 389.8205249296159, 259.1588522588523, 397.5340235522054, 259.8934711752894, 401.941737050828, 258.79154280063375, 403.04366542548365, 256.58768605132246, 404.1455938001393, 252.54728201091842, 406.3494505494506, 246.3030212212031, 406.7167600076691, 241.1606888061434, 407.0840694658877, 235.2837374746466, 409.287926215199, 227.93754831027564, 413.4825447279993, 227.20663477936205, 415.89949646313283, 224.26445372809013, 417.7360437542256, 222.79521589521596, 421.9306622670259, 212.14694699240152, 429.4899464172192, 197.0835538199175, 434.9995882904974, 184.59503224048683, 418.1033532124442, 180.18731874186426, 388.71859655496024, 170.26996336996342, 371.82236147690696, 163.65839312202954, 350.0528592619502, 153.90411810411808, 334.6258620167711, 144.72138164865436, 323.60657827021464, 136.27326410962775, 315.15846073118803, 134.06940736031646, 307.4449621085985, 131.4982411527866, 299.3641540277904, 128.55976548703822, 290.18141757232667, 125.25398036307126, 272.55056357783633, 120.11164794801158, 253.08316229225323, 113.13276824185915, 246.1042825861008, 110.92891149254785, 240.9619501710411, 110.19429257611077, 233.98307046488867, 112.03083986720351, 225.1676434676435, 119.00971957335594, 214.8829786375241, 124.15205198841562]], "scale": 3, "viewpoint": 1, "zoom_in": 1, "landmarks": [195, 133, 2, 145, 132, 2, 163, 176, 2, 206, 188, 2, 240, 161, 2, 244, 114, 2, 82, 182, 2, 61, 205, 2, 24, 207, 2, 34, 302, 2, 50, 303, 2, 63, 304, 2, 66, 307, 2, 89, 435, 2, 95, 572, 2, 261, 539, 2, 425, 520, 2, 392, 395, 2, 375, 261, 2, 374, 257, 2, 387, 258, 2, 401, 259, 2, 434, 187, 2, 379, 168, 2, 330, 143, 2], "style": 1, "bounding_box": [14, 109, 437, 578], "category_id": 1, "occlusion": 1, "category_name": "short sleeve top"}}