{"source": "shop", "pair_id": 1918, "item1": {"segmentation": [[89.90284680717208, 265.43181031770996, 120.69869455803719, 297.95776187480345, 137.6537118590753, 312.8366546083675, 160.49108210128986, 333.9439210443537, 185.4045769109785, 354.0131251966029, 203.05163573450795, 369.2380386914126, 215.1623623781066, 382.38682761874827, 232.23415382195657, 402.8131409248191, 243.65283894306387, 417.3460128971375, 253.3414202579428, 421.49826203208556, 266.1441884240328, 431.53286410821016, 275.1407282164203, 439.145320855615, 284.48328877005355, 450.910026737968, 289.327579427493, 449.52594369298527, 289.6736001887387, 438.4532793331237, 293.8258493236868, 428.0726564957534, 296.24799465240653, 420.46019974834854, 295.9019738911609, 415.26988832966344, 293.8258493236868, 411.463659955961, 292.78778703994976, 405.5813070147845, 291.4037039949671, 395.5467049386599, 290.7116624724757, 378.24566687637616, 287.25145486001895, 368.5570855614973, 286.9054340987733, 361.2906495753381, 288.289517143756, 352.98615130544187, 287.9434963825103, 345.0276737967913, 288.289517143756, 319.768158225857, 289.327579427493, 299.69895407360787, 289.327579427493, 290.7024142812203, 285.3358603334382, 282.31873230575655, 269.76492607738277, 258.443299779805, 263.8825731362063, 244.25644856873228, 248.53626140295697, 221.5669786096257, 243.34594998427184, 208.76421044353572, 239.88574237181507, 193.88531770997167, 237.80961780434103, 183.50469487260142, 248.88228216420262, 190.77113085876059, 258.91688424032725, 203.2278782636049, 269.64352783894316, 220.87493708713436, 280.0241506763134, 230.90953916325893, 290.7507942749294, 243.0202658068576, 296.63314721610584, 247.17251494180567, 295.9411056936145, 250.63272255426244, 299.05529254482553, 252.01680559924515, 304.93764548600205, 248.55659798678838, 315.3182683233723, 241.2901620006292, 324.66082887700554, 232.29362220824163, 333.6573686693931, 223.64310317709976, 340.23176313306095, 215.68462566844923, 342.99992922302636, 211.53237653350112, 344.0379915067634, 207.38012739855301, 340.9238046555523, 204.6119613085876, 341.6158461780436, 202.88185750235922, 352.78648946209495, 208.76421044353572, 366.627319911922, 212.22441805599246, 377.6999842717836, 219.83687480339734, 388.7726486316452, 230.56351840201327, 398.8072507077698, 244.40434885184027, 410.2259358288771, 259.9752831078957, 417.83839257628193, 277.6223419314251, 426.14289084617815, 291.46317238125215, 433.0633060710917, 307.72614815979887, 436.8695344447941, 316.72268795218645, 441.36780434098785, 320.5289163258889, 446.0062676942435, 331.0756134004404, 447.39035073922616, 352.1828798364266, 447.0443299779805, 368.09983485372766, 447.0443299779805, 379.51851997483493, 446.35228845548914, 387.13097672223984, 445.6602469329978, 391.6292466184336, 447.7363715004719, 397.16557879836444, 449.4664753067002, 402.7019109782952, 449.4664753067002, 407.54620163573463, 447.0443299779805, 417.5808037118593, 443.2381016042781, 424.15519817552706, 438.3938109468386, 431.42163416168626, 438.04779018559293, 435.5738832966344, 434.93360333438187, 445.95450613400465, 432.16543724441647, 451.49083831393546, 425.59104278074864, 455.2970666876379, 417.6325652720981, 458.75727430009465, 414.8643991821327, 460.48737810632304, 415.55644070462404, 462.5635026737971, 419.0166483170808, 465.3316687637625, 433.5510616546084, 480.53716577540104, 447.39189210443544, 495.4160585089651, 458.1185357030514, 506.83474363007235, 467.0, 517.5613872286883, 467.0, 701.0, 160.47783107895566, 701.0, 157.0176234664989, 683.0069204152248, 154.94149889902485, 677.8166089965398, 152.17333280905945, 663.2837370242214, 148.71312519660268, 643.2145328719722, 146.29097986788295, 631.1038062283735, 143.1767930166719, 621.4152249134946, 140.75464768795214, 606.5363321799306, 136.94841931424972, 595.463667820069, 134.18025322428431, 585.7750865051901, 132.7961701793016, 579.546712802768, 132.7961701793016, 574.7024221453285, 128.9147609311104, 559.1488911607423, 125.45455331865367, 548.7682683233721, 124.07047027367096, 534.927437873545, 123.03240798993394, 521.4326281849637, 121.64832494495124, 514.5122129600502, 120.95628342245989, 509.3219015413651, 119.91822113872286, 507.24577697389105, 115.41995124252908, 507.24577697389105, 111.26770210758097, 510.7059845863478, 106.7694322113872, 514.1661921988045, 102.61718307643909, 519.010482856244, 97.42687165775396, 524.2007942749292, 93.9666640452972, 530.0831472161057, 92.92860176156017, 531.4672302610884, 86.70022805913803, 533.8893755898081, 83.93206196917262, 539.0796870084932, 78.7417505504875, 546.0001022334067, 74.58950141553939, 548.7682683233721, 72.51337684806532, 550.4983721296005, 73.20541837055669, 562.6090987731991, 72.51337684806532, 580.6021783579743, 71.53632431582261, 594.9292230261088, 67.3840751808745, 612.5762818496382, 64.96192985215477, 626.763133060711, 62.19376376218937, 642.3340673167663, 60.117639194715316, 655.482856244102, 58.05168291915698, 676.3279097200377, 53.5534130229632, 689.4766986473735, 51.82330921673482, 695.0130308273043, 50.09320541050644, 701.0, 0.0, 701.0, 0.0, 373.0568968229003, 2.6335168291915716, 368.21260616546084, 4.363620635419949, 364.0603570305127, 2.979537590437247, 356.79392104435357, 2.2874960679458964, 350.21952658068574, 4.017599874174273, 346.4132982069833, 7.131786725385353, 343.2991113557722, 7.131786725385353, 334.3025715633846, 11.976077382824808, 327.7281770997168, 15.436284995281563, 324.2679694872601, 19.24251336898399, 323.22990720352306, 24.432824787669123, 318.3856165460836, 29.623136206354253, 318.3856165460836, 33.429364580056685, 314.2333674111355, 36.19753067002208, 311.8112220824157, 41.38784208870722, 310.42713903743305, 43.46396665618127, 309.0430559924503, 48.30825731362073, 303.50672381251957, 53.498568732305856, 299.7004954388171, 60.41898395721937, 294.85620478137764, 64.91725385341314, 290.35793488518385, 68.3774614658699, 284.1295611827617, 72.18368983957232, 277.5551667190939, 79.45012582573152, 272.7108760616544]], "scale": 3, "viewpoint": 3, "zoom_in": 2, "landmarks": [174, 245, 1, 90, 267, 1, 132, 314, 2, 189, 356, 2, 267, 243, 1, 237, 183, 1, 16, 331, 2, 0, 0, 0, 0, 0, 0, 0, 0, 0, 0, 0, 0, 0, 0, 0, 60, 648, 2, 69, 597, 2, 75, 544, 2, 118, 503, 2, 124, 539, 2, 145, 617, 2, 0, 0, 0, 0, 0, 0, 0, 0, 0, 0, 0, 0, 370, 403, 2, 316, 321, 1, 346, 363, 2, 383, 456, 2, 348, 346, 2, 294, 254, 2, 346, 203, 2, 424, 289, 2, 449, 415, 2, 394, 304, 1, 329, 216, 1, 287, 325, 2, 292, 404, 2, 331, 584, 2, 0, 0, 0, 247, 418, 2, 325, 582, 2], "style": 3, "bounding_box": [1, 174, 467, 701], "category_id": 4, "occlusion": 1, "category_name": "long sleeve outwear"}}