{"source": "shop", "pair_id": 1918, "item1": {"segmentation": [[94.09114501415533, 261.02905787983644, 111.73820383768478, 267.9494731047499, 130.07730418370556, 281.0982620320856, 147.03232148474368, 298.3993000943694, 161.9112142183077, 314.6622758729161, 182.32643913180254, 329.88718936772585, 202.39564328405174, 348.2262897137466, 211.73820383768498, 355.83874646115146, 220.0427021075812, 357.2228295061342, 232.15342875117983, 362.06712016357363, 247.37834224598953, 368.9875353884872, 256.72090279962276, 376.9460128971377, 259.1430481283425, 375.561929852155, 257.7589650833598, 368.2954938659958, 256.3748820383771, 362.41314092481934, 256.0288612771314, 348.2262897137466, 254.64477823214872, 335.42352154765666, 252.91467442592034, 323.6588156653037, 250.8385498584463, 302.55154922931746, 243.91813463353276, 282.4823450770683, 234.57557407989952, 263.45120320855614, 228.3472003774774, 247.18822743000942, 222.4648474363009, 233.69341774142808, 216.23647373387874, 222.96677414281214, 207.93197546398255, 201.85950770682592, 206.8704938659956, 197.51930638565588, 224.51755268952505, 197.17328562441023, 234.8981755268953, 195.78920257942752, 242.51063227430018, 196.13522334067318, 254.96737967914447, 193.3670572507078, 263.96391947153205, 192.67501572821644, 270.5383139351999, 193.02103648946212, 273.99852154765665, 193.71307801195346, 277.8047499213591, 195.78920257942752, 282.3030198175528, 195.09716105693616, 287.1473104749923, 195.09716105693616, 289.22343504246635, 196.13522334067318, 289.22343504246635, 199.94145171437563, 290.26149732620337, 205.47778389430644, 291.6455803711861, 208.24594998427182, 295.1057879836428, 210.32207455174589, 295.7978295061342, 216.20442749292238, 295.4518087448885, 221.04871815036182, 300.04097200377475, 225.72631330607103, 306.6153664674426, 239.22112299465238, 311.1136363636364, 243.0273513683548, 313.8818024536018, 248.9097043095313, 315.26588549858445, 256.8681818181818, 324.6084460522177, 267.2488046555521, 334.6430481283423, 282.8197389116075, 345.36969172695825, 300.8128184963826, 350.56000314564335, 315.345690468701, 354.0202107581001, 327.4564171122996, 359.9025636992766, 342.6813306071093, 364.4008335954704, 354.1000157282166, 366.13093740169876, 361.3664517143758, 365.09287511796174, 367.59482541679796, 362.32470902799633, 370.709012268009, 359.9025636992766, 372.78513683548306, 357.13439760931124, 374.51524064171144, 356.44235608681987, 381.435655866625, 358.5184806542939, 387.31800880780145, 364.9825652720981, 396.1533972947468, 372.59502201950295, 401.6897294746776, 384.0137071406103, 411.37831078955656, 393.8267694243473, 425.5041522491349, 402.8233092167348, 442.11314878892733, 410.78178672538536, 460.4522491349481, 415.6260773828248, 478.44532871972325, 418.3942434727902, 492.9782006920416, 420.81638880150996, 503.3588235294119, 413.54995281535076, 503.3588235294119, 403.51535073922616, 506.47301038062295, 397.6329977980497, 505.43494809688593, 390.3665618118905, 505.7809688581316, 383.446146586977, 507.51107266436, 370.643378420887, 508.549134948097, 367.8752123309216, 508.8951557093427, 363.7229631959735, 521.6979238754327, 360.9547971060081, 533.11660899654, 359.2246932997797, 542.8051903114189, 356.58409090909095, 547.6636520918529, 333.4006999056307, 538.6671122994653, 315.4076203208556, 533.1307801195345, 300.18270682604583, 531.0546555520605, 290.14810474992123, 530.0165932683234, 278.72941962881396, 525.5183233721297, 273.53910821012886, 520.6740327146902, 272.50104592639184, 517.9058666247247, 269.73287983642643, 518.9439289084618, 265.92665146272395, 516.1757628184964, 255.32202736709664, 516.061450141554, 235.59884397609312, 519.8676785152564, 215.1836190625983, 525.7500314564329, 204.11095470273668, 533.7085089650834, 197.19053947782317, 536.1306542938032, 189.23206196917263, 532.6704466813464, 183.69572978924182, 526.0960522176786, 181.96562598301344, 524.0199276502045, 179.54348065429372, 518.1375747090281, 177.81337684806533, 509.1410349166405, 172.27704466813452, 502.91266121421836, 168.4708162944321, 496.6842875117962, 168.81683705567778, 489.07183076439134, 165.35662944322104, 484.9195816294432, 163.28050487574697, 480.7673324944951, 160.16631802453588, 472.4628342245989, 159.47427650204455, 464.850377477194, 158.4362142183075, 462.77425290971996, 156.70611041207914, 453.77771311733244, 154.62998584460507, 446.16525636992753, 148.60743944636678, 442.0277996225229, 146.8773356401384, 442.71984114501424, 142.7250865051903, 443.75790342875126, 135.80467128027678, 444.1039241899969, 127.15415224913491, 442.0277996225229, 119.54169550173005, 437.5295297263291, 112.27525951557087, 432.68523906888964, 107.43096885813141, 428.5329899339415, 104.662802768166, 424.7267615602391, 106.0468858131487, 408.11776502044665, 105.35484429065735, 394.968976093111, 105.00882352941167, 387.35651934570615, 103.2787197231833, 381.128145643284, 103.2787197231833, 372.82364737338776, 103.2787197231833, 370.7475228059137, 97.05034602076114, 365.9032321484743, 94.28217993079573, 358.9828169235608, 92.20605536332168, 350.6783186536646, 88.74584775086494, 343.75790342875104, 83.02310474992143, 342.1960364894621, 76.79473104749927, 340.8119534444794, 71.60441962881414, 340.11991192198803, 70.56635734507711, 340.46593268323375, 70.91237810632279, 335.96766278703996, 70.91237810632279, 332.16143441333753, 70.22033658383144, 329.3932683233721, 71.25839886756846, 323.5109153821956, 73.33452343504251, 316.24447939603647, 74.71860648002522, 307.59396036489454, 74.71860648002522, 299.63548285624404, 74.71860648002522, 290.63894306385646, 77.8327933312363, 283.718527838943, 81.98504246618441, 279.56627870399484, 83.71514627241277, 273.6839257628184, 86.82933312362385, 267.8015728216419]], "scale": 3, "viewpoint": 2, "zoom_in": 1, "landmarks": [170, 241, 1, 94, 264, 2, 138, 288, 2, 182, 319, 2, 230, 248, 2, 208, 203, 1, 81, 315, 1, 105, 428, 2, 205, 477, 2, 275, 516, 2, 356, 543, 2, 363, 503, 2, 308, 463, 2, 250, 418, 2, 204, 381, 2, 167, 360, 2, 144, 397, 1, 163, 472, 2, 0, 0, 0, 0, 0, 0, 0, 0, 0, 301, 374, 2, 278, 288, 2, 274, 271, 2, 288, 337, 2, 315, 402, 2, 345, 456, 2, 373, 508, 1, 415, 497, 2, 397, 432, 2, 362, 354, 2, 329, 275, 2, 285, 200, 1, 247, 291, 2, 255, 325, 2, 288, 412, 2, 0, 0, 0, 213, 349, 2, 289, 417, 2], "style": 4, "bounding_box": [63, 189, 428, 576], "category_id": 4, "occlusion": 1, "category_name": "long sleeve outwear"}}