{"source": "shop", "pair_id": 1936, "item1": {"segmentation": [[353.045177045177, 207.7802197802198, 342.82295482295484, 206.00244200244202, 325.48962148962147, 208.66910866910868, 306.3785103785104, 215.7802197802198, 288.15628815628816, 220.66910866910868, 280.15628815628816, 224.66910866910868, 271.26739926739924, 224.66910866910868, 264.15628815628816, 226.44688644688645, 262.8229548229548, 230.00244200244202, 255.7118437118437, 230.8913308913309, 251.26739926739924, 233.11355311355314, 213.97802197802199, 247.63369963369965, 190.42246642246644, 252.52258852258853, 185.0891330891331, 256.52258852258853, 164.64468864468864, 274.3003663003663, 154.4224664224664, 297.41147741147745, 153.0891330891331, 319.1892551892552, 154.4224664224664, 329.8559218559219, 155.75579975579976, 342.74481074481076, 159.75579975579976, 349.8559218559219, 167.31135531135533, 361.8559218559219, 176.2002442002442, 375.6336996336997, 183.75579975579976, 384.0781440781441, 189.97802197802199, 388.0781440781441, 200.2002442002442, 392.52258852258853, 211.31135531135533, 393.8559218559219, 221.0891330891331, 386.74481074481076, 232.64468864468864, 380.52258852258853, 245.53357753357756, 373.41147741147745, 254.86691086691087, 366.3003663003663, 256.64468864468864, 366.3003663003663, 255.31135531135533, 388.967032967033, 251.96581196581198, 416.1782661782662, 249.74358974358975, 445.95604395604397, 247.96581196581198, 466.8449328449329, 246.63247863247864, 477.95604395604397, 240.85470085470087, 492.1782661782662, 228.49816849816852, 526.3614163614163, 223.16483516483518, 540.5836385836386, 208.94261294261295, 569.4725274725274, 204.05372405372407, 576.5836385836386, 204.05372405372407, 584.1391941391942, 197.3870573870574, 593.9169719169719, 190.2759462759463, 610.3614163614163, 183.6092796092796, 621.4725274725274, 176.13186813186815, 636.935286935287, 166.7985347985348, 654.2686202686203, 156.5763125763126, 669.8241758241759, 150.7985347985348, 680.4908424908425, 147.6874236874237, 685.8241758241759, 152.13186813186815, 694.7130647130648, 169.4652014652015, 709.3797313797314, 211.63614163614164, 738.8473748473748, 236.0805860805861, 753.5140415140415, 261.4139194139194, 765.0695970695971, 308.0805860805861, 784.6251526251526, 327.63614163614164, 785.9584859584859, 349.4139194139194, 783.2918192918193, 358.7472527472528, 780.6251526251526, 369.8583638583639, 776.6251526251526, 384.95726495726495, 769.1501831501831, 402.2905982905983, 759.3724053724054, 417.84615384615387, 746.927960927961, 441.84615384615387, 729.1501831501831, 465.84615384615387, 702.4835164835165, 477.84615384615387, 686.4835164835165, 479.5628815628816, 674.3296703296703, 479.5628815628816, 667.6630036630037, 479.11843711843716, 657.8852258852259, 485.78510378510384, 640.9963369963369, 490.6739926739927, 626.7741147741148, 489.78510378510384, 599.6630036630037, 489.78510378510384, 584.9963369963369, 495.5628815628816, 573.4407814407814, 495.5628815628816, 565.8852258852259, 493.3406593406594, 558.3296703296703, 490.2295482295483, 549.4407814407814, 492.87179487179486, 538.3540903540903, 494.20512820512823, 532.5763125763126, 492.87179487179486, 524.5763125763126, 516.4273504273505, 525.0207570207571, 526.6495726495726, 527.6874236874237, 537.7606837606837, 525.909645909646, 550.6495726495726, 523.2429792429792, 554.2051282051282, 485.02075702075706, 558.6495726495726, 428.5763125763126, 560.8717948717949, 385.9096459096459, 564.4371184371186, 323.81929181929183, 561.7704517704518, 286.4859584859585, 557.7704517704518, 259.81929181929183, 553.3260073260074, 247.3748473748474, 538.6593406593407, 234.04151404151406, 521.3260073260074, 221.15262515262518, 507.1037851037852, 216.2637362637363, 497.7704517704518, 214.93040293040298, 487.1037851037852, 207.3748473748474, 471.1037851037852, 208.70818070818075, 479.54822954822964, 212.2637362637363, 475.1037851037852, 218.93040293040298, 463.54822954822964, 233.5970695970696, 448.88156288156296, 248.70818070818075, 430.6593406593407, 263.81929181929183, 416.4371184371185, 270.04151404151406, 404.6007326007326, 272.76678876678875, 391.26739926739924, 270.10012210012206, 385.9340659340659, 267.8778998778999, 368.6007326007326, 246.54456654456652, 362.3785103785104, 232.32234432234432, 357.9340659340659, 220.76678876678875]], "scale": 3, "viewpoint": 2, "zoom_in": 1, "landmarks": [409, 231, 1, 354, 208, 1, 368, 246, 2, 397, 275, 2, 449, 250, 2, 486, 211, 2, 306, 217, 1, 250, 234, 2, 185, 256, 1, 212, 398, 2, 246, 375, 2, 254, 327, 2, 257, 353, 2, 252, 424, 2, 248, 479, 2, 204, 583, 2, 150, 689, 2, 241, 755, 1, 353, 783, 1, 480, 668, 2, 492, 557, 2, 479, 467, 1, 447, 396, 2, 456, 377, 2, 432, 434, 2, 407, 510, 2, 552, 524, 2, 559, 397, 2, 553, 248, 2], "style": 1, "bounding_box": [143, 194, 567, 796], "category_id": 10, "occlusion": 2, "category_name": "short sleeve dress"}}