{"source": "shop", "pair_id": 1937, "item1": {"segmentation": [[339.53593347288097, 179.31141393860858, 331.5774559642304, 180.00345546109995, 315.6605009469293, 183.11764231231103, 301.47364973585655, 182.77162155106535, 288.32486080852084, 182.77162155106535, 280.3663832998703, 189.6920367759789, 270.67780198499133, 199.03459732961215, 260.9892206701124, 210.1072616894738, 254.70958937920406, 215.42850090895692, 242.94488349685105, 225.11708222383587, 239.83069664564, 230.30739364252102, 236.02446827193754, 241.03403724113699, 230.83415685325238, 245.1862863760851, 221.49159629961912, 248.64649398854186, 213.18709802972288, 256.6049714971924, 209.38086965602045, 265.25549052833435, 207.30474508854638, 278.7503002169157, 207.99678661103775, 292.5911306667428, 207.30474508854638, 304.00981578785013, 210.0729111785118, 314.3904386252204, 219.06945097089937, 316.12054243144877, 224.9518039120759, 317.85064623767715, 236.71650979442887, 321.3108538501339, 243.6369250193424, 326.5011652688191, 256.09367242418676, 331.69147668750423, 265.43623297782005, 337.57382962868076, 270.6265443965052, 339.99597495740045, 274.0867520089619, 335.49770506120666, 277.20093886017304, 329.96137288127585, 277.5469596214187, 325.11708222383635, 277.8929803826644, 318.5426877601685, 284.1213540850866, 313.698397102729, 286.1133134929109, 309.25587974235924, 288.53545882163064, 304.0655683236741, 289.9195418666134, 313.06210811606167, 284.7292304479282, 320.32854410222086, 281.26902283547145, 332.09324998457384, 279.1928982679974, 341.43581053820714, 271.5804415205925, 354.23857870429714, 261.63845814287964, 367.5999449404548, 245.37548236433287, 386.9771075702127, 230.49658963076877, 407.3923324837076, 220.11596679339848, 424.34734978474575, 209.04330243353684, 444.76257469824066, 187.79863395370262, 487.1359116389232, 174.99586578761262, 512.7414479711032, 165.999325995225, 531.7725898396154, 158.04084848657445, 545.9594410506882, 153.19655782913497, 559.1082299780239, 148.69828793294118, 569.8348735766399, 146.27614260422146, 580.9075379365015, 162.30711834479638, 586.2501791808465, 178.2240733620975, 593.8626359282515, 196.2171529468727, 600.783051153165, 215.2482948153849, 609.7795909455526, 228.3970837427206, 617.3920476929575, 254.12059938959868, 625.0025251446503, 285.6084886629552, 636.4212102657576, 318.8264817425402, 643.3416254906712, 360.5764781826553, 649.9652982471131, 387.56609755981805, 647.889173679639, 408.6733639958043, 648.5812152021304, 436.0090041342128, 647.5431529183933, 446.73564773282874, 646.851111395902, 448.11973077781147, 629.2040525723725, 449.1577930615485, 608.4428068976318, 448.4657515390571, 591.8338103578394, 447.4276892553201, 569.3424608768704, 447.0816684940744, 548.5812152021299, 446.2347814942973, 527.8244644747272, 443.1205946430862, 507.0632187999866, 442.4285531205948, 490.10820149894846, 440.0064077918751, 469.0009350629622, 438.27630398564673, 452.04591776192404, 435.854158656927, 435.0909004608859, 429.61931071145483, 405.0239603950998, 426.8511446214894, 387.3769015715703, 427.1971653827351, 372.49800883800617, 427.5431861439808, 361.7713652393902, 432.38747680142023, 347.9305347895631, 437.92380898135104, 335.1277666234731, 443.4601411612819, 322.67101921862877, 446.9203487737387, 314.7125417099782, 446.9203487737387, 306.75406420132765, 450.03453562494974, 302.6018150663795, 451.7646394311781, 311.9443756200128, 453.14872247616086, 327.8613306373139, 455.57086780488055, 341.70216108714095, 460.7611792235657, 345.8544102220891, 467.68159444847925, 349.31461783454586, 471.8338435834274, 351.3907424020199, 475.9860927183755, 361.07932371689884, 479.44630033083223, 365.231572851847, 484.29059098827173, 363.84748980686425, 485.6746740332544, 358.31115762693344, 495.36325534813335, 353.1208462082483, 506.0898989467494, 350.6987008795286, 518.200625590348, 349.6606385957915, 532.9610026533004, 348.2895040369088, 545.7637708193904, 347.94348327566314, 553.3762275667954, 345.86735870818904, 551.3001029993212, 338.94694348327556, 548.8779576706015, 326.83621683967687, 547.4938746256188, 315.41753171856953, 543.6876462519164, 309.18915801614736, 541.2655009231967, 295.0023068050746, 536.4212102657572, 288.77393310265245, 526.3911031369704, 284.45640565594437, 517.7405841058285, 280.6501772822419, 513.5883349708804, 268.53945063864325, 508.39802355219524, 256.0827032337989, 505.2838367009841, 243.62595582895452, 500.78556680479034, 231.16920842411017, 495.9412761473509, 221.8266478704769, 487.98279863870033, 213.52214960058066, 482.4464664587695, 208.33183818189553, 480.2822181402215, 205.03295028977456, 473.361802915308, 201.91876343856347, 462.28913855544636, 200.1886596323351, 456.7528063755155, 197.074472781124, 446.0261627768995, 189.46201603371912, 438.75972679074033, 187.73191222749074, 427.68706243087865, 192.9222236461759, 418.6905226384911, 196.03641049738698, 405.1957129499097, 196.38243125863266, 387.8946748876259, 195.6903897361413, 364.94579957376317, 192.10770786164863, 356.2952805426213, 189.68556253292888, 346.952719988988, 184.49525111424376]], "scale": 2, "viewpoint": 2, "zoom_in": 1, "landmarks": [387, 176, 1, 339, 180, 2, 362, 193, 2, 387, 198, 2, 418, 196, 2, 442, 188, 2, 290, 184, 2, 239, 237, 2, 212, 313, 1, 271, 338, 2, 288, 305, 2, 296, 277, 1, 294, 285, 2, 289, 314, 2, 280, 342, 2, 212, 444, 2, 147, 582, 2, 292, 639, 2, 447, 647, 2, 444, 495, 2, 427, 373, 2, 434, 341, 2, 447, 315, 2, 452, 303, 2, 457, 334, 2, 479, 364, 2, 549, 340, 1, 520, 283, 2, 489, 214, 2], "style": 1, "bounding_box": [136, 172, 553, 645], "category_id": 10, "occlusion": 1, "category_name": "short sleeve dress"}}