{"source": "shop", "pair_id": 1929, "item1": {"segmentation": [[238.56828885400313, 334.7189952904239, 248.03767660910518, 344.5149136577709, 256.20094191522765, 350.06593406593413, 264.690737833595, 353.657770800628, 275.13971742543174, 355.94348508634226, 287.5478806907379, 357.24960753532184, 299.30298273155415, 357.24960753532184, 309.425431711146, 354.3108320251178, 317.83987441130296, 348.7849293563579, 324.04395604395603, 338.9890109890109, 328.3642072213501, 334.06593406593413, 333.91522762951337, 330.4740973312402, 341.425431711146, 331.4536891679749, 347.3029827315542, 335.0455259026688, 346.6499215070644, 339.2904238618525, 347.6295133437991, 345.4945054945055, 349.5886970172685, 352.6781789638933, 349.9152276295134, 359.86185243328106, 345.99686028257463, 362.80062794348515, 345.01726844583993, 362.80062794348515, 346.97645211930933, 369.0047095761382, 350.8194662480377, 373.27472527472526, 357.67660910518055, 372.9481946624804, 368.50235478806906, 371.56671899529044, 376.33908948194664, 376.13814756671906, 387.7676609105181, 385.28100470957617, 391.03296703296706, 388.8728414442701, 387.7676609105181, 395.7299843014129, 382.5431711145997, 398.9952904238619, 378.6248037676609, 401.6075353218211, 385.1554160125589, 417.6075353218211, 389.72684458398743, 430.0156985871272, 390.37990580847725, 437.5259026687599, 382.5431711145997, 441.7708006279436, 374.37990580847725, 442.75039246467827, 362.57456828885404, 441.51962323390893, 350.8194662480377, 440.86656200941917, 344.0125588697017, 443.07692307692315, 343.6860282574568, 451.2401883830456, 344.9921507064364, 471.1585557299844, 354.0847723704867, 508.65934065934067, 363.8806907378336, 540.6593406593407, 370.73783359497645, 584.2386185243329, 372.0439560439561, 622.1161695447411, 372.0439560439561, 663.5855572998431, 361.9215070643642, 664.8916797488228, 346.57456828885404, 664.8916797488228, 333.839874411303, 660.973312401884, 333.1868131868132, 657.38147566719, 328.9419152276295, 657.7080062794349, 318.4929356357928, 657.0549450549452, 316.2072213500785, 652.8100470957614, 310.3296703296703, 652.8100470957614, 301.1868131868132, 650.1978021978023, 299.7551020408163, 647.2590266875981, 288.60282574568294, 647.0078492935637, 284.68445839874414, 662.6813186813188, 275.2150706436421, 662.3547880690738, 274.5620094191523, 652.558869701727, 266.44897959183675, 655.7488226059654, 262.85714285714283, 664.2386185243328, 253.7142857142857, 665.8712715855573, 241.63265306122446, 667.1773940345369, 217.469387755102, 665.8712715855573, 201.1177394034537, 662.3045525902669, 199.81161695447412, 656.7535321821036, 191.32182103610677, 656.1004709576139, 191.97488226059656, 637.8147566718995, 194.26059654631084, 614.3045525902669, 197.5259026687598, 582.9576138147567, 201.4442700156986, 552.5902668759811, 207.97488226059656, 529.4065934065934, 215.4850863422292, 498.3108320251177, 225.60753532182105, 466.3108320251177, 229.85243328100472, 444.43328100470956, 230.83202511773942, 433.331240188383, 230.83202511773942, 421.57613814756667, 228.54631083202514, 432.6781789638932, 224.62794348508638, 426.1475667189952, 214.50549450549454, 423.86185243328094, 204.70957613814758, 425.1679748822605, 202.0973312401884, 436.2700156985871, 195.24018838304553, 433.6577708006279, 186.42386185243328, 431.6985871271585, 183.81161695447412, 428.1067503924646, 184.4646781789639, 418.9638932496075, 188.38304552590267, 404.92307692307685, 192.30141287284147, 396.1067503924646, 188.03139717425432, 394.6499215070644, 183.13343799058086, 390.4050235478807, 189.99058084772372, 381.5886970172685, 196.84772370486658, 371.7927786499215, 200.11302982731556, 369.5070643642072, 200.43956043956047, 364.93563579277867, 205.33751962323393, 362.3233908948195, 213.1742543171115, 362.3233908948195, 220.68445839874414, 362.3233908948195, 225.9089481946625, 361.6703296703297, 225.25588697017272, 353.18053375196234, 220.35792778649926, 352.20094191522765, 218.07221350078495, 354.8131868131868, 218.39874411302986, 348.28257456828885, 221.66405023547884, 339.13971742543174, 218.07221350078495, 340.4458398744113, 210.5620094191523, 348.28257456828885, 205.33751962323393, 343.3846153846154, 215.1334379905809, 335.22135007849295, 221.99058084772375, 331.30298273155415, 230.4803767660911, 329.34379905808476, 235.70486656200944, 329.34379905808476]], "scale": 2, "viewpoint": 2, "zoom_in": 1, "landmarks": [281, 344, 1, 238, 337, 2, 260, 354, 2, 288, 360, 2, 315, 351, 2, 329, 337, 2, 223, 339, 2, 196, 380, 2, 185, 432, 2, 232, 436, 2, 231, 412, 1, 229, 390, 2, 229, 398, 2, 231, 423, 2, 232, 449, 2, 210, 532, 2, 192, 656, 2, 285, 663, 2, 374, 665, 2, 363, 535, 1, 342, 446, 2, 340, 422, 2, 347, 399, 2, 349, 384, 2, 345, 415, 2, 340, 441, 2, 384, 441, 2, 386, 386, 2, 347, 345, 2], "style": 1, "bounding_box": [173, 326, 391, 681], "category_id": 10, "occlusion": 1, "category_name": "short sleeve dress"}}