{"source": "shop", "pair_id": 1937, "item1": {"segmentation": [[147.51018838908126, 202.98167371523743, 139.20569011918502, 206.0958605664485, 128.8250672818147, 213.01627579136203, 118.44444444444443, 217.8605664488015, 108.40984236831981, 221.66679482250396, 95.60707420222978, 233.08547994361126, 91.45482506728166, 244.5041650647186, 90.41676278354464, 256.2688709470716, 91.45482506728166, 270.80174291939, 92.83890811226436, 282.56644880174304, 92.14686658977301, 289.83288478790223, 90.76278354479031, 295.7152377290787, 87.30257593233355, 304.01973599897497, 85.22645136485949, 314.05433807509957, 86.2645136485965, 323.05087786748715, 90.76278354479031, 327.54914776368093, 90.76278354479031, 335.8536460335772, 90.07074202229896, 349.69447648340423, 92.4928873510187, 362.1512238882486, 96.99115724721248, 373.5699090093559, 99.7593233371779, 376.684095860567, 110.48596693579387, 372.8778674868646, 125.01883890811229, 372.18582596437324, 140.9357939254134, 373.22388824811026, 144.74202229911583, 376.684095860567, 144.74202229911583, 381.52838651800647, 154.08458285274912, 377.72215814430405, 154.08458285274912, 365.95745226195106, 153.04652056901207, 353.154684095861, 150.27835447904667, 341.389978213508, 148.89427143406397, 339.65987440727963, 155.4686658977318, 347.6183519159302, 160.65897731641695, 358.34499551454616, 164.11918492887372, 366.9955145456881, 164.55412957181957, 381.90041237908014, 161.22426484757398, 399.7984352719002, 152.89960303695997, 425.18865379427285, 147.48857286006088, 452.66003776929904, 139.1639110494469, 482.6288202875094, 136.250279415732, 507.6028057193514, 132.39164450610863, 542.4115311982113, 129.06177978186304, 574.8777122596058, 127.81308051027094, 606.9276602304697, 125.73191505761744, 633.9828111149652, 126.56438123867883, 647.3022700119476, 133.64034377770074, 653.9619994604387, 153.6195321231743, 661.0379619994607, 177.76105137395487, 661.0379619994607, 198.15647280995915, 656.8756310941536, 214.38956334065642, 646.4698038308861, 243.5258796778054, 643.9724052877019, 275.15959455813856, 644.8048714687634, 319.11427139939093, 641.6685551316144, 346.16942228388643, 636.2575249547153, 369.8947084441363, 630.8464947778162, 399.0310247812853, 623.3542991482636, 395.284926966509, 602.126411531198, 389.04143060854847, 582.563456276255, 384.4628666127108, 559.2544032065359, 370.5966778432961, 507.2743669788418, 358.1096851273751, 469.3971557405481, 350.61748949782253, 446.9205688518903, 342.70906077773924, 426.1089143253554, 331.88700042394106, 406.5459590704125, 318.7722665433383, 385.80614329209544, 304.2041083747638, 364.1620225844991, 297.9606120168033, 351.6750298685781, 296.2956796546805, 346.26399969167903, 305.03657455582515, 342.5179018769027, 315.85863490962333, 338.35557097159574, 329.59432689713645, 333.777006975758, 338.3352217982811, 334.1932400662887, 344.9949512467723, 339.6042702431878, 346.65988360889514, 327.94974370832824, 347.90858288048724, 313.38158553975376, 344.9949512467723, 302.5595251859555, 341.24885343199605, 294.23486337534155, 334.1728908929741, 287.57513392685036, 337.91898870775043, 272.5907426677452, 333.34042471191276, 259.2712837707628, 327.686360658265, 249.60534936601545, 324.3564959340194, 238.78328901221727, 318.9454657571203, 217.97163448568227, 312.2857363086291, 196.7437468686166, 306.45847304119934, 181.34312251898072, 291.89031487262486, 175.51585925155092, 281.90072069988804, 173.85092688942814, 260.67283308282236, 175.09962616102024, 248.60207345743208, 173.01846070836675, 236.81227116815074, 183.34088719312462, 224.32527845222975, 192.0817820942693, 209.3408871931246, 199.1577446332912, 191.0266312097738, 206.23370717231307, 178.12340540332212, 209.97980498708938, 161.05784869156344, 207.8986395344359]], "scale": 3, "viewpoint": 2, "zoom_in": 1, "landmarks": [198, 186, 1, 148, 204, 2, 176, 211, 2, 206, 202, 2, 232, 190, 2, 255, 174, 2, 100, 229, 2, 90, 304, 2, 100, 378, 2, 154, 378, 2, 149, 343, 2, 134, 303, 2, 140, 318, 2, 151, 344, 2, 164, 369, 2, 138, 500, 2, 128, 651, 2, 273, 645, 2, 399, 625, 2, 358, 470, 2, 305, 359, 1, 291, 318, 1, 279, 280, 1, 277, 268, 2, 286, 300, 2, 295, 347, 2, 345, 338, 2, 330, 253, 2, 294, 178, 2], "style": 1, "bounding_box": [84, 170, 403, 652], "category_id": 10, "occlusion": 1, "category_name": "short sleeve dress"}}