{"source": "shop", "pair_id": 1936, "item1": {"segmentation": [[229.1062271062271, 264.45421245421244, 228.2173382173382, 258.2319902319902, 205.995115995116, 274.2319902319902, 189.1062271062271, 288.45421245421244, 179.32844932844932, 302.23199023199027, 169.55067155067155, 320.45421245421244, 164.2173382173382, 344.009768009768, 163.77289377289378, 365.7875457875458, 164.2173382173382, 384.8986568986569, 160.76434676434675, 405.6019536019536, 158.98656898656898, 413.15750915750914, 159.87545787545787, 426.04639804639805, 165.2087912087912, 434.4908424908425, 166.54212454212455, 434.4908424908425, 164.76434676434675, 437.15750915750914, 162.54212454212455, 438.93528693528697, 162.0976800976801, 446.4908424908425, 160.76434676434675, 450.93528693528697, 153.65323565323567, 454.4908424908425, 160.31990231990233, 454.93528693528697, 172.31990231990233, 464.2686202686203, 186.98656898656898, 480.7130647130647, 197.2087912087912, 493.15750915750914, 200.31990231990233, 497.6019536019536, 209.2087912087912, 493.6019536019536, 212.76434676434678, 491.37973137973137, 227.02808302808302, 521.2967032967033, 236.36141636141636, 538.1855921855922, 232.80586080586082, 550.6300366300367, 228.80586080586082, 559.0744810744811, 226.13919413919413, 567.0744810744811, 220.36141636141636, 578.1855921855922, 215.02808302808302, 591.0744810744811, 213.25030525030525, 604.4078144078144, 210.5836385836386, 615.9633699633699, 212.80586080586082, 632.8522588522588, 214.13919413919413, 649.2967032967033, 214.13919413919413, 656.4078144078144, 213.25030525030525, 664.4078144078144, 211.61660561660563, 673.5018315018315, 211.61660561660563, 686.3907203907204, 214.28327228327228, 697.5018315018315, 214.72771672771674, 705.9462759462759, 217.3943833943834, 716.6129426129427, 244.94993894993894, 719.7240537240538, 268.0610500610501, 723.7240537240538, 286.7277167277167, 729.057387057387, 324.50549450549454, 737.057387057387, 350.28327228327225, 737.9462759462759, 376.50549450549454, 739.7240537240538, 388.949938949939, 737.5018315018315, 404.6129426129426, 729.4212454212454, 412.6129426129426, 723.1990231990231, 421.94627594627593, 713.4212454212454, 426.83516483516485, 701.8656898656899, 429.0573870573871, 689.8656898656899, 431.72405372405376, 681.8656898656899, 440.6129426129426, 671.1990231990231, 443.72405372405376, 660.976800976801, 452.16849816849816, 648.0879120879121, 458.3907203907204, 634.3101343101343, 462.3907203907204, 623.6434676434676, 466.3907203907204, 611.1990231990231, 467.72405372405376, 602.3101343101343, 466.83516483516485, 592.5323565323565, 465.0573870573871, 588.5323565323565, 466.6056166056166, 563.4993894993895, 466.6056166056166, 551.943833943834, 463.4945054945055, 543.943833943834, 460.3833943833944, 531.4993894993895, 457.2722832722833, 519.4993894993895, 451.93894993895, 513.2771672771672, 448.82783882783883, 510.6105006105006, 448.3833943833944, 505.72161172161174, 442.60561660561666, 494.6105006105006, 439.93894993895, 487.4993894993895, 436.3833943833944, 482.16605616605614, 445.1550671550672, 477.66056166056165, 446.932844932845, 474.993894993895, 455.82173382173386, 470.1050061050061, 467.3772893772894, 462.54945054945057, 473.59951159951163, 459.4383394383395, 482.48840048840054, 456.7716727716728, 479.3772893772894, 438.993894993895, 468.7106227106228, 402.54945054945057, 458.48840048840054, 373.6605616605617, 448.2661782661783, 348.32722832722834, 440.2661782661783, 330.1050061050061, 433.01831501831504, 302.54945054945057, 422.7960927960928, 282.54945054945057, 413.9072039072039, 268.7716727716728, 397.9072039072039, 256.32722832722834, 373.9072039072039, 247.8827838827839, 351.24053724053726, 242.1050061050061, 337.01831501831504, 238.1050061050061, 330.35164835164835, 233.21611721611725, 323.24053724053726, 230.54945054945057, 323.24053724053726, 232.7716727716728, 332.1294261294261, 236.7716727716728, 333.01831501831504, 246.54945054945057, 329.9072039072039, 272.7716727716728, 321.46275946275944, 293.21611721611725, 314.7960927960928, 305.66056166056165, 302.35164835164835, 316.32722832722834, 293.01831501831504, 322.1050061050061, 279.24053724053726, 323.4383394383395, 269.8778998778999, 319.83882783882785, 257.43345543345544, 311.83882783882785, 247.21123321123324, 298.50549450549454, 239.65567765567766, 285.1721611721612, 234.32234432234435, 273.1721611721612]], "scale": 2, "viewpoint": 2, "zoom_in": 1, "landmarks": [284, 263, 1, 230, 265, 1, 251, 305, 2, 294, 322, 2, 322, 288, 2, 337, 241, 2, 170, 318, 2, 165, 391, 2, 162, 456, 2, 203, 499, 2, 195, 446, 2, 186, 408, 2, 190, 429, 2, 205, 467, 2, 227, 517, 2, 212, 608, 2, 216, 715, 2, 335, 733, 1, 424, 709, 2, 467, 611, 2, 434, 490, 2, 401, 435, 1, 366, 390, 2, 366, 376, 2, 366, 448, 2, 367, 504, 2, 481, 454, 2, 452, 362, 2, 405, 263, 2], "style": 1, "bounding_box": [157, 229, 484, 745], "category_id": 10, "occlusion": 1, "category_name": "short sleeve dress"}}