{"source": "shop", "pair_id": 1936, "item1": {"segmentation": [[101.82857142857144, 199.8, 79.45714285714286, 216.77142857142857, 56.31428571428572, 239.14285714285714, 57.85714285714286, 266.9142857142857, 63.25714285714286, 304.7142857142857, 77.91428571428571, 345.6, 79.45714285714286, 364.8857142857143, 83.31428571428572, 381.8571428571429, 97.97142857142858, 395.74285714285713, 116.48571428571428, 402.6857142857143, 128.82857142857142, 402.6857142857143, 136.54285714285714, 397.2857142857143, 151.2, 432.7714285714286, 166.62857142857143, 477.51428571428573, 179.74285714285713, 513.7714285714286, 195.17142857142858, 550.0285714285715, 212.14285714285714, 583.9714285714285, 223.71428571428572, 607.1142857142858, 231.42857142857144, 622.5428571428572, 246.85714285714286, 621.7714285714286, 259.9714285714286, 617.1428571428571, 272.31428571428575, 604.8, 276.9428571428571, 594.7714285714286, 285.42857142857144, 583.9714285714285, 299.31428571428575, 583.2, 303.1714285714286, 592.4571428571429, 313.2, 597.8571428571429, 323.22857142857146, 600.9428571428572, 332.48571428571427, 600.9428571428572, 343.2857142857143, 597.8571428571429, 352.54285714285714, 594.0, 356.4, 586.2857142857143, 358.7142857142857, 575.4857142857143, 365.65714285714284, 570.8571428571429, 374.9142857142857, 569.3142857142857, 384.1714285714286, 565.4571428571429, 392.65714285714284, 557.7428571428571, 395.74285714285713, 549.2571428571429, 396.51428571428573, 536.9142857142857, 387.25714285714287, 519.9428571428572, 381.0857142857143, 509.14285714285717, 371.77777777777777, 466.7460317460318, 363.77777777777777, 444.0793650793651, 355.3333333333333, 426.7460317460318, 340.22222222222223, 403.1904761904762, 321.0063492063492, 369.815873015873, 308.56190476190477, 347.5936507936508, 298.784126984127, 331.5936507936508, 298.784126984127, 319.5936507936508, 297.0063492063492, 305.815873015873, 297.0063492063492, 295.14920634920634, 297.4507936507937, 287.5936507936508, 302.784126984127, 281.37142857142857, 308.56190476190477, 278.2603174603174, 313.89523809523814, 276.9269841269841, 313.0063492063492, 271.5936507936508, 310.33968253968254, 263.14920634920634, 297.0063492063492, 231.5936507936508, 291.22857142857146, 220.9269841269841, 285.4507936507937, 210.7047619047619, 264.8603174603175, 183.37142857142857, 252.41587301587305, 167.81587301587302, 244.86031746031748, 162.9269841269841, 226.63809523809525, 161.5936507936508, 210.63809523809525, 161.5936507936508, 200.41587301587305, 161.5936507936508, 195.0825396825397, 158.48253968253968, 187.9714285714286, 159.37142857142857, 187.0825396825397, 161.5936507936508, 193.3047619047619, 161.5936507936508, 198.19365079365082, 165.5936507936508, 202.63809523809525, 169.5936507936508, 201.74920634920636, 180.70476190476188, 196.41587301587305, 193.5936507936508, 185.74920634920636, 203.81587301587302, 171.52698412698413, 210.9269841269841, 154.63809523809527, 214.9269841269841, 136.41587301587305, 214.9269841269841]], "scale": 3, "viewpoint": 2, "zoom_in": 1, "landmarks": [156, 183, 1, 105, 202, 1, 138, 215, 1, 173, 212, 2, 196, 192, 2, 196, 162, 1, 60, 257, 1, 68, 314, 2, 85, 387, 2, 139, 396, 2, 134, 348, 2, 95, 298, 2, 108, 317, 2, 137, 357, 2, 143, 413, 2, 185, 524, 2, 229, 623, 2, 327, 601, 2, 397, 541, 2, 357, 430, 2, 299, 331, 2, 273, 294, 2, 266, 254, 2, 261, 230, 2, 271, 285, 2, 301, 330, 2, 315, 279, 1, 291, 218, 2, 245, 164, 2], "style": 1, "bounding_box": [43, 157, 399, 625], "category_id": 10, "occlusion": 2, "category_name": "short sleeve dress"}}