{"item2": {"segmentation": [[326.15217362898693, 282.9851432752741, 340.896525590937, 285.8388888162967, 371.33647802851135, 287.74138584364505, 388.934575531484, 287.74138584364505, 407.00829729129373, 288.2170101004822, 423.6551462805922, 288.69263435731926, 449.3388561497955, 288.69263435731926, 464.0832081117456, 290.11950712783056, 478.8275600736956, 289.6438828709935, 497.8525303471796, 289.6438828709935, 511.17000953861833, 289.6438828709935, 516.8775006206636, 303.91261057610643, 520.2068704185232, 321.9863323359162, 521.1581189321975, 341.0113026094001, 521.1581189321975, 357.1825273418615, 520.2068704185232, 378.10999464269383, 515.9262521069893, 401.8912074845488, 510.69438528178125, 416.1599351896617, 504.98689419973607, 431.3799114084489, 499.2794031176909, 456.112372763978, 489.7669179809489, 486.5523252015523, 483.00719969685485, 503.1188929976088, 477.2997086148097, 518.814493473233, 472.5434660464387, 529.2782271236492, 467.42637623969375, 551.9505559838497, 468.3776247533679, 566.2192836889626, 469.8044975238792, 585.7198782192837, 471.70699455122764, 602.3667272085821, 471.2313702943905, 623.2941945094145, 471.70699455122764, 639.9410434987129, 471.70699455122764, 659.441638029034, 470.7557460375534, 676.0884870183324, 470.28012178071634, 691.3084632371196, 469.8044975238792, 701.2965726306986, 454.10889704825496, 702.7234454012099, 437.4620480589565, 704.6259424285583, 425.0958173811919, 702.7234454012099, 422.24207184016933, 702.2478211443729, 417.75824175824175, 709.978021978022, 404.0439560439561, 706.8131868131868, 390.32967032967036, 706.8131868131868, 381.33838575217885, 701.7721968875358, 369.4477793312514, 700.8209483738616, 366.11840953339174, 683.2228508708889, 368.4292178409826, 678.4139320886726, 365.4669759306438, 649.5760295068254, 362.69880984067845, 624.3165139358912, 358.20053994448466, 600.7871021711852, 353.70227004829087, 576.2196281227424, 351.37405757144165, 557.6580470658948, 355.0863530932736, 535.3891782957528, 349.20400015209714, 515.3199741435036, 344.71531797572226, 488.69252982451553, 345.4566333320659, 472.6661850260466, 345.11061257082025, 460.555458382448, 339.57428039088944, 442.5623787976729, 336.4600935396784, 411.7665310468079, 334.0800790904598, 384.9112133541199, 332.69599604547705, 371.76242442678426, 326.8136431043006, 348.9250541845698, 322.6613939693525, 324.70360089737255, 319.8932278793871, 304.28837598387776, 320.1917131619866, 290.4845356783526]], "scale": 2, "viewpoint": 2, "zoom_in": 1, "landmarks": [326, 283, 1, 409, 289, 1, 512, 291, 1, 336, 393, 2, 356, 531, 2, 372, 701, 2, 422, 701, 1, 404, 528, 1, 403, 378, 2, 384, 539, 2, 417, 702, 1, 471, 699, 1, 472, 530, 1, 512, 413, 2], "style": 2, "bounding_box": [318, 278, 521, 765], "category_id": 8, "occlusion": 3, "category_name": "trousers"}, "source": "shop", "pair_id": 1964, "item1": {"segmentation": [[353.77433981001167, 0.8904104219205289, 347.1156002142923, 19.915380695404476, 340.4568606185729, 41.318472253073914, 335.2249937933648, 58.44094549920947, 331.419999738668, 65.09968509492886, 344.2618546732697, 75.56341874534502, 355.67683683736004, 76.99029151585631, 368.0430675151246, 81.7465340842273, 368.5186917719617, 100.77150435771125, 370.42118879931013, 117.8939776038468, 369.4699402856359, 128.357711254263, 361.3843279194052, 147.38268152774694, 358.05495812154555, 160.7001607191857, 355.20121258052296, 168.78577308541637, 347.1156002142923, 184.95699781787772, 332.6865191883028, 214.84376265826918, 325.07653107890917, 232.91748441807894, 319.369039996864, 248.1374606368661, 315.0884216853301, 264.78430962616454, 314.13717317165595, 275.24804327658074, 317.4665429695156, 287.1386496975082, 321.2715370242124, 295.69988632057596, 332.21089493146565, 310.9198625393631, 349.8089924344383, 324.712965987639, 368.8339627079223, 337.0791966654036, 385.95643595405784, 344.21356051796005, 400.70078791600787, 348.01855457265685, 423.0551279873515, 346.59168180214556, 444.45821954502094, 341.83543923377454, 466.3369353595275, 335.6523238948923, 482.5081600919889, 328.5179600423358, 498.20376056761313, 320.4323476761051, 513.4237367864002, 314.72485659405993, 524.8387189504906, 307.59049274150345, 524.3630946936536, 292.3705165227163, 522.4605976663051, 270.96742496504686, 521.5093491526309, 258.1255700304452, 523.8874704368164, 237.19810272961283, 526.2655917210019, 214.3681384014321, 524.3630946936536, 195.81879238478524, 527.2168402346762, 178.2206948818126, 531.0218342893729, 161.57384589251416, 535.5719381688466, 144.93954083965974, 538.9013079667063, 128.7683161071984, 536.0475624256837, 109.26772157687735, 533.6694411414982, 98.80398792646118, 550.7919143876338, 90.2427513033934, 575.0487514863258, 80.73026616665143, 589.4890788224121, 75.328720662054, 589.1804368471036, 83.66205399538731, 622.6111771700357, 61.22967163633038, 616.4280618311534, 44.58282264703193, 612.1363630424272, 26.677816832394715, 607.3801204740563, 11.933464870444656, 604.0507506761966, 0.5184827063542876]], "scale": 2, "viewpoint": 2, "zoom_in": 2, "landmarks": [0, 0, 0, 0, 0, 0, 0, 0, 0, 0, 0, 0, 0, 0, 0, 0, 0, 0, 0, 0, 0, 345, 30, 2, 334, 64, 2, 368, 80, 2, 375, 51, 2, 378, 25, 2, 370, 67, 2, 356, 167, 2, 321, 292, 2, 426, 346, 2, 526, 307, 1, 527, 181, 2, 523, 66, 2, 523, 46, 2, 525, 71, 2, 534, 97, 2, 621, 61, 2, 615, 31, 2, 0, 0, 0], "style": 0, "bounding_box": [313, 0, 623, 350], "category_id": 1, "occlusion": 1, "category_name": "short sleeve top"}}