{"source": "shop", "pair_id": 1954, "item1": {"segmentation": [[259.6367445556637, 44.33056293596715, 264.89605792308606, 68.28965716533556, 271.6162916703479, 79.97702020405185, 280.96618210132095, 97.8002488380942, 294.1144655198768, 119.42187045971934, 311.93769415391915, 139.58257170150497, 328.78943642186704, 158.63260902719955, 341.64553576445496, 174.70273320543444, 350.995426195428, 179.37767842092097, 360.9296847783369, 179.08549434495305, 371.7404955891494, 163.01537016671816, 390.4402764510955, 141.1015644691251, 402.1276394898118, 123.27833583508274, 416.7591207185794, 102.05228088201376, 431.0761404410069, 75.46352996893418, 436.62763788439713, 53.841908347309044, 467.0147817850595, 64.0683510061858, 465.84604548118784, 84.52123632393932, 463.50857287344456, 107.3115942494361, 462.6320206455409, 125.71919103541427, 456.24483500429375, 152.3829112450694, 449.23241718106397, 170.49832395507968, 445.72620826944905, 186.27626405734668, 442.80436750977, 204.97604491929275, 438.42160637025137, 245.8818155547998, 430.48670321643255, 267.03152296935247, 424.6430216970744, 281.3485426917799, 434.8627055924332, 309.74308992687025, 449.47190939082856, 331.3647115484954, 467.002953948903, 357.07691023367124, 475.1841080760044, 379.28290000723223, 484.16377720161375, 393.4506040343861, 494.0980357845226, 403.38486261729497, 501.69482175968824, 415.65659380794705, 511.6290803425971, 431.43453391021404, 529.1601249006716, 460.06857335506896, 546.9613875532804, 488.5330208140964, 562.4471435795795, 511.0311946636253, 581.7312925934614, 540.5417863363839, 592.9856043153337, 566.7042446961375, 597.9527336067881, 585.6962096340516, 612.1440933062551, 614.3049037157139, 605.1316754830253, 622.1938737668473, 611.7346976617241, 635.1026649756386, 622.2482553239303, 658.5098066287205, 626.0466483115131, 690.0, 110.04663466555382, 690.0, 103.61858499425986, 679.4892991595681, 96.89835124699799, 670.139408728595, 100.69674423458079, 645.5959463472908, 106.83260982990684, 619.0071954342112, 110.51548093980608, 605.6039011390365, 118.05112659437088, 584.2761532842587, 123.01825588582531, 562.0701635106977, 127.10883294937602, 545.1234871045592, 136.45872338034906, 525.5471540147093, 144.34769343148255, 509.47702983647446, 156.8301920869478, 485.6365254176098, 167.05663474582454, 458.7555904285623, 175.82215702486178, 439.17925733871255, 192.76883343100042, 416.68108348918366, 206.50148500149206, 389.2157803482004, 213.19806307644092, 373.4206318881995, 221.96358535547816, 353.5521147223818, 229.37188129620293, 330.55436871383097, 246.61074177830946, 303.6734337247835, 250.8746016583855, 264.84336605688276, 251.16678573435343, 231.82656547250923, 249.12149720257807, 192.38171521684174, 244.44655198709154, 160.24146686037193, 235.6911678533313, 144.5736681142112, 231.0162226378448, 113.60215606161299, 227.8021978021978, 84.96811661675807, 228.21328313760827, 69.45332439656869, 225.5836264538971, 51.33791168655843, 239.02409394842084, 44.32549386332865, 248.6661684553618, 43.44894163542493]], "scale": 3, "viewpoint": 2, "zoom_in": 2, "landmarks": [346, 129, 1, 261, 49, 2, 294, 116, 2, 360, 182, 2, 404, 124, 2, 440, 53, 2, 228, 56, 2, 244, 163, 2, 251, 233, 1, 247, 305, 1, 157, 480, 2, 0, 0, 0, 0, 0, 0, 0, 0, 0, 542, 483, 2, 434, 312, 1, 436, 245, 2, 443, 186, 2, 465, 65, 2], "style": 1, "bounding_box": [94, 36, 640, 690], "category_id": 12, "occlusion": 2, "category_name": "vest dress"}}