{"source": "shop", "pair_id": 1984, "item1": {"segmentation": [[376.74687854710555, 181.83561495047212, 373.24066963549126, 175.69974935514705, 370.9031970277484, 171.60917229159702, 366.52043588823045, 171.9013563675649, 369.7344607238769, 180.66687864660068, 365.35169958435904, 182.12779902644, 361.55330659677685, 183.00435125434356, 356.8783613812911, 184.173087558215, 353.37215246967673, 185.34182386208644, 352.2034161658053, 188.5558486977329, 349.5737594820946, 191.76987353337938, 349.5737594820946, 191.76987353337938, 347.2362868743517, 194.69171429305797, 346.3597346464481, 199.07447543257587, 347.2362868743517, 203.1650524961259, 349.5737594820946, 207.83999771161166, 351.6190480138696, 212.51494292709742, 352.49560024177316, 218.35862444645463, 352.2034161658053, 223.91012188984396, 350.4503117099982, 230.04598748516904, 348.1128391022553, 233.55219639678333, 353.0799683937089, 234.42874862468693, 358.0470976851625, 234.72093270065477, 363.306411052584, 235.01311677662264, 370.31882887581264, 236.47403715646195, 369.44227664790907, 242.02553459985128, 366.8126199641983, 247.8692161192085, 362.4298588246804, 252.8363454106621, 360.9689384448411, 258.3878428540514, 357.4627295332268, 269.783021816798, 355.7096250774196, 277.6719918679302, 355.4174410014518, 286.437514146966, 353.95652062161247, 292.5733797422911, 353.0799683937089, 302.5076383251983, 351.9112320898374, 311.8575287561698, 350.1581276340303, 321.7917873390771, 353.37215246967673, 325.29799625069137, 359.80020214096965, 327.0511007064986, 364.18296328048757, 327.0511007064986, 368.2735403440376, 327.0511007064986, 377.0390626230734, 328.5120210863378, 384.63584859823777, 329.09638923827356, 391.94045049743426, 329.09638923827356, 397.4919479408236, 329.3885733142414, 407.42620652373085, 329.97294146617713, 417.9448332585738, 328.21983701037, 424.6650670058346, 326.7589166305307, 429.6321962972882, 325.29799625069137, 433.13840520890255, 323.5448917948842, 437.5211663484204, 322.0839714150449, 445.41013639955264, 320.9152351111735, 443.07266379180976, 310.98097652826624, 440.15082303213114, 301.9232701732626, 436.9367981964847, 290.8202752864839, 431.67748482906325, 277.96417594389806, 427.58690776551316, 270.65957404470157, 422.91196255002745, 260.43313138582647, 421.743226246156, 256.6347383982443, 421.15885809422025, 252.25197725872638, 421.15885809422025, 252.25197725872638, 419.69793771438094, 249.3301364990478, 416.7760969547024, 244.94737535952987, 416.7760969547024, 244.94737535952987, 415.6073606508309, 240.85679829597984, 415.6073606508309, 237.35058938436552, 415.6073606508309, 237.35058938436552, 417.0682810306702, 230.9225397130726, 417.0682810306702, 230.9225397130726, 418.2370173345417, 226.5397785735547, 419.11356956244526, 222.74138558597252, 420.5744899422846, 219.81954482629394, 420.8666740182524, 225.95541042161898, 420.8666740182524, 230.9225397130726, 421.45104217018815, 238.2271416122691, 422.91196255002745, 239.39587791614053, 426.7103555376096, 237.35058938436552, 431.0931166771275, 234.72093270065477, 436.0602459685811, 233.2600123208155, 441.61174341197045, 232.96782824484762, 443.94921601971333, 232.96782824484762, 444.8257682476169, 227.70851487742615, 441.90392748793835, 226.5397785735547, 439.56645488019547, 224.78667411774754, 437.2289822724526, 221.57264928210108, 437.2289822724526, 221.57264928210108, 436.0602459685811, 217.48207221855105, 436.0602459685811, 217.48207221855105, 434.8915096647097, 212.22275885112956, 434.8915096647097, 210.17747031935454, 439.27427080422757, 210.17747031935454, 442.1961115639062, 208.13218178757953, 438.397718576324, 202.28850026822232, 436.64461412051685, 199.95102766047944, 436.64461412051685, 199.95102766047944, 436.352430044549, 196.15263467289725, 436.352430044549, 196.15263467289725, 434.5993255887418, 192.06205760934722, 434.5993255887418, 192.06205760934722, 431.38530075309535, 188.5558486977329, 426.41817146164175, 187.67929646982932, 421.15885809422025, 185.92619201402215, 422.91196255002745, 182.12779902644, 424.95725108180244, 180.08251049466497, 424.95725108180244, 180.08251049466497, 421.45104217018815, 175.99193343111492, 421.45104217018815, 175.99193343111492, 416.7760969547024, 184.46527163418287, 416.7760969547024, 184.46527163418287, 410.93241543534515, 182.41998310240785, 398.9528683206629, 181.83561495047212, 388.14205750985207, 182.41998310240785]], "scale": 1, "viewpoint": 2, "zoom_in": 1, "landmarks": [396, 175, 1, 377, 183, 2, 388, 183, 2, 399, 183, 2, 411, 183, 2, 422, 183, 2, 352, 188, 2, 349, 212, 2, 351, 229, 2, 370, 236, 2, 370, 225, 2, 367, 217, 2, 372, 223, 2, 374, 231, 2, 372, 243, 2, 358, 281, 2, 350, 322, 2, 398, 329, 2, 448, 323, 2, 432, 279, 2, 419, 249, 2, 417, 232, 2, 424, 219, 2, 426, 212, 2, 423, 228, 2, 424, 239, 2, 443, 232, 2, 442, 208, 2, 435, 192, 2], "style": 1, "bounding_box": [331, 167, 461, 337], "category_id": 10, "occlusion": 1, "category_name": "short sleeve dress"}}