{"item2": {"segmentation": [[235.9347826086957, 427.4239130434783, 262.9347826086957, 452.4239130434783, 294.4347826086956, 474.17391304347825, 318.1847826086956, 484.17391304347825, 358.55656559732154, 481.10257462905673, 365.82300158347914, 513.9745469473887, 368.9371884346895, 541.3101870857911, 368.5911676734439, 562.071432760527, 361.3247316872863, 593.5593220338766, 349.41304347826093, 641.9239130434783, 337.16304347826093, 675.6739130434781, 335.41304347826093, 695.4239130434781, 332.91304347826093, 699.6739130434781, 330.8586956521739, 731.1739130434783, 323.3586956521739, 766.1739130434783, 313.445652173913, 796.8369565217391, 307.195652173913, 828.5869565217391, 306.195652173913, 835.336956521739, 299.39130434782606, 848.0978260869565, 294.14130434782606, 852.0978260869565, 284.89130434782606, 851.8478260869565, 276.3913043478261, 847.5978260869565, 270.6413043478261, 839.5978260869565, 267.6413043478261, 830.0978260869565, 267.6413043478261, 822.3478260869565, 273.3913043478261, 809.5978260869565, 278.89130434782606, 795.3478260869566, 282.64130434782606, 778.0978260869566, 285.39130434782606, 756.5978260869566, 289.1086956521739, 736.9891304347826, 290.3586956521739, 715.7391304347826, 287.1086956521739, 698.4891304347826, 286.1086956521739, 685.4891304347827, 288.1086956521739, 668.7391304347827, 286.8586956521739, 647.7391304347827, 282.30434782608694, 669.445652173913, 279.05434782608694, 687.945652173913, 275.55434782608694, 706.445652173913, 269.054347826087, 729.1956521739129, 264.2391304347826, 754.8804347826086, 260.2391304347826, 771.1304347826086, 260.7391304347826, 774.6304347826086, 260.2391304347826, 786.8804347826086, 259.4891304347826, 793.1304347826085, 253.79347826086953, 799.4021739130435, 245.54347826086956, 805.6521739130435, 236.54347826086956, 802.9021739130435, 231.04347826086956, 795.4021739130435, 227.7934782608696, 788.9021739130435, 228.7934782608696, 773.1521739130435, 231.54347826086956, 770.6521739130435, 233.04347826086956, 755.4021739130436, 235.54347826086956, 739.6521739130436, 237.04347826086956, 712.1521739130436, 237.26086956521738, 685.7826086956521, 239.51086956521738, 663.2826086956521, 240.51086956521738, 639.2826086956522, 238.76086956521738, 631.2826086956522, 234.0108695652174, 613.5326086956522, 228.5108695652174, 592.7826086956522, 225.0, 562.1739130434783, 224.0, 533.1739130434783, 226.25, 505.6739130434783, 228.27173913043478, 473.05434782608694, 232.27173913043478, 446.054347826087]], "scale": 2, "viewpoint": 2, "zoom_in": 1, "landmarks": [236, 428, 1, 290, 472, 1, 356, 481, 1, 221, 537, 2, 241, 635, 2, 224, 788, 2, 257, 792, 2, 281, 669, 2, 276, 540, 1, 290, 679, 2, 266, 829, 2, 297, 847, 2, 336, 696, 2, 367, 580, 1], "style": 0, "bounding_box": [204, 413, 393, 857], "category_id": 8, "occlusion": 2, "category_name": "trousers"}, "source": "shop", "pair_id": 1994, "item1": {"segmentation": [[370.9782608695652, 171.51086956521738, 368.9782608695652, 186.76086956521735, 372.7282608695652, 198.26086956521735, 376.9782608695652, 203.01086956521735, 390.7282608695652, 198.26086956521735, 406.97826086956513, 192.26086956521735, 423.97826086956513, 186.51086956521735, 423.72826086956513, 179.01086956521738, 431.97826086956513, 179.01086956521738, 437.47826086956513, 180.51086956521738, 438.72826086956513, 206.01086956521732, 438.47826086956513, 209.51086956521732, 455.4782608695651, 223.51086956521732, 470.2282608695651, 238.2608695652173, 477.51086956521743, 249.83695652173915, 477.26086956521743, 271.3369565217391, 475.26086956521743, 293.83695652173907, 471.51086956521743, 314.83695652173907, 468.76086956521743, 335.336956521739, 468.26086956521743, 358.086956521739, 465.89130434782606, 384.6847826086956, 463.89130434782606, 404.68478260869557, 456.89130434782606, 427.43478260869557, 439.8913043478261, 458.1847826086955, 437.71739130434776, 470.6304347826087, 432.4673913043478, 488.8804347826087, 429.2173913043478, 500.8804347826087, 422.2173913043478, 503.88043478260863, 409.9673913043478, 516.1304347826086, 409.4673913043478, 522.8804347826086, 403.2173913043478, 531.1304347826086, 391.21739130434787, 530.6304347826086, 381.80434782608694, 534.7173913043478, 378.55434782608694, 548.4673913043478, 369.80434782608694, 572.2173913043478, 368.55434782608694, 580.4673913043478, 352.695652173913, 588.3586956521739, 304.695652173913, 587.4782608695652, 262.95652173913044, 582.2608695652174, 246.95652173913047, 572.7608695652174, 238.20652173913047, 562.2608695652174, 235.20652173913047, 545.2608695652174, 231.7065217391305, 531.5108695652175, 233.95652173913047, 524.2608695652175, 227.2065217391305, 509.2608695652175, 224.30434782608694, 496.6304347826087, 222.80434782608694, 471.88043478260875, 226.82608695652172, 442.1195652173913, 236.82608695652172, 416.6195652173913, 246.5760869565217, 392.61956521739137, 244.07608695652172, 367.61956521739137, 242.32608695652172, 334.8695652173914, 238.75, 309.5978260869565, 229.5, 286.09782608695656, 215.50000000000003, 263.09782608695656, 197.50000000000006, 242.09782608695662, 188.9299016530669, 232.41682360326584, 184.03260869565216, 222.195652173913, 176.5326086956522, 203.44565217391303, 169.7826086956522, 181.44565217391306, 183.53260869565216, 168.6956521739131, 197.28260869565213, 155.94565217391312, 209.91304347826087, 143.58695652173913, 216.91304347826087, 137.58695652173913, 232.16304347826085, 137.08695652173913, 240.41304347826085, 141.83695652173913, 229.16304347826085, 146.08695652173913, 214.91304347826087, 153.58695652173913, 224.41304347826087, 164.0869565217391, 235.66304347826085, 168.5869565217391, 253.91304347826082, 169.3369565217391, 248.41304347826082, 176.0869565217391, 257.6630434782608, 176.83695652173907, 269.6630434782608, 182.33695652173907, 285.41304347826076, 183.33695652173907, 292.70652173913044, 192.19565217391303, 319.20652173913044, 191.94565217391303, 324.95652173913044, 196.695652173913, 334.9565217391304, 193.69565217391303, 346.4565217391304, 199.445652173913, 353.4565217391304, 198.945652173913, 354.7065217391304, 192.44565217391303]], "scale": 2, "viewpoint": 3, "zoom_in": 1, "landmarks": [400, 173, 1, 371, 171, 1, 366, 192, 2, 374, 205, 2, 400, 201, 2, 439, 186, 2, 332, 197, 2, 283, 190, 2, 241, 186, 2, 230, 192, 2, 251, 177, 2, 214, 147, 2, 190, 164, 2, 170, 182, 2, 188, 237, 2, 227, 282, 2, 236, 309, 2, 244, 400, 1, 223, 498, 2, 251, 574, 2, 353, 589, 2, 367, 472, 2, 390, 392, 2, 417, 347, 2, 406, 369, 2, 381, 437, 2, 371, 461, 2, 356, 512, 2, 388, 531, 2, 417, 510, 2, 445, 460, 2, 467, 358, 2, 474, 245, 2], "style": 2, "bounding_box": [160, 130, 483, 608], "category_id": 2, "occlusion": 1, "category_name": "long sleeve top"}}