{"source": "shop", "pair_id": 1984, "item1": {"segmentation": [[368.62548120412333, 201.27855075371716, 368.62548120412333, 196.01923738629569, 370.08640158396264, 189.59118771500277, 364.5349041405733, 189.8833717909706, 362.4896156087983, 199.52544629791, 355.1850137096018, 202.73947113355646, 354.6006455576661, 207.12223227307436, 351.6788047979875, 210.92062526065655, 349.63351626621244, 214.7190182482387, 349.63351626621244, 218.5174112358209, 350.8022525700839, 222.9001723753388, 353.72409332976247, 227.2829335148567, 354.6006455576661, 233.1266150342139, 354.6006455576661, 238.09374432566753, 353.43190925379463, 241.8921373132497, 351.38662072201964, 244.52179399696044, 350.2178844181482, 247.7358188326069, 349.0491481142767, 250.94984366825335, 349.0491481142767, 252.1185799721248, 352.55535702589106, 252.41076404809266, 356.6459340894411, 252.70294812406053, 362.1974315328304, 253.87168442793197, 364.24272006460546, 254.74823665583554, 363.95053598863757, 260.007550023257, 362.1974315328304, 264.09812708680704, 360.4443270770233, 267.6043359984214, 358.1068544692804, 271.4027289860036, 355.4771977855697, 277.8307786572965, 353.1397251778268, 285.135380556493, 351.6788047979875, 291.5634302277859, 350.510068494116, 296.53055951923955, 348.464779962341, 303.2507932665003, 346.7116755065339, 309.38665886182537, 343.9705809438607, 318.708375584223, 342.2174764880535, 326.3051615593874, 340.1721879562785, 335.362867914391, 339.58781980434276, 340.91436535778035, 342.8018446399892, 341.7909175856839, 347.18460577950714, 343.83620611745897, 354.1970236027358, 346.75804687713753, 359.7485210461251, 348.8033354089126, 359.1641528941894, 356.9844895360127, 365.00783441354656, 357.56885768794837, 369.6827796290323, 357.56885768794837, 374.06554076855025, 357.56885768794837, 376.98738152822887, 357.86104176391626, 378.5683411423204, 351.87725118129754, 381.78236597796683, 352.16943525726543, 382.3667341299025, 357.72093270065477, 395.8191675738689, 358.8633674629318, 404.50291810969173, 356.97588818072296, 411.2231518569525, 351.13220666136573, 413.2684403887275, 337.39955509087633, 415.0215448445347, 325.7121920521619, 416.19028114840614, 307.8889634181225, 413.2684403887275, 293.2797596197295, 411.8075200088882, 282.76113288488654, 410.3465996290489, 271.6581379981078, 409.47004740114534, 266.9831927826221, 408.8856792492096, 262.01606349116844, 408.6140624779763, 255.61045329158958, 413.58119176942995, 250.05895584820024, 416.21084845314067, 245.0918265567466, 415.51840701639765, 239.69190665033844, 414.6447219069239, 233.27582292849033, 419.1326892128193, 238.07940873351797, 421.76234589653, 241.5856176451323, 430.41979489075845, 251.67145376502071, 445.0289986891515, 231.80293659920622, 442.6915260814086, 222.16086209226685, 440.3540534736657, 213.39533981323103, 434.8025560302764, 207.259474217906, 430.41979489075845, 202.8767130783881, 422.53082483962623, 202.8767130783881, 413.76530256059044, 202.0001608504845, 408.2138051172011, 201.41579269854878, 418.14806370010837, 195.2799271032237, 412.59656625671903, 192.650270419513, 402.07793952187603, 202.0001608504845, 396.52644207848675, 202.58452900242023, 386.5921834955795, 202.58452900242023, 381.9172382800937, 202.58452900242023, 376.65792491267223, 201.70797677451665]], "scale": 1, "viewpoint": 2, "zoom_in": 1, "landmarks": [389, 191, 1, 368, 203, 2, 377, 205, 2, 387, 204, 2, 396, 202, 2, 405, 203, 2, 355, 204, 2, 353, 227, 2, 349, 252, 2, 362, 254, 2, 362, 241, 2, 362, 232, 2, 363, 238, 2, 364, 249, 2, 362, 263, 2, 348, 297, 2, 343, 342, 2, 379, 353, 2, 411, 351, 1, 416, 308, 1, 410, 271, 2, 409, 256, 2, 413, 242, 2, 415, 234, 2, 422, 241, 1, 430, 252, 1, 445, 232, 1, 440, 214, 1, 430, 203, 2], "style": 1, "bounding_box": [331, 180, 467, 370], "category_id": 10, "occlusion": 2, "category_name": "short sleeve dress"}}