{"source": "shop", "pair_id": 2003, "item1": {"segmentation": [[209.19815190078594, 197.3796366845889, 203.32770293218616, 211.68158043699754, 195.78592310394163, 222.88916988643004, 188.26801514522546, 225.63933984930256, 177.24873139866887, 234.08745738832928, 155.94478282199276, 247.67790734241578, 130.23312074669406, 262.3702856711579, 119.32307634250324, 272.01242059448805, 108.30379259594665, 293.3163691711641, 101.69222234801268, 319.7626501629, 94.90136131027876, 338.6277536242217, 85.83367422670045, 361.7387146684781, 78.85479452054794, 373.4926173314718, 75.75463914586646, 381.08352885835336, 90.9760066417602, 387.0830672855583, 114.48381196774761, 398.10235103211494, 131.74735650401962, 406.1831591129231, 147.5416632074174, 409.12163477867153, 153.41861453891426, 398.46966049033347, 156.72439966288124, 414.6312766519498, 163.24224589886688, 435.58159986470446, 169.10644342973114, 457.1865381363096, 171.8396530761124, 478.01937982401626, 173.15457746795988, 492.746533012708, 171.0506984410039, 511.9444291336813, 171.5766681977429, 537.4539623355224, 168.9118388226924, 543.4890239838603, 169.17482370106188, 566.105723523637, 166.80795979573642, 598.4528635630851, 186.26884079507914, 607.9203191843869, 235.94021597182814, 620.334765340034, 262.23870380877776, 628.4872965694884, 295.3747984833343, 637.9547521907903, 316.1506038745245, 640.8475858528548, 330.0888024281078, 637.9547521907903, 348.93563174911975, 632.2751848549532, 365.2406942080285, 622.0187745985428, 375.49710446443885, 602.8208784775695, 377.6009834913948, 585.2008916268134, 370.5003917754184, 563.1101618437756, 367.081588356615, 539.96749254726, 362.90090873884344, 526.1410823809139, 361.1110205242453, 511.8366023605249, 358.95613556330096, 498.26468527374726, 358.95613556330096, 477.48887988255706, 356.852256536345, 447.5086037484345, 355.274347266128, 417.80037286212183, 353.17046823917207, 390.9759152684332, 352.9074833608026, 371.5150342690905, 354.4853926310195, 368.09623085028704, 358.316163663055, 373.8480757972856, 365.12619787695735, 374.6772623306552, 376.57612241405724, 372.82995866093796, 391.829245359488, 363.8884727963751, 403.2154584673026, 353.0056811938793, 407.68620139958404, 340.3824070321435, 408.212171156323, 330.3889816541026, 401.9005340754551, 321.97346554627876, 392.95904821089226, 306.19437284410895, 382.7026379544819, 283.5776733043323, 366.9596840578929, 259.4869507263607, 347.806426517842, 241.45685777101292, 316.63358701166885, 230.65438863521035, 291.48302396584745, 223.1950375113702, 287.012281033566, 221.35414336278373, 281.2266137094371, 209.7828087145259, 278.59676492574215, 209.5198238361564, 278.33378004737267, 219.51324921419726, 279.12273468248117, 237.39622094332302, 276.4928858987862, 247.38964632136387, 269.1293093044403, 259.7499356047302, 266.2658705069666, 263.6518260337019, 257.32438464240374, 256.81421919609505, 243.38618608882044, 247.60974845316267, 226.55515387317269, 230.25274648077593, 214.72083434654536, 218.1554420757791, 209.98710653589444, 206.84709230589075]], "scale": 3, "viewpoint": 3, "zoom_in": 1, "landmarks": [255, 222, 1, 208, 202, 2, 230, 238, 2, 265, 266, 2, 283, 235, 2, 281, 212, 2, 126, 270, 2, 100, 328, 2, 78, 384, 2, 149, 412, 2, 158, 392, 2, 162, 359, 2, 156, 404, 2, 173, 477, 2, 167, 598, 1, 325, 639, 2, 376, 582, 1, 361, 477, 2, 355, 376, 2, 358, 332, 2, 360, 356, 2, 361, 382, 2, 410, 338, 2, 382, 286, 2, 354, 246, 2], "style": 6, "bounding_box": [71, 190, 411, 643], "category_id": 1, "occlusion": 1, "category_name": "short sleeve top"}}