{"source": "shop", "pair_id": 1997, "item1": {"segmentation": [[272.953731921336, 463.7353248389204, 277.36811426380666, 472.5640895238617, 281.35529831507046, 479.25686275276877, 283.3488903407023, 482.10485136081434, 288.3328704047821, 483.52884566483715, 293.60164932966643, 485.8072365512736, 299.1552271153553, 493.6392052233989, 305.5632014834578, 501.1863750347197, 311.25917869954895, 506.8823522508108, 313.2527707251809, 509.7303408588564, 319.09114737167425, 511.0119357324769, 327.91991205661554, 510.8695363020746, 332.369972498132, 509.72439450901544, 336.21475711899353, 505.16761273614253, 342.6227314870961, 497.05084520321265, 348.3187087031872, 491.6396668479261, 354.58428364088746, 485.9436896318349, 360.56505971778313, 477.5421232381005, 364.8370426298515, 471.98854545241164, 371.38741642835635, 465.5805710843091, 376.65619535324066, 461.87818589384983, 386.50272475833174, 465.70513146518846, 401.8818632417778, 472.9675024157047, 426.7261823260399, 480.8099554414969, 453.0700769504615, 488.49952468321993, 464.03483309143695, 493.76830360810425, 470.3004080291372, 506.58425234430933, 473.098009146425, 520.6062147179982, 474.94920174165463, 550.3676956720745, 476.6565865604669, 587.8099828260027, 476.9413854212715, 617.9986620712858, 477.3685837124783, 642.4913641004778, 477.72160911356355, 661.1785508901921, 477.15201139195443, 670.4345138663402, 474.0192239231043, 676.984887664845, 472.0256318974724, 680.8296722857066, 475.1584193663225, 683.8200603241544, 481.70879316482734, 691.3672301354751, 487.54716981132077, 698.2024027947846, 489.3983624065504, 701.1927908332324, 488.8287646849413, 704.7527765932894, 483.70238519045927, 710.1639549485759, 480.2847988608046, 716.856728177483, 480.1423994304023, 720.7015127983445, 480.5695977216091, 728.5334814704698, 477.57920968316125, 731.8086683697222, 475.01601993592027, 728.5334814704698, 470.6016375934496, 731.3814700785155, 465.4752580989676, 735.3686541297792, 464.47846208615164, 704.4679777324848, 457.3584905660377, 707.1735669101281, 446.39373442506223, 710.0215555181736, 432.1537913848344, 713.8663401390352, 423.2967032967033, 720.3782191464641, 418.1703238022213, 726.2165957929575, 417.8855249414167, 732.3397713002555, 418.1703238022213, 746.0101166188742, 424.08428168485136, 771.5856802506858, 436.4537847343116, 792.439998591654, 447.13374201448255, 815.0815080256162, 452.40252093936687, 837.7230174595786, 454.99403408979765, 855.6135498534928, 461.8292067491071, 888.0806199852124, 464.96794056779817, 905.9043341848611, 468.2119873718308, 931.5155759157184, 469.2087833846467, 957.8594705401399, 467.8411229212226, 981.8420383461324, 463.7224754693657, 1009.5928301012132, 456.68430335097, 1041.3403880070548, 450.76516076516083, 1063.1929181929181, 445.82688916022255, 1081.402794736128, 443.3577533577534, 1103.933658933659, 439.96269162935835, 1116.896621896622, 430.70343237009905, 1116.2793379460047, 411.5676299009632, 1113.1929181929183, 409.99592999592994, 1125.2564102564102, 411.2304978971645, 1134.824311490978, 416.1687695021028, 1140.6885090218425, 327.42436575769904, 1157.0444987111653, 317.5478225478225, 1154.5753629086962, 308.59720526387184, 1146.5506715506715, 309.52313118979777, 1139.4519061185727, 313.5354768688101, 1130.501288834622, 313.2268348935015, 1119.6988196988195, 304.2762176095509, 1115.3778320444985, 298.4120200786866, 1115.3778320444985, 295.0169583502916, 1128.3407950074616, 286.6836250169582, 1139.7605480938814, 276.80708180708166, 1145.3161036494369, 270.94288427621746, 1147.1679555012888, 249.5136345136346, 1149.441731108398, 238.09388142721482, 1146.3553113553114, 216.48894315560986, 1140.1824718491387, 216.48894315560986, 1140.1824718491387, 214.94573327906664, 1151.910866910867, 192.1062271062271, 1152.2195088861756, 161.85931352598013, 1149.1330891330892, 143.34350834350835, 1141.3051146384482, 132.54103920770586, 1137.6014109347443, 116.49165649165646, 1134.8236331569667, 105.68918735585396, 1138.835978835979, 95.75905575905577, 1137.5722425722427, 92.05535205535206, 1132.942612942613, 96.6849816849817, 1117.8191561524895, 101.31461131461134, 1095.2882919549586, 108.10473477140147, 1074.6092796092796, 117.6726360059694, 1046.2142178808845, 128.47307013973682, 1010.9238909238909, 141.4360331026998, 969.2572242572242, 157.79405779405786, 928.5164835164834, 177.8557861891196, 888.0843847510512, 185.70885904219233, 860.1424501424501, 194.35083435083433, 816.9325735992402, 210.28829195495865, 777.1774521774521, 219.2389092389093, 750.9428842762176, 231.9190069190069, 712.7601410934744, 230.45991045991045, 705.4931488264822, 223.36114502781166, 696.8511735178402, 214.41052774386102, 691.9129019129018, 203.60805860805854, 686.0487043820376, 193.42287342287335, 677.098087098087, 183.5463302129968, 670.6166056166055, 186.97191697191695, 709.2836792836794, 180.18179351512683, 706.8145434812102, 172.7743861077194, 701.5676299009633, 168.76204042870705, 694.4688644688646, 169.68796635463298, 676.2589879256547, 171.84846018179348, 670.7034323700991, 173.3916700583367, 659.9009632342966, 167.83611450278113, 655.2713336046669, 164.44105277438607, 638.2960249626916, 165.05833672500336, 619.4688644688644, 167.83611450278113, 595.7034323700989, 169.09985076651742, 557.4372541039207, 173.72948039614707, 521.017501017501, 177.74182607515942, 495.7088590421923, 190.08750508750512, 484.28910595577247, 213.2356532356533, 479.3508343508342, 231.4455297788632, 473.48663681997, 258.91466558133243, 466.69651336317986]], "scale": 2, "viewpoint": 2, "zoom_in": 1, "landmarks": [320, 472, 1, 273, 464, 1, 298, 494, 2, 323, 514, 2, 353, 491, 2, 377, 462, 1, 186, 492, 2, 168, 594, 2, 170, 684, 2, 232, 701, 2, 232, 640, 2, 225, 579, 2, 222, 598, 2, 234, 668, 2, 220, 752, 1, 162, 928, 2, 99, 1137, 2, 276, 1146, 2, 439, 1116, 2, 466, 939, 2, 425, 772, 1, 413, 685, 2, 418, 606, 1, 421, 584, 1, 419, 658, 2, 418, 726, 2, 488, 706, 2, 477, 609, 1, 463, 502, 2], "style": 2, "bounding_box": [88, 459, 493, 1163], "category_id": 10, "occlusion": 2, "category_name": "short sleeve dress"}}