{"source": "shop", "pair_id": 1997, "item1": {"segmentation": [[251.55881155881156, 346.64495997829334, 261.7439967439968, 351.5832315832316, 274.08967575634244, 361.7684167684168, 283.6575769909104, 368.2498982498983, 287.6699226699227, 370.10175010175016, 297.8551078551079, 372.57088590421927, 308.3489350156018, 379.66965133631805, 320.38597205263886, 391.7066883733551, 326.25016958350307, 394.4844661511329, 333.3489350156018, 391.08940442273786, 339.213132546466, 380.595577262244, 342.6081942748611, 369.17582417582423, 345.38597205263886, 354.97829331162666, 361.06634106634107, 357.5593542260209, 370.32560032560036, 358.7939221272555, 386.99226699226705, 356.3247863247863, 397.48609415276087, 353.8556505223172, 414.1527608194276, 351.38651471984804, 418.16510649843997, 349.5346628679962, 418.78239044905723, 343.97910731244065, 423.1033781033782, 336.2630579297246, 432.9799213132548, 329.1642924976258, 438.844118844119, 328.85565052231715, 447.1774521774523, 330.09021842355173, 454.58485958485977, 331.3247863247863, 469.3996743996746, 328.5470085470085, 473.41202007868696, 335.02849002849, 475.5725139058475, 352.9297245963913, 476.18979785646474, 382.8679962013296, 477.733007733008, 399.5346628679963, 471.8688102021437, 401.6951566951568, 458.28856328856347, 400.76923076923083, 453.0416497083165, 401.38651471984815, 448.72066205399557, 415.5840455840457, 436.6836250169585, 430.0902184235519, 433.0307963641297, 439.84873151539813, 428.0925247591914, 458.05860805860806, 423.7715371048704, 483.0586080586081, 420.68511735178396, 515.4660154660155, 417.9073395740062, 540.7746574413243, 422.2283272283272, 549.1079907746575, 426.24067290733956, 592.6265092931762, 429.6364129697463, 624.9423416090083, 435.19196852530183, 671.8559218559219, 437.0438203771537, 690.6830823497492, 440.43888210554877, 705.8065391398726, 443.21665988332654, 737.2880206213541, 444.92877492877494, 773.6426536426536, 442.76828110161443, 812.222900556234, 437.2127255460589, 848.3340116673451, 436.90408357075023, 860.9883326549995, 444.92877492877494, 871.1735178401847, 444.002849002849, 874.8772215438884, 432.5830959164293, 880.4327770994439, 417.1509971509971, 894.0130240130242, 385.97815764482425, 920.2475919142588, 370.0169583502917, 933.7382987382987, 353.04164970831636, 940.8370641703975, 340.07868674535337, 944.2321258987926, 333.346221679555, 967.7716727716728, 321.30918464251795, 990.9198209198211, 313.5931352598019, 995.2408085741421, 293.5314068647401, 994.9321665988334, 275.0128883462216, 990.9198209198211, 267.60548093881414, 989.9938949938951, 249.39560439560427, 992.1543888210556, 235.09021842355176, 994.1751458418127, 221.5099715099715, 991.0887260887263, 203.60873694207024, 988.6195902862571, 176.90137023470365, 980.0054266720934, 142.95075295075296, 967.0424637091304, 118.37403337403343, 953.6311219644554, 99.85551485551488, 946.8409985076653, 80.10242843576177, 936.0385293718628, 73.92958892958892, 926.7792701126035, 79.48514448514447, 914.1249491249491, 96.15181115181117, 880.4829738163071, 114.97897164563837, 845.2977886311219, 123.7613620946955, 827.2330755664088, 136.1070411070412, 802.2330755664088, 150.61321394654738, 773.5293718627051, 155.55148555148565, 760.2577669244334, 163.88481888481903, 730.0108533441864, 178.33061999728665, 692.1964455297789, 193.45407678741014, 653.6161986161986, 207.6516076516077, 626.4557047890381, 214.1330891330892, 620.2828652828653, 216.2935829602497, 610.09768009768, 219.07136073802747, 584.1717541717541, 222.46642246642253, 580.1594084927417, 217.8910595577262, 566.751458418125, 210.17501017501016, 556.2576312576311, 209.24908424908423, 542.6773843440509, 204.0021706688373, 511.8131868131867, 198.1379731379731, 468.91195224528536, 196.23117623117625, 434.9681183014516, 194.99660832994167, 405.64713064713055, 198.7003120336454, 392.9928096594762, 204.87315153981822, 379.41256274589597, 214.44105277438615, 367.99280965947617, 229.56450956450962, 361.81997015330336, 241.6015466015467, 352.2520689187354]], "scale": 2, "viewpoint": 2, "zoom_in": 1, "landmarks": [299, 343, 1, 251, 347, 1, 286, 369, 2, 320, 396, 2, 340, 380, 1, 345, 356, 1, 211, 376, 2, 200, 479, 2, 220, 586, 2, 276, 578, 2, 275, 521, 2, 262, 465, 2, 267, 487, 2, 245, 544, 1, 215, 622, 2, 157, 765, 2, 77, 933, 2, 275, 991, 2, 441, 873, 2, 442, 727, 2, 423, 594, 2, 418, 539, 2, 424, 482, 2, 434, 440, 2, 448, 416, 2, 473, 400, 2, 471, 334, 2, 428, 336, 2, 397, 357, 2], "style": 2, "bounding_box": [68, 324, 481, 998], "category_id": 10, "occlusion": 2, "category_name": "short sleeve dress"}}