{"source": "shop", "pair_id": 2002, "item1": {"segmentation": [[272.1109167648982, 263.1836761854057, 258.9621278375622, 271.14215369405645, 245.12129738773487, 274.6023613065133, 228.16628008669636, 272.8722575002849, 225.74413475797655, 274.2563405452676, 221.59188562302836, 281.86879729267264, 215.36351192060604, 302.284022206168, 214.67147039811468, 317.5089357009781, 213.9794288756233, 329.96568310582273, 213.63340811437763, 339.6542644207019, 207.751055173201, 348.99682497433537, 198.7545153808132, 355.2251986767577, 196.3323700520934, 360.415510095443, 189.41195482717973, 366.64388379786527, 189.626982014526, 377.6571352522903, 184.09064983459504, 382.84744667097556, 176.47819308719, 385.615612760941, 171.28788166850472, 387.34571656716946, 170.94186090725904, 395.99623559831156, 165.75154948857377, 401.8785885394882, 160.56123806988853, 408.4529830031562, 148.45051142628958, 424.36993802045765, 143.95224153009568, 430.2522909616343, 133.22559793147948, 440.97893456025054, 129.41936955777695, 447.2073082626728, 125.61314118407442, 453.4356819650951, 124.22905813909169, 459.66405566751746, 123.19099585535463, 467.2765124149225, 131.84151488649673, 473.8509068785905, 134.9557017377079, 475.5810106848189, 134.26366021521653, 484.9235712384524, 133.22559793147948, 490.4599034183833, 130.457431841514, 497.7263394045427, 137.031826305182, 504.6467546294564, 143.95224153009568, 509.1450245256503, 145.33632457507844, 510.529107570633, 142.91417924635863, 517.4495227955467, 139.4539716339018, 521.6017719304949, 143.2602000076043, 524.3699380204604, 146.72040762006117, 526.7920833491802, 154.6788851287119, 529.9062702003913, 161.94532111487126, 531.6363740066197, 177.2573101638846, 498.35820753640814, 182.44762158256987, 484.17135632533507, 187.63793300125513, 464.1021521730854, 196.9804935548886, 464.1021521730854, 211.16734476596164, 470.6765466367534, 216.01163542340123, 473.4447127267189, 219.1258222746124, 478.9810449066498, 219.81786379710377, 484.17135632533507, 215.31959390090987, 490.74575078900307, 214.6275523784185, 496.28208296893405, 223.97011293205196, 497.6661660139168, 219.1258222746124, 508.7388303737787, 214.28153161717282, 520.1575154948862, 207.70713715350482, 535.3824289896963, 197.67253507737996, 560.6419445606313, 191.79018213620333, 590.7457507890058, 181.08511730484068, 636.6431233126734, 192.6962323390901, 658.2535321821043, 197.7982731554168, 666.9270015698597, 196.77786499215148, 681.7229199372072, 197.7982731554168, 692.9474097331259, 198.3084772370495, 705.7025117739427, 199.32888540031482, 718.4576138147594, 199.32888540031482, 730.1923076923108, 191.67582417582477, 743.4576138147602, 186.0635792778654, 755.1923076923116, 177.90031397174266, 773.5596546310878, 192.77129120879016, 782.9987980769232, 197.8494162087903, 783.3894230769232, 197.8494162087903, 791.9831730769234, 201.3650412087904, 800.5769230769237, 213.86504120879076, 800.5769230769237, 225.19316620879107, 803.3112980769238, 234.17754120879135, 799.4050480769237, 237.30254120879144, 789.6394230769234, 245.8962912087917, 793.1550480769234, 255.66191620879198, 793.5456730769235, 267.3806662087923, 796.2800480769235, 273.6306662087925, 797.0612980769235, 277.1462912087926, 790.0300480769234, 298.2400412087932, 788.8581730769233, 308.3962912087935, 788.8581730769233, 320.50566620879385, 796.2800480769235, 321.67754120879385, 797.8425480769237, 333.7869162087942, 803.7019230769238, 371.9874656593395, 809.3604052197801, 399.3312156593403, 814.4385302197802, 430.1905906593412, 818.3447802197803, 453.23746565934186, 819.9072802197803, 464.5655906593422, 819.1260302197803, 463.00309065934215, 815.2197802197802, 475.8937156593425, 815.2197802197802, 484.0968406593428, 812.4854052197801, 487.61246565934283, 803.8916552197799, 493.471840659343, 798.4229052197798, 492.299965659343, 769.9072802197788, 498.1593406593431, 696.8604052197768, 498.5499656593432, 668.3447802197759, 491.7599587912082, 566.9127747252738, 485.900583791208, 529.0221497252727, 499.1818337912084, 527.8502747252727, 503.86933379120853, 537.2252747252729, 508.16620879120865, 544.2565247252732, 510.50995879120876, 546.2096497252732, 520.275583791209, 540.350274725273, 533.5568337912094, 537.6158997252729, 545.6662087912098, 528.2408997252727, 545.8516483516484, 522.4296016483531, 539.2110233516481, 503.67960164835256, 532.570398351648, 492.7421016483523, 539.9922733516482, 486.4921016483521, 544.6797733516484, 482.585851648352, 551.7110233516485, 475.16397664835176, 543.5078983516482, 457.97647664835125, 530.2266483516479, 430.63272664835046, 520.4610233516477, 421.6483516483502, 512.6485233516474, 413.44522664834994, 508.35164835164727, 411.4921016483499, 502.1016483516471, 402.89835164834966, 498.195398351647, 391.1796016483493, 491.94539835164676, 395.08585164834943, 490.77352335164676, 399.7733516483496, 483.74227335164653, 402.1171016483496, 477.10164835164636, 397.8202266483495, 471.2422733516462, 395.47647664834943, 462.25789835164596, 391.1796016483493, 455.61727335164574, 391.1796016483493, 451.3203983516456, 390.00772664834926, 446.6328983516455, 381.80460164834903, 444.2891483516454, 368.5233516483487, 434.1328983516451, 360.3202266483484, 430.226648351645, 356.4139766483483, 427.2098214285696, 348.1876717032966, 422.52232142856946, 345.45329670329653, 422.52232142856946, 307.95329670329545, 424.4754464285695, 284.90642170329477, 433.8504464285698, 270.4532967032943, 440.49107142856997, 266.54704670329426, 443.2254464285701, 265.7657967032942, 450.6473214285703, 269.2814217032943, 445.17857142857014, 261.8595467032941, 426.42857142856957, 256.781421703294, 411.19419642856917, 250.9220467032938, 406.897321428569, 249.35954670329374, 395.9598214285687, 255.21892170329392, 383.4598214285683, 261.4689217032941, 377.20982142856815, 266.1564217032942, 360.8035714285677, 275.1407967032945, 348.59975961538373, 280.1416552197808, 333.36538461538333, 285.21978021978094, 319.30288461538294, 284.82915521978094, 310.70913461538265, 283.6572802197809, 295.0841346153822, 282.09478021978083, 285.3185096153819, 275.45415521978066]], "scale": 2, "viewpoint": 2, "zoom_in": 1, "landmarks": [325, 272, 1, 273, 263, 2, 295, 281, 2, 328, 289, 2, 375, 267, 2, 407, 250, 2, 225, 276, 2, 171, 389, 2, 142, 520, 2, 229, 465, 1, 223, 407, 1, 229, 355, 1, 225, 397, 2, 232, 447, 2, 218, 507, 2, 187, 621, 1, 178, 773, 2, 320, 798, 2, 483, 812, 2, 497, 661, 2, 485, 524, 1, 474, 448, 1, 421, 389, 2, 421, 371, 2, 415, 446, 2, 406, 490, 2, 546, 526, 2, 501, 402, 2, 444, 263, 2], "style": 1, "bounding_box": [120, 246, 553, 826], "category_id": 10, "occlusion": 2, "category_name": "short sleeve dress"}}