{"source": "shop", "pair_id": 1997, "item1": {"segmentation": [[207.58626225754136, 386.8527320430381, 212.19987240748424, 396.38752635292, 217.58241758241758, 404.2306636078229, 224.65661981232998, 412.38137487272195, 229.88537798226525, 418.840429082642, 233.88384011221572, 424.06918725257725, 237.42094122717194, 425.91463131255443, 242.95727340710337, 433.6039815624592, 245.4178654870729, 439.60167475738496, 255.26023380695105, 444.2152849073278, 263.5647320768482, 446.8296639922954, 275.43117397788603, 438.3784765791671, 277.12283103286507, 437.91711556417283, 279.58342311283457, 429.61261729427565, 286.657625342747, 419.00131394940706, 295.42348462763846, 402.2385304046146, 300.4984557925756, 406.2369925345651, 310.35501983598766, 415.8424274687262, 320.50496216586197, 419.5333155886805, 331.1162655107306, 422.91662969863864, 342.49650388058967, 429.22189690356055, 352.3388722004678, 433.6817200485053, 359.7542787854219, 441.46131454089607, 364.0603149253686, 457.7627370706942, 369.43407227144087, 492.1757058781281, 371.5870903414142, 507.24683236794147, 370.35679430142943, 524.0096159127339, 367.139603956214, 537.4492481758922, 366.3706689312235, 548.3681255307571, 365.4479469012349, 563.9006130355647, 361.41061552826136, 603.6396821171867, 367.5585467973017, 613.5332564398325, 374.32517501721793, 624.9134948096915, 369.55777786227696, 631.2187620146134, 356.9472434524331, 640.7535563244954, 356.4858824374388, 632.2952710496002, 346.64351411756064, 636.7550941945449, 336.03221077269205, 643.0603613994668, 322.8065283428558, 650.1345636293793, 320.0206175984727, 673.8956698818273, 324.3266537384194, 679.4320020617588, 328.478902873368, 689.7357313966312, 331.86221698332605, 704.1917098664522, 337.7167699659042, 730.3020393677783, 341.7152320958546, 741.9898517476337, 344.32961118082227, 762.4435234123804, 347.08189158015995, 784.3220063289224, 349.5424836601295, 792.9340786088158, 350.46520569011807, 807.0824830686405, 351.8492887351009, 829.0740247833683, 352.9116020465537, 857.8923575463361, 352.7578150415556, 877.2695201760962, 353.2191760565499, 901.4140799607973, 351.36494416771166, 923.7681196158675, 346.9051210227669, 943.4528562556237, 341.9839368628278, 958.5239827454371, 343.70736529906293, 988.029963116466, 343.861152304061, 1008.4836347812127, 342.78464326907437, 1026.0153533509956, 341.91143727475924, 1058.5316720956846, 332.2228559598792, 1058.9930331106789, 319.76610855503344, 1059.146820115677, 308.87545365054126, 1060.3311490508718, 297.6490022856803, 1062.7917411308413, 290.4210130507698, 1065.8674812308032, 278.88698767591256, 1065.713694225805, 275.8112475759507, 1062.7917411308413, 229.7244931155002, 1067.647523564479, 206.8102293707839, 1069.339180619458, 182.81945659108098, 1070.2619026494465, 155.78826402355568, 1070.4192385853282, 131.84514831573685, 1069.8889269131487, 116.15887380593108, 1069.8889269131487, 103.72679992057445, 1068.4164585894694, 82.04283221584295, 1067.1861625494846, 68.9709367910048, 1065.3407184895075, 52.05960513919186, 1063.033913414536, 44.06268087929087, 1061.0346823495609, 35.9119696143918, 1053.9993493626714, 35.45060859939751, 1040.773666932835, 29.145341394475583, 1038.6206488628618, 11.998935320734956, 1022.543653962341, 9.99970425575971, 1017.0073217824095, 12.152722325733052, 1000.3983252426151, 16.15118445568354, 975.6386174379217, 25.64710952254243, 910.5706596364038, 28.876636627502442, 893.192728071619, 33.18267276744913, 877.8140275718094, 35.028116827426274, 862.1277530620036, 48.041708387729834, 801.7440460347078, 54.193188587653665, 778.8297822899916, 62.805260867547034, 756.5306665652677, 75.27265506504325, 727.8042680118798, 101.77708489127271, 690.200641342509, 114.84898031611085, 666.8250165827985, 117.30957239608038, 663.1341284628442, 117.61714640607657, 646.832705933046, 118.17753949241786, 629.1046131876632, 108.95031919253212, 622.3379849677469, 96.60308165498853, 611.5411232366241, 83.83876024014658, 598.7768018217822, 83.0698252151561, 604.4669210067117, 83.99254724514468, 615.0782243515804, 84.76148227013516, 625.2281666814547, 80.14787212019229, 624.6130186614623, 72.3047348652894, 619.0766864815308, 67.99869872534272, 610.3108271966394, 68.7676337503332, 596.4699967468108, 69.99792979031797, 584.7821843669554, 65.20400015209852, 576.9054167670072, 64.89642614210231, 557.9896151522414, 68.58731426205662, 540.6116835874566, 76.57190176221305, 506.0006506373287, 81.8006599321483, 488.77650607754197, 89.79758419204929, 462.78650223286377, 96.06398215394816, 449.3857392127285, 102.83061037386437, 427.54798450299893, 110.67374762876725, 407.40188684824835, 122.51534701362063, 399.0973885783512, 140.24158079521408, 396.63493753459227, 161.00282646995703, 392.7902624096399, 179.45726706972852, 388.63801327469133, 194.0670325445476, 385.5622731747294, 202.2620209471426, 384.00141957235337]], "scale": 2, "viewpoint": 2, "zoom_in": 1, "landmarks": [247, 394, 1, 207, 387, 2, 230, 417, 2, 256, 446, 2, 283, 430, 2, 297, 403, 2, 122, 400, 2, 80, 499, 2, 68, 607, 2, 121, 627, 2, 131, 567, 2, 135, 500, 2, 132, 522, 2, 126, 585, 2, 119, 666, 2, 49, 803, 2, 12, 1023, 2, 179, 1069, 2, 343, 1056, 2, 351, 854, 2, 322, 684, 2, 325, 601, 2, 334, 536, 2, 335, 524, 2, 328, 582, 2, 324, 650, 2, 373, 630, 2, 367, 548, 2, 360, 442, 1], "style": 2, "bounding_box": [4, 378, 377, 1077], "category_id": 10, "occlusion": 1, "category_name": "short sleeve dress"}}