{"source": "shop", "pair_id": 1999, "item1": {"segmentation": [[147.10301598037708, 15.159066276596612, 135.91919682511235, 16.110880672789357, 122.35584167936574, 20.631999054704888, 105.69908974599274, 26.580839030909534, 88.32847701547516, 31.101957412825065, 66.91265310113843, 40.14419417665613, 49.72953395320793, 47.719574943160055, 37.593900401750446, 59.14134769747297, 29.9793852322085, 65.566094871774, 28.78961723696757, 76.98786762608691, 26.648034845533896, 97.21392354518272, 23.316684458859296, 117.6779330633267, 18.795566076943764, 140.99738577004894, 14.64956117118806, 163.42957795832552, 9.812094073162587, 187.7849029850138, 6.004836488391614, 208.0109589041096, 2.673486101717012, 223.0020356441453, 0.7698573093315249, 233.94790120036185, 7.908465280777101, 235.85152999274734, 19.092284436041837, 240.1346947756147, 25.517031610342855, 239.65878757751832, 33.1315467798848, 242.51423076609655, 38.60447955799308, 244.17990595943385, 38.36652595894489, 234.6617619975064, 45.0292267322941, 235.61357639369916, 60.49621067042618, 236.5653907898919, 75.01138021236552, 238.2310659832292, 85.4813385704857, 238.46901958227738, 88.59726027397261, 258.0876712328767, 96.3013698630137, 319.72054794520545, 102.04585414748234, 359.00818495187957, 102.7597149446269, 380.4240088662163, 100.61813255319322, 398.2705287948303, 97.5247357655668, 425.15928548727527, 97.10482507965742, 459.1140441518013, 98.05663947585015, 488.38233683472816, 98.53254667394653, 513.3674647347877, 91.92861066064721, 534.6433605241499, 88.59726027397261, 554.6314628441975, 81.47261985282734, 575.059232518152, 76.95150147091181, 596.9509636305851, 75.5237798766227, 615.5113443563437, 85.5178310366465, 621.6981379315964, 104.31616536145319, 628.836745903042, 126.68380367198266, 634.0717250821021, 152.14483877013856, 637.6410290678249, 185.90920929322894, 644.4493207728602, 204.23163641993924, 646.3529495652458, 232.54811470667337, 648.9704391547758, 255.15370661625101, 648.0186247585831, 281.5275480185473, 645.4347330763652, 307.94039751289597, 643.5311042839797, 337.68459739391915, 640.4377074963534, 364.5733540863642, 638.772032303016, 384.718372951521, 633.6854123035049, 403.0408000782313, 627.7365723273002, 419.22164481350796, 619.6461499596619, 417.79392321921887, 611.3177739929754, 416.3662016249298, 600.8478156348552, 412.3209904411106, 591.567625271976, 415.414387228737, 574.6729197395548, 413.27280483730334, 560.6336573957118, 412.796897639207, 545.1666734575797, 411.81714814241354, 516.9116018677728, 409.6755657509799, 489.78489157627956, 407.05807616144983, 465.51362447336464, 406.3442153643053, 446.47733654950974, 403.96744762168635, 436.2423109206035, 400.16019003691537, 418.63374459103767, 394.9252108578553, 396.2661062805082, 394.21135006071074, 371.51893197949687, 393.4974892635662, 354.62422644707567, 396.8288396502408, 339.3951961079918, 398.73246844262627, 316.7896041984141, 397.8254512561831, 302.12594916594, 396.1597760628458, 285.94510443066343, 397.11159045903855, 271.9058420868204, 407.3435952181105, 271.1919812896759, 428.99737273149543, 265.48109491251944, 446.60593906106124, 258.10453334202566, 466.30575407658523, 248.70668714806092, 467.0, 86.84475890899907, 460.81885374817665, 73.51935736230067, 451.53866338529735, 63.287352603228676, 440.830751428129, 55.43488383463854, 427.02944268333425, 46.63060066985567, 402.68531695908337, 34.38574234188717, 382.40036996895196, 25.833380326452797, 359.7947780593743, 16.791143562621734, 343.6139333240977, 9.652535591176157, 327.19513498977284, 3.941649214019696, 320.5324342164236, 3.941649214019696, 316.72517663165263, 11.556164383561644, 310.5383830563998, 17.029097161669917, 298.8786567030387, 18.932725954055407, 292.2159559296895, 30.592452307416515, 276.9869255906056, 41.77627146268125, 259.13184829643154, 49.751932558082714, 235.09853479256475, 56.89054052952829, 211.77908208584253, 57.84235492572103, 187.99479517247565, 53.35483445111768, 171.10008964005445, 40.98124730061201, 156.34696649906692, 27.893799352961793]], "scale": 3, "viewpoint": 2, "zoom_in": 2, "landmarks": [231, 20, 1, 148, 16, 1, 172, 42, 1, 224, 61, 2, 283, 42, 2, 320, 4, 1, 42, 57, 2, 21, 132, 2, 3, 241, 1, 86, 238, 1, 85, 195, 2, 81, 161, 2, 84, 179, 2, 99, 390, 2, 81, 612, 2, 251, 647, 2, 418, 622, 2, 393, 390, 2, 394, 199, 2, 394, 178, 2, 397, 226, 2, 399, 273, 2, 0, 0, 0, 0, 0, 0, 440, 56, 2], "style": 2, "bounding_box": [0, 2, 466, 658], "category_id": 1, "occlusion": 2, "category_name": "short sleeve top"}}