{"source": "shop", "pair_id": 1997, "item1": {"segmentation": [[383.80000000000143, 11.214285714285428, 379.2999999999989, 21.214285714291194, 376.2999999999971, 25.214285714293503, 379.549999999999, 32.214285714297546, 386.05000000000274, 38.96428571430144, 394.8000000000078, 45.964285714305475, 400.300000000011, 52.71428571430937, 406.55000000001456, 54.46428571431038, 417.80000000002104, 54.21428571431023, 422.55000000002383, 47.464285714306335, 431.550000000029, 41.21428571430273, 439.0500000000333, 32.71428571429783, 441.55000000003474, 27.214285714294657, 445.3000000000369, 22.214285714291773, 443.55000000003594, 16.7142857142886, 438.3000000000329, 8.46428571428384, 447.0500000000379, 15.714285714288023, 449.8000000000395, 18.964285714289897, 450.8571428571276, 25.785714285712267, 454.85714285712993, 29.785714285714572, 462.60714285713436, 32.53571428571616, 476.8571428571426, 37.535714285719045, 490.3571428571504, 40.53571428572077, 499.85714285715585, 44.03571428572279, 504.85714285715875, 47.78571428572496, 510.10714285716176, 55.535714285729426, 513.185714285712, 69.07857142856466, 518.1857142857149, 103.07857142858427, 520.6857142857164, 127.57857142859841, 520.964285714284, 155.55714285712986, 521.2142857142841, 175.30714285714126, 518.9642857142827, 180.80714285714444, 525.9642857142868, 190.05714285714978, 529.4642857142888, 194.30714285715223, 518.4642857142825, 204.80714285715828, 513.4642857142795, 208.80714285716058, 511.71428571427856, 207.0571428571596, 491.21428571426674, 218.80714285716635, 480.2142857142604, 224.0571428571694, 483.21428571426213, 232.057142857174, 483.7142857142624, 239.80714285717846, 491.64285714286035, 273.0214285714175, 496.1428571428629, 308.7714285714381, 502.892857142855, 351.77142857142746, 509.39285714285876, 398.7714285714546, 512.7785714285676, 433.5928571428458, 515.278571428569, 452.8428571428569, 518.0285714285706, 475.34285714286983, 517.3642857142842, 485.4928571428544, 511.3642857142807, 487.2428571428554, 502.3642857142755, 489.4928571428567, 491.61428571426933, 490.9928571428576, 487.3642857142669, 490.4928571428573, 486.3642857142663, 501.2428571428635, 476.8642857142608, 503.7428571428649, 458.6142857142503, 505.2428571428658, 451.11428571424597, 504.2428571428652, 445.36428571424267, 501.2428571428635, 444.6142857142422, 497.24285714286117, 444.6142857142422, 491.2428571428577, 431.85000000001025, 489.271428571424, 422.4102493074843, 492.839295607437, 413.5459833795011, 501.14954491492125, 402.465650969522, 501.14954491492125, 398.0335180055304, 498.3794618124265, 394.1554016620378, 490.06921250494224, 386.3991689750525, 489.7922041946928, 372.2717451523292, 485.6370795409506, 363.40747922434593, 485.6370795409506, 357.03628808860805, 487.022121092198, 349.03747526712186, 488.89778393351367, 349.03747526712186, 499.14709141274426, 346.5444004748766, 501.64016620498955, 332.13996834190385, 502.74819944598744, 326.0457855164154, 499.7011080332432, 322.72168579342167, 493.6069252077547, 308.8712702809479, 494.16094182825367, 305.0772061733351, 494.2215670756068, 301.1990898298424, 493.11353383460886, 300.6450732093435, 486.7423426988709, 305.0772061733351, 481.4791848041309, 303.6921646220877, 477.6010684606382, 308.6835437754324, 412.919148492124, 313.35848899092105, 373.1821141604703, 320.6630908901221, 346.5933632473785, 332.23492063490045, 270.8095238095474, 338.45714285712745, 246.80952380952894, 345.12380952379925, 230.80952380951663, 346.70430839001943, 214.58163265307132, 341.4888888888828, 212.99433106576888, 331.0580498866095, 206.64512471655902, 322.21451247163867, 201.88321995465165, 317.6793650793459, 198.25510204081746, 314.95827664397024, 207.7789115646322, 311.78367346936534, 205.05782312925658, 307.70204081630186, 201.4297052154224, 304.52743764169696, 197.3480725623589, 303.6204081632384, 195.08049886621254, 306.30566893422326, 188.01609977325035, 307.6662131519111, 183.02743764172834, 305.39863945576474, 177.58526077097704, 304.9451247165355, 167.15442176870374, 306.07891156460863, 132.46054421766425, 306.44331065760224, 114.38956916102005, 307.5770975056754, 96.02222222223443, 310.0714285714364, 80.14920634920983, 310.29818594105103, 62.2353741496535, 312.1408163265003, 57.82131519276783, 315.3154195011052, 52.60589569163117, 320.2755102040951, 49.53696145123382, 333.6827664398908, 44.44263038550423, 348.87551020407153, 37.413151927450485, 361.1204081632619, 31.06394557824064, 369.05691609977424, 27.20907029479181, 370.64421768707666, 23.807709750572254, 375.6328798185987, 19.726077097508785]], "scale": 2, "viewpoint": 2, "zoom_in": 1, "landmarks": [411, 9, 1, 384, 12, 2, 388, 40, 2, 412, 55, 2, 435, 39, 2, 444, 12, 2, 319, 51, 2, 307, 128, 2, 305, 194, 2, 347, 214, 2, 345, 165, 2, 339, 113, 2, 339, 127, 2, 346, 171, 2, 346, 230, 2, 321, 347, 1, 305, 492, 2, 414, 502, 2, 516, 487, 2, 498, 347, 1, 482, 232, 2, 476, 177, 2, 479, 128, 2, 482, 119, 2, 477, 166, 2, 480, 224, 2, 527, 195, 2, 521, 127, 2, 505, 50, 2], "style": 2, "bounding_box": [297, 4, 532, 509], "category_id": 10, "occlusion": 1, "category_name": "short sleeve dress"}}