{"source": "shop", "pair_id": 1997, "item1": {"segmentation": [[201.74016487530002, 199.04094751121775, 213.13534383804657, 209.55957424606072, 223.65397057288953, 220.0782009809037, 226.57581133256815, 228.25935510800377, 227.16017948450386, 230.01245956381092, 233.5882291557968, 230.01245956381092, 239.72409475112184, 229.42809141187522, 245.27559219451118, 223.87659396848588, 251.11927371386838, 217.1563602212251, 262.51445267661495, 202.83934049879994, 273.90963163936146, 208.39083794218928, 289.57946363351766, 215.9056871543358, 312.36982155901075, 228.17741834498594, 326.6868412814359, 238.98822915579677, 329.6086820411145, 246.877199206929, 329.6086820411145, 263.531691537097, 331.36178649692164, 285.73768131065435, 333.5029531461964, 306.4426380048002, 334.3795053741, 317.253448815611, 335.2560576020036, 330.9861003861004, 334.0873212981321, 345.59530418449344, 333.5029531461964, 351.4389857038506, 338.7622665136179, 358.74358760304716, 343.7293958050715, 369.2622143378901, 337.30134613377857, 375.9824480851509, 325.90616717103205, 383.2870499843474, 315.38754043618906, 387.96199519983315, 305.45328185328185, 389.7150996556403, 303.69704685380367, 403.59939476155694, 307.4954398413858, 408.56652405301054, 314.80004174058234, 424.9288323072107, 320.3515391839717, 444.2129813210895, 321.812459563811, 482.4890952728791, 320.9359073359074, 526.0245225920903, 323.860878639257, 550.3470729416675, 327.36708755087136, 589.207555045393, 327.95145570280704, 628.652405301054, 326.9218407596786, 662.9137639570072, 325.1687363038714, 673.4323906918502, 316.98758217677135, 673.1402066158823, 302.0861943024105, 672.2636543879787, 290.10664718772824, 671.0949180841072, 279.88020452885314, 667.5887091724929, 277.8349159970781, 668.1730773244286, 277.8349159970781, 674.3089429197537, 274.0365230094959, 676.9385996034645, 258.8429510591672, 679.5682562871752, 248.03214024835637, 678.3995199833038, 248.03214024835637, 673.4323906918502, 242.77282688093487, 671.9714703120109, 238.0978816654491, 674.6011269957216, 235.76040905770623, 679.5682562871752, 236.34477720964196, 683.9510174266932, 221.34125013043933, 683.6959615986643, 192.1228425336533, 679.6053845351144, 150.54450589585727, 674.216195345925, 147.03829698424295, 657.2695189397892, 144.11645622456433, 609.643514557028, 147.5994782427215, 564.7444641552751, 150.5213190024001, 545.1681310654284, 152.858791610143, 515.3653553167067, 154.00434102055726, 452.1591359699468, 158.9714703120109, 407.1627882708964, 158.0949180841073, 385.5411666492747, 151.95905248878225, 379.40530105394964, 141.44042575393928, 374.7303558384639, 129.460878639257, 368.01012209120313, 128.8765104873213, 373.56161953459247, 124.20156527183553, 370.0554106229781, 118.35788375247833, 365.9648335594281, 113.68293853699257, 361.2898883439423, 113.68293853699257, 354.8618386726494, 120.69535636022121, 346.9728686215172, 122.1562767400605, 339.083898570385, 122.1562767400605, 314.54043618908474, 122.44846081602836, 299.346864238756, 125.03017844098925, 277.3617864969217, 127.36765104873213, 258.66200563497864, 129.1207555045393, 239.9622247730356, 134.67225294792863, 227.3983095064176, 143.43777522696442, 222.72336429093184, 155.70950641761456, 218.63278722738178, 166.52031722842537, 214.83439423979962, 188.14193885004704, 211.62036940415314]], "scale": 2, "viewpoint": 2, "zoom_in": 1, "landmarks": [231, 200, 1, 202, 199, 2, 215, 214, 2, 234, 231, 2, 251, 219, 2, 264, 204, 1, 137, 229, 2, 124, 300, 2, 112, 362, 2, 158, 384, 2, 158, 336, 2, 154, 291, 2, 155, 300, 2, 158, 347, 2, 159, 409, 2, 151, 546, 1, 151, 674, 1, 236, 684, 2, 323, 668, 2, 321, 528, 2, 303, 404, 2, 303, 344, 2, 297, 291, 1, 295, 277, 1, 302, 332, 2, 302, 391, 2, 344, 370, 2, 333, 312, 2, 326, 241, 2], "style": 1, "bounding_box": [108, 194, 345, 687], "category_id": 10, "occlusion": 2, "category_name": "short sleeve dress"}}