{"item2": {"segmentation": [[195.88634417808225, 912.4664811643836, 193.15196917808225, 933.9508561643836, 199.01134417808225, 953.0914811643837, 197.83946917808225, 978.0914811643837, 194.32384417808225, 1012.4664811643838, 188.4351883561644, 1041.1433647260274, 179.84143835616436, 1084.1121147260274, 182.18762842465756, 1137.5179366438356, 188.82825342465756, 1193.3773116438358, 190.39075342465756, 1216.4241866438358, 186.48450342465756, 1224.2366866438358, 184.55577910958908, 1255.0716609589042, 197.4464041095891, 1265.6185359589042, 213.46202910958914, 1285.1497859589042, 232.12174657534246, 1310.7919520547946, 243.44987157534248, 1331.1044520547946, 250.4811215753425, 1331.1044520547946, 282.12174657534257, 1328.7607020547946, 320.4029965753426, 1322.9013270547946, 352.0436215753427, 1310.0107020547946, 374.30924657534274, 1301.0263270547944, 389.15299657534274, 1279.1513270547944, 402.4342465753428, 1263.1357020547944, 407.5123715753428, 1257.2763270547944, 410.6373715753428, 1243.6044520547944, 410.2467465753428, 1227.1982020547944, 424.69987157534285, 1206.4950770547944, 431.46515410958904, 1231.6244006849317, 433.80890410958904, 1245.2962756849317, 436.54327910958904, 1262.4837756849317, 449.8245291095891, 1281.6244006849317, 456.4651541095891, 1287.0931506849317, 460.7620291095891, 1287.0931506849317, 480.29327910958915, 1296.0775256849317, 508.4182791095892, 1308.1869006849317, 539.1239297945204, 1312.0419092465754, 568.0301797945206, 1310.0887842465754, 589.5145547945206, 1303.8387842465754, 604.3583047945206, 1295.6356592465754, 619.2020547945207, 1281.1825342465754, 631.7020547945207, 1272.9794092465754, 635.6083047945207, 1255.4012842465754, 640.6864297945207, 1230.4012842465752, 643.8114297945207, 1225.7137842465752, 648.1083047945207, 1209.6981592465752, 647.3270547945207, 1198.7606592465752, 644.9833047945207, 1193.6825342465752, 650.4520547945207, 1175.7137842465752, 653.9676797945207, 1150.7137842465752, 671.1551797945208, 1139.3856592465752, 655.9208047945207, 1134.3075342465752, 665.2738441780824, 1116.885573630137, 660.5863441780824, 1089.1511986301368, 664.4925941780824, 1068.8386986301368, 664.4925941780824, 1024.6980736301368, 665.1664811643836, 1003.8507705479453, 666.7289811643836, 957.3663955479453, 668.2914811643836, 929.2413955479452, 663.6039811643836, 914.7882705479452, 571.9974315068495, 935.9698630136987, 468.09118150684924, 946.1261130136988, 311.0377568493152, 941.8121575342467]], "scale": 2, "viewpoint": 2, "zoom_in": 1, "landmarks": [197, 912, 1, 468, 946, 1, 663, 915, 1, 180, 1084, 1, 186, 1259, 2, 396, 1277, 2, 429, 1207, 2, 441, 1273, 2, 634, 1282, 2, 663, 1105, 2], "style": 0, "bounding_box": [172, 898, 674, 1356], "category_id": 7, "occlusion": 2, "category_name": "shorts"}, "source": "shop", "pair_id": 1999, "item1": {"segmentation": [[294.2921232876714, 30.03908390410959, 283.3546232876714, 27.304708904109585, 272.4171232876714, 36.2890839041096, 246.63587328767136, 47.617208904109624, 219.6827482876713, 60.117208904109646, 198.19837328767125, 65.58595890410966, 174.37024828767122, 71.05470890410967, 144.05278253424672, 74.51665239726029, 131.94340753424672, 85.84477739726032, 105.38090753424666, 101.86040239726034, 79.9902825342466, 111.62602739726036, 73.74028253424659, 132.7197773972604, 64.75590753424657, 170.6104023972605, 56.58450342465756, 208.35218321917813, 51.897003424657555, 241.5553082191782, 48.77200342465755, 275.93030821917824, 43.69387842465754, 317.3365582191783, 38.63039383561646, 346.08420376712337, 33.552268835616445, 383.5842037671234, 27.692893835616434, 422.25607876712354, 48.39601883561647, 426.94357876712354, 74.17726883561653, 428.89670376712354, 111.67726883561659, 433.58420376712354, 148.78664383561664, 440.22482876712354, 153.47414383561667, 441.00607876712354, 156.59914383561667, 459.36545376712354, 161.89952910958905, 510.29088184931516, 168.93077910958905, 548.5721318493153, 176.74327910958908, 598.5721318493153, 182.99327910958908, 641.9315068493154, 189.24327910958908, 678.6502568493155, 188.85265410958908, 688.8065068493155, 188.04212328767125, 714.6440924657534, 189.21399828767125, 744.7222174657534, 187.65149828767125, 766.5972174657535, 191.16712328767125, 781.8315924657535, 197.02649828767125, 806.4409674657535, 198.97962328767127, 815.0347174657536, 192.33899828767125, 829.0972174657536, 188.82337328767125, 845.8940924657536, 192.72962328767125, 870.1128424657536, 197.41712328767125, 891.9878424657537, 195.10021404109597, 910.9845034246576, 192.36583904109597, 930.9063784246578, 193.92833904109597, 938.3282534246578, 199.39708904109597, 953.1720034246578, 199.78771404109597, 964.8907534246578, 199.39708904109597, 977.3907534246578, 214.240839041096, 999.6563784246579, 238.04700342465765, 1015.1447345890411, 263.8282534246577, 1023.7384845890411, 323.0373287671233, 1034.656464041096, 373.8185787671234, 1035.437714041096, 426.94357876712354, 1033.875214041096, 478.50607876712365, 1033.093964041096, 522.038912671233, 1022.1393835616439, 569.6951626712331, 1007.6862585616439, 611.1014126712332, 990.8893835616437, 648.9920376712332, 972.5300085616437, 666.1795376712332, 958.0768835616437, 667.7420376712332, 938.1550085616436, 664.6170376712332, 894.4050085616436, 667.3514126712332, 871.3581335616435, 665.5449058219178, 855.178809931507, 666.3261558219178, 806.7413099315069, 663.9824058219178, 786.0381849315069, 649.1386558219177, 750.1006849315067, 656.5605308219177, 735.2569349315067, 662.4199058219178, 705.9600599315067, 666.3359160958905, 671.0697773972604, 670.6327910958905, 636.3041523972604, 675.3202910958905, 608.1791523972603, 679.6171660958905, 574.1947773972603, 681.4263270547943, 533.8699058219181, 688.0669520547943, 483.088655821918, 690.8013270547943, 444.0261558219179, 694.3169520547943, 420.1980308219179, 708.7700770547945, 416.2917808219178, 727.1294520547945, 411.6042808219178, 764.2388270547945, 402.6199058219178, 794.3169520547946, 395.9792808219178, 797.0610873287673, 277.7516695205479, 783.7822773972604, 212.66369863013705, 763.4697773972604, 160.31994863013696, 713.2719178082193, 136.19880136986308, 662.4906678082193, 114.32380136986305, 628.1156678082192, 97.526926369863, 615.3348458904111, 88.637714041096, 606.7410958904111, 81.21583904109599, 591.5067208904111, 69.10646404109598, 587.2098458904111, 66.76271404109596, 574.7098458904111, 48.40333904109593, 562.600470890411, 48.79396404109593, 566.897345890411, 52.70021404109594, 570.803595890411, 57.38771404109595, 566.116095890411, 71.84083904109598, 556.741095890411, 89.028339041096, 545.022345890411, 105.43458904109603, 527.444220890411, 122.23146404109607, 493.85047089041086, 137.4658390410961, 467.67859589041086, 144.10646404109613, 447.16823630137003, 146.35993150684942, 426.85573630137, 139.7193065068494, 401.8557363013699, 132.2974315068494, 376.4651113013699, 120.18805650684936, 342.4807363013698, 91.2818065068493, 320.3419948630138, 72.61232876712336, 301.5919948630137, 56.20607876712333, 290.2638698630137, 36.674828767123294]], "scale": 3, "viewpoint": 2, "zoom_in": 2, "landmarks": [448, 51, 1, 283, 27, 2, 355, 105, 2, 458, 146, 2, 546, 110, 2, 572, 51, 2, 88, 111, 2, 54, 274, 2, 29, 416, 2, 151, 437, 2, 143, 335, 2, 140, 272, 2, 141, 314, 2, 178, 623, 2, 205, 979, 2, 463, 1033, 2, 669, 956, 2, 674, 619, 2, 687, 314, 1, 678, 272, 1, 686, 341, 1, 693, 419, 1, 0, 0, 0, 0, 0, 0, 763, 161, 1], "style": 1, "bounding_box": [21, 23, 797, 1048], "category_id": 1, "occlusion": 2, "category_name": "short sleeve top"}}