{"source": "shop", "pair_id": 1997, "item1": {"segmentation": [[400.1183431952683, 480.23668639052806, 403.37071255990054, 488.2350958026631, 409.7987622311936, 489.98820025847033, 419.1486526621654, 496.1240658537955, 427.32980678926566, 503.72085182896006, 436.67969722023736, 502.84429960105643, 443.10774689153044, 498.1693543855706, 458.30131884185954, 484.4367028150808, 466.4824729689598, 483.56015058717725, 491.61030350219636, 493.20222509411684, 506.51169137655756, 500.21464291734566, 519.0756066431759, 506.9348766646066, 525.2114722385011, 532.9392594257467, 530.4707856059226, 573.845030061248, 529.8412698412703, 609.9438339438335, 529.8412698412703, 619.7216117216116, 539.1746031746039, 630.3882783882785, 525.8412698412702, 643.2771672771678, 524.5079365079368, 639.2771672771677, 509.84126984126976, 648.1660561660568, 496.06349206349154, 655.2771672771682, 499.61904761904725, 669.9438339438353, 508.5079365079364, 708.6105006105031, 511.6190476190476, 741.9438339438375, 511.6190476190476, 775.2771672771719, 510.813492063492, 826.4438339438416, 505.9523809523807, 845.8882783882868, 509.424603174603, 886.8605006105106, 507.726120033812, 897.5655114116669, 493.52493660185877, 901.1158072696551, 481.0989010988998, 901.7075232459865, 480.5071851225684, 894.6069315300099, 456.2468300929817, 895.1986475063413, 434.945054945052, 893.4234995773471, 425.4775993237499, 895.1986475063413, 415.4184277261164, 895.1986475063413, 414.82671174978503, 892.2400676246843, 385.24091293321595, 891.0566356720217, 372.2231614539255, 892.8317836010158, 370.4480135249314, 896.9737954353354, 353.2882502113213, 896.9737954353354, 319.6280642434475, 893.2037193575655, 314.8943364327965, 891.4285714285714, 290.04226542687843, 888.4699915469146, 286.4919695688901, 870.1267962806417, 289.45054945054704, 851.1918850380375, 301.87658495350604, 793.7954353338935, 324.95350803042993, 735.8072696534181, 345.07185122569695, 689.061707523239, 368.14877430262084, 658.2924767540071, 369.94082840236786, 640.0000000000011, 361.0650887573971, 632.3076923076932, 349.8224852071009, 623.4319526627224, 343.9053254437871, 619.2899408284028, 344.4970414201185, 635.26627218935, 339.171597633136, 632.8994082840245, 336.8047337278105, 625.2071005917165, 334.43786982248497, 616.3313609467459, 333.2544378698222, 609.8224852071006, 332.0710059171594, 606.2721893491124, 333.8461538461536, 557.1597633136076, 340.94674556213016, 514.5562130177482, 345.08875739644986, 502.1301775147892, 349.8224852071009, 497.98816568046954, 361.6568047337285, 495.0295857988126, 375.8579881656817, 490.88757396449296, 386.50887573964656, 484.37869822484777]], "scale": 2, "viewpoint": 2, "zoom_in": 1, "landmarks": [430, 483, 1, 400, 482, 2, 417, 495, 2, 433, 504, 2, 448, 495, 2, 459, 484, 1, 350, 500, 2, 335, 561, 2, 337, 619, 2, 371, 639, 2, 369, 598, 2, 366, 555, 2, 366, 568, 2, 370, 611, 2, 369, 658, 2, 317, 759, 2, 291, 887, 2, 402, 892, 2, 511, 893, 2, 512, 773, 1, 498, 668, 2, 494, 621, 2, 494, 562, 1, 495, 554, 1, 495, 603, 2, 495, 656, 2, 539, 632, 2, 531, 571, 2, 519, 507, 2], "style": 2, "bounding_box": [284, 475, 541, 905], "category_id": 10, "occlusion": 1, "category_name": "short sleeve dress"}}