{"source": "shop", "pair_id": 1997, "item1": {"segmentation": [[244.01691580046864, 344.1016512857026, 250.42489016857118, 349.0856313497823, 264.52243377839676, 357.2023988827122, 271.0728075769016, 362.6135772379988, 275.9143882105791, 366.74316071966484, 278.19277909701555, 370.5879453405264, 282.60716143948616, 369.875948188515, 291.15112726362287, 369.7335487581127, 299.97989194856416, 368.45195388449224, 305.533469734253, 364.749568694033, 314.3622344191943, 356.3480023002985, 330.004107675877, 360.84250388273176, 337.55127748719775, 363.5480930603751, 345.38324615932305, 364.1176907819842, 350.36722622340284, 363.2632941995705, 358.62639318673496, 359.9881073003181, 363.8951721116193, 361.4121016043409, 369.7335487581127, 362.5512970475591, 386.8214804063862, 362.978495338766, 396.88739882403115, 361.5590390385691, 399.877786862479, 360.41984359535087, 402.29857717931776, 356.7174584048916, 403.2953731921337, 353.1574726448346, 405.4313646481679, 349.02788916316854, 409.70334756023624, 346.7494982767321, 413.8329310419023, 347.8886937199503, 419.2902718499016, 351.717047637304, 425.27104792679734, 353.7106396629359, 433.10301659892264, 353.42584080213135, 439.938189258232, 352.71384365011994, 439.08379267581836, 361.1154100438544, 436.8054017893819, 382.1905257433916, 435.4199022764349, 391.59060946173787, 435.98949999804404, 400.56177357708145, 431.85991651637795, 401.5585695898974, 422.74635297063213, 401.7009690202997, 414.9143842985068, 402.1281673115065, 410.78480081684074, 408.25134281880446, 405.37362246155413, 413.5201217436888, 398.53844980224477, 421.06729155500955, 392.84247258615363, 426.62086934069845, 388.71288910448754, 431.74724883518047, 386.4344982180511, 436.8736283296625, 385.4377022052351, 444.278398710581, 383.15931131879864, 462.6479252324749, 380.73852100195995, 482.29904662798936, 379.02972783713255, 492.55180561695346, 377.2674175237365, 509.04807545604984, 378.54901239735705, 510.18727089926807, 380.9698027141958, 515.0288515329455, 386.2385816390801, 532.8287803332304, 391.6497599943667, 557.7486806536292, 396.4528458369683, 602.2101643461558, 400.867228179439, 642.6516025804029, 404.51327952929944, 703.0054886373861, 404.65567895970173, 747.8613092141039, 405.0457908058478, 775.451433578881, 401.058606754584, 776.8754278829039, 394.08103466487233, 778.5842210477311, 386.10666656234474, 779.011419338938, 382.11948251108095, 782.0018073773858, 375.8539075733807, 786.8433880110633, 369.0187349140713, 788.2673823150861, 361.6139645331528, 791.8273680751431, 357.626780481889, 795.1025549743955, 349.5320770365271, 797.790305102516, 335.86173171790836, 799.3566988369411, 313.78982000555516, 799.9262965585501, 297.5562849396954, 801.7774891537797, 290.0091151283746, 803.3438828882048, 280.4473845840881, 805.1460963386916, 269.9098267343195, 805.0036969082893, 268.05863413908986, 802.0133088698415, 264.35624894863065, 801.0165128570255, 264.35624894863065, 797.8837253881754, 262.64745578380325, 796.7445299449572, 256.23948141570077, 796.174932223348, 251.96749850363238, 796.4597310841526, 248.4075127435754, 800.0197168442096, 245.41712470512758, 804.4340991866802, 241.99953837547287, 806.0004929211053, 230.4651845128883, 805.2884957690939, 219.2156295111083, 803.0101048826574, 215.9492056537269, 801.127772192208, 215.37960793211778, 798.564582444967, 215.37960793211778, 795.1469961153123, 210.96522558964713, 794.5773983937032, 198.5764751446489, 794.007800672094, 187.896517864478, 790.4478149120371, 178.4981554579276, 787.4574268735893, 174.36857197626153, 783.0430445311187, 172.80217824183646, 779.625458201464, 167.39099988654988, 779.4830587710617, 163.9821765987662, 776.4986170824548, 159.9949925475024, 774.077826765616, 151.02382843215884, 773.7930279048114, 144.04625634244718, 771.6570364487773, 143.47665862083807, 761.6890763206178, 144.18865577284947, 746.3099378371717, 147.74864153290642, 734.4907851137825, 150.80725611163496, 723.6089649047997, 152.37364984606, 711.2202144598015, 152.80084813726685, 705.2394383829057, 151.94645155485318, 701.5370531924465, 152.23125041565774, 689.7179004690573, 153.65524471968052, 680.7467363537138, 154.4830392107003, 656.8708898790779, 155.33743579311397, 638.7861622179886, 156.76143009713675, 612.8694658847738, 159.19552145967242, 586.6886264323075, 162.043510067718, 561.911125542311, 167.50366756774733, 536.4940790786288, 169.78205845418378, 525.386923507251, 172.20284877102253, 510.00778502380496, 174.62363908786128, 499.0430288828295, 175.90523396148177, 495.3406436923703, 176.75963054389544, 490.6414624890951, 175.1932368094704, 473.9807291320285, 173.38648535515756, 467.2463314542346, 171.53529275992793, 451.43999467958173, 170.82329560791655, 439.05124423458346, 169.0700613021724, 422.55356604947207, 163.8012823772881, 420.5599740238402, 155.19190670490076, 415.460196620752, 140.38236594306377, 406.0618342142016, 127.85121606766324, 397.3754689596626, 123.72163258599717, 391.5370923131692, 119.16485081312425, 390.2554974395487, 115.88966391387184, 389.401100857135, 108.91209182416019, 383.7051236410439, 103.64331289927588, 376.44275269052764, 116.60166106588323, 380.2875373113892, 115.17766676186045, 374.02196237368895, 111.76008043220577, 362.7724073719089, 108.76969239375791, 350.95325464851976, 105.35210606410322, 344.9724785716241, 107.8218755256847, 342.7948626667032, 112.37865729855761, 344.6460552619328, 119.21382995786699, 346.35484842676016, 123.34341343953308, 348.6332393131966, 125.47940489556726, 347.4940438699784, 122.63141628752169, 345.21565298354193, 120.06822654028066, 343.6492592491168, 123.77061173073992, 339.51967576745074, 127.75779578200371, 336.52928772900293, 134.4505690109108, 339.3772763370485, 146.26972173429994, 350.34203247802395, 157.09207844487312, 356.1804091245174, 164.72985184982338, 356.74406049628556, 174.5554125475806, 357.31365821789467, 186.51696470137202, 359.30725024352654, 190.07695046142896, 357.31365821789467, 195.203329955911, 356.8864599266878, 197.33932141194518, 359.16485081312425, 198.90571514637026, 359.44964967392883, 201.46890489361127, 358.025655369906, 207.44968097050696, 357.4560576482969, 216.09019673811414, 357.1698504414773, 226.91255344868733, 356.8850515806728, 233.32052781678988, 353.1826663902135, 239.30130389368557, 348.6258846173406]], "scale": 2, "viewpoint": 2, "zoom_in": 1, "landmarks": [279, 349, 1, 244, 344, 1, 265, 360, 2, 281, 373, 2, 301, 369, 1, 314, 356, 1, 195, 359, 2, 157, 358, 2, 108, 343, 2, 111, 384, 2, 136, 403, 2, 168, 421, 2, 172, 439, 2, 178, 482, 2, 169, 535, 2, 157, 643, 2, 146, 772, 2, 270, 805, 2, 405, 779, 2, 402, 662, 2, 387, 541, 2, 379, 495, 2, 384, 451, 2, 389, 431, 2, 408, 410, 2, 436, 400, 2, 440, 355, 2, 401, 361, 2, 365, 363, 2], "style": 1, "bounding_box": [100, 333, 445, 808], "category_id": 10, "occlusion": 1, "category_name": "short sleeve dress"}}