{"source": "shop", "pair_id": 2029, "item1": {"segmentation": [[345.6639269406392, 233.61065449010653, 333.6639269406392, 238.49954337899538, 320.33059360730596, 243.38843226788427, 303.7750380517504, 249.72176560121758, 283.5789954337899, 259.2721461187215, 271.24566210045657, 264.16103500761034, 259.1345509893455, 269.82770167427697, 255.46788432267883, 270.9388127853881, 256.1345509893455, 262.04992389649925, 258.3567732115677, 254.16103500761037, 262.4678843226788, 241.2721461187215, 264.3290715372907, 234.14764079147636, 270.1068493150685, 223.92541856925416, 273.88462709284624, 218.92541856925416, 283.5512937595129, 212.0365296803653, 292.32907153729064, 205.703196347032, 298.2179604261795, 200.703196347032, 304.44018264840173, 199.59208523592088, 293.7324200913241, 197.83409436834097, 275.1768645357686, 200.3896499238965, 254.28797564687974, 204.38964992389649, 236.73242009132426, 209.05631659056314, 222.48219178082184, 222.07884322678842, 207.03774733637744, 234.07884322678836, 194.2599695585997, 247.18995433789945, 178.36438356164382, 260.8541856925419, 176.10860463031625, 263.71853511852856, 176.8224654274608, 274.66440067474514, 176.10860463031625, 286.0861734290581, 176.2532724505327, 292.85418569254176, 178.69771689497713, 298.076407914764, 179.03105022831048, 305.07640791476393, 182.58660578386602, 310.5208523592084, 185.25327245053268, 315.187519025875, 180.61308980213087, 319.40334855403347, 177.8353120243531, 323.40334855403347, 178.8353120243531, 329.84779299847787, 180.39086757990864, 336.7366818873668, 183.9464231354642, 342.73668188736673, 181.39086757990864, 345.5144596651445, 172.66708848482068, 352.1859088393536, 162.00486441151793, 362.0151466569296, 150.34305683134306, 379.34126077604657, 138.51465200002283, 396.50077764401817, 129.01860868473756, 412.32751650282694, 117.58781215589383, 429.91414878503826, 106.42579632915502, 448.2398464110274, 96.42996126043369, 464.2331825209815, 87.48585984376771, 479.09018453526545, 81.4362086573517, 490.22235369965694, 84.52736359850057, 494.33770974422754, 91.02465639316944, 496.50347400911716, 94.52319866722189, 498.50264102286144, 101.89908298426361, 498.7926638741085, 105.6015623231066, 502.2306804030341, 108.6839650145771, 505.99951732440246, 106.01840899625142, 510.9974348587631, 103.24054794520544, 517.2783561643835, 105.80054794520545, 521.2783561643835, 115.08054794520547, 530.5583561643836, 119.67938359017057, 530.8225077450604, 122.51153685964161, 524.991603954973, 125.510287380258, 524.991603954973, 123.34452311536839, 528.6567434801708, 116.8224427036679, 537.5589041095891, 115.15647019221436, 540.8908491324962, 115.3230674433597, 546.2219611691476, 123.31973549833677, 553.8854347218339, 129.0005479452055, 556.9583561643835, 131.98279255789524, 557.3839769958864, 135.99259212770934, 563.1521534976864, 144.15585743383178, 572.9813913152624, 149.6535667216285, 576.8131280916056, 161.64856880409408, 581.4778511236756, 174.97634889572254, 588.8081301740712, 182.88061253016716, 594.5532055707382, 196.37498987294094, 601.0504983654071, 209.70276996456937, 606.2150131509131, 227.1954813348317, 609.7135554249655, 239.04024122369105, 612.0442304291021, 251.36843780844737, 614.8763836985731, 255.53336908708124, 603.0479788672528, 257.6991333519709, 593.0521437985316, 259.8648976168605, 578.3915856977402, 261.37742493139274, 559.4573368402434, 261.54402218253813, 545.1299732417428, 261.37742493139274, 520.9733718256664, 262.3770084382649, 514.4760790309975, 266.54193971689875, 503.6472577065494, 270.5402737443873, 490.98586661950236, 273.87221876729444, 478.65767003474605, 275.8482846759056, 461.00510746093244, 280.67960495912087, 437.348297798292, 285.8441197446269, 415.69065514939575, 291.21098172157804, 396.54333770668137, 296.7009316894216, 384.497513022542, 304.19780799096264, 390.3284168126295, 315.5264210688468, 394.4933480912634, 318.0253798360271, 394.16015358897266, 318.8583660917539, 385.16390202712347, 322.19031111466103, 386.1634855339956, 324.522672630696, 389.162236054612, 324.68926988184137, 395.1597370958448, 325.52225613756815, 396.9923068584437, 330.0203819184927, 397.3255013607344, 342.34857850324903, 398.4916821187519, 349.1790658002086, 395.65952884928083, 346.1803152795922, 390.99480581721093, 347.013301535319, 389.162236054612, 354.67677508800534, 386.330082785141, 365.1724019101627, 383.99772126910597, 366.67177717047093, 384.6641102736874, 369.50393043994194, 379.99938724161746, 374.66844522544795, 371.83612193549504, 378.2443833334284, 359.58549120514857, 382.90910636549836, 343.0923633417584, 387.0740376441322, 325.5996519714961, 389.1605495427135, 310.57639225665093, 390.49332755187635, 295.08284790013283, 391.3263138076031, 280.7554843016323, 390.82652205416707, 266.09492620084103, 390.6599248030217, 255.93249388097433, 385.16221551522494, 246.43645056568906, 376.33593422831814, 236.87784998259843, 369.0056551779225, 228.54798742533066, 362.8415568855443, 229.5475709322028]], "scale": 3, "viewpoint": 3, "zoom_in": 1, "landmarks": [316, 220, 1, 305, 200, 1, 272, 222, 2, 257, 270, 2, 306, 251, 2, 366, 230, 2, 237, 209, 1, 207, 234, 1, 178, 264, 2, 188, 317, 1, 204, 290, 1, 220, 262, 1, 207, 271, 1, 192, 299, 2, 184, 342, 2, 135, 406, 2, 83, 491, 2, 129, 558, 2, 252, 615, 2, 278, 479, 1, 293, 379, 2, 313, 347, 2, 326, 327, 2, 335, 318, 2, 310, 354, 2, 295, 381, 2, 365, 384, 2, 388, 326, 2, 389, 256, 2], "style": 1, "bounding_box": [77, 181, 395, 625], "category_id": 10, "occlusion": 2, "category_name": "short sleeve dress"}}