{"source": "shop", "pair_id": 2024, "item1": {"segmentation": [[170.51133020541994, 147.12005619482431, 167.97624645711753, 150.0172947643128, 165.9843949405942, 156.17392672447576, 165.4411627088151, 169.39257769776688, 157.65483405331486, 175.54920965792988, 143.89295084824468, 184.42200277698828, 133.20938362325597, 189.4921702735931, 127.233829073686, 194.38126035960488, 118.90426818640667, 196.1920344655352, 112.35688684884364, 203.39117750616168, 102.21655185563401, 209.00457723454556, 98.59500364377344, 213.89366732055734, 95.3356102530989, 226.0258538302903, 91.89513945183137, 243.047130426035, 90.3739722277785, 259.97505214163806, 90.19289481718548, 270.2964645454407, 94.1765978502321, 282.79080587635974, 95.62521713497634, 303.433630683965, 95.98737195616239, 321.5413717432679, 99.69975131099807, 346.9573701898389, 104.76991880760288, 370.49743356693267, 113.7603829997789, 385.96273115736307, 115.75223451630222, 395.0166016870145, 124.78412835440633, 403.6363543315284, 131.84614736753446, 411.0605281658426, 141.62432753955804, 413.414534503552, 150.31604324802342, 416.1306956624474, 155.38621074462824, 415.76854084126137, 159.73206859886093, 412.14699262940076, 159.72351187238488, 420.70333893643925, 159.25710594315245, 435.2260981912145, 163.66209177162256, 443.60564545089795, 319.9719727728824, 443.57394228216026, 331.16279069767444, 436.3759689922481, 338.6369509043928, 427.17700258397934, 340.03130545349484, 415.4972171630504, 336.9578527120085, 402.0926255405711, 332.4309174471828, 392.4955227791405, 334.0374677002584, 371.98320413436693, 334.60384637429917, 359.9015888723953, 334.60384637429917, 348.49371200503447, 328.8093692353222, 335.81829326352243, 326.85349925077463, 320.93162456148974, 324.1373380918792, 305.5400446610823, 320.15363505883255, 296.3050967208378, 317.3734826871045, 286.5080484697906, 323.95626068128615, 287.25122619118633, 328.12104112492585, 287.0701487805933, 330.11289264144915, 294.31324520431446, 333.1912086215306, 302.0995738598147, 330.8372022838213, 306.62650912464045, 327.75888630373976, 310.61021215768704, 327.21565407196067, 316.58576670725705, 329.9318152308561, 324.19101795216426, 332.2858215685655, 330.52872732292025, 334.8209053168679, 330.7098047335133, 336.4506020122052, 334.33135294537385, 343.33154361474027, 334.87458517715294, 345.1423177206706, 331.9773466076645, 346.9530918266008, 333.78812071359476, 346.22878218422875, 338.49613338901355, 348.039556290159, 343.74737829621137, 351.48002709142656, 346.4635394551068, 352.6756059016263, 359.3029221542597, 355.57284447111476, 372.3404957169578, 359.37547009356837, 383.0240629419465, 367.7324557863474, 413.63645668471594, 375.15662962066153, 407.660902135146, 384.02942273971996, 405.48797320802964, 393.26437067996443, 405.48797320802964, 399.6020800507205, 407.84197954573904, 398.69669299775535, 373.2561941224705, 401.191516850844, 369.8102752072506, 401.73474908262307, 357.3159338763316, 399.92397497669276, 338.3028057640635, 397.20781381779733, 333.2326382674587, 389.6025625728901, 330.5164771085633, 387.61071105636677, 327.25708371788875, 387.0674788245877, 313.31412310222555, 381.99731132798286, 306.0710266785044, 381.35410635139544, 300.7223327636648, 375.9217840336046, 295.47108785646697, 376.46501626538367, 284.0632109891061, 374.6542421594534, 267.94732144632655, 368.6786876098834, 259.43668314845416, 365.781449040395, 258.350218684896, 362.1599008285344, 237.7073938772907, 356.9123494092174, 220.95140797044746, 351.8421819126126, 211.1732277984239, 352.56649155498474, 202.4815120899585, 344.2369306677054, 188.35747406370226, 334.0100428947587, 176.02534206435266, 330.38849468289817, 169.68763269359664, 319.52385004731644, 166.06608448173606, 301.05395416682745, 161.3580718063173, 286.9299161405712, 160.0905299321661, 275.34096186261735, 155.38251725674735, 256.0456138442336, 154.0144177624307, 252.061910811187, 144.23623759040714, 247.35389813576825, 134.63913482897658, 242.6458854603495, 131.74189625948813, 237.21356314255863, 130.83650920652298, 231.60016341417472, 131.5608188488951, 235.2217116260353, 136.08775411372082, 240.65403394382616, 140.2525345573605, 243.55127251331464, 142.42546348447684, 241.92157581797738, 148.76317285523285, 237.93787278493073, 158.17919820607037, 233.9541697518841, 170.67353953698935, 233.77309234129106, 180.99495194079202, 223.45167993748842, 191.85959657637375, 220.01120913622088, 197.47299630475766, 218.47545219638243, 207.0852736573309, 216.66467809045216, 216.68237641876144, 208.8783494349519, 211.6122089221566, 200.1866337264865, 204.18803508784242, 189.68414391209083, 194.77200973700494, 179.5438089188812, 184.26951992260925, 173.2060995481252, 171.77517859169023, 170.67101579982278, 163.08346288322485, 170.30886097863672, 154.21066976416643]], "scale": 2, "viewpoint": 2, "zoom_in": 2, "landmarks": [204, 139, 1, 168, 155, 2, 186, 190, 1, 217, 217, 2, 236, 176, 2, 246, 135, 2, 105, 210, 2, 97, 308, 2, 141, 414, 2, 179, 376, 2, 187, 312, 2, 151, 296, 2, 138, 329, 2, 124, 346, 2, 144, 321, 1, 149, 300, 1, 153, 318, 1, 161, 417, 1, 0, 0, 0, 0, 0, 0, 0, 0, 0, 336, 373, 2, 319, 287, 2, 316, 274, 2, 332, 293, 2, 336, 332, 2, 356, 368, 2, 368, 414, 2, 401, 410, 2, 403, 366, 2, 388, 326, 2, 364, 253, 2, 334, 172, 2], "style": 3, "bounding_box": [87, 129, 404, 444], "category_id": 2, "occlusion": 1, "category_name": "long sleeve top"}}