{"source": "shop", "pair_id": 2039, "item1": {"segmentation": [[164.05418025440764, 312.03516118261666, 147.41901957387822, 304.2846885928245, 141.93697798597645, 302.96143717505515, 139.47951106726188, 304.6627604264729, 134.32834509473147, 310.7252150817022, 127.71208800588454, 316.5853285032523, 119.20547174879563, 321.87833417432984, 112.4001787431245, 325.4700165939896, 105.21681390380498, 328.4945912631768, 99.16766456543063, 331.519165932364, 97.46634131401285, 333.97663285107853, 99.16766456543063, 334.16566876790273, 100.67995190002421, 333.78759693425434, 103.51549065238719, 334.5437406015511, 108.24138857299214, 338.1354230212109, 117.31511258055365, 351.93504494937736, 124.68751333669738, 364.41141545977445, 130.92569859189592, 379.1562169720619, 139.56298310224756, 406.22588411320044, 142.58755777143472, 421.3487574591363, 144.0998451060283, 434.58127163683014, 144.0998451060283, 437.22777447236894, 144.0998451060283, 437.9839181396657, 142.39852185461052, 436.47163080507215, 133.7028696806974, 428.9101941321042, 123.49493017219072, 420.5926137918395, 121.60457100394873, 419.2693623740701, 135.78226476576359, 434.01416388635755, 142.02045002096213, 440.6304209752045, 143.34370143873153, 442.89885197709486, 143.91080918920412, 445.16728297898527, 145.2340606069735, 447.6247498976998, 146.3682761079187, 450.2712527332386, 147.88056344251225, 454.61907882019517, 151.85031769582042, 466.90641341376806, 155.6310360323044, 478.2485684232199, 174.9362976575111, 552.0588095004982, 179.85123149494024, 571.907580767039, 182.68677024730323, 587.7865977802717, 192.33274840147914, 626.479086803385, 196.81274900398407, 649.0, 478.9765951945212, 649.0, 468.20154793554195, 627.3792040407994, 449.29795625312215, 591.2733439273777, 438.5229089941428, 571.4245726608368, 385.04356863660666, 484.8551603290681, 368.59744387290147, 460.0914552250981, 365.7619051205385, 455.36555730449317, 363.4934741186481, 449.88351571659143, 356.1210733625044, 427.01016978086346, 351.962283192372, 414.72283518729057, 343.9187170662028, 390.540421803649, 342.0283578979608, 383.73512879797784, 339.19281914559787, 370.69165053710816, 338.6257113951253, 370.50261462028396, 336.1682444764107, 368.8012913688662, 327.85066413614595, 359.5385314444805, 320.66729929682646, 350.6538433537432, 318.20983237811186, 346.684089100435, 316.3194732098699, 341.95819117983007, 314.8071858752763, 336.8542214255767, 314.2400781248037, 330.0489284199056, 311.97164712291334, 320.40809666187147, 310.6483957051439, 312.6576240720794, 308.56900062007776, 303.5839000645179, 305.92249778453896, 294.51017605695637, 301.95274353123085, 286.57066755034003, 287.63923512001145, 269.8078511411192, 284.0475527003517, 266.9723123887562, 283.2914090330549, 266.59424055510783, 273.6505772750208, 269.05170747382243, 265.1439610179319, 270.9420666420644, 258.52770392908496, 271.3201384757128, 247.56362075328144, 271.6982103093612, 240.38025591396195, 270.7530307252402, 232.25171149052142, 269.8078511411192, 229.98328048863104, 270.3749588915918, 231.1174959895762, 271.6982103093612, 233.3859269914666, 273.399533560779, 239.62411224666513, 278.8815751486807, 244.35001016727009, 285.30879632070344, 249.64301583834765, 294.57155624508914, 250.77723133929283, 297.7851668311005, 250.77723133929283, 300.05359783299093, 249.26494400469923, 301.5658851675845, 244.72808200091848, 303.26720841900226, 232.6297833241698, 308.5602140900798, 224.12316706708089, 312.1518965097396, 206.2261351569149, 319.28869274006684, 199.79891398489215, 320.23387232418787, 190.53615406050645, 320.80098007466046, 183.54182513801112, 320.0448364073637, 179.57207088470295, 319.09965682324264, 175.98038846504318, 317.77640540547327]], "scale": 3, "viewpoint": 2, "zoom_in": 2, "landmarks": [206, 295, 1, 138, 303, 2, 180, 319, 2, 227, 312, 2, 253, 298, 2, 236, 274, 2, 100, 334, 2, 147, 445, 2, 162, 496, 2, 181, 566, 2, 0, 0, 0, 0, 0, 0, 0, 0, 0, 0, 0, 0, 443, 584, 2, 382, 485, 2, 353, 419, 2, 335, 364, 2, 288, 264, 2], "style": 3, "bounding_box": [71, 254, 486, 649], "category_id": 12, "occlusion": 1, "category_name": "vest dress"}}