{"source": "shop", "pair_id": 2039, "item1": {"segmentation": [[327.59309982293087, 271.7774734395751, 333.6694887118198, 267.2635845506862, 338.18337760070875, 265.87469566179726, 339.5722664895976, 265.52747343957503, 339.3986553784865, 264.6594178840195, 337.31532204515315, 264.4858067729084, 329.15559982293087, 263.96497343957503, 326.3778220451531, 262.92330677290835, 323.25282204515304, 260.6663623284639, 318.3917109340419, 258.0621956617972, 316.13476648959744, 258.0621956617972, 312.48893315626407, 261.0135845506861, 310.57921093404184, 262.5760845506861, 306.238933156264, 266.0483067729084, 300.3361553784862, 272.6455289951307, 296.5167109340417, 275.94414010624183, 293.5653220451528, 278.02747343957515, 290.6139331562639, 280.2844178840196, 287.8361553784861, 281.6733067729085, 285.23198871181944, 282.8885845506863, 281.58615537848607, 283.40941788401966, 278.9819887118194, 283.7566401062419, 274.8153220451527, 283.40941788401966, 270.9958776007082, 282.7149734395752, 269.2597664895971, 281.8469178840196, 269.2597664895971, 280.63164010624183, 270.8222664895971, 276.98580677290846, 272.7319887118193, 271.95108455068623, 272.7319887118193, 268.9996956617973, 272.21115537848596, 266.91636232846395, 266.13476648959704, 269.34691788401955, 260.0583776007081, 271.7774734395751, 257.6278220451525, 272.9927512173529, 254.85004426737473, 275.2496956617974, 250.68337760070804, 281.49969566179743, 246.51671093404133, 291.56914010624195, 243.39171093404133, 302.85386232846423, 239.25478640991585, 312.0780765825586, 236.9978419654714, 315.72390991589197, 235.60895307658248, 320.06418769366974, 234.56728640991582, 334.8211321381143, 234.3936752988047, 341.2447432492255, 231.33161797255423, 366.9813800354138, 227.51217352810974, 380.34943559096945, 227.33856241699863, 382.25915781319173, 228.90106241699863, 386.2522133687473, 230.28995130588754, 389.37721336874733, 232.546895750332, 395.27999114652516, 233.41495130588757, 399.0994355909696, 233.06772908366534, 401.7036022576363, 232.02606241699866, 408.4744355909697, 227.85939575033197, 423.23138003541425, 225.65571049136787, 439.3412461266044, 224.09321049136787, 460.348190571049, 224.26682160247898, 477.53569057104914, 223.2251549358123, 485.3481905710492, 223.05154382470118, 486.563468348827, 219.75293271359004, 490.38291279327143, 217.6695993802567, 494.0287461266048, 216.80154382470113, 497.15374612660486, 216.2807104913678, 500.27874612660486, 215.5523738379813, 505.63025675077444, 213.29542939353684, 509.2760900841078, 212.9482071713146, 511.3594234174411, 212.7745960602035, 514.6580345285523, 213.64265161575906, 516.7413678618856, 214.5107071713146, 518.6510900841079, 216.24681828242575, 520.7344234174412, 216.42042939353686, 528.1997011952191, 214.85792939353684, 534.7969234174413, 212.60098494909238, 541.9149789729969, 212.08015161575904, 545.039978972997, 212.42737383798126, 548.3385900841081, 213.46904050464795, 550.4219234174415, 215.89959606020352, 551.8108123063304, 220.58709606020355, 551.9844234174415, 221.62876272687024, 551.6372011952193, 222.3232071713147, 547.1233123063303, 223.01765161575912, 547.8177567507747, 227.8787627268703, 549.727478972997, 236.5157425852147, 550.4890161575918, 242.59213147410364, 550.4890161575918, 244.8490759185481, 552.3987383798141, 245.71713147410367, 554.1348494909251, 246.58518702965924, 557.0862383798141, 245.54352036299255, 561.9473494909253, 244.15463147410367, 567.8501272687031, 243.80740925188144, 569.5862383798142, 243.98102036299255, 572.364016157592, 245.71713147410367, 574.4473494909254, 250.4046314741037, 576.3570717131475, 260.6476870296593, 579.1348494909254, 270.54352036299275, 580.8709606020365, 282.8062749003984, 584.5596779548473, 293.57016378928745, 586.1221779548473, 300.3409971226208, 586.1221779548473, 304.3340526781764, 584.7332890659584, 304.85488601150973, 582.9971779548473, 305.0284971226208, 582.1291223992918, 303.81321934484305, 577.6152335104028, 303.81321934484305, 577.0944001770695, 305.8965526781764, 578.1360668437361, 307.4590526781764, 581.7819001770695, 307.4590526781764, 583.3444001770695, 308.1534971226209, 583.6916223992918, 311.2784971226209, 584.0388446215139, 318.3965526781765, 580.5666223992916, 320.30627490039876, 578.3096779548472, 320.30627490039876, 576.9207890659584, 319.2646082337321, 571.3652335104027, 319.2646082337321, 570.1499557326249, 321.0007193448432, 569.1082890659583, 326.90349712262105, 569.1082890659583, 333.8479415670655, 568.7610668437361, 339.4034971226211, 566.8513446215138, 340.79238601151, 565.636066843736, 340.6187749003989, 564.4207890659583, 339.4034971226211, 560.948566843736, 340.6187749003989, 560.2541223992915, 344.9590526781767, 559.2124557326249, 347.9104415670656, 557.1291223992915, 349.12571934484345, 555.3930112881804, 349.29933045595453, 553.4832890659582, 347.5632193448434, 550.1846779548471, 342.87571934484333, 538.3791223992914, 338.01460823373225, 529.0041223992913, 334.3687749003989, 520.6707890659579, 335.9637837538734, 511.3601150951748, 335.09572819831783, 482.36705953961905, 334.2276726427623, 451.98511509517436, 336.80763058875607, 413.97119853917656, 337.5020750332005, 392.4434207613986, 337.32846392208944, 384.45730965028747, 337.19358676405494, 374.1146525011069, 338.92753623188435, 351.12560386473496, 340.7053140096622, 327.5700483091787, 334.4830917874398, 331.12560386473433, 327.8379537405932, 331.8697432492254, 324.8865648517043, 329.7864099158921, 323.6712870739265, 328.2239099158921, 322.4560092961487, 325.27252102700317, 321.9351759628154, 321.27946547144757, 322.2823981850376, 302.8766876936696, 323.6712870739265, 288.6405765825584, 324.01850929614875, 281.3489099158917, 324.53934262948206, 276.83502102700277]], "scale": 2, "viewpoint": 2, "zoom_in": 1, "landmarks": [281, 266, 1, 269, 266, 1, 269, 282, 1, 279, 284, 1, 298, 275, 2, 316, 260, 2, 249, 275, 2, 237, 316, 1, 235, 341, 1, 227, 382, 1, 228, 438, 2, 206, 518, 2, 243, 576, 2, 350, 556, 2, 334, 439, 2, 337, 385, 1, 332, 354, 1, 327, 328, 2, 335, 266, 2], "style": 1, "bounding_box": [187, 249, 362, 590], "category_id": 12, "occlusion": 2, "category_name": "vest dress"}}