{"source": "shop", "pair_id": 2038, "item1": {"segmentation": [[315.8827266483447, 224.27256181315553, 340.88272664836245, 270.7569368131885, 342.0546016483633, 288.7256868132012, 336.19522664835915, 294.97568681320564, 344.78897664836524, 303.1788118132115, 340.88272664836245, 321.9288118132248, 334.632726648358, 338.7256868132367, 332.67960164835665, 353.1788118132469, 332.28897664835637, 360.2100618132519, 340.49210164836217, 357.86631181325026, 348.30460164836774, 345.3663118132414, 349.8671016483688, 338.3350618132364, 354.1639766483719, 328.56943681322946, 364.32022664837905, 318.022561813222, 369.7889766483829, 319.5850618132231, 372.9139766483852, 313.33506181321866, 372.1327266483846, 308.64756181321536, 379.94522664839013, 303.1788118132115, 392.0546016483987, 305.52256181321314, 399.476476648404, 299.2725618132087, 399.0858516484037, 289.5069368132018, 410.2860233515971, 305.66497252746257, 416.9266483516018, 311.5243475274667, 421.22352335160485, 324.0243475274756, 427.4735233516093, 326.7587225274775, 433.7235233516137, 344.72747252749025, 437.6297733516165, 365.8212225275052, 436.84852335161594, 388.8680975275215, 429.0360233516104, 402.53997252753123, 415.11923076922636, 415.0366758241637, 408.08798076922136, 418.1616758241659, 409.6504807692225, 427.53667582417256, 413.166105769225, 458.3960508241944, 381.13485576920226, 456.442925824193, 370.5879807691948, 459.56792582419524, 363.5567307691898, 466.98980082420053, 346.43293269230355, 488.5960851648402, 329.2454326922914, 511.2523351648562, 314.26153243191897, 526.0189240114553, 313.7128355869254, 560.0381284010587, 307.6771702919957, 617.1026002803933, 284.0832059572708, 726.2932724341202, 274.32565459231296, 753.5682991904938, 253.47517448255607, 808.9866805348477, 219.0641161307745, 876.0815658963913, 203.70060447095364, 897.0, 99.78291804218237, 897.0, 97.03943381721436, 885.0566423973781, 88.80898114231032, 887.2514297773525, 84.4194063823615, 873.5340086525124, 78.93243793242547, 858.1704969926916, 77.83504424243827, 839.514804262909, 82.22461900238709, 829.0895642080307, 94.19378043082531, 812.8023244245438, 86.51202460091488, 811.156233889563, 76.63548139103003, 823.7762613244159, 69.5024224061132, 823.2275644794223, 74.98939085604923, 808.412749664595, 81.57375299597246, 799.6336001446974, 73.89199716606203, 790.8544506247997, 66.75893818114518, 775.4909389649789, 66.75893818114518, 773.8448484299981, 64.01545395617717, 763.9683052201133, 56.1503881578071, 747.1407799333858, 47.91993548290306, 739.4590241034755, 38.59208911801182, 733.4233588085458, 35.2999080480502, 724.6442092886482, 19.93639638822933, 716.9624534587377, 12.803337403312497, 713.1215755437826, 21.033790078216537, 699.952851263936, 37.70744509261967, 676.417766321482, 55.81444097740855, 650.6290146067827, 70.62925579223582, 622.6454755121089, 90.38234221200551, 596.308026952416, 104.25783928004628, 572.2705075446097, 133.33877206470723, 542.6408779149551, 145.4101026545665, 517.4008230452495, 167.35797645431057, 478.9920438956973, 177.23451966419543, 457.5928669409468, 168.45537014429777, 419.7327846363882, 167.35797645431057, 403.8205761315737, 170.15736746105827, 370.3866865644671, 175.09563906600067, 344.5979348497678, 173.44954853101987, 333.0753011049021, 166.86518639109664, 336.91617901985734, 153.14776526625658, 340.20836008981894, 141.07643467639733, 340.20836008981894, 132.2972851564997, 340.75705693481257, 122.42074194661484, 346.7927222297422, 111.44680504674278, 355.0231749046462, 108.70332082177477, 358.3153559746078, 115.287682961698, 370.9353834094607, 103.78905018170596, 362.22352462358685, 78.00029846700664, 353.9930719486828, 49.46806252733931, 343.5678318938044, 19.838432897684775, 330.9478044589515, 5.57231492785111, 322.7173517840475, 2.9604395604395606, 321.70109890109893, 8.33682750720157, 313.04094122612827, 22.05424863204163, 297.1287327213138, 34.12557922190089, 282.31391790648655, 50.037787726715365, 273.5347683865889, 67.59608676651064, 263.10952833171046, 81.11881397064691, 258.3323052804599, 107.45626253033983, 246.26097469060062, 126.66065210511593, 240.225309395671, 146.96243536987922, 235.2870377907286, 169.45900601461693, 226.50788827083093, 185.3712145194314, 220.4722229759013, 195.79645457430985, 215.53395137095887, 200.73472617925228, 205.10871131608044, 217.74432837405396, 198.52434917615722, 234.20523372386202, 198.52434917615722, 250.21663877960637, 204.94222403112678, 278.7488747192737, 215.3674640860052, 292.46629584411374, 218.11094831097324]], "scale": 3, "viewpoint": 3, "zoom_in": 2, "landmarks": [353, 283, 1, 316, 224, 1, 341, 288, 2, 333, 363, 2, 369, 319, 2, 402, 294, 2, 222, 202, 2, 117, 248, 2, 7, 324, 2, 110, 368, 2, 142, 341, 2, 180, 329, 2, 175, 346, 2, 171, 402, 2, 175, 460, 1, 91, 594, 2, 12, 714, 2, 79, 798, 2, 0, 0, 0, 273, 754, 2, 314, 525, 2, 363, 466, 2, 388, 416, 2, 399, 405, 2, 386, 425, 1, 382, 456, 1, 412, 461, 1, 410, 427, 1, 437, 367, 2], "style": 1, "bounding_box": [6, 199, 441, 897], "category_id": 10, "occlusion": 2, "category_name": "short sleeve dress"}}