{"source": "shop", "pair_id": 2046, "item1": {"segmentation": [[399.4281509219322, 478.7773617101957, 405.65652462435423, 489.8500260700572, 408.42469071431964, 495.3863582499879, 412.57693984926766, 506.1130018486037, 414.6530644167417, 514.7635208797454, 417.0752097454614, 526.8742475233439, 421.2274588804094, 539.6770156894338, 427.8018533440772, 549.7116177655582, 434.72226856899056, 555.2479499454889, 443.718808361378, 560.0922406029283, 453.4073896762568, 563.2064274541394, 458.59770109494184, 557.6700952742086, 463.4419917523812, 550.7496800492952, 467.94026164857496, 543.4832440631361, 472.4385315447687, 534.8327250319944, 477.9748637246994, 522.0299568659045, 479.01292600843647, 512.6873963122714, 480.05098829217343, 504.728918803621, 481.43507133715616, 491.5801298762855, 481.43507133715616, 484.6597146513721, 481.43507133715616, 480.1614447551784, 482.8191543821388, 473.9330710527563, 483.1651751433845, 469.4348011565626, 484.2032374271215, 460.43826136417516, 490.43161112954357, 461.1303028866665, 497.69804711570265, 461.1303028866665, 504.27244157937037, 461.1303028866665, 511.1928568042838, 462.5143859316492, 519.8433758354256, 467.01265582784293, 525.3797080153563, 469.7808219178083, 531.2620609565327, 477.73929942645873, 535.0682893302351, 484.6597146513721, 535.4143100914807, 492.61819216002255, 538.1824761814461, 513.3794378347628, 542.1319991594704, 537.09150664919, 545.7949329288508, 565.2825520216134, 550.1290562639238, 587.1519457742803, 552.6506258943132, 604.5860281977649, 554.1115462741525, 611.0140778690578, 557.6177551857668, 618.0264956922863, 552.8972223538891, 618.985855808882, 548.0529316964497, 621.061980376356, 547.3608901739583, 618.6398350476363, 540.440474949045, 620.023918092619, 531.7899559179032, 622.1000426600931, 523.4854576480071, 622.4460634213387, 524.1774991704984, 632.1346447362175, 526.9456652604638, 649.435682798501, 529.3678105891835, 664.314575532065, 532.3311703085743, 684.0257714366975, 535.7913779210311, 697.8666018865242, 538.2135232497508, 707.2091624401573, 540.9816893397161, 718.6278475612645, 542.3657723846987, 733.852761056074, 545.1339384746642, 756.6901312982883, 547.5388965047975, 775.8029128350854, 546.3701602009261, 787.7824599497675, 545.7759828692077, 799.4736644085773, 545.4837987932399, 814.9594204348737, 545.191614717272, 823.1405745619737, 544.8994306413042, 828.692072005363, 538.1791968940435, 831.3217286890737, 530.5824109188792, 832.782649068913, 522.1090727158114, 834.827937600688, 512.75918228484, 835.7044898285915, 497.5656103345114, 835.7044898285915, 481.4954861562793, 835.7044898285915, 468.0550186617579, 835.4123057526236, 458.98280416662385, 835.304816034101, 451.0938341154917, 834.4282638061975, 445.25015259613457, 833.259527502326, 439.6986551527453, 831.5064230465189, 434.147157709356, 831.5064230465189, 428.011292114031, 835.8891841860368, 419.2457698349953, 840.5641294015225, 408.14277494821675, 842.3172338573296, 395.57885968159894, 840.5641294015225, 386.22896925062753, 839.1032090216831, 378.3399991994954, 836.4735523379725, 371.32758137626683, 833.5517115782939, 362.854243173199, 829.4611345147439, 366.6526361607811, 816.3128510961903, 370.1588450723954, 801.9958313737653, 373.3728699080418, 785.0491549676296, 378.0478151235275, 771.9008715490761, 382.13839218707756, 759.921324434394, 383.01494441498113, 755.5385632948762, 383.30712849094897, 752.3245384592298, 384.7680488707882, 747.0652250918083, 387.1055214785311, 742.9746480282583, 387.39770555449894, 740.0528072685797, 388.85862593433825, 731.579469065512, 388.2742577824025, 723.1061308624442, 386.81333740256326, 713.4640563555048, 386.52115332659537, 703.2376136966299, 386.52115332659537, 703.2376136966299, 388.2742577824025, 691.5502506579156, 390.79642474759055, 681.4910103365117, 392.2573451274298, 676.2316969690903, 394.8870018111405, 670.680199525701, 397.2244744188834, 666.8818065381189, 401.8994196343691, 660.453756866826, 403.9447081661441, 656.9475479552117, 405.9899966979191, 651.6882345877904, 407.4509170777584, 647.8898416002082, 404.82126039404767, 645.2601849164975, 396.9322903429155, 643.2148963847225, 387.874583987912, 643.2148963847225, 379.9856139367798, 642.6305282327868, 379.9856139367798, 646.4289212203689, 375.0184846453263, 644.9680008405296, 371.22009165774415, 643.2148963847225, 367.1295145941942, 641.4617919289153, 368.2982508980656, 637.955583017301, 369.17480312596916, 632.6962696498797, 369.17480312596916, 624.5151155227796, 368.5904349740334, 613.7043047119689, 367.71388274612985, 602.3091257492225, 367.71388274612985, 590.0373945585726, 366.0985530884457, 573.2579204899081, 364.6376327086065, 564.2002141349045, 362.8845282527993, 554.8503237039331, 361.1314237969922, 541.7020402853796, 360.54705564505645, 528.845940942794, 358.2095830373136, 516.2820256761761, 357.6252148853779, 511.02271230875465, 359.0861352652172, 504.5946626374618, 360.83923972102434, 499.0431651940725, 363.7610804807029, 493.1994836747154, 367.8516575442529, 489.6932747631011, 373.1109709116743, 485.60269769955113, 376.90936389925645, 483.26522509180825, 383.62959764651714, 481.21993656003326, 392.3951199255528, 480.05120025616185]], "scale": 1, "viewpoint": 2, "zoom_in": 1, "landmarks": [447, 482, 1, 398, 482, 2, 421, 530, 2, 453, 562, 2, 484, 511, 2, 485, 460, 2, 369, 491, 2, 363, 574, 2, 366, 641, 2, 411, 648, 2, 399, 606, 2, 391, 537, 2, 394, 559, 2, 405, 625, 2, 395, 668, 1, 385, 755, 2, 365, 835, 2, 468, 837, 2, 545, 828, 1, 543, 747, 1, 529, 655, 2, 517, 601, 2, 511, 553, 2, 517, 520, 2, 516, 580, 2, 526, 625, 2, 562, 617, 2, 546, 535, 2, 529, 478, 2], "style": 1, "bounding_box": [333, 449, 578, 863], "category_id": 10, "occlusion": 1, "category_name": "short sleeve dress"}}