{"source": "shop", "pair_id": 2046, "item1": {"segmentation": [[363.1025440313112, 187.57883701425808, 365.6535644394744, 206.456388034666, 368.7147889292703, 224.82373497344125, 373.81682974559675, 237.06863293262475, 380.9596868884538, 248.8033268101756, 390.65356443947405, 255.94618395303266, 397.7964215823311, 257.98700027956323, 405.95968688845346, 259.00740844282853, 411.0617277047799, 249.8237349734409, 415.6535644394737, 237.5788370142574, 419.22499301090227, 226.3543472183392, 420.2454011741675, 219.21149007548215, 420.75560525580016, 214.61965334078832, 420.75560525580016, 202.3747553816048, 418.20458484763697, 193.19108191221721, 416.16376852110636, 185.5380206877275, 420.5182275649991, 183.79013139502376, 423.13047246295827, 182.1574783337993, 426.0692479731623, 182.1574783337993, 429.00802348336634, 181.8309477215544, 431.6202683813255, 182.48400894604418, 433.9059826670398, 182.48400894604418, 435.8651663405091, 181.50441710930951, 439.1304724629581, 181.1778864970646, 442.06924797316213, 181.50441710930951, 445.9876153201009, 179.54523343584015, 449.5794520547947, 177.58604976237078, 454.1508806262232, 176.932988537881, 459.0488398098966, 176.932988537881, 466.5590438915292, 175.95339670114632, 469.17128878948836, 173.99421302767695, 472.76312552418216, 173.01462119094225, 475.04883980989644, 173.34115180318716, 478.6406765445903, 172.36155996645246, 482.2325132792841, 169.0962538440035, 488.1100642996922, 166.81053955828926, 495.94679899356964, 163.87176404808523, 500.5182275649982, 164.8513558848199, 501.49781940173284, 166.48400894604438, 501.8243500139778, 169.0962538440035, 501.8243500139778, 173.34115180318716, 502.8039418507124, 174.97380486441162, 507.375370422141, 176.2799273133912, 510.314145932345, 177.58604976237078, 511.2937377690797, 177.58604976237078, 516.8447581772429, 171.3819681297178, 517.4978194017327, 174.97380486441162, 516.8447581772429, 178.89217221135036, 513.2529214425491, 181.8309477215544, 510.314145932345, 183.46360078277888, 506.0692479731614, 185.42278445624825, 502.47741123846754, 185.42278445624825, 500.8447581772431, 191.30033547665633, 496.92639083030434, 196.85135588481953, 492.0284316466309, 201.42278445624805, 484.1916969527535, 211.21870282359487, 477.9876153201005, 216.44319261951318, 475.04883980989644, 222.97380486441108, 473.416186748672, 232.443192619513, 472.76312552418216, 240.93298853788025, 472.76312552418216, 253.34115180318622, 472.4365949119373, 266.402376292982, 470.47741123846794, 275.2187028235941, 470.8039418507128, 285.99421302767564, 470.05314509365394, 298.8022365110428, 470.7062063181437, 323.61856304165474, 472.66538999161304, 333.41448140900155, 472.66538999161304, 342.2308079396137, 472.66538999161304, 352.02672630696054, 475.60416550181714, 365.7410120212461, 478.2164103997763, 373.25121610287863, 478.86947162426605, 378.8022365110419, 480.8286552977354, 388.2716242661438, 483.1476935979872, 397.22571987699314, 485.4334078837015, 404.7359239586257, 487.06606094492594, 417.14408722393165, 488.04565278166064, 432.1644953871968, 490.6578976796198, 443.5930668157681, 486.08646910819124, 446.53184232597215, 482.49463237349744, 447.51143416270685, 477.9232038020689, 448.4910259994415, 470.7395303326812, 451.10327089740065, 465.18850992451803, 453.3889851831149, 457.67830584288544, 455.0216382443394, 453.7599384959467, 458.9400055912781, 444.9436119653346, 464.4910259994413, 431.8823874755388, 470.69510763209433, 418.4946323734981, 477.878781101482, 400.8619793122739, 487.6746994688288, 384.20891808778424, 497.14408722393074, 371.7140900195692, 501.944310875035, 363.5508247134468, 504.2300251607493, 356.36715124405913, 504.55655577299416, 356.04062063181425, 489.8626782219739, 354.73449818283467, 473.8626782219741, 353.1018451216102, 454.9239027117702, 352.1222532848755, 429.12798434442357, 351.79572267263063, 407.25043332401566, 351.46919206038575, 389.9443108750363, 350.73838412077146, 381.5633212188982, 351.06491473301634, 373.07352530053095, 351.3914453452613, 367.52250489236775, 353.3506290187306, 354.1347497903271, 356.28940452893465, 341.4000559127762, 350.0853228962817, 341.4000559127762, 341.92205759015934, 339.4408722393068, 335.06491473301656, 338.13474979032725, 328.86083310036355, 335.52250489236815, 325.2689963656697, 334.86944366787833, 321.0240984064861, 334.86944366787833, 322.33022085546565, 315.2776069331847, 324.61593514117993, 280.99189264747076, 324.9424657534248, 258.787811014818, 322.9832820799555, 237.88985183114477, 322.2524741403412, 226.6567235113223, 324.53818842605546, 218.16692759295503, 327.4769639362595, 211.30978473581226, 331.7218618954431, 206.41182555213885, 337.2728823036063, 201.84039698071032, 345.1096169974838, 197.2689684092818, 354.25247414034084, 194.65672351132267, 359.80349454850403, 191.7179480011186]], "scale": 2, "viewpoint": 3, "zoom_in": 1, "landmarks": [397, 204, 1, 363, 187, 1, 372, 229, 2, 405, 257, 2, 421, 219, 2, 417, 187, 2, 330, 211, 2, 324, 270, 2, 321, 331, 2, 356, 344, 2, 350, 287, 1, 350, 236, 1, 351, 250, 2, 354, 308, 2, 352, 371, 2, 354, 441, 2, 358, 505, 2, 491, 443, 2, 485, 404, 2, 474, 358, 2, 471, 329, 2, 471, 295, 2, 473, 242, 2, 474, 213, 2, 495, 201, 2, 515, 179, 2, 496, 164, 1, 484, 172, 2, 467, 176, 2], "style": 1, "bounding_box": [301, 158, 525, 507], "category_id": 10, "occlusion": 1, "category_name": "short sleeve dress"}}