{"source": "shop", "pair_id": 2045, "item1": {"segmentation": [[199.51601978690962, 175.9943873668188, 197.18127694352378, 174.62421428913294, 194.3863293487911, 173.011744522941, 192.55886361377358, 172.47425460087703, 191.806377722884, 173.22674049176658, 190.94639384758165, 174.62421428913294, 187.1839643931338, 177.741655837104, 182.66904904779642, 182.2565711824414, 180.41159137512773, 184.8365228083485, 173.42422238829602, 189.2439401692731, 167.2968372767667, 192.46887970165696, 160.0944723211094, 195.80131721845362, 155.68705496018478, 197.62878295347113, 152.35461744338812, 199.02625675083746, 144.91250179470157, 201.91601535895848, 136.31266304167795, 204.71096295369114, 126.42284847570077, 208.3658944237262, 121.80043514595057, 210.5158541119821, 118.57549561356672, 212.23582186258682, 113.20059639292694, 215.67575736379627, 108.47068507876395, 219.33068883383132, 104.75838429056874, 222.78712748450988, 102.39342863348725, 225.25958112600415, 100.9959548361209, 228.16202670514963, 99.49098305434177, 230.95697429988232, 97.44852135049867, 233.5369259257894, 95.62105561548114, 235.04189770756855, 93.04110398957405, 238.80432716201636, 90.67614833249256, 241.49177677233627, 88.74118461306223, 244.28672436706893, 86.48372694039354, 247.29666793062722, 84.33376725213763, 249.6616235877087, 79.22399266657608, 255.7038518883931, 76.75153902508178, 258.49879948312577, 74.2790853835875, 262.2612289375736, 73.09660755504675, 264.6261845946551, 71.69913375768041, 266.66864629849823, 69.6566720538373, 268.38861404910296, 67.82920631881977, 270.7535697061844, 65.35675267732549, 273.5485173009171, 63.63678492672076, 276.1284689268242, 60.23530204356651, 281.1249075038742, 53.5704270099732, 289.07975835042106, 49.59300158669977, 294.23966160223523, 47.33554391403107, 297.03460919696795, 45.50807817901355, 298.96957291639825, 44.64809430371119, 301.4420265578925, 41.74564872456571, 304.88196205910197, 40.27329153674305, 306.48516932773236, 38.44582580172553, 309.6026108757034, 38.39656464041135, 310.7994970034245, 38.591877140411356, 311.6784032534245, 37.22468964041132, 313.43621575342456, 33.025470890411206, 318.51434075342473, 32.7325021404112, 320.17449700342473, 33.123127140411206, 321.7369970034248, 35.27156464041126, 323.49480950342485, 38.98250214041137, 326.6198095034249, 43.37703339041148, 329.842465753425, 47.673908390411604, 333.74871575342513, 52.45906464041174, 337.16668450342524, 56.07234589041183, 340.5846532534253, 59.392658390411924, 344.1002782534254, 67.33813142123275, 350.51171875, 72.80688142123289, 355.2968750000001, 77.59203767123303, 359.7890625000002, 80.5217251712331, 362.62109375000034, 86.08813142123326, 367.50390625000045, 89.57217379669657, 371.1161924025923, 92.44491151574292, 373.87402061287673, 95.94259968110735, 377.5768880636047, 96.6824596361873, 378.5809837169275, 98.05648526705006, 379.2679965323589, 98.79634522213, 379.2151493927103, 99.9589822943985, 378.47528943763035, 102.33710357858405, 376.09716815344484, 105.45508481784954, 372.45071551769365, 107.35758184519797, 371.2880784454252, 108.4448400740585, 371.7559189701324, 109.81886570492127, 371.438836132241, 111.87990415121541, 370.3818933392697, 113.6767068992667, 368.7436320101641, 115.20927394907517, 365.6256507708986, 116.7946881385322, 365.36141507265575, 116.90038241782933, 366.4712050052757, 117.00607669712647, 370.223351920324, 116.91794351429081, 376.88107559614394, 116.12782005750067, 382.80700152207, 115.04140030441422, 386.6094706578725, 114.10312869947593, 391.300828682564, 113.95498055132778, 394.85638423811963, 113.92802362199279, 402.3237224970366, 113.79309361693292, 409.94726778291977, 113.79309361693292, 417.6382780713328, 113.92802362199279, 423.23787328131783, 113.92802362199279, 427.55563344323394, 113.9472978187085, 437.5682896004544, 114.01476282123845, 442.96548980284956, 114.01476282123845, 453.55749520005, 114.41955283641809, 458.1451153720859, 114.6095866027498, 462.3117825775264, 114.6095866027498, 465.8717683375835, 114.97533645859568, 477.97446449654205, 114.90787145606573, 482.0223646483384, 114.90787145606573, 489.0387249114521, 115.04280146112562, 495.58283015685623, 114.97533645859568, 501.8570753921406, 115.11026646365556, 507.0518805869459, 115.11026646365556, 516.9114027406499, 115.04280146112562, 521.4990229126857, 114.97533645859568, 528.2455231656797, 114.90787145606573, 533.8451183756647, 114.8131252748683, 536.8363526786419, 114.1486226280391, 550.6524655916933, 114.08115762550918, 556.1171307966184, 113.85748859179145, 566.1539255431929, 113.34475024857721, 570.7685706321212, 112.70382731955941, 574.8704773778351, 112.25518126924695, 579.8696762241739, 111.87062751183628, 582.753829404754, 111.10177943910465, 589.9365767252789, 110.46085651008684, 593.9102988851893, 110.71722568169398, 597.499467287689, 110.78131797459575, 600.2554358824655, 111.1007416707457, 601.091230111086, 111.93394147846884, 602.244891383318, 114.43354090163827, 603.2062757768447, 118.21498618284329, 603.5908295342554, 121.61187770663764, 604.0394755845679, 125.77787674525335, 604.5522139277821, 128.790214511637, 604.9367676851928, 132.51327522591447, 605.4500249125866, 138.15339700127112, 605.5782094983902, 143.47305731211887, 606.1550401345062, 148.08770240104704, 606.9882399422293, 151.03594787452892, 607.2446091138364, 164.3785602500476, 607.2466846505542, 174.50514252852886, 607.1825923576524, 182.64486372705494, 607.5671461150631, 188.02861633080445, 608.464438215688, 193.0278151771433, 609.4258226092147, 200.6003050968736, 611.2211851367339, 207.90682648767654, 611.7339234799481, 212.97011762691716, 612.5671232876713, 217.70317788673077, 613.1408629648333, 222.22160832668368, 613.3786750932519, 226.62177601499633, 613.0798616308855, 229.63411378138, 610.900723672225, 230.9159596394156, 609.747062399993, 233.48691573399944, 607.8222180762216, 235.79423827846352, 605.96354158207, 238.1015608229276, 604.3612342595255, 240.08842190288277, 603.0152961085881, 242.07528298283796, 602.0539117150614, 249.3818043736409, 601.9898194221596, 253.2997363875211, 602.3100214445789, 256.1838895681012, 603.2714058381055, 259.7730579706009, 603.9764210600251, 265.2209028672522, 605.2582669180607, 269.25871732006436, 605.9632821399803, 272.27105508644803, 607.0528511193105, 275.2193005599299, 608.0142355128372, 278.93665354823315, 609.3601736637746, 283.2949294655542, 610.2574657643995, 286.49954411064317, 611.4111270366316, 288.5577618620128, 611.6036633574266, 293.23649924384273, 611.795940236132, 299.1329901908065, 611.7318479432303, 304.83720425906495, 611.2191096000159, 309.8364031054038, 611.1550173071142, 313.1167849374327, 610.8355936109642, 318.7569067127894, 610.3869475606517, 323.88429014493175, 610.8996859038659, 328.8834889912706, 611.5406088328838, 333.56222637310054, 612.1174394689998, 337.79231770461803, 612.8865469838212, 340.1637325419839, 613.8479313773479, 341.2533015213142, 614.4888543063656, 342.7274242580551, 615.0656849424817, 344.0733624089925, 615.0656849424817, 344.7783776309121, 614.8734080637763, 346.18840807475124, 613.7838390844461, 347.02160788247437, 612.2456240548033, 347.79071539729574, 609.9383015103393, 347.9829922760011, 607.4387020871699, 347.75527115493094, 602.6336098339424, 347.44769714493475, 596.328342629021, 347.29391013993666, 590.3306494340957, 346.5755562530593, 569.3567240936537, 346.1936810394315, 554.2087226725237, 345.852452809505, 545.5681082061078, 345.4831083958392, 536.4576126690191, 345.6062232003945, 530.7943316594775, 345.22992623814554, 518.8491529545253, 345.1906262102251, 512.3563967469142, 344.6646564534861, 502.88894112561195, 344.2687038988408, 483.85941476858073, 344.2687038988408, 474.5398881413615, 343.8523253847448, 456.88411973617315, 343.2597327921522, 443.2544901065429, 343.3068493150685, 435.85171435519004, 343.01099132690285, 427.41976169246783, 342.6306533166287, 422.94647766767844, 342.62035225048896, 406.6314229801429, 342.1101481688563, 394.89672910259105, 341.8244048913326, 