{"source": "shop", "pair_id": 2045, "item1": {"segmentation": [[288.4983257229866, 171.88158295281633, 286.72054794520864, 170.10380517503836, 283.83165905631944, 166.77047184170465, 278.7391171993914, 166.92785388127868, 275.2946727549468, 167.59452054794536, 273.62800608828013, 167.59452054794536, 245.88980213089812, 168.4292237442921, 233.0009132420089, 168.20700152206987, 225.0009132420087, 168.20700152206987, 200.73089802130912, 166.24535768645345, 195.7162861491646, 164.46757990867496, 193.82739726027552, 163.578691019786, 191.04961948249743, 164.35646879756385, 189.60517503805283, 165.46757990867508, 187.27184170471924, 168.35646879756428, 186.17534246575318, 170.24535768645353, 183.06423135464198, 172.91202435312027, 180.84200913241972, 175.3564687975648, 179.64742943604068, 177.1341096258554, 178.8949435451511, 178.9615753608729, 171.90757455831942, 182.18651489325674, 168.79013301034837, 183.58398869062307, 164.0602216961854, 185.5189524100534, 159.22281239760963, 187.5614141138965, 156.10537084963858, 188.85138992685003, 154.20022152362594, 189.82590197579552, 151.46538204681255, 190.89605655367902, 141.5266887104395, 196.3150391738471, 134.15451272946427, 199.88222110012546, 124.2853094000942, 205.11408792533368, 120.36140928118805, 207.01658495268214, 116.19969703386332, 209.51361230107696, 111.7202873291748, 211.95538579316823, 105.06154773345524, 215.16584952681873, 101.37545974296764, 217.42506474679502, 98.16499600931712, 220.2788102878177, 94.5978140830388, 224.5594285993517, 92.57641099148107, 228.12661052563, 89.72266545045841, 232.64504096558258, 86.98782597364502, 236.45003502027947, 84.60970468945946, 240.6117472676042, 81.33558874790324, 244.15486130340557, 78.60074927108987, 247.95985535810246, 76.81715830795069, 251.5270372843808, 74.0823188311373, 255.3320313390777, 70.75294903327753, 259.9693678432395, 68.85045200592909, 263.4176437053086, 66.47233072174353, 267.22263776000545, 64.09420943755796, 270.6709136220745, 61.597182089163134, 274.83262586939924, 59.813591126023965, 278.161995667259, 57.811698402098266, 282.44973205414277, 56.26591956737765, 285.3034775951655, 53.8877982831921, 288.63284739302526, 49.96389816428593, 291.84331112667576, 47.82358900851893, 294.934868796117, 45.68327985275193, 298.73986285081384, 42.35391005489215, 303.3771993549757, 40.57031909175298, 305.87422670337054, 38.89979639372578, 309.4218982620168, 37.47292362321445, 312.513455931458, 36.28386298112167, 314.41595295880643, 34.14355382535467, 316.5562621145734, 33.19230531168045, 318.22094701350335, 33.19230531168045, 319.5289137198054, 34.02464776114539, 320.5990682976889, 36.04605085270311, 322.1448471324095, 39.018702457935056, 324.1662502239672, 43.46575342465808, 326.8675799086774, 46.46575342465841, 329.64535768645544, 49.799086757992114, 331.2009132420112, 53.22970283826076, 333.928986419909, 56.042033827985044, 335.65965164435465, 58.54916286149162, 337.80030441400044, 60.99360730593633, 339.57808219177844, 64.22678807030195, 342.2399719837775, 67.79396999658029, 344.97481146059084, 71.36115192285862, 348.06636913003206, 73.85817927125345, 349.9688661573805, 76.81001652133352, 352.3173044296446, 79.20895216067096, 354.48729659733306, 82.21834534772637, 356.8603006438146, 87.21582952816142, 361.1336377473363, 90.77138508371738, 363.9114155251144, 92.88249619482872, 366.6891933028925, 94.52504682944328, 368.44344795009226, 95.95191959995462, 370.46485104165, 97.49769843467523, 371.0593813626964, 99.04347726939584, 371.1782874269056, 100.58925610411646, 369.9892267848129, 102.49175313146489, 367.9678236932551, 107.12908963562673, 362.7359568680469, 110.81517762611435, 358.4553385565129, 113.7878292313463, 354.4125323733975, 117.71172935025245, 349.29957161239855, 118.30625967129885, 348.58613522714285, 118.78188392813595, 348.8239473555614, 118.42516573550813, 350.1319140618635, 117.71172935025245, 354.4125323733975, 117.83063541446174, 357.3851839786294, 117.83063541446174, 359.88221132702427, 117.59282328604317, 362.7359568680469, 116.99829296499679, 366.0653266659067, 116.04704445132256, 369.51360252797576, 115.45251413027617, 381.52311501311283, 115.57142019448546, 385.3281090678097, 116.14188262505492, 392.858775430423, 116.26078868926419, 401.06329386086315, 116.49860081768276, 411.64593357548887, 116.73641294610131, 420.0882641343476, 116.85531901031058, 429.48184320688057, 117.1392699493429, 438.80649585457525, 116.78255175671508, 447.8433567344804, 116.78255175671508, 456.99912367859474, 116.18802143566869, 467.46285732901123, 115.5934911146223, 474.0026908605215, 114.88005472936663, 481.6126789699153, 114.16661834411096, 489.9361034645647, 112.62083950939035, 514.4196406756461, 112.50193344518107, 520.4838499503192, 111.43177886729757, 532.9689866922934, 110.36162428941407, 539.8655384164315, 109.52928183994914, 547.7133386542438, 108.69693939048419, 553.8964539931263, 107.86459694101924, 561.8631602951478, 107.62678481260069, 569.5920544687509, 107.38897268418212, 573.6348606518663, 107.3058101086444, 582.7769550274461, 107.18690404443512, 589.4356946231657, 107.3058101086444, 594.7864675125832, 107.90034042969079, 600.1372404020007, 109.32721320020212, 602.5153616861862, 111.11080416334129, 603.704422328279, 112.18095874122479, 604.1800465851161, 114.994403270731, 604.8382291140682, 121.89095499486912, 604.719323049859, 131.6412522600299, 605.194947306696, 137.82436759891235, 606.1461958203703, 144.60201325884117, 607.0974443340446, 148.52591337774734, 607.6919746550909, 150.9040346619329, 607.6919746550909, 155.1846529734669, 606.5029140129981, 159.82198947762873, 605.5516654993239, 164.8160441744184, 605.5516654993239, 169.69503363575603, 605.2202954734254, 176.8293974883127, 603.7934227029141, 184.67719772612503, 603.1988923818676, 192.04937370710024, 602.8421741892398, 198.11358298177342, 603.0799863176584, 203.22654374277238, 602.8421741892398, 209.64747121007338, 601.6531135471471, 216.18730474158366, 600.820771097682, 222.72713827309394, 598.7993680061244, 227.7211929698836, 597.3724952356131, 232.0018112814176, 596.1834345935202, 234.85555682244026, 594.756561823009, 239.17575945140305, 595.2783248904598, 243.81309595556488, 596.1106673399247, 250.82855374391227, 597.1808219178082, 254.87135992702773, 598.1320704314825, 258.2007297248875, 599.677849266203, 261.76791165116583, 601.4614402293422, 265.2161875132349, 602.7694069356443, 267.59430879742047, 603.3639372566906, 272.5883634942101, 604.3151857703649, 277.9391363836276, 605.1475282198298, 281.2685061814874, 606.9311191829689, 285.07350023618426, 608.7147101461081, 291.3065952144377, 610.4476047757887, 297.0140862964831, 612.1122896747186, 301.1757985438078, 613.0635381883928, 309.6181291026665, 613.0635381883928, 317.8226475331067, 613.0635381883928, 324.60029319303555, 612.9446321241835, 333.51824800873135, 612.7068199957649, 340.7715179254973, 612.3501018031371, 347.6680696496354, 612.4690078673464, 352.78103041063434, 613.0635381883928, 357.51448536478097, 613.280559672927, 358.82245207108303, 612.8049354160898, 360.0115127131758, 611.2591565813692, 360.6060430342222, 609.2377534898116, 361.2005733552686, 604.8382291140682, 361.2005733552686, 599.0118319678136, 361.5572915478964, 593.8988712068146, 360.84385516264075, 587.8346619321414, 360.1304187773851, 582.3649829785147, 359.5358884563387, 576.4196797680509, 358.82245207108303, 571.4256250712612, 358.58463994266447, 566.4315703744714, 359.21035622953747, 550.2980861010213, 360.0426986790024, 538.169667551675, 361.1128532568859, 531.5109279559555, 361.1128532568859, 520.4526639844926, 360.8750411284674, 512.2481455540524, 360.1616047432117, 505.70831202254215, 360.1616047432117, 503.3301907383566, 357.9693189777336, 489.96728943039136, 357.2558825924779, 481.2871467431141, 355.8290098219666, 468.8020100011399, 355.3533855651295, 465.94826446011723, 354.7588552440831, 459.1706188001884, 353.8076067304089, 454.05765803918945, 352.9752642809439, 449.18250940660903, 352.142921831479, 443.35611226035445, 