{"source": "shop", "pair_id": 2046, "item1": {"segmentation": [[216.997595750629, 237.33379927313445, 214.9567794240984, 252.12971764048118, 214.9567794240984, 266.41543192619525, 216.48739166899634, 288.8644115180317, 217.50779983226164, 306.7215543751743, 223.6302488118534, 319.98686049762307, 230.2629018730778, 328.1501258037454, 248.1200447302204, 336.82359519150043, 253.22208554654685, 332.7419625384392, 261.3853508526692, 324.0684931506843, 268.52820799552626, 316.9256360078272, 274.14045289348536, 307.231758456807, 277.71188146491386, 301.61951355884787, 280.2629018730771, 289.88481968129696, 284.7899676421527, 273.2360269696236, 289.3685316379903, 250.34320699043553, 293.53086254329725, 236.6075150029227, 300.606825082319, 236.191281912392, 307.26655453081, 237.02374809345338, 312.2613516171784, 237.43998118398406, 319.7535472467308, 239.52114663663752, 326.8295097857526, 242.43477827035238, 331.4080737815902, 244.93217681353653, 335.1541715963664, 248.67827462831275, 340.5652017732654, 254.92177098627315, 341.3976679543268, 259.91656807264144, 342.6463672259189, 274.06849315068496, 343.06260031644956, 291.55028295297404, 343.47883340698024, 310.2807720268552, 343.06260031644956, 322.7677647427759, 340.9814348637961, 333.17359200604324, 338.48403632061195, 336.9196898208194, 338.48403632061195, 348.9904494462095, 339.3165025016733, 373.13196869698965, 339.3165025016733, 383.12156286972623, 340.14896868273473, 387.70012686556385, 343.06260031644956, 394.7760894045856, 338.90026941114263, 397.68972103830043, 326.8295097857526, 402.2682850341381, 326.8295097857526, 394.7760894045856, 320.1697803372615, 395.1923224951163, 312.2613516171784, 395.60855558564697, 306.43408834974866, 396.85725485723907, 302.27175744444173, 397.27348794776975, 303.26231807620513, 405.67019799580936, 306.17594970991996, 411.08122817270834, 310.3382806152269, 422.7357547075677, 314.5006115205338, 431.06041651818157, 316.99801006371797, 440.2175445098568, 317.41424315424865, 452.7045372257775, 316.99801006371797, 467.68892848488247, 316.5817769731873, 487.25188373982496, 315.74931079212587, 500.9875757273378, 313.3954128832694, 516.0728236853747, 312.1467136116773, 528.1435833107647, 307.98438270637035, 539.3818767550935, 304.65451798212484, 548.9552378372994, 300.4921870768179, 565.1883283679963, 296.74608926204166, 579.3402534460398, 293.41622453779615, 589.7460807093072, 290.5025929040813, 598.0707425199209, 288.42142745142786, 602.6493065157586, 288.42142745142786, 610.5577352358417, 284.6753296366516, 608.0603366926576, 279.26429945975264, 603.48177269682, 272.60457001126156, 596.8220432483289, 268.4422391059546, 592.659712343022, 258.8688780237487, 598.0707425199209, 249.29551694154281, 603.8980057873507, 238.88968967827552, 611.8064345074338, 228.48386241500822, 616.3849985032714, 211.83453879378055, 620.963562499109, 199.76377916839047, 623.8771941328239, 182.2819893661014, 623.8771941328239, 170.21122974071136, 620.963562499109, 159.73346257465897, 615.9113651590097, 151.40880076404517, 612.1652673442335, 147.66270294926892, 608.8354026199879, 145.16530440608477, 606.7542371673345, 145.16530440608477, 581.3640186449624, 143.500372043962, 576.7854546491247, 141.83543968183923, 568.4607928385109, 141.83543968183923, 559.7198979373663, 140.58674041024716, 550.5627699456911, 140.17050731971648, 543.9030404972, 140.17050731971648, 539.7407095918932, 140.58674041024716, 528.9186492380951, 140.17050731971648, 521.0102205180119, 140.58674041024716, 512.6855587073982, 141.00297350077784, 505.1933630778457, 143.05527632460473, 491.5865779082861, 146.38514104885027, 482.84568300714153, 149.7150057730958, 471.19115647228216, 152.21240431627996, 464.1151939332604, 152.21240431627996, 457.03923139423864, 153.8773366784027, 448.71456958362484, 157.20720140264825, 438.7249754108882, 163.45069776060865, 426.23798269496746, 167.61302866591555, 418.32955397488433, 168.02926175644626, 412.5022907074546, 158.45590067424033, 409.5886590737398, 151.37993813521857, 406.6750274400249, 144.7202086867275, 402.9289296252487, 137.22801305717505, 400.0152979915339, 139.3091785098285, 389.60947072826656, 142.63904323407405, 370.04651547332406, 145.55267486778888, 359.22445511952606, 150.54747195415717, 339.2452667740529, 153.21712542585487, 326.5139167248725, 156.1307570595697, 314.85939019001313, 157.7956894216925, 297.7938334782547, 159.46062178381524, 283.2256753096805, 159.87685487434592, 271.57114877482115, 160.29308796487663, 265.32765241686076, 163.62295268912217, 257.00299060624695, 170.28268213761322, 250.34326115775588, 177.35864467663498, 246.18093025244895, 184.85084030618745, 242.4348324376727, 192.3430359357399, 242.01859934714201, 202.3326301084765, 241.18613316608065, 207.7436602853755, 239.52120080395787]], "scale": 2, "viewpoint": 2, "zoom_in": 1, "landmarks": [249, 256, 1, 217, 237, 1, 217, 286, 2, 248, 337, 2, 282, 289, 2, 295, 237, 1, 174, 252, 2, 154, 319, 2, 139, 401, 2, 169, 416, 2, 178, 371, 2, 185, 321, 1, 182, 329, 1, 179, 343, 1, 164, 425, 2, 142, 513, 2, 146, 608, 2, 239, 614, 2, 288, 609, 2, 312, 528, 2, 319, 446, 2, 305, 368, 2, 308, 318, 2, 319, 289, 2, 309, 329, 2, 303, 397, 2, 341, 396, 2, 340, 334, 2, 338, 250, 2], "style": 1, "bounding_box": [91, 225, 350, 632], "category_id": 10, "occlusion": 2, "category_name": "short sleeve dress"}}