{"source": "shop", "pair_id": 2065, "item1": {"segmentation": [[197.25517568850904, 174.6281101614435, 200.6502374169041, 162.59107312440645, 205.58850902184238, 157.65280151946817, 210.91744505494506, 156.31905906593408, 211.69869505494506, 160.22530906593408, 209.35494505494506, 173.11593406593408, 215.99557005494506, 182.88155906593408, 232.18186813186816, 195.57839972527472, 243.11936813186816, 199.87527472527472, 250.15061813186816, 203.78152472527472, 260.30686813186816, 200.65652472527472, 272.02561813186816, 192.45339972527472, 278.66624313186816, 180.7346497252747, 279.05686813186816, 172.9221497252747, 279.4812508479175, 166.4647808981142, 280.7158187491521, 159.6746574413241, 283.1849545516212, 159.05737349070682, 286.88865825532497, 160.29194139194138, 289.9750780084114, 166.4647808981142, 293.6787817121151, 176.34132410799077, 295.53063356396694, 182.82280558947224, 305.4071767738435, 188.3783611450278, 323.925695292362, 197.02033645366978, 333.1849545516213, 202.2672500339167, 349.85162121828796, 207.20552163885498, 359.1675213675214, 212.6095238095238, 366.03015873015875, 218.01168091168094, 376.5369013702347, 229.75114638447974, 381.3897435897436, 235.72063492063495, 383.6356668023335, 239.62768959435627, 388.5739384072718, 257.83756613756617, 390.73443223443223, 272.0350970017637, 393.2035680369014, 285.61534391534394, 395.05541988875325, 301.6647266313933, 397.25722579307467, 321.4924892124607, 397.8268235146838, 333.8812396574592, 398.11162237548837, 345.41559352004407, 398.11162237548837, 355.09875478739923, 396.9183421516755, 364.39443766110435, 394.0362637362638, 367.3748473748474, 391.0541446208113, 368.09814136480804, 392.5973544973545, 369.9499932166599, 393.8319223985891, 373.6536969203636, 390.436860670194, 376.74011667345, 391.1473748473749, 385.4859584859585, 389.81957671957673, 393.09814136480804, 390.9251526251527, 401.37484737484743, 391.0541446208113, 409.14752408085747, 387.70293040293046, 413.26373626373635, 383.48070818070823, 414.4859584859586, 384.5918192918193, 417.4194139194139, 386.42451499118164, 424.88826482159817, 388.8936507936508, 436.308017908018, 389.20229276895947, 440.3203635870303, 383.33809523809526, 442.1722154388822, 364.81957671957673, 444.024067290734, 348.15291005291004, 444.94999321665995, 336.4466422466423, 445.1665445665446, 335.1133089133089, 447.49987789987796, 334.88130511463845, 455.7524623524624, 335.0021978021978, 462.27765567765573, 335.22442002442006, 468.16654456654464, 339.2022927689594, 481.3697463030797, 341.45714285714286, 498.2802197802198, 342.8598697598698, 509.31358024691355, 344.09443766110434, 519.4987654320987, 348.72406729073396, 538.6345679012345, 353.04505494505497, 554.9925925925926, 354.27962284628956, 563.9432098765432, 357.0574006240673, 569.19012345679, 358.2919685253019, 574.437037037037, 355.2055487722155, 579.0666666666666, 345.9462895129562, 588.6345679012345, 329.8969067969068, 597.5851851851852, 309.52653642653644, 604.3753086419753, 290.082091982092, 608.079012345679, 268.13528693528696, 610.6352869352869, 254.69084249084247, 611.8575091575092, 251.45943533148952, 610.2326869285928, 249.95863519196854, 604.3753086419753, 247.2087912087912, 590.210989010989, 246.25493148826484, 580.3012345679012, 244.40307963641297, 578.4493827160494, 243.78579568579568, 586.4740740740741, 242.55122778456112, 594.8074074074074, 242.2034723553412, 609.2358909157768, 240.88949938949943, 612.1960927960928, 220.48450685117353, 609.679419346086, 203.20055623388959, 609.0621353954688, 184.18309591642927, 604.269881969882, 157.66310681130926, 593.5253674413874, 146.98314953113814, 588.6837868077099, 134.16720079493277, 580.7094187051821, 129.31703975037308, 575.0783068783069, 129.31703975037308, 566.7449735449735, 130.242965676299, 539.8931216931217, 134.56395333062, 517.979541446208, 141.37252747252748, 469.69670329670333, 143.35088524239416, 446.74548701703924, 143.56721839544986, 432.2511657623069, 143.97142270332006, 413.6083354523725, 143.8471984805318, 401.2245692579026, 143.22991452991454, 391.96530999864336, 142.3039886039886, 379.31098901098903, 142.1202301080904, 373.3092966485268, 143.0765160765161, 365.2428707095374, 140.69623580406758, 366.04692569801045, 140.9712205587814, 368.86555191698517, 140.69623580406758, 376.15728525657244, 140.9712205587814, 386.82120362060874, 140.69623580406758, 402.0739815897877, 140.9712205587814, 411.4831830689592, 142.26262953849266, 422.437100137314, 142.26262953849266, 430.8386665310486, 141.83543124728584, 433.8290545694965, 138.80788902822434, 434.84716359897544, 125.02173382173385, 434.0598290598291, 110.59495658478893, 432.3702381447649, 99.08913308913311, 430.92686202686207, 90.64468864468866, 431.1490842490843, 88.75579975579977, 430.4824175824176, 89.42246642246644, 423.1490842490843, 91.53357753357756, 410.03797313797315, 92.30198978955063, 401.555579196358, 87.66618843568546, 390.19036544850496, 82.04152645623711, 374.18171212238275, 81.17619384401429, 366.61005176543307, 82.69052591540422, 356.2260604187592, 83.98852483373847, 347.78906744958664, 88.74785420096399, 343.4624043884725, 88.09885474179687, 338.0540755620799, 82.41274701501852, 320.75697109812853, 83.49441278029704, 314.05064335340165, 87.82107584141116, 310.80564605756604, 87.61900691900692, 295.2718084384751, 88.85357482024149, 274.28415411748745, 90.08814272147606, 266.25946275946274, 88.2362908696242, 255.14835164835165, 90.75511675824174, 243.15731456043954, 96.87826617826619, 233.85205535205534, 102.74246370913038, 223.9755121421788, 109.5325871659205, 216.5681047347714, 116.93999457332791, 207.0002035002035, 139.6393543956044, 198.61617445054947, 154.04529914529917, 193.14662867996202, 166.38211400560934, 192.22739937172156, 171.32924976258312, 190.67749287749288, 175.34159544159547, 187.59107312440645, 182.47324964106718, 186.38902272522802, 195.09468186134856, 179.8750237416904]], "scale": 3, "viewpoint": 2, "zoom_in": 1, "landmarks": [248, 156, 1, 202, 161, 2, 220, 188, 2, 249, 204, 2, 276, 189, 2, 287, 163, 2, 121, 206, 2, 90, 309, 2, 93, 402, 2, 93, 418, 2, 91, 431, 2, 140, 433, 2, 141, 421, 2, 141, 410, 2, 141, 362, 2, 141, 310, 2, 144, 338, 2, 144, 456, 2, 130, 578, 2, 254, 610, 2, 356, 577, 2, 334, 461, 2, 334, 340, 2, 339, 315, 2, 333, 367, 2, 334, 422, 2, 336, 434, 2, 336, 445, 2, 391, 442, 2, 388, 428, 2, 385, 414, 2, 398, 320, 2, 367, 220, 2], "style": 1, "bounding_box": [81, 153, 398, 617], "category_id": 2, "occlusion": 1, "category_name": "long sleeve top"}}