{"source": "shop", "pair_id": 2065, "item1": {"segmentation": [[378.8679945872093, 220.21099424073844, 381.1504667720884, 212.36458793215547, 386.00660255865483, 201.1747063168836, 390.7925412790278, 198.33975228569824, 395.17530241854564, 195.7100956019875, 396.34403872241705, 197.7553841337625, 393.4221979627385, 211.78021978021977, 392.253461658867, 213.82550831199478, 396.34403872241705, 220.2535579832877, 406.86266545726005, 232.5252891739378, 419.71876479984587, 241.8751796049093, 427.89991892694593, 247.13449297233078, 437.67399267399264, 251.20757020757023, 442.8962148962149, 252.7631257631258, 449.2295482295482, 253.8742368742369, 458.7851037851038, 249.8742368742369, 468.56288156288156, 242.87423687423689, 475.56288156288156, 235.20757020757023, 481.45177045177047, 226.09645909645909, 481.07742075309636, 219.37700575538412, 481.7851037851038, 210.20757020757017, 483.999261512775, 199.2163045136018, 487.22954822954824, 198.5409035409035, 491.88823156390714, 200.6772248934411, 497.4397290072965, 214.11769238796265, 502.18192918192915, 228.38461538461536, 516.2930402930402, 236.05128205128204, 538.6863596593327, 247.44921696273047, 550.6659067740148, 254.16945070999125, 556.5775335775335, 255.00366300366295, 565.8594787243436, 258.55221184950915, 578.7155780669294, 263.51934114096275, 594.7857022451617, 276.9598086354843, 606.7652493598439, 290.98464428194154, 613.1932990311368, 302.0876391687202, 617.9340659340659, 317.18681318681314, 620.9255189255189, 335.7374847374847, 626.422430746755, 378.1192014705528, 629.0520874304657, 402.9548479278209, 630.8051918862728, 429.2514147649282, 629.6364555824015, 445.3215389431605, 628.46771927853, 456.1323497539713, 622.3318536832049, 459.9307427415535, 621.4553014553014, 462.5603994252642, 623.7927740630442, 464.8978720330071, 624.3771422149799, 467.81971279268566, 620.5787492273978, 473.07902616010716, 621.1631173793335, 479.5070758314001, 620.5787492273978, 490.31788664221085, 620.8709333033656, 502.2974337568931, 621.7474855312693, 512.5238764157682, 617.7081807081806, 516.9133089133088, 613.041514041514, 518.0244200244199, 613.041514041514, 521.2466422466422, 614.9304029304028, 527.2466422466422, 616.0207418585796, 534.0321563024265, 618.4859584859585, 542.2466422466422, 619.5970695970695, 548.1355311355311, 619.5269507701939, 550.9788327085623, 591.8241758241758, 556.043956043956, 571.9009463874328, 556.8225142279196, 553.4933496014577, 557.991250531791, 551.1558769937147, 560.036539063566, 551.7402451456505, 568.5098772666339, 550.5715088417791, 575.5222950898626, 550.2793247658112, 583.7034492169627, 554.3699018293612, 593.345523723902, 556.7073744371041, 608.2469115982628, 561.0901355766221, 633.9591102834345, 562.8207001179974, 651.893240433781, 570.1253020171939, 677.3132550429848, 575.968983536551, 707.99258301961, 578.0142720683261, 715.0050008428386, 579.1830083721975, 721.4330505141315, 576.261167612519, 726.6923638815531, 569.8876678876679, 732.960927960928, 562.1098901098901, 738.7387057387057, 554.1196581196581, 743.8156288156287, 541.4912625723437, 750.0670899589818, 521.8963067611716, 755.3074595236757, 507.8974358974358, 759.2600732600731, 496.47629215196775, 760.2745888151293, 473.39375015050683, 764.0729818027115, 462.5702075702075, 765.1904761904761, 447.38936738936735, 765.8260862585187, 444.58852258852255, 758.0879120879121, 442.1300540219459, 743.6200964849613, 439.8803418803418, 730.5579975579974, 439.99145299145295, 723.6691086691086, 439.2082132622673, 723.1672111672111, 438.10256410256403, 725.7802197802197, 437.6581196581196, 734.8913308913308, 436.2863725025887, 745.9575690927041, 435.25518925518924, 762.5323565323565, 434.6996336996337, 765.6434676434676, 429.25518925518924, 766.1990231990231, 417.69963369963364, 764.5323565323565, 406.5445665445665, 764.095238095238, 389.82910442369905, 762.0276932709364, 365.49517976544996, 756.7268961863556, 356.41269841269843, 754.4468864468864, 340.36734923221405, 746.5004535274804, 328.3015873015873, 742.6691086691086, 316.6349206349206, 736.7802197802197, 304.4287078881673, 730.4303293492482, 298.30158730158723, 725.6691086691086, 295.6631856091315, 720.2038866903731, 294.78663338122794, 710.2696281074659, 295.6631856091315, 690.6932950176192, 297.4162900649387, 668.7794893200298, 305.5824175824176, 612.131868131868, 311.0924313086475, 572.4023471050498, 311.77533577533575, 542.3321123321123, 313.06798095987284, 505.32657992117447, 311.47496947496944, 496.1159951159951, 311.0226924280978, 487.2111672111672, 309.9731379731379, 472.45177045177047, 309.7509157509157, 464.8962148962149, 311.0226924280978, 457.11620738647764, 309.52869352869345, 456.56288156288156, 307.708781403011, 456.61522772290164, 308.1846886011074, 460.18453170862443, 308.8620268620268, 466.22954822954824, 309.10606585561965, 483.708781403011, 308.8620268620268, 492.22954822954824, 308.87423687423683, 505.2564102564102, 309.09645909645906, 513.4786324786324, 310.3308913308913, 528.4432234432234, 310.2197802197802, 538.7765567765567, 309.8864468864469, 543.7765567765567, 306.0126690679933, 544.1489955612501, 293.25597412083897, 543.8101124587611, 277.52625152625154, 541.8583638583638, 261.4079098403423, 539.4273513192431, 249.8556196926215, 537.9622019859972, 244.6206405135614, 537.0103875898045, 244.14473331546503, 533.9169908021781, 245.33450131070597, 520.5915892554797, 246.04836210785052, 511.78730609069686, 247.71403730118783, 503.4589301240104, 242.12376082646355, 488.58732210083554, 235.2421831588994, 471.71011498911554, 233.3385543665139, 462.66787822528454, 236.4319511541403, 448.8665694804898, 236.90785835223667, 437.44479672617683, 240.0012551398631, 432.92367834426136, 243.3326055265377, 431.02004955187584, 240.71511593700765, 419.83623039661114, 237.39898412117327, 407.01293709265144, 235.49535532878778, 395.1152571402422, 238.35079851736603, 391.07004595642303, 241.68214890404062, 389.8802779611821, 241.20624170594425, 381.07599479639924, 241.68214890404062, 367.5126396506527, 242.15805610213698, 360.8499388773035, 242.87191689928153, 350.14202692013515, 245.48940648881157, 332.2955069915212, 243.1098704983297, 319.10566055003886, 244.29963849357065, 308.6357021919187, 250.0105248707271, 296.73802223950946, 261.9082048231364, 278.89150231089553, 274.28179197364204, 265.32814716514895, 280.70653914794303, 258.4274927927516, 286.1794719260513, 255.3340960051252, 293.2046989298625, 254.23835890462894, 302.7228428917899, 249.7172405227134, 315.57233724039196, 244.24430774460515, 327.7079707918494, 241.15091095697875, 337.2261147537768, 241.15091095697875, 344.8406299233188, 238.29546776840053, 349.5997019042825, 234.96411738172594, 362.6373626373626, 232.08791208791206, 376.01255139863105, 224.97006622170215]], "scale": 2, "viewpoint": 2, "zoom_in": 1, "landmarks": [441, 195, 1, 386, 203, 2, 407, 233, 2, 442, 253, 2, 476, 235, 2, 489, 203, 2, 279, 263, 2, 240, 379, 2, 248, 504, 2, 247, 520, 2, 243, 535, 2, 309, 544, 2, 308, 529, 2, 307, 514, 2, 312, 451, 2, 307, 385, 2, 313, 423, 2, 313, 573, 2, 297, 720, 2, 452, 762, 2, 578, 721, 2, 550, 576, 2, 551, 427, 2, 552, 400, 2, 547, 460, 2, 550, 525, 2, 552, 541, 2, 554, 558, 2, 618, 551, 2, 616, 534, 2, 612, 517, 2, 628, 403, 2, 606, 291, 2], "style": 1, "bounding_box": [230, 189, 631, 767], "category_id": 2, "occlusion": 1, "category_name": "long sleeve top"}}