{"source": "shop", "pair_id": 2081, "item1": {"segmentation": [[396.02629394475167, 431.04928992888955, 409.8193973930326, 442.93989634982137, 423.1368765844762, 452.92800574340407, 435.02748300540804, 456.257375541265, 447.3937136831771, 458.1598725686141, 462.61368990196985, 455.30612702759043, 477.83366612076253, 450.07426020238046, 484.9680299733216, 440.561775065635, 487.8217755143453, 436.2811567540996, 489.72427254169435, 426.2930473605168, 498.28550916476524, 430.098041415215, 509.7004913288598, 432.95178695623866, 522.0667220066289, 435.8055324972623, 530.6279586296998, 438.18365378144864, 532.0548314002116, 444.8423933771705, 532.5304556570488, 468.62360621903406, 526.8229645750016, 481.46546115364043, 526.8229645750016, 507.62479527969043, 523.4935947771407, 521.8935229848087, 520.1642249792798, 530.9303838647168, 514.4567338972325, 554.2359724497431, 509.22486707202256, 586.1027976578404, 506.8471944899486, 595.7896783553726, 508.74969151729766, 623.8515095087716, 510.6521885446468, 637.6446129570526, 513.5059340856704, 645.2546010664489, 514.457182599345, 656.1939589737062, 513.5059340856704, 661.4258257989162, 514.457182599345, 665.2308198536143, 518.2621766540432, 669.0358139083125, 522.0671707087413, 685.2070386407798, 529.2015345613004, 716.5982395920398, 530.1527830749749, 724.2082277014362, 533.0065286159986, 730.866967297158, 532.5309043591612, 734.1963370950189, 535.384649900185, 743.7088222317643, 539.1896439548831, 760.3556712210689, 545.4598075067902, 797.2413793103146, 545.4598075067902, 814.3638525564564, 547.8379287909765, 831.9619500594355, 549.2648015614884, 857.1700356718109, 550.6916743320002, 869.0606420927427, 547.8379287909765, 885.23186682521, 548.7891773046512, 894.7443519619554, 542.1304377089293, 899.0249702734909, 528.8129585174856, 902.3543400713518, 500.7511273640866, 902.3543400713518, 471.738047697013, 897.1224732461418, 454.1399501940339, 897.1224732461418, 423.69999775644845, 900.4518430440028, 400.8700334282594, 898.0737217598164, 390.8819240346767, 896.1712247324673, 387.07692997997844, 893.3174791914437, 382.3206874116057, 883.8049940546982, 379.94256612741935, 874.2925089179528, 382.3206874116057, 867.6337693222309, 378.51569335690755, 855.2675386444619, 372.332578018023, 826.7300832342255, 361.86884436760306, 807.7051129607346, 355.38120985051034, 783.4904538622077, 352.0518400526494, 770.172974670764, 351.5762157958122, 758.7579925066694, 349.67371876846306, 734.0255311511313, 350.6249672821376, 716.9030579049895, 351.10059153897487, 690.2680995221023, 364.4180707304185, 634.1444372153042, 369.43426139889255, 612.2645248618231, 371.3367584262416, 593.7151788451695, 370.38550991256704, 573.2633358011668, 367.53176437154343, 557.0921110686995, 359.9217762621471, 509.52968538497225, 357.8024065390956, 469.4021044130007, 361.6074005937938, 441.34027325960164, 376.3517525557492, 436.5840306912289]], "scale": 1, "viewpoint": 2, "zoom_in": 1, "landmarks": [448, 436, 1, 396, 432, 2, 418, 451, 2, 450, 460, 2, 481, 452, 2, 491, 427, 2, 361, 440, 1, 362, 522, 1, 373, 578, 2, 366, 637, 2, 352, 759, 2, 387, 893, 2, 471, 898, 2, 547, 895, 2, 539, 753, 2, 512, 638, 2, 508, 581, 2, 523, 523, 1, 528, 439, 2], "style": 1, "bounding_box": [348, 423, 551, 904], "category_id": 12, "occlusion": 2, "category_name": "vest dress"}}