{"source": "shop", "pair_id": 2081, "item1": {"segmentation": [[399.8208500095461, 465.93274078694884, 404.96318242460745, 477.6866434499462, 413.77860942185544, 488.33861773828755, 424.4305837101968, 493.4809501533489, 443.5306755375675, 495.3174974444422, 457.85574440809546, 491.64440286225556, 471.81350382040483, 486.50207044719417, 481.73085919230886, 477.3193339917275, 486.5058821491515, 468.13659753626087, 487.9751199820262, 461.15771783010615, 494.20482700071926, 463.20113658022, 506.69334858015395, 467.608850078844, 520.6511079924633, 470.914635202812, 530.2011539061486, 472.016563577468, 526.8953687821806, 490.0147270301827, 525.426130949306, 503.972486442492, 519.1818701595886, 516.4610080219268, 518.4472512431513, 536.2957187657347, 521.7530363671193, 550.9880970944814, 517.4558622243163, 566.2078763622424, 516.3539338496604, 582.7368019820824, 512.313529809255, 589.3483722300184, 509.7423636017244, 618.7331288875118, 508.64043522706834, 648.1178855450052, 509.00774468528704, 662.0756449573145, 512.6808392674737, 669.4218341216879, 518.1904811407537, 675.2987854531865, 520.027028431847, 684.8488313668719, 520.7616473482843, 693.6642583641199, 518.925100057191, 697.7046624045252, 520.3943378900657, 702.1123759031492, 525.536670305127, 706.8873988599919, 529.7659268499739, 718.426806660054, 535.275568723254, 734.2211133634567, 541.8871389711899, 758.4635376058886, 544.090995720502, 790.4194604709128, 547.9175979347772, 832.9344907046335, 549.7541452258706, 866.7269608607509, 548.6522168512146, 878.4808635237482, 548.2849073929959, 885.8270526881215, 549.0195263094332, 893.1732418524948, 551.5906925169638, 901.2540499333055, 548.6522168512146, 917.7829755531455, 545.3464317272466, 924.3945458010816, 507.51355753072386, 933.2099727983295, 467.1095171266705, 940.9234714209216, 438.8266888438331, 947.1677322106389, 406.1361470623717, 949.3715889599509, 390.7091498171877, 946.8004227524202, 390.341840358969, 939.8215430462656, 389.9745309007504, 915.5791188038336, 382.2610322781584, 890.2347661867456, 378.5879376959717, 872.2366027340308, 370.13982015694233, 833.3018001628521, 366.4667255747557, 802.8151151307028, 360.7256094391692, 762.8463017828241, 361.8275378138252, 732.3596167506747, 367.70448914532386, 711.4229776322107, 372.47951210216655, 671.0189372281574, 371.42229572925584, 617.1842244608455, 366.591818701601, 592.771627076917, 359.24562953722767, 573.3042257913277, 356.674463329697, 568.1618933762663, 355.09468614100126, 566.0796645702447, 358.40047126496927, 562.7738794462767, 364.6447320546866, 546.2449538264368, 368.3178266368733, 531.9198849559087, 373.0928495937159, 500.3312715491034, 371.2563023026226, 480.86387026351406, 367.0849056603756, 473.12106918239357, 375.58490566037784, 472.1210691823933, 384.8349056603803, 472.62106918239346, 390.0849056603817, 470.37106918239283]], "scale": 1, "viewpoint": 2, "zoom_in": 1, "landmarks": [446, 470, 1, 402, 467, 2, 417, 493, 2, 447, 498, 2, 475, 487, 2, 491, 464, 2, 372, 476, 2, 359, 567, 2, 374, 618, 2, 374, 675, 2, 368, 811, 2, 391, 946, 2, 477, 939, 2, 546, 924, 2, 545, 800, 1, 512, 671, 2, 511, 611, 2, 517, 557, 2, 529, 474, 2], "style": 1, "bounding_box": [356, 462, 552, 948], "category_id": 12, "occlusion": 1, "category_name": "vest dress"}}