{"source": "shop", "pair_id": 2091, "item1": {"segmentation": [[406.6467174319822, 360.75697089166175, 412.4903989513394, 362.5100753474689, 416.5809760148894, 365.1397320311796, 421.2559212303752, 367.18502056295466, 426.2230505218288, 369.23030909472965, 431.4823638892502, 370.1068613226332, 437.3260454086074, 370.1068613226332, 444.33846323183604, 370.1068613226332, 451.0586969790968, 368.06157279085824, 455.73364219458256, 363.9709957273082, 457.4867466503897, 361.6335231195653, 460.4085874100683, 356.95857790407956, 463.6226122457147, 359.5882345877903, 467.4210052332969, 362.217891271501, 472.0959504487827, 362.217891271501, 479.10836827201126, 363.09444349940463, 484.6598657154006, 364.26317980327605, 491.0879153866935, 367.18502056295466, 495.4706765262114, 370.69122947456896, 498.68470136185783, 377.4114632218297, 503.65183065331144, 389.09882626054406, 506.8658554889579, 399.9096370713549, 511.2486166284758, 414.8110249457157, 515.3391936920258, 430.29678097201224, 520.3063229834794, 447.24345737814804, 523.5203478191258, 458.63863634089455, 527.3187408067081, 468.86507899976965, 528.1695968460128, 472.4788356664699, 527.5852286940772, 475.69286050211633, 519.4040745669771, 477.4459649579235, 513.268208971652, 480.36780571760204, 506.5479752243913, 482.7052783253449, 505.37923892051987, 482.99746240131276, 505.37923892051987, 477.7381490338913, 499.82774147713053, 479.78343756566636, 495.15279626164477, 482.1209101734092, 492.81532365390194, 482.99746240131276, 493.3996918058376, 493.8082732121236, 494.2762440337412, 508.7096610864844, 494.8606121856769, 524.7797852647167, 494.2762440337412, 533.2531234677846, 494.2762440337412, 543.7717502026275, 495.13714039845104, 555.8219178082192, 496.0136926263546, 564.5874400872549, 497.76679708216176, 577.4435394298407, 498.3511652340975, 586.7934298608122, 498.93553338603317, 597.0198725196873, 500.10426968990464, 604.3244744188838, 500.6886378418404, 616.8883896855017, 502.4417422976475, 636.1725386993804, 504.19484675345467, 649.3208221179341, 506.112506879334, 675.6366170687536, 506.98905910723755, 688.4927164113393, 508.7421635630447, 697.2582386903752, 511.0796361707876, 704.2706565136037, 512.248372474659, 709.2377858050573, 509.32653171498043, 708.9456017290895, 508.44997948707686, 707.4846813492502, 505.52813872739824, 707.1924972732824, 498.51572090416965, 706.9003131973145, 487.9970941693267, 706.3159450453787, 479.5237559662588, 704.2706565136037, 470.758233687223, 702.8097361337644, 463.45363178802654, 702.5175520577966, 455.5646617368943, 701.3488157539251, 447.96787576173, 698.7191590702145, 441.5398260904371, 698.1347909182787, 435.6961445710799, 697.550422766343, 429.85246305172274, 696.6738705384394, 423.4244133804298, 696.3816864624715, 414.9510751773619, 697.8426068423108, 406.18555289832614, 700.7644476019894, 400.34187137896896, 701.640999829893, 394.4981898596118, 703.6862883616681, 390.6997968720296, 706.0237609694109, 386.7569288651851, 706.8991224471416, 384.7116403334101, 706.0225702192381, 383.83508810550654, 704.5616498393988, 382.0819836496994, 704.5616498393988, 380.6210632698601, 705.1460179913345, 380.03669511792435, 709.2365950548846, 377.69922251018147, 708.9444109789167, 374.485197674535, 707.7756746750453, 372.43990914276003, 706.6069383711738, 373.60864544663144, 698.7179683200416, 375.6539339784065, 680.8947396860023, 377.40703843421363, 657.2278295326056, 379.4523269659886, 632.9765512272733, 381.7897995737315, 611.3549296056517, 383.54290402953865, 598.4988302630659, 384.45638352161865, 583.2346378218277, 384.45638352161865, 577.3909563024706, 384.1641994456508, 573.0081951629527, 385.0407516735544, 558.1068072885919, 385.0407516735544, 544.3741557181024, 385.91730390145796, 534.1477130592274, 385.4918758818055, 512.8170847634009, 385.4918758818055, 501.42190580065443, 385.4918758818055, 492.65638352161864, 386.0762440337412, 485.35178162242215, 388.12153256551625, 476.58625934338636, 388.705900717452, 471.91131412790065, 389.58245294535556, 470.45039374806134, 386.0762440337412, 472.7878663558042, 381.1091147422876, 473.08005043177207, 377.31072175470547, 473.95660265967564, 372.34359246325187, 476.2940752674185, 368.25301539970184, 477.75499564725783, 364.1624383361518, 479.21591602709714, 362.7015179563125, 481.84557271080786, 361.2405975764732, 480.9690204829043, 358.61094089276247, 479.21591602709714, 358.61094089276247, 476.0018911914507, 357.442204588891, 469.28165744418993, 357.442204588891, 461.3926873930577, 358.9031249687303, 447.95221989853616, 360.3640453485696, 436.5570409357897, 362.11714980437677, 423.9931256691717, 365.62335871599106, 411.4292104025538, 369.25719603350115, 401.7434023434764, 371.30248456527613, 395.02316859621567, 371.30248456527613, 388.59511892492276, 373.05558902108334, 380.99833294975844, 375.9774297807619, 373.9859151265298, 378.6070864644726, 370.18752213894766, 380.65237499624766, 367.26568137926904, 386.203872439637, 366.0969450753976, 388.8335291233477, 364.92820877152616, 394.6772106427049, 364.92820877152616, 399.93652401012633, 364.6360246955583, 402.5661806938371, 363.75947246765475]], "scale": 1, "viewpoint": 2, "zoom_in": 1, "landmarks": [436, 362, 1, 408, 362, 2, 421, 367, 2, 438, 370, 2, 453, 367, 2, 460, 359, 2, 381, 369, 2, 363, 424, 2, 359, 480, 2, 388, 472, 1, 384, 446, 1, 387, 413, 1, 387, 426, 1, 391, 449, 1, 386, 479, 1, 384, 576, 2, 374, 708, 2, 433, 696, 2, 513, 709, 2, 497, 581, 2, 491, 481, 2, 489, 451, 2, 490, 421, 2, 491, 415, 2, 491, 453, 2, 493, 482, 2, 528, 474, 2, 514, 423, 2, 492, 369, 2], "style": 1, "bounding_box": [356, 358, 530, 711], "category_id": 10, "occlusion": 2, "category_name": "short sleeve dress"}}