{"source": "shop", "pair_id": 2094, "item1": {"segmentation": [[327.0949764521194, 231.22998430141277, 327.0949764521194, 239.39324960753524, 323.5031397174255, 246.57692307692304, 315.6664050235479, 252.78100470957614, 307.5031397174254, 257.6789638932496, 298.68681318681314, 259.638147566719, 296.0745682888539, 262.90345368916803, 292.48273155416, 265.5156985871272, 289.87048665620085, 265.8422291993721, 289.5439560439559, 267.4748822605966, 286.41268817715536, 267.71205403574254, 284.465689799654, 266.84672142351974, 277.7593620549271, 267.06305457657544, 276.67769628964857, 268.7937198010211, 276.67769628964857, 270.95705133157816, 277.54302890187137, 274.8510480865809, 275.3796973713143, 275.2837143926923, 274.0816984529801, 276.79804646408223, 271.7020337693673, 278.9613779946393, 268.88970277964313, 282.2063752904749, 268.88970277964313, 285.66770573936617, 267.1590375551975, 288.9127030352018, 264.1303734124176, 294.97003132076156, 260.02004350435914, 304.70502320826836, 255.04438098407792, 315.7380140141094, 250.9340510760195, 329.5833358096746, 249.86357011028815, 333.77802595774523, 247.87171859376485, 338.667116043757, 245.87986707724153, 350.79930255348995, 241.5340092230088, 346.6345221098503, 236.64491913699703, 342.28866425561756, 230.48828717683404, 337.2184967590128, 227.7721260179386, 335.4077226530825, 225.2370422696362, 334.68341301071035, 224.51273262726409, 327.8024714081753, 221.4344166471826, 320.197220163268, 213.82916540227535, 304.26240803108146, 211.83731388575202, 299.9165501768488, 211.83731388575202, 302.99486615693024, 210.02653977982175, 306.07318213701177, 205.13744969380994, 312.0487366865817, 196.8078888065306, 318.7486008785238, 193.005263184077, 323.0944587327565, 188.11680009740934, 326.4657088064289, 178.9320054945055, 321.42284798534797, 175.28617216117215, 323.8534035409035, 172.16117216117212, 326.4575702075702, 171.987561050061, 327.67284798534797, 172.85561660561658, 330.27701465201466, 170.77228327228323, 332.0131257631258, 165.39033882783875, 335.485347985348, 165.39033882783875, 337.91590354090357, 165.39033882783875, 339.6520146520147, 169.90422771672766, 345.03395909645917, 173.2028388278388, 346.7700702075703, 178.58478327228326, 349.02701465201477, 184.8347832722833, 353.5409035409036, 194.55700549450555, 359.44368131868146, 196.81394993895, 360.311736874237, 196.81394993895, 364.6520146520148, 199.5917277167278, 375.9367368742371, 202.7167277167278, 388.61034798534826, 206.53617216117226, 398.1589590964594, 210.6191454539122, 409.1950263407935, 216.05146777170307, 420.9650580293404, 217.3190096458543, 424.0433740094219, 218.22439669881942, 428.02707704246853, 223.83779642720333, 437.44310239330605, 230.17550579795937, 443.418656942876, 246.11031793014592, 454.10222416786473, 254.25880140683225, 459.71562389624864, 258.0614270292859, 463.1560946975162, 260.95866559877436, 462.97501728692316, 264.5802138106349, 461.70747541277194, 272.7286972873212, 456.9994627373532, 279.9717937110424, 451.02390818778326, 281.96364522756573, 449.0320566712599, 283.0501096911239, 444.6861988170272, 287.03381272417056, 438.3484894462712, 290.6553609360311, 429.6567737378058, 293.0093672737405, 421.1461354399334, 295.54445102204295, 423.5001417776428, 302.063237803392, 425.3109158835731, 303.5118570881362, 426.7595351683173, 304.96047637288046, 430.5621607907709, 305.14155378347346, 433.09724453907336, 302.78754744576406, 434.7269412344106, 299.52815405508954, 442.8754247110969, 296.4498380750081, 449.9374437242251, 291.37967057840325, 469.4938040682722, 283.77441933349604, 496.6554156572266, 280.48908162544535, 516.0827808555076, 275.6732465065799, 551.1480803147467, 273.5127526794194, 567.1974630307961, 267.9571971238638, 597.4443766110433, 264.25349342016005, 624.9135124135125, 263.6362094695428, 636.6419074752409, 263.0189255189255, 676.7653642653646, 264.25349342016005, 726.4567222900562, 263.28206737811274, 740.8459463858086, 264.1051126456024, 746.3329148357399, 266.9950974783478, 747.2152507971883, 272.4274197961387, 748.1206378501535, 274.238193902069, 750.1124893666768, 277.4975872927435, 752.4664957043861, 282.7488321999413, 753.3718827573513, 291.44054790840676, 753.3718827573513, 295.4242509414534, 752.6475731149792, 296.32963799441853, 750.6557215984559, 300.13226361687214, 750.8367990090488, 303.93488923932574, 749.7503345454907, 306.28889557703513, 748.3017152607465, 340.6936035897107, 748.6638700819325, 353.7859867405325, 748.5593951503042, 369.91185897435906, 748.0921855921856, 373.7313034188035, 746.7032967032967, 375.988247863248, 745.8352411477412, 383.9743589743591, 746.0088522588522, 384.84241452991466, 747.3977411477412, 391.61324786324803, 747.2241300366301, 407.4118589743592, 745.8352411477412, 412.4465811965814, 744.4463522588522, 418.1757478632481, 744.0991300366301, 426.6302991221869, 743.2419662544054, 428.14463119357686, 742.3766336421826, 428.0372405372402, 737.1707657421944, 432.5723879295305, 737.8510378510379, 439.6018663875804, 739.8918541775685, 442.7764695621836, 741.0256410256411, 455.7016396302109, 740.3453689167975, 480.1914355485783, 737.6242804814234, 482.45900924472346, 737.3975231118088, 482.685766614338, 735.1299494156638, 500.1460840746555, 735.1299494156638, 521.0077620791907, 735.5834641548928, 529.3977847549277, 733.3158904587476, 529.1710273853132, 726.2864120006977, 524.1823652537939, 702.2501308215593, 516.4726146869004, 659.1662305948017, 514.4317983603698, 643.0664573521713, 512.1642246642247, 631.7285888714457, 509.7353043781616, 610.7796964939822, 507.24097331240193, 598.5347985347985, 505.4269143554858, 590.3715332286761, 504.06637013779874, 583.3420547706261, 499.3044653758939, 564.5211930926215, 494.08904587476013, 549.3284493284491, 485.69902319902315, 518.7162044304898, 452.75154138790526, 434.3438127529041, 446.8745900564084, 424.7937668392218, 445.77266168175277, 415.611030383758, 446.5072805981899, 403.1225088043273, 446.5072805981899, 399.8167236803603, 450.5476846385939, 392.4705345159893, 471.24556062912205, 310.6798579401319, 469.39370877727015, 285.3712159648228, 466.6159309994923, 260.98849991543966, 456.1383928571431, 256.11263736263686, 435.2822682368138, 246.57261929989212, 412.8763912854822, 240.69566796839533, 410.67253453617093, 235.55333555333561, 406.75544794188767, 224.69768246281666, 400.75517916427003, 230.41100313827587, 395.24553729099176, 231.8802409711501, 391.2051332505877, 232.98216934580574, 387.89934812662074, 234.8187166368985, 381.153625410382, 234.77712937172402, 375.60212796699267, 235.36149752365972, 369.75844644763544, 236.82241790349903, 364.2069490042461, 239.45207458720978, 357.4867152569853, 236.82241790349903, 352.2274018895638, 236.82241790349903, 347.84464075004587, 238.86770643527404, 344.6306159143994, 236.82241790349903, 339.66348662294575, 237.1146019794669, 334.40417325552426, 237.6989701314026, 333.8198051035885, 235.06931344769185, 332.0667006477814, 233.60839306785255], [450.5336110014749, 388.90115083404305, 449.1739216462207, 395.31749414020896, 448.6199050257221, 406.3978265501813, 449.1739216462207, 414.70807585766056, 450.8359715077166, 422.1873002343919, 452.22101305896314, 429.66652461112324, 452.77502967946174, 436.8687406776053, 453.883062920459, 444.9019816748352, 461.63929560743964, 465.12358832303477, 470.36830357142856, 497.05528846153925, 471.65099920900025, 501.69876970144657, 475.22030319472304, 505.9819344843139, 481.1691431709277, 511.9307744605186, 484.0245863595059, 517.6416608376751, 487.83184394427695, 523.1145936157834, 492.82886952428885, 531.9188767805663, 497.1120343071562, 539.7713455491564, 502.10905988716814, 545.7201855253611, 504.0126886795536, 550.2413039072766, 503.29882788240906, 552.6208398977585, 501.6331526890717, 553.5726542939512, 501.15724549097536, 555.4762830863367, 500.9192918919272, 558.5696798739632, 499.3781128133082, 569.374420217413, 502.2709464753727, 583.3126187709964, 503.58587086722014, 589.0982860951253, 514.2446934386256, 589.027740552131, 