{"source": "shop", "pair_id": 2098, "item1": {"segmentation": [[83.1704975857981, 46.59967617891117, 89.09642351172404, 42.05646630236795, 94.62728770925492, 37.90831815421979, 99.36802844999568, 34.945355191256816, 102.33099141295864, 32.772515685083974, 108.65197906727965, 29.216960129528406, 112.60259635123028, 38.69844161100991, 115.76309017839078, 45.612021857923516, 121.68901610431672, 54.89597247520749, 129.7877815364155, 60.03177494434331, 140.05938647468713, 61.61202185792356, 151.91123832653903, 62.00708358631862, 161.7877815364156, 61.216960129528495, 171.8618556104897, 57.4638737097754, 179.84924971810216, 52.05438459536821, 180.88969861350515, 46.84950724992834, 183.74344415452777, 40.190767654208926, 183.74344415452777, 34.95890082900082, 184.21906841136484, 33.056403801652415, 183.26781989769066, 29.251409746955613, 182.79219564085355, 22.592670151236206, 190.87780800708427, 23.543918664910407, 205.2740914216324, 24.851765114060182, 211.00248648336083, 25.64188857085031, 222.06421487842258, 27.814728077023155, 223.64446179200283, 27.814728077023155, 224.43458524879296, 33.345592274554036, 225.4222395697806, 40.456703385665165, 226.0148321623732, 47.765345360973825, 226.0148321623732, 54.086333015294834, 226.0148321623732, 60.802382398010906, 226.0148321623732, 64.555468817764, 226.0148321623732, 71.66657992887512, 226.0148321623732, 76.80238239801095, 224.43458524879296, 83.91349350912208, 223.44693092780528, 88.06164165727024, 223.05186919941025, 92.2097898054184, 223.51395814145596, 100.10067646965399, 222.3452218375845, 107.11309429288282, 222.92958998952022, 112.9567758122402, 222.92958998952022, 117.63172102772609, 223.2217740654881, 123.47540254708345, 223.2217740654881, 129.61126814240868, 221.76085368564875, 135.16276558579818, 222.05303776161662, 139.25334264934833, 220.00774922984155, 142.17518340902703, 218.5468288500022, 145.68139232064144, 219.13119700193795, 151.5250738399988, 222.3452218375845, 156.49220313145258, 229.47567004944054, 163.56555931419337, 228.8131089715789, 167.15586781160548, 229.60323242836904, 172.68673200913636, 230.98594847775175, 178.0200653424697, 235.7266892184925, 179.40278139185244, 242.6402694654061, 180.78549744123515, 248.56619539133203, 183.5509295400006, 253.50446699627034, 187.50154682395123, 258.4427386012086, 192.04475670049445, 262.7884176135543, 194.8101887992599, 269.7019978604679, 200.93364558938336, 277.60323242836915, 205.47685546592658, 273.6526151444185, 211.20525052765498, 267.1340966259, 216.3410529967908, 272.26989909503584, 225.03241102148218, 276.2205163789864, 232.34105299679086, 281.5538497123198, 241.22994188567975, 286.09705958886303, 250.9089542313588, 290.9867869430711, 259.8582993610316, 295.5299968196143, 268.944719114118, 299.6781449677625, 280.0064475091798, 304.61641657270076, 290.6731141758465, 308.3695029924538, 305.4879289906614, 313.1102437331946, 316.15459565732806, 316.4682684245526, 325.2410154104145, 318.2922196200884, 335.0842513082948, 320.4650591262613, 344.7632636539739, 325.205799867002, 354.0472142712579, 329.3539480151502, 367.87437476508507, 334.6872813484835, 382.29412785150487, 339.6255529534218, 395.726226616937, 343.5761702373724, 407.7756093329864, 348.9095035707058, 417.652152542863, 352.46505912626134, 429.89906612310995, 357.4033307311996, 444.31881920952975, 360.9588862867552, 455.9731401971841, 364.51444184231076, 464.46696735767796, 366.7900945441929, 473.9646398936016, 371.9258970133288, 486.4090843380461, 376.07404516147693, 495.69303495533006, 380.4197241738226, 508.73007199236713, 385.16046491456336, 518.8041460664413, 387.72836614913126, 525.5201954491573, 391.8765142972794, 536.3843929800215, 394.0493538034523, 542.9029114985401, 397.4854425073004, 551.125914360887, 402.0286523838436, 562.3851736201462, 406.9669239887819, 573.8419637436031, 410.5224795443375, 583.5209760892822, 414.86815855668317, 595.372827941134, 419.60889929742393, 604.2617168300229, 423.36912712868997, 610.1062537947785, 426.5296209558505, 617.4148957700871, 429.690114783011, 620.3778587330501, 430.085176511406, 623.1432908318155, 427.5172752768381, 628.4766241651489, 424.55431231387513, 631.4395871281118, 423.76418885708506, 633.8099574984822, 425.93702836325787, 634.6000809552723, 424.9493740422702, 636.9704513256427, 422.45144129297137, 638.628762251713, 416.52551536704544, 646.9250585480094, 410.0069968485269, 654.0361696591204, 402.5008240090207, 660.9497499060341, 399.73539191025526, 661.3448116344291, 389.2662561077861, 667.2707375603551, 379.10602249400074, 671.9291352242172, 369.6245410125192, 675.6822216439704, 367.2541706421489, 678.4476537427358, 359.55046693844514, 678.2501228785383, 355.3837569028826, 681.5515077919449, 346.88992974238874, 686.6873102610807, 338.59363344609244, 689.6502732240438, 327.53190505103066, 691.8231127302165, 310.54425073004296, 691.4280510018215, 299.08746060658615, 689.2552114956486, 290.79116431028984, 681.5515077919449, 286.4454852979441, 669.304594211698, 282.09980628559845, 654.8848411252782, 279.72943591522807, 639.6749645820682, 276.17388035967247, 625.8478040882411, 274.9886951744873, 613.7984213721917, 274.51366120218586, 598.5023852892706, 275.5013155231735, 589.8110272645793, 276.29143897996363, 578.5517680053199, 276.88403157255624, 568.6752247954433, 278.266747621939, 558.9962124497644, 279.84699453551923, 551.8851013386532, 281.4272414490994, 542.4036198571716, 283.0074883626797, 532.1320149189, 283.20501922687725, 522.0579408448259, 282.80995749848216, 516.5270766472951, 281.624772313297, 512.9715210917395, 279.8736519501547, 500.6703385665134, 275.3304420736115, 482.8925607887356, 274.34278775262385, 474.5962644924393, 275.3304420736115, 469.2629311591059, 270.78723219706825, 465.70737560355036, 262.49093590077194, 460.374042270217, 257.7501951600312, 450.8925607887355, 254.98476306126574, 441.411079307254, 250.63908404892004, 435.090091652933, 246.88599762916695, 431.9295978257725, 241.3551334316361, 429.7567583195996, 238.58970133287065, 428.57157313441445, 236.69482753635765, 425.8856217654032, 227.6084077832712, 419.36710324688465, 224.84297568450575, 416.9967328765143, 222.27507444993785, 413.44117732095873, 222.86766704253043, 410.6757452221933, 217.92939543759215, 412.058461271576, 211.41087691907362, 415.2189550987365, 208.2503830919131, 420.5522884320699, 201.3368028449995, 425.49056003700815, 193.83063000549333, 431.81154769132917, 189.08988926475257, 436.55228843206993, 183.55902506722168, 442.28068349379834, 182.17630901783897, 443.663399543181, 185.67240961607527, 460.59370326949846, 192.33114921179467, 473.4355582041002, 197.0873917801657, 484.3749161113535, 199.46551306435117, 496.265522532281, 203.27050711904798, 510.534250237394, 209.9292467147674, 525.2786021993442, 212.30736799895288, 537.6448328771088, 213.7342407694642, 550.4866878117105, 217.0636105673239, 561.9016699758009, 220.8686046220207, 574.7435249104026, 227.05171996090303, 591.3903738997011, 231.80796252927402, 601.8541075501173, 236.08858084080794, 614.6959624847191, 240.84482340917893, 631.8184357308547, 247.02793874806125, 645.1359149222935, 248.45481151857254, 653.6971515453613, 246.55231449122414, 668.9171277641485, 246.07669023438703, 677.9539886440534, 243.69856895020155, 691.2714678354922, 242.83524130690856, 697.4969326690931, 241.40836853639726, 701.0, 227.61526508812136, 701.0, 215.24903441035673, 701.0, 214.29778589668254, 701.0, 206.68779778728893, 701.0, 199.5580709515136, 700.8847833000839, 192.44695984040246, 701.0, 183.36054008731602, 701.0, 174.27412033422956, 701.0, 169.92844132188387, 701.0, 163.40992280336533, 701.0, 158.86671292682212, 701.0, 154.91609564287148, 701.0, 151.75560181571097, 701.0, 147.80498453176037, 701.0, 145.82967588978505, 701.0, 144.05189811200728, 701.0, 140.24549686298323, 701.0, 134.91216352964986, 701.0, 133.3319166160696, 693.544250730043, 131.9492005666869, 683.865238384364, 132.34426229508196, 669.2479544337467, 129.381299332119, 653.4454852979442, 128.59117587532887, 