{"source": "shop", "pair_id": 2094, "item1": {"segmentation": [[306.40758824941986, 269.5237904655178, 303.07772352517424, 273.269888280294, 301.41279116305145, 277.432219185601, 299.74785880092867, 282.8432493625001, 299.74785880092867, 287.83804644886845, 293.1727442108066, 288.30468839119357, 288.67447431461284, 290.03479219742195, 277.2557891935055, 293.8410205711244, 272.41149853606606, 293.148979048633, 264.7990417886612, 299.3773527510552, 258.57066808623904, 300.76143579603786, 256.8405642800107, 304.22164340849463, 256.14852275751934, 305.951747214723, 253.03433590630826, 306.98980949846003, 246.11392068139475, 313.56420396212786, 238.1554431727442, 311.8341001558995, 224.3146127229172, 311.8341001558995, 226.39073729039126, 322.56074375451544, 213.58796912430125, 330.8652420244116, 208.39765770561613, 338.1316780105708, 203.89938780942236, 350.24240465416943, 202.16928400319398, 361.66108977527676, 201.13122171945696, 379.65416936005187, 199.40111791322857, 398.33929046731834, 198.7090763907372, 409.06593406593424, 196.97897258450882, 430.5192212631662, 196.70329670329676, 448.6416361416352, 195.31440781440784, 463.91941391941305, 198.09218559218564, 493.7805250305243, 200.175518925519, 516.6971916971911, 207.7588522588523, 541.6971916971913, 207.7588522588523, 545.2527472527469, 204.6477411477412, 552.8083028083024, 202.86996336996341, 563.4749694749692, 202.86996336996341, 574.1416361416358, 201.09218559218561, 582.5860805860802, 197.53663003663007, 585.6971916971914, 194.42551892551896, 590.1416361416359, 192.64774114774116, 596.3638583638581, 191.31440781440782, 603.4749694749692, 186.8699633699634, 610.5860805860804, 181.98107448107447, 615.0305250305248, 179.01298528461157, 617.6679721662418, 171.05501328474298, 627.1285690204608, 164.3347795374822, 633.5566186917537, 158.19891394215713, 640.8612205909502, 152.93960057473566, 650.5032950978896, 149.14120758715347, 665.4046829722505, 144.75844644763558, 682.9357275303221, 142.4209738398927, 690.5325135054865, 139.49913308021408, 703.3886128480723, 139.49913308021408, 715.3681599627546, 142.12878976392483, 719.1665529503367, 138.6225808523105, 721.2118414821117, 134.52808302808307, 724.0143806810473, 128.4046262379596, 730.1378374711708, 118.72561389228056, 741.002035002035, 101.54042870709534, 759.5699362366029, 101.54042870709534, 760.5575905575905, 105.29351512684845, 764.3106769773436, 110.82437932437932, 766.8785782119115, 117.14536697870032, 768.2612942612943, 126.82437932437935, 768.6563559896894, 139.0712929046263, 772.6069732736399, 146.97252747252753, 775.1748745082078, 155.26882376882384, 780.1131461131462, 158.22252747252756, 783.2335164835165, 149.47252747252753, 797.7335164835166, 132.7225274725275, 810.2335164835166, 120.22252747252749, 822.4835164835166, 104.97252747252746, 837.7335164835166, 98.56362773029446, 845.4178537511868, 93.31671415004752, 853.4425451092116, 87.14387464387467, 869.8005698005696, 71.40313390313389, 908.0721747388413, 62.45251661918325, 932.4548907882241, 56.27967711301039, 945.1092117758785, 57.51424501424496, 948.8129154795822, 59.98338081671411, 951.59069325736, 73.12554340365166, 956.745069326866, 91.92387772845836, 963.4077701002152, 99.77634649704851, 966.0252596897452, 111.911980048506, 969.1186564773716, 122.85784560472256, 975.0674964535763, 138.32482954285464, 981.016336429781, 173.0029585798813, 993.1213017751479, 218.56508875739627, 1005.5473372781065, 256.4349112426035, 1013.2396449704142, 306.7307692307694, 1017.9733727810651, 315.60650887573985, 1019.1568047337279, 365.31065088757435, 1013.2396449704142, 403.8221439678043, 1013.1608433183939, 423.32273849812543, 1012.6852190615567, 442.3477087716095, 1014.5877160889052, 447.57957559681756, 1010.3070977773713, 448.0551998536547, 1003.6483581816518, 446.6283270831434, 980.342769596634, 460.57692307692383, 988.3875739644969, 471.7668759811616, 996.8492935635793, 478.9505494505494, 1002.0737833594976, 484.82810047095757, 1004.6860282574569, 488.74646781789636, 1005.6656200941916, 498.5423861852433, 1007.624803767661, 522.7056514913659, 1007.9513343799058, 536.0934065934067, 1005.0125588697017, 533.8076923076924, 990.9717425431711, 532.8281004709577, 974.6452119309262, 543.2770800627944, 974.6452119309262, 571.0321821036108, 977.2574568288853, 580.8281004709578, 977.5839874411303, 588.0117739403456, 973.0125588697017, 589.6444270015701, 970.4003139717424, 589.6444270015701, 959.9513343799057, 587.6852433281007, 944.6043956043954, 582.7872841444272, 907.706436420722, 579.8485086342231, 881.2574568288851, 577.7072213500786, 855.4199372056515, 576.074568288854, 826.3587127158556, 572.8092621664051, 797.9505494505494, 568.5643642072214, 777.7056514913656, 564.6459968602826, 752.5627943485084, 561.7072213500785, 733.2974882260594, 557.4623233908949, 709.4607535321818, 553.870486656201, 693.1342229199369, 547.9929356357928, 675.8281004709572, 539.9434850863422, 657.572213500785, 529.1679748822605, 635.3681318681319, 522.3108320251176, 625.572213500785, 517.0863422291993, 618.7150706436421, 512.8414442700156, 614.7967032967033, 507.6169544740972, 612.184458398744, 500.10675039246456, 604.3477237048666, 494.22919937205637, 596.184458398744, 482.82626464444616, 568.128462446644, 478.3859340659338, 548.3281318681315, 486.56073335427135, 538.0839745603015, 514.6214896214894, 497.1459096459091, 519.4826007326006, 482.5625763125757, 527.1214896214896, 463.81257631257563, 534.6475667189952, 445.04866562009425, 545.096546310832, 414.6813186813187, 567.8906646372419, 343.9053779807196, 553.2349138750524, 337.82938514772434, 542.1622495151908, 330.2169284003195, 534.2037720065402, 325.0266169816344, 529.3594813491007, 322.60447165291464, 521.4010038404502, 320.5283470854406, 521.0549830792046, 318.10620175672085, 522.0930453629416, 313.60793186052706, 521.4010038404502, 310.493745009316, 517.5947754667478, 307.3795581581049, 507.9061941518689, 304.6113920681395, 502.36986197193806, 304.2653713068938, 498.9096543594813, 301.8432259781741, 488.8750522833567, 298.38301836571736, 424.16916993041536, 285.926270960873, 418.63283775048455, 277.96779345222245, 412.75048480930803, 270.00931594357195, 407.56017339062294, 270.3553367048176, 400.29373740446374, 271.3933989885546, 396.83352979200697, 273.8155443172744, 394.06536370204157, 274.16156507852, 385.76086543214535, 273.46952355602866, 375.38024259477504, 274.8536066010114, 369.84391041484423, 276.92973116848543, 362.75398204649036, 280.91329003933043, 354.66836968025973, 279.010793011982, 348.0096300845403, 279.010793011982, 335.64339940677564, 279.010793011982, 331.36278109524176, 276.6326717277965, 320.4234231879884, 277.1082959846336, 318.2558869701727, 278.0894819466248, 315.64364207221354, 272.8649921507064, 312.06399063348766, 270.093278814209], [534.3480424597257, 444.1838999661192, 546.9662620376052, 445.0621316851995, 554.1006258901617, 451.7208712809189, 562.1862382563925, 452.67211979459313, 570.2718506226231, 453.62336830826735, 566.0961567048972, 456.9581822963718, 550.387057387057, 470.99633699633716, 541.0537240537236, 481.66300366300385, 533.9426129426125, 490.55189255189276, 528.1648351648347, 498.9963369963373, 509.60743801652893, 502.8619108164562, 501.54958677685954, 514.8453818908364, 493.6418685121108, 527.2163390242974, 487.4134948096887, 534.4827750104565, 486.20033812341427, 538.672865595943, 498.6263736263729, 555.8326289095526, 508.6855452240061, 567.0752324598484, 521.914835164835, 583.4478021978022, 524.664835164835, 588.4478021978022, 533.6648351648352, 589.1978021978022, 534.4148351648352, 586.1978021978022, 542.9148351648352, 574.6978021978022, 553.6648351648352, 559.697802197802, 559.6648351648352, 549.447802197802, 563.4148351648352, 542.197802197802, 564.9148351648352, 539.697802197802, 571.1648351648353, 538.447802197802, 594.1648351648353, 530.447802197802, 622.9148351648354, 519.947802197802, 636.9148351648354, 514.1978021978019, 655.7464678178967, 504.4733124018835, 660.2574568288854, 500.38304552590273, 