{"item2": {"segmentation": [[372.9067156519858, 367.8957854756771, 375.28625164246773, 377.1759758385567, 376.7139732367569, 388.1218413947737, 378.61760202914246, 401.92315013956903, 380.0453236234316, 416.6762732805572, 386.47007079773294, 432.1432572186899, 404.5545443253958, 462.12541069876255, 410.97929149969707, 474.9749050473651, 420.73538906067307, 489.49007458930504, 426.44429799564733, 498.8497772497732, 430.8270591351654, 505.2778269210664, 432.2879795150048, 511.41369251639173, 434.9176361987156, 517.549558111717, 437.5472928824265, 523.9776077830103, 441.3456858700089, 529.2369211504321, 447.7737355413021, 538.0024434294683, 450.11120814904507, 543.2617567968899, 464.7204119474387, 582.9987911285208, 481.3749042776075, 623.6123776880552, 503.00053620594224, 667.7174596039472, 514.6878992446572, 690.2156334534734, 514.2845684230288, 695.5842396919298, 527.9597820982431, 720.8307880154024, 531.6415703954161, 719.5158636235549, 544.7908143138915, 713.9931811777952, 549.5245421245426, 708.2075138536661, 554.7842396919326, 704.2627406781236, 556.8881187188887, 702.1588616511675, 558.9919977458447, 700.3179675025809, 559.7809523809533, 696.8991640837774, 561.0958767728008, 693.4803606649739, 562.4108011646483, 690.5875270029093, 564.4475227194955, 677.8185102095181, 560.641294345793, 667.4378873721473, 556.8350659720903, 658.0953268185135, 551.9907753146506, 650.1368493098627, 547.8385261797023, 644.9465378911773, 539.8800486710514, 634.2198942925608, 534.6897372523661, 623.4932506939443, 529.4994258336806, 611.7285448115908, 526.7312597437151, 605.846191870414, 532.2675919236461, 601.6939427354657, 533.9976957298746, 597.5416936005174, 533.9976957298746, 590.9672991368492, 533.9976957298746, 585.0849461956725, 532.9596334461376, 578.5105517320043, 529.1534050724349, 574.0122818358103, 529.1534050724349, 531.1057074413444, 526.0392182212237, 509.6524202441115, 523.6170728925039, 493.04342370431823, 519.4648237575556, 467.0918666108913, 523.4458800714845, 436.00823605459937, 521.3697555040102, 389.98747480892223, 517.2175063690619, 373.03245750788335, 505.9772843073873, 347.8675691090921, 502.51707669493044, 341.6391954066696, 500.0949313662106, 337.14092551047565, 490.4063500513312, 340.2551123616869, 477.94960264648626, 345.44542378037227, 463.76275143541284, 353.7499220502689, 455.4582531655162, 357.9021711852172, 439.5412981482144, 362.0544203201655, 406.3233050686279, 370.01289782881645, 393.2764515761047, 368.1953990646023]], "scale": 2, "viewpoint": 2, "zoom_in": 1, "landmarks": [374, 368, 1, 455, 358, 1, 499, 338, 1, 411, 475, 2, 459, 566, 2, 529, 719, 2, 562, 692, 2, 507, 547, 2, 472, 445, 2, 487, 522, 1, 508, 610, 1, 536, 598, 2, 523, 504, 2, 523, 425, 2], "style": 2, "bounding_box": [355, 328, 566, 730], "category_id": 8, "occlusion": 2, "category_name": "trousers"}, "source": "shop", "pair_id": 2096, "item1": {"segmentation": [[330.8124354278186, 174.40492157414968, 325.28975298205904, 178.34969474969228, 320.2930402930384, 181.76849816849585, 315.2963276040178, 186.50222597914694, 313.1924485770618, 189.658044519581, 311.61453930684473, 194.6547572086016, 309.2476754015192, 199.91445477599171, 307.66976613130214, 207.5410162487074, 310.5625997933667, 242.78098995022114, 313.9814032121703, 291.95916220531865, 314.5073729689093, 303.2675119752074, 314.4044331736634, 311.7287874518667, 318.6121912275755, 318.04042453273485, 320.97905513290107, 323.5631069784945, 347.7120691274533, 314.095707711092, 347.18609937071426, 310.1509345355494, 347.44908424908374, 307.52108575185434, 347.44908424908374, 306.73213111674585, 346.3971447356057, 300.6834789142472, 345.87117497886675, 297.2646754954436, 345.6081901004972, 291.741993049684, 346.66012961397524, 264.9175354559944, 349.0269935193008, 262.0247017939299, 353.23475157321286, 276.4888701042527, 355.3386306001689, 287.53423499577195, 357.442509627125, 295.9497511035961, 359.2834037757115, 308.3100403869629, 360.59832816755903, 315.14764722457, 362.7022071945151, 325.66704235935026, 364.2801164647321, 333.81957358880493, 365.06907109984064, 344.86493848032416, 363.7541467079931, 352.2285150746703, 361.91325255940654, 350.12463604771426, 338.77058326289006, 361.1700009392335, 345.0822203437582, 370.9004414389052, 347.18609937071426, 376.42312388466485, 349.0269935193008, 379.31595754672935, 351.91982718136535, 382.99774584390246, 354.54967596506043, 388.7834131680316, 363.86318681318454, 402.5637362637363, 375.86318681318505, 416.5637362637369, 379.6131868131852, 417.3137362637369, 381.1131868131853, 414.81373626373687, 383.3631868131854, 411.3137362637367, 383.3631868131854, 407.81373626373653, 384.1131868131854, 404.8137362637364, 386.86318681318556, 390.3137362637358, 387.61318681318556, 387.0637362637356, 382.11318681318534, 384.81373626373556, 379.1131868131852, 382.31373626373545, 379.8631868131852, 379.3137362637353, 391.11318681318573, 378.5637362637353, 414.36318681318676, 373.063736263735, 420.363186813187, 370.81373626373494, 431.8631868131875, 369.3137362637349, 449.11318681318824, 366.56373626373477, 460.11318681318875, 364.81373626373465, 467.6131868131891, 359.0637362637344, 493.11318681319017, 346.06373626373386, 503.3631868131906, 338.3137362637335, 501.01593406593355, 331.3780219780235, 495.5159340659333, 324.6280219780232, 490.7659340659331, 318.87802197802296, 487.765934065933, 312.6280219780227, 486.2659340659329, 309.37802197802256, 483.7659340659328, 305.3780219780224, 482.76593406593275, 303.87802197802233, 480.51593406593264, 301.3780219780222, 481.7659340659327, 297.87802197802205, 481.7659340659327, 294.1280219780219, 485.26593406593287, 300.87802197802216, 488.015934065933, 306.87802197802245, 491.0159340659331, 310.8780219780226, 492.01593406593315, 314.8780219780228, 495.2659340659333, 318.12802197802296, 498.26593406593344, 322.1280219780231, 500.51593406593355, 328.8780219780234, 505.0159340659337, 335.6280219780237, 506.76593406593383, 340.3780219780239, 509.0159340659339, 344.1280219780241, 510.26593406593395, 348.12802197802426, 511.265934065934, 351.3780219780244, 516.2659340659342, 348.37802197802426, 522.5159340659345, 346.8780219780242, 528.0159340659347, 346.12802197802415, 531.5159340659349, 345.1280219780241, 529.0159340659347, 339.12802197802387, 523.7659340659345, 326.6280219780233, 521.7659340659345, 316.12802197802284, 519.0159340659343, 308.6280219780225, 518.7659340659343, 304.12802197802233, 516.7659340659343, 300.87802197802216, 508.01593406593383, 279.37802197802125, 502.5159340659336, 264.87802197802057, 500.76593406593355, 260.3780219780204, 475.78729696479684, 281.9653664885676, 471.89330020979395, 280.45103441717765, 469.7299686792368, 276.9897039682862, 469.5136355261811, 275.04270559078475, 498.9349443417583, 256.4380544279933, 495.68994704592257, 252.76039082604615, 494.8246144336997, 248.43372776493186, 468.2156366078468, 264.65871424411046, 467.78297030173536, 271.3650419888376, 466.05230507728965, 269.6343767643919, 465.61963877117824, 265.95671316244477, 465.40330561812254, 262.2790495604976, 465.40330561812254, 259.683051723829, 491.3632839848083, 243.2417320915947, 485.7386220053597, 227.44941191852757, 474.61762996333124, 191.99243428286107, 467.6949690655484, 167.76312114062102, 461.2049744738769, 154.99946511033386, 452.1189820455369, 148.62274113123195, 448.44131844358975, 148.83907428428768, 446.92698637219974, 150.13707320262196, 443.4656559233083, 154.89640256984768, 440.65332493358403, 161.1700640084634, 435.6776624133026, 167.87639175319055, 432.8653314235783, 173.93372003875055, 429.83666728079834, 177.82771679375344, 426.8080031380183, 179.99104832431058, 426.15900367885115, 183.01971246709059, 425.94267052579545, 194.70170273209916, 424.8610047605169, 199.8936984054363, 423.7793389952383, 205.08569407877346, 414.909679719954, 207.68169191544203, 396.64185214461133, 212.06200203258132, 390.1518575529399, 211.6293357264699, 375.1043795577025, 198.59569948710202, 367.2205433290341, 196.70234816562558, 