{"source": "shop", "pair_id": 2109, "item1": {"segmentation": [[341.3323193611977, 60.20304792018947, 337.24174229764753, 59.9108638442216, 335.1964537658725, 65.75454536357893, 336.9495582216797, 73.05914726277558, 342.793239741037, 84.16214214955448, 349.0039624136762, 90.89867542171439, 358.71470621532933, 94.82429525642519, 363.87999547152776, 96.06396467791282, 372.7642929921891, 97.09702252915251, 384.74776406656946, 96.89041095890457, 395.9047888599581, 95.03090682667313, 404.99569795086734, 92.138344843202, 419.81693648816906, 86.0797011207971, 434.48635797577265, 78.64168459187134, 443.9904902071778, 70.58383335220176, 451.6351183063515, 62.732593682780134, 457.73882033284264, 54.11592890297768, 462.0776633080493, 49.157251217027174, 462.28427487829725, 44.405185101324605, 467.4495641344957, 45.23163138231636, 471.3751839692065, 47.29774708479573, 477.78014264689256, 49.57047435752305, 488.9371674402812, 50.603532208762736, 498.8545228121822, 54.94237518396943, 513.9371674402817, 60.72749915091168, 518.2926525529277, 66.2949167893131, 524.4909996603659, 80.34450356617288, 530.689346767804, 96.66681761575995, 537.1286086267407, 118.39533567304412, 542.7071210234351, 139.88293897882963, 549.5253028416171, 166.94905468130946, 550.9715838333526, 171.4945092267641, 552.624476395336, 176.03996377221873, 562.1788746745166, 195.90931733272882, 553.2945771538552, 200.45477187818346, 543.1706102117063, 205.206837993886, 531.6003622778218, 211.19857353107622, 530.5673044265822, 202.10766444016696, 510.11275897203626, 209.75229253934066, 490.69127136873016, 219.66964791124167, 488.9205253028419, 239.14140156232318, 488.0940790218502, 256.70338503339786, 480.0362277821806, 271.1661949507535, 479.4163930714368, 280.8769387524066, 479.20978150118884, 294.30669081852255, 481.48250877391615, 296.16619495075395, 481.895731914412, 299.471980074721, 487.46314955281343, 305.2803124646211, 493.66149666025154, 319.53651081172876, 501.7193478999211, 339.3712215555308, 522.3697498018794, 398.7141401562325, 527.7808219178082, 410.3013698630137, 548.5036793841276, 492.8353900147171, 556.1483074833013, 523.0006792709161, 566.8252009509794, 554.7353107664444, 557.5276802898221, 557.8344843201635, 549.6764406204005, 559.6939884523949, 540.3789199592434, 560.1072115928907, 534.593795992301, 562.3799388656181, 524.0895505490776, 564.1673270689457, 530.0812860862677, 581.1094758292767, 524.7093852598214, 583.7954262424998, 516.4449224499039, 586.2747650854751, 510.4531869127137, 586.8945997962189, 503.6350050945317, 586.687988225971, 501.3622778218044, 584.8284840937396, 499.7093852598209, 583.7954262424998, 498.4697158383333, 580.283029548285, 492.0647571606472, 580.283029548285, 483.8002943507297, 582.9689799615081, 470.99037699535756, 587.3078229367148, 462.51930261519215, 589.1673270689462, 454.4614513755226, 592.0598890524174, 440.2489527906718, 594.7347447073475, 422.0671346088533, 595.1479678478435, 415.24895279067135, 594.1149099966037, 402.0923808445607, 587.9612815577947, 394.65436431563495, 585.2753311445715, 389.0758519189406, 583.622438582588, 376.26593456356846, 581.9695460206044, 363.8692403486922, 578.6637608966374, 360.5634552247252, 576.5976451941581, 360.5634552247252, 567.9199592437446, 347.75353786935307, 561.1017774255628, 350.23287671232833, 575.3579757726704, 343.82791803464227, 578.0439261858936, 337.21634778670824, 580.7298765991168, 329.98494282803046, 581.7629344503565, 319.4477527453856, 581.5563228801086, 316.5551907619145, 580.5232650288689, 308.70395109249284, 576.3910336239102, 305.3971470621538, 569.4442431789878, 296.0229898539679, 444.40881277735747, 290.7668968640327, 420.21317785576827, 291.59334314502445, 408.64292992188376, 291.1801200045286, 394.38673157477604, 291.4480923808448, 378.1424204686966, 292.4811502320845, 364.29944526208476, 296.61338163704323, 348.80357749348946, 303.6381750254731, 331.86142873315856, 312.27702932186133, 310.3391826106649, 321.5745499830185, 298.1490999660366, 324.0538888259938, 296.2895958338052, 324.26050039624175, 284.71934789992065, 325.08694667723347, 278.9342239329784, 318.0621532888036, 276.0416619495073, 314.34314502434074, 262.6119098833913, 315.5828144458284, 259.5127363296723, 309.2307692307691, 245.90065934065927, 305.25223593343145, 232.6532321974404, 304.8722970678143, 219.95392278953986, 305.2855202083102, 217.68119551681255, 291.64915657194626, 215.61507981433317, 273.4673383901278, 210.65640212838267, 266.6491565719458, 207.97045171515947, 259.0045284727721, 204.2514434506966, 261.69047888599533, 194.74731121929148, 266.4425450016979, 184.0035095663987, 268.0954375636814, 180.6977244424317, 269.33510698516903, 169.1274765085472, 270.16155326616075, 156.73078229367093, 272.5400203781279, 138.42001584965473, 274.60613608060726, 123.75059436205116, 274.8127476508552, 111.14728857692697, 279.35854183176724, 94.64576021736684, 283.0775500962301, 88.03418996943283, 288.4494509226765, 79.97633872976327, 292.3750707573873, 76.25733046530038, 299.729536963659, 73.96207404052994, 307.3741650628327, 69.41661949507531, 315.6386278727502, 66.31744594135624, 321.42375183969244, 64.87116494962068, 326.79565266613884, 63.63149552813305, 332.787388203329, 60.119098833918116, 336.71300803803985, 58.672817842182546]], "scale": 2, "viewpoint": 2, "zoom_in": 1, "landmarks": [399, 62, 1, 338, 59, 2, 356, 95, 2, 399, 96, 2, 438, 78, 2, 465, 46, 2, 288, 82, 2, 273, 143, 2, 259, 204, 2, 304, 218, 2, 301, 189, 2, 297, 153, 2, 300, 170, 2, 306, 228, 2, 327, 289, 1, 296, 433, 2, 307, 572, 2, 441, 595, 2, 568, 554, 2, 527, 411, 1, 478, 284, 1, 488, 228, 2, 487, 167, 2, 487, 157, 2, 485, 192, 2, 487, 222, 2, 562, 197, 2, 539, 128, 2, 514, 60, 2], "style": 1, "bounding_box": [253, 42, 568, 600], "category_id": 10, "occlusion": 1, "category_name": "short sleeve dress"}}