{"source": "shop", "pair_id": 2109, "item1": {"segmentation": [[414.45265610613177, 219.21432249093323, 420.3405847755412, 219.04346355487849, 420.0662363530446, 220.41520566736136, 416.2359208523595, 222.36932934964383, 414.58983031738006, 224.838465152113, 414.72700452862836, 233.89196309449997, 417.60766296484235, 239.37893154443145, 422.27158614728415, 243.0826352481352, 426.523986695981, 244.59155157186638, 431.17734746415584, 245.51808632579795, 438.03605802657023, 246.2039573820394, 443.8684931506849, 245.9442549622582, 450.51891125016436, 245.10656369205307, 455.2970645792566, 243.00547945205406, 466.0725747833385, 237.12792843164576, 473.58277886497126, 229.29119373776803, 476.19502376293053, 223.41364271735975, 486.9705339670124, 226.35241822756387, 495.46032988537996, 229.61772435001294, 501.99094213027803, 235.16874475817633, 508.1950237629312, 251.8218059826665, 514.3991053955845, 275.0054794520548, 516.3582890690539, 290.3524182275653, 519.9501258037478, 305.04629577858606, 510.8072686608905, 308.3116019010351, 504.6031870282373, 310.5973161867494, 503.9501258037475, 307.0054794520555, 493.82767682415545, 310.27078557450454, 481.7460441710939, 312.88303047246376, 481.11849315068565, 331.50547945205585, 478.1184931506856, 334.0054794520559, 474.3684931506855, 335.0054794520559, 471.6184931506854, 347.5054794520562, 478.66164383561636, 363.2582191780812, 489.4116438356166, 390.00821917808173, 500.16164383561676, 436.50821917808264, 503.669178082192, 458.65958904109596, 503.919178082192, 464.40958904109607, 507.91917808219205, 478.65958904109635, 503.16917808219193, 481.1595890410964, 486.6474735516848, 480.93790142247775, 485.9616024954434, 482.17246932371233, 481.91917808219154, 483.15958904109647, 477.6691780821915, 482.4095890410964, 476.222233496815, 485.8761730274161, 466.66917808219125, 487.1595890410965, 456.4191780821911, 486.9095890410965, 453.169178082191, 486.4095890410965, 451.66917808219097, 485.15958904109647, 442.7517259522329, 485.4646503936712, 436.7160606573083, 485.1903019711746, 434.9191780821906, 487.6595890410965, 426.97669165867984, 487.65943777364384, 418.68612097638004, 486.9310708983972, 414.1593720051866, 486.382374053404, 405.1058740627996, 483.6388898284383, 398.3843377116335, 480.4838829697277, 398.2471635003852, 477.3288761110171, 398.4845579078459, 473.6348465979849, 395.22933085292294, 475.54561136478935, 389.8795366142397, 477.0545276885205, 380.36885542850683, 477.2050945318693, 375.74075625495306, 472.9736895731915, 374.80441526095325, 454.46487037246686, 372.29201856673836, 429.2086720253591, 373.0568210121138, 406.03960149439587, 373.5608677678185, 397.64122179002914, 374.24690365674195, 386.998279180346, 378.742771425337, 374.0396014943954, 387.462889165629, 354.54800181138916, 393.80999660364563, 343.8372580097361, 398.4380957771994, 339.2091588361823, 398.83478999207546, 335.24221668742194, 398.9670213970341, 328.1017208196532, 396.3223932978605, 326.91163817502513, 394.3389222234803, 315.80420015849603, 392.16944021647254, 308.78314448390574, 390.13201730665185, 298.6307726501553, 381.3326775278578, 296.025942837815, 373.9252701204503, 292.32223913411127, 368.5754758817671, 287.93266437416605, 371.44421768707406, 282.73948373870076, 374.3920634920628, 275.2564905414217, 376.8863945578225, 264.59889416953945, 378.7004535147386, 252.35399621035552, 379.83807242046737, 249.03243324501545, 380.9680272108838, 239.20206877271355, 383.1302534904263, 231.88565683897954, 389.81156462584994, 225.59662659584257, 391.39886621315156, 223.10229553008287, 400.59806077005476, 221.5462840821541, 405.68458049886607, 220.38120709470866]], "scale": 1, "viewpoint": 2, "zoom_in": 1, "landmarks": [446, 226, 1, 417, 220, 2, 418, 241, 2, 440, 247, 2, 463, 240, 2, 479, 225, 2, 391, 227, 2, 379, 256, 2, 370, 288, 2, 390, 298, 2, 389, 284, 2, 389, 266, 2, 389, 277, 2, 393, 307, 2, 400, 337, 1, 375, 396, 2, 378, 473, 2, 447, 485, 2, 508, 480, 2, 492, 410, 1, 472, 345, 1, 481, 313, 2, 482, 283, 2, 484, 276, 2, 481, 295, 2, 481, 312, 2, 521, 304, 2, 513, 269, 2, 500, 235, 2], "style": 1, "bounding_box": [366, 217, 523, 491], "category_id": 10, "occlusion": 1, "category_name": "short sleeve dress"}}