{"source": "shop", "pair_id": 2101, "item1": {"segmentation": [[134.6216018851802, 201.45981303570977, 137.83521247119157, 197.67909469922583, 143.31725405909333, 195.03259186368706, 152.20194214983064, 193.33126861226927, 161.08663024056796, 188.41633477484012, 174.88625216873442, 181.611041769169, 182.82576067535072, 178.9645389336302, 188.1187663464283, 179.15357485045442, 183.20383250899914, 182.55622135328997, 178.09986275474577, 184.44658052153196, 179.18650335344532, 186.8217261827693, 180.1316829375663, 190.4134086024291, 183.53432944040188, 192.49280368749527, 192.04094569749077, 199.4871326099906, 200.1694901209313, 203.45688686329876, 213.59104021544937, 206.85953336613431, 231.92752414739658, 208.5608566175521, 243.83678690732108, 208.1827847839037, 259.3377320869053, 202.70074319600195, 274.78317321386965, 191.34212393505462, 285.93629230649736, 174.70696325452516, 296.90037548230083, 174.32889142087677, 306.16313540668654, 173.3837118367558, 313.9136079964787, 174.51792733770097, 321.853116503095, 175.08503508817356, 327.14612217417255, 175.65214283864617, 331.3049123443049, 180.37804075925112, 336.82170028743826, 184.19961674910024, 344.19410104358195, 199.5115260118603, 351.7555377165499, 225.03137478312706, 356.90157702566216, 242.40131548281806, 362.95072636403654, 263.3843022503041, 368.99987570241086, 294.95330035994516, 368.62180386876247, 296.27655177771453, 359.35904394437677, 296.8436595281871, 346.8826734339797, 299.3011264469017, 330.8146205039228, 303.0818447833857, 323.646508014605, 304.4715591578837, 324.2136157650776, 323.75322267395194, 324.2709376699382, 348.3864256674521, 324.081901753114, 394.7002252893806, 326.5393686718286, 426.0801874821975, 330.09872853924435, 461.6792915037419, 332.17812362431056, 496.083828365746, 333.31233912525573, 510.45055804438505, 337.31502188155474, 557.2357096615481, 337.69309371520313, 594.2867493590909, 337.9479866380092, 627.4607090141645, 333.41112463422843, 628.7839604319339, 320.93475412383134, 631.2414273506486, 304.1105575264777, 634.2660020198357, 283.5056425926401, 635.4002175207809, 261.22197995701373, 635.1367894968538, 236.647310769868, 634.1916099127328, 210.74939016495284, 632.8683584949634, 179.82739726027398, 631.4957143227077, 158.46633865913958, 626.5807804852785, 146.7461118160393, 620.9097029805527, 140.1859647305592, 610.2986922857809, 139.24078514643818, 604.0605070305824, 142.64343164927377, 579.6748737602608, 148.05168708081945, 498.2223632079134, 144.8380764948081, 471.0011911852289, 147.29554341352267, 457.5796410907108, 148.05168708081945, 442.456767744775, 152.35072636403655, 419.3261050832534, 158.96698345288348, 403.636123986845, 163.02759406479007, 373.544060905819, 161.51530673019647, 357.85407980941056, 158.4907320610093, 350.1036072196184, 157.7345883937125, 333.65748245591317, 157.7345883937125, 324.58375844835166, 153.76483414040436, 325.1508661988243, 142.23364321412825, 325.9070098661211, 132.97088328974255, 324.39472253152746, 121.51226661832874, 321.03293368205715, 113.95082994536081, 317.4412512623974, 116.40829686407538, 303.2635575005825, 118.67672786596576, 286.81743273687727, 120.75612295103194, 268.66998472175425, 123.80569697283575, 241.4055312427169, 127.7754512261439, 217.96507755651635]], "scale": 2, "viewpoint": 2, "zoom_in": 1, "landmarks": [232, 179, 1, 179, 182, 2, 192, 200, 2, 232, 213, 2, 260, 204, 2, 286, 175, 1, 135, 202, 2, 122, 268, 2, 115, 319, 2, 157, 327, 2, 160, 299, 1, 160, 263, 1, 159, 282, 1, 160, 321, 1, 163, 373, 1, 148, 500, 1, 139, 613, 2, 237, 635, 2, 333, 630, 2, 329, 506, 2, 316, 373, 1, 309, 319, 1, 306, 276, 1, 302, 247, 1, 307, 277, 1, 311, 309, 1, 367, 297, 2, 356, 243, 2, 331, 181, 2], "style": 1, "bounding_box": [109, 170, 372, 638], "category_id": 10, "occlusion": 2, "category_name": "short sleeve dress"}}