{"source": "shop", "pair_id": 2109, "item1": {"segmentation": [[303.98735703493213, 47.092243113160904, 307.49356594654654, 54.10466093638969, 320.7819066011579, 68.36498794240299, 332.0370283278473, 76.31065070994751, 343.1400232146262, 81.56996407736911, 362.2720453885949, 84.43511212063562, 381.12395309044877, 83.03088445720843, 394.27223650900277, 80.6934118494655, 405.66741547174956, 76.31065070994751, 420.2943664508642, 69.09844001721032, 428.1833365019965, 60.91728589011007, 433.5201326835904, 49.045140438476515, 436.734157519237, 41.74053853927987, 475.88682369893104, 50.506060818315845, 486.4054504337742, 56.64192641364104, 490.20384342135645, 58.10284679348037, 497.2162612445852, 69.49802575622715, 501.59902238410325, 84.98378178252405, 505.1052312957176, 101.34609003672455, 509.4879924352356, 118.00058236689293, 513.2863854228178, 133.19415431722194, 516.4257662327262, 147.2038774427877, 519.055422916437, 158.3068723295666, 525.1912885117622, 172.9160761279599, 531.0349700311195, 182.5581506348995, 519.6397910683727, 186.64872769844962, 507.3680598777224, 192.49240921780694, 494.2197764591684, 197.45953850926065, 480.1949408127108, 202.71885187668224, 478.44183635690365, 219.37334420685062, 475.2278115212571, 236.02783653701897, 466.75447331818896, 252.39014479121948, 465.0013688623818, 253.55888109509095, 464.29783563645117, 263.88663958293756, 466.927492320162, 276.4505548495558, 473.6477260674229, 286.6769975084311, 483.28980057436246, 305.08459429440666, 486.21164133404113, 311.8048280416676, 504.9114221959846, 345.9903649299079, 503.927468305032, 350.80526531714884, 504.8040205329356, 356.6489468365062, 513.2773587360037, 393.17195633248946, 518.5366721034253, 414.50139387814363, 525.1018381580393, 451.31354453305596, 530.6533356014287, 469.7211413190315, 537.3735693486897, 488.1287381050071, 542.805799653782, 502.4218227483311, 551.27913785685, 523.4590762180175, 555.661898996368, 533.393334800925, 544.5589041095891, 538.3604640923787, 533.748093298778, 543.9119615357681, 522.3738064980937, 548.8313227333215, 507.76460269970033, 555.2593724046146, 487.31171738194973, 560.5186857720362, 471.82596135565285, 562.5639743038113, 456.92457348129165, 564.9014469115542, 433.53514314017997, 566.2192671382973, 416.004098582108, 561.2521378468435, 407.238576303072, 558.6224811631328, 391.1684521248394, 558.038113011197, 376.85143240241393, 557.1615607832933, 368.3780941993458, 553.9475359476469, 360.4891241482134, 549.5647748081288, 344.7111840459487, 548.3960385042574, 344.7111840459487, 558.6224811631328, 336.2378458428806, 561.8365059987792, 326.01140318400525, 563.8817945305543, 318.7068012848086, 565.6348989863615, 317.1774247776111, 557.8353792889521, 311.3337432582538, 552.5760659215306, 301.39948467534634, 551.1151455416913, 292.04959424437465, 551.1151455416913, 280.36223120566, 555.2057226052414, 265.7530274072667, 556.9588270610485, 252.31255991274483, 556.9588270610485, 246.4688783933875, 554.0369863013699, 247.05324654532325, 546.7323844021732, 241.20956502596593, 546.1480162502376, 234.19714720273714, 545.8558321742696, 233.32059497483354, 537.0903098952336, 233.90496312676927, 532.7075487557157, 237.41117203838365, 526.8638672363584, 239.45646057015873, 512.5468475139329, 242.3783013298374, 493.2626985000537, 246.17669431741965, 472.5176291063352, 249.97508730500192, 452.3569278645525, 252.02037583677696, 440.6695648258378, 256.7251378368372, 411.56464472617785, 258.7704263686122, 390.2352071805236, 261.10789897635516, 376.21037153406604, 293.462848594616, 289.0889100133075, 298.1377938101018, 286.75143740556456, 301.0596345697805, 282.6608603420144, 301.0596345697805, 270.38912915136405, 301.0596345697805, 265.71418393587817, 292.2941122907445, 254.31900497313143, 288.8892192081014, 229.11379369002498, 289.76577143600497, 203.9859631567885, 278.66277654922607, 197.85009756146331, 254.99586639582893, 191.42204789017026, 243.89287150905002, 189.96112751033093, 247.10689634469654, 211.58274913195302, 237.46482183775697, 208.36872429630648, 223.73217026726724, 199.31101794130265, 217.3041205959742, 189.3767593583952, 224.02435434323513, 177.98158039564842, 228.11493140678525, 168.33950588870883, 233.37424477420683, 150.516277254669, 238.60080050431765, 123.01233477090577, 242.98356164383563, 104.02036983299448, 243.86011387173923, 96.42358385782995, 248.2428750112572, 80.35345967959732, 254.54567377447765, 69.08059077218667, 260.9737234457707, 61.483804797022145, 269.4470616488388, 59.14633218927922, 279.67350430771415, 55.05575512572909, 290.48431511852516, 52.4260984420183]], "scale": 2, "viewpoint": 2, "zoom_in": 1, "landmarks": [368, 54, 1, 304, 48, 2, 332, 77, 2, 376, 85, 2, 414, 75, 2, 438, 44, 1, 261, 64, 2, 239, 126, 2, 219, 189, 2, 292, 201, 2, 289, 168, 2, 284, 131, 2, 288, 149, 2, 292, 202, 2, 305, 273, 1, 260, 394, 2, 235, 545, 2, 399, 559, 2, 556, 533, 2, 513, 393, 2, 464, 265, 1, 479, 204, 2, 478, 142, 2, 478, 131, 2, 475, 170, 2, 478, 202, 2, 531, 181, 2, 511, 122, 2, 490, 58, 2], "style": 1, "bounding_box": [213, 37, 557, 572], "category_id": 10, "occlusion": 1, "category_name": "short sleeve dress"}}