{"source": "shop", "pair_id": 2101, "item1": {"segmentation": [[176.26616257088835, 251.00837455006857, 179.29073724007554, 248.1728357977056, 183.26049149338368, 243.82500971074904, 191.5780718336484, 243.06886604345226, 199.89565217391313, 243.82500971074904, 209.91455576559562, 243.06886604345226, 219.55538752362975, 240.80043504156188, 242.6177693761819, 239.47718362379248, 245.07523629489648, 251.76451821736538, 249.04499054820465, 260.2711344744543, 258.11871455576613, 268.21064298107063, 268.22206800113935, 276.3232876712329, 279.1861511769428, 281.04918559183784, 293.17480902193347, 284.07376026102503, 304.3279281145612, 284.2627961778492, 316.0481549576615, 283.31761659372825, 323.7986275474536, 281.6162933423104, 334.3846388896087, 275.0000362534635, 338.3543931429168, 271.78642566745214, 347.79723955770777, 262.64886448973266, 352.5231374783127, 245.0685242250822, 363.67625657094044, 246.3917756428516, 380.8785250019425, 249.60538622886298, 406.7764456068576, 261.32561307196323, 417.1734210321885, 278.1498096693169, 420.0089597845515, 284.76606675816384, 426.3725820234612, 317.3396069088744, 426.93968977393376, 348.1524613512187, 426.75065385710957, 382.74603413004695, 428.01925576818496, 397.34526244918044, 425.7508247662946, 394.50972369681745, 421.40299867933805, 390.5399694435093, 416.2990289250847, 389.9728616930367, 396.4502576585439, 389.2167180257399, 383.4067793976742, 391.48514902763026, 380.57124064531126, 407.17513012403873, 379.4370251443661, 422.29800346997456, 379.27978869409833, 448.7404200222698, 385.5179739492969, 465.18654478597506, 389.67676411942927, 484.46820830204325, 390.81097962037444, 491.2735013077144, 392.323266954968, 493.92000414325315, 392.323266954968, 503.1827640676389, 394.7807338736826, 513.0126317424972, 394.7807338736826, 523.2205712510039, 396.86012895874876, 527.0012895874878, 398.3724162933424, 533.0504389258622, 401.0189191288811, 545.3377735194351, 405.6218556594247, 570.0584923738247, 409.9696817463812, 589.5291918067171, 410.725825413678, 607.8656757386643, 411.2929331641506, 629.6048061734472, 411.24052101406136, 658.3429784809798, 411.05148509723716, 674.0329595773883, 410.4843773467646, 709.1936401066891, 409.5916099127328, 737.0320946733307, 409.0518269156072, 754.3210503146281, 403.94785716135385, 756.9675531501669, 389.20305564906636, 760.9373074034751, 373.51307455265794, 762.6386306548928, 350.2616567832816, 765.4741694072558, 313.7069373591941, 767.66286350571, 291.40069917393873, 768.4190071730068, 267.5821736540898, 769.553222673952, 222.03794183908656, 771.6303804024134, 211.45193049693145, 773.8988114043037, 205.2137452417329, 774.2768832379521, 204.26856565761193, 762.3676204780277, 202.37820648936994, 745.543423880674, 198.40845223606178, 720.9687546935282, 196.5180930678198, 705.8458813475925, 192.52325141776942, 666.1595255975345, 191.01096408317582, 625.8948753139804, 189.55332625527623, 614.6687313877308, 188.41911075433103, 576.8615480228912, 190.30946992257302, 550.018447833855, 192.41618976098619, 520.3509956754797, 196.19690809747016, 487.64778206489336, 202.06844653908902, 456.1947950384545, 205.66012895874877, 435.9679519382653, 209.06277546158435, 408.1796721651082, 210.54773804283093, 365.1726441722558, 212.65222052463935, 337.4025014889816, 206.00392573219096, 337.0336173187972, 192.9604474713213, 339.30204832068756, 178.5937177926822, 345.9183054095345, 171.59938887018689, 350.6442033301395, 168.57481420099973, 354.61395758344764, 168.57481420099973, 365.7670766760753, 166.49541911593354, 367.09032809384473, 165.17216769816415, 357.44949633581064, 165.55023953181254, 335.71036590102784, 165.36120361498834, 327.7708573944115, 161.39144936168017, 325.6914623093453, 163.28180852992216, 316.4287023849596, 162.71470077944957, 308.48919387834326, 160.4052826475387, 287.8134914674885, 160.7833544811871, 273.068689955201, 168.15575523733085, 258.3238884429136]], "scale": 2, "viewpoint": 2, "zoom_in": 1, "landmarks": [298, 242, 1, 243, 240, 1, 257, 268, 2, 294, 286, 2, 335, 275, 1, 352, 245, 1, 176, 252, 2, 163, 308, 2, 165, 358, 2, 211, 365, 1, 213, 338, 1, 213, 313, 1, 209, 371, 1, 209, 408, 1, 203, 457, 2, 191, 615, 2, 206, 774, 2, 314, 768, 2, 407, 755, 2, 410, 608, 2, 379, 449, 1, 380, 407, 1, 380, 372, 1, 379, 341, 1, 382, 360, 1, 384, 391, 1, 426, 398, 2, 427, 347, 2, 420, 284, 2], "style": 1, "bounding_box": [159, 227, 431, 779], "category_id": 10, "occlusion": 3, "category_name": "short sleeve dress"}}