{"source": "shop", "pair_id": 2101, "item1": {"segmentation": [[207.16161276121917, 211.30704094051836, 218.88183960431945, 201.28813734883585, 230.60206644741973, 195.04995209363733, 242.1332573736958, 188.6227309216146, 244.4016883755862, 192.21441334127434, 248.18240671207016, 198.0745267628245, 254.6096278840929, 201.85524509930846, 264.8175673925996, 207.148250770386, 278.9952611544145, 211.49607685734256, 298.7311287774815, 212.63029235828773, 310.640391537406, 209.98378952274896, 327.27555221793546, 200.15392184789067, 332.568557889013, 190.89116192350497, 334.08084522360656, 183.8968330010096, 335.40275008415983, 180.1859284770957, 345.4216536758423, 176.02713830696334, 358.2760960198878, 175.27099463966655, 371.3195742807575, 177.91749747520532, 382.47269337338514, 189.070616567833, 389.0889504622321, 198.14434057539452, 395.1380998006064, 231.7927337701018, 397.18341662998165, 255.56982676023515, 399.07377579822366, 283.1690706165681, 390.37812362431055, 286.3826812025794, 375.25525027837466, 286.1936452857552, 370.69601470854803, 285.21138358753905, 376.74516404692235, 321.8843514514335, 378.3943858922237, 362.783230183598, 386.33389439884, 397.37680296242627, 391.43786415309336, 417.03653831214285, 394.2957764715022, 446.2108397855867, 399.5263226040344, 503.5738664318819, 399.5263226040344, 519.0748116114662, 402.73993319004575, 548.7534505528653, 405.19740010876035, 565.9557189838673, 397.6359634357924, 566.7118626511641, 384.21441334127434, 568.602221819406, 362.85335474013993, 569.9254732371754, 336.2510811300725, 574.2138436439909, 324.7198902037964, 574.0248077271667, 298.06582593158447, 574.5919154776393, 263.47225315275625, 574.9699873112877, 241.54408680114926, 572.7015563093973, 229.19998964186757, 568.0574876349795, 228.2548100577466, 557.093404459176, 229.38902555869177, 528.9270528523705, 229.38902555869177, 493.3883004894212, 228.76981640210272, 457.64683947484264, 229.9040319030479, 432.69409845404846, 231.79439107128988, 419.2725483595304, 236.52028899189483, 393.9417355050879, 240.01077245772592, 366.73226817204835, 244.68757283061868, 359.725923815936, 263.245655360134, 336.751334798995, 262.2679130952691, 322.48584820156896, 260.3775539270271, 314.7353756117769, 255.84069192324637, 306.98490302198474, 246.95600383250905, 305.47261568739117, 229.37566356785862, 308.4971903565783, 218.60061630887932, 313.03405236035906, 221.81422689489068, 321.3516327006238, 218.03350855840674, 321.7297045342722, 212.17339513685658, 320.0283812828544, 210.661107802263, 313.22308827718325, 209.14882046766942, 299.2344304321926, 204.99003029753706, 286.9470958386197, 204.02983142139482, 270.6242328508171, 202.51754408680122, 254.1781080871119, 199.68200533443826, 240.3784861589454, 198.92586166714148, 226.57886423077895]], "scale": 2, "viewpoint": 2, "zoom_in": 1, "landmarks": [293, 185, 1, 244, 192, 2, 265, 207, 2, 299, 212, 2, 327, 200, 1, 334, 184, 1, 208, 216, 2, 206, 270, 2, 213, 320, 2, 256, 304, 2, 250, 286, 2, 244, 271, 2, 254, 291, 2, 263, 326, 2, 245, 360, 1, 231, 457, 2, 229, 571, 2, 325, 574, 2, 403, 564, 2, 394, 446, 1, 378, 362, 1, 377, 322, 1, 374, 279, 1, 368, 243, 1, 372, 258, 1, 375, 274, 1, 400, 281, 2, 395, 232, 2, 382, 190, 2], "style": 1, "bounding_box": [199, 181, 412, 579], "category_id": 10, "occlusion": 2, "category_name": "short sleeve dress"}}