{"source": "shop", "pair_id": 2108, "item1": {"segmentation": [[387.24050235478876, 259.5271585557283, 377.0364207221356, 256.4659340659323, 371.42417582417636, 264.11899529042216, 362.2405023547885, 280.95572998429986, 353.05682888540065, 286.0577708006265, 336.22009419152295, 288.60879120878974, 332.1384615384617, 292.69042386185106, 317.85274725274724, 291.1598116169531, 301.5262166405022, 291.1598116169531, 292.34254317111436, 294.221036106749, 285.19968602825713, 295.2414442700143, 285.19968602825713, 298.8128728414429, 279.0772370486652, 302.38430141287154, 272.95478806907335, 304.9353218210348, 267.8527472527468, 311.0577708006267, 264.7915227629508, 313.60879120879, 259.68948194662426, 314.6291993720553, 254.07723704866498, 322.2822605965452, 246.4241758241751, 327.38430141287176, 238.77111459968523, 332.4863422291984, 234.17927786499132, 334.527158555729, 222.95478806907286, 340.13940345368826, 223.4649921507055, 345.2414442700148, 234.17927786499132, 344.7312401883822, 243.87315541601185, 350.85368916797404, 253.05682888539968, 360.5475667189945, 258.6690737833589, 372.2822605965457, 263.2609105180528, 379.9353218210356, 262.75070643642016, 397.28226059654594, 235.7098901098893, 414.11899529042364, 242.34254317111385, 421.26185243328086, 252.03642072213438, 422.28226059654617, 260.1996860282569, 419.2210361067502, 270.9139717425427, 414.11899529042364, 279.58744113029786, 409.0169544740971, 287.24050235478774, 406.9761381475664, 291.32213500784906, 413.608791208791, 295.40376766091026, 420.24144427001556, 296.93437990580827, 432.48634222919935, 299.4854003139716, 482.4863422291998, 300.5058084772369, 540.1394034536902, 298.9751962323389, 574.8332810047109, 298.9751962323389, 598.8128728414458, 295.4492935635793, 652.0477237048658, 290.8574568288854, 693.8844583987437, 288.8166405023548, 758.1701726844586, 301.0615384615386, 763.7824175824179, 314.83704866562033, 769.3946624803772, 330.1431711146001, 769.9048665620098, 346.46970172684513, 772.9660910518057, 376.06153846153927, 774.4967032967037, 425.55133437990713, 774.4967032967037, 454.6329670329686, 774.4967032967037, 489.8744113029833, 768.4216640502356, 509.26216640502423, 765.8706436420723, 517.4254317111468, 762.2992150706436, 520.9968602825754, 737.8094191522761, 518.4458398744121, 717.4012558869698, 515.3846153846162, 693.4216640502349, 513.3437990580856, 663.8298273155407, 511.81318681318754, 642.9114599686017, 511.81318681318754, 618.4216640502341, 515.3846153846162, 592.9114599686012, 519.2901098901098, 556.2483516483524, 519.2901098901098, 533.7993720565155, 519.8003139717424, 517.4728414442704, 524.3921507064363, 500.12590266876003, 528.4737833594976, 479.7177394034537, 539.1880690737834, 478.1871271585557, 557.5554160125591, 477.1667189952904, 568.2697017268449, 476.1463108320251, 565.7186813186817, 501.656514913658, 573.8819466248042, 495.0238618524334, 580.004395604396, 488.3912087912089, 586.1268445839879, 477.67692307692306, 590.2084772370492, 471.5544740973312, 595.8207221350084, 469.51365777080053, 594.2901098901104, 446.04427001569826, 587.1472527472532, 407.2687598116163, 577.4533751962327, 356.75855572998313, 570.8207221350082, 331.2483516483502, 559.0860282574571, 323.5952904238603, 539.698273155416, 315.4320251177378, 516.2288854003139, 303.18712715855406, 506.0248037676606, 298.5952904238601, 500.4125588697014, 294.5136577707989, 498.38178963893324, 285.74568288854107, 491.74913657770867, 262.7864992150715, 472.36138147566766, 262.27629513343885, 478.99403453689223, 281.66405023547986, 468.2797488226064, 293.9089481946636, 456.54505494505526, 305.1334379905821, 447.36138147566743, 305.1334379905821, 439.70832025117755, 309.21507064364334, 432.56546310832033, 309.21507064364334, 421.8511773940345, 305.6436420722148, 413.68791208791197, 302.5824175824188, 400.4226059654629, 293.9089481946636, 388.1777080062791, 283.1946624803778, 384.6062794348505, 275.0313971742553, 392.25934065934035, 266.86813186813276]], "scale": 2, "viewpoint": 2, "zoom_in": 1, "landmarks": [437, 273, 1, 377, 260, 2, 401, 295, 2, 436, 312, 2, 475, 293, 2, 488, 265, 2, 290, 296, 2, 258, 318, 2, 224, 345, 2, 250, 424, 2, 277, 413, 2, 290, 409, 2, 299, 428, 2, 302, 585, 2, 291, 757, 2, 417, 777, 2, 518, 763, 1, 516, 592, 2, 533, 460, 2, 543, 419, 2, 538, 448, 2, 529, 480, 2, 598, 471, 2, 588, 410, 2, 570, 331, 2], "style": 1, "bounding_box": [208, 251, 608, 789], "category_id": 1, "occlusion": 1, "category_name": "short sleeve top"}}