{"source": "shop", "pair_id": 2152, "item1": {"segmentation": [[392.72236909253144, 289.71572090417015, 372.85385192671544, 290.00790498013805, 353.56970291283517, 294.68285019562416, 358.24464812832133, 315.7201036653117, 363.50396149574317, 335.8808049070956, 363.21177741977533, 356.3336902248474, 363.21177741977533, 370.06634179533785, 363.21177741977533, 380.29278445421374, 361.7508570399359, 389.642674885186, 362.0046609363891, 398.7552978376338, 361.71247686042125, 410.1504768003812, 358.2062679488066, 421.54565576312865, 354.40787496122414, 433.23301880184397, 353.2391386573526, 437.3235958653943, 355.86879534106356, 441.70635700491255, 359.37500425267814, 442.8750933087841, 359.0828201767103, 446.96567037233444, 356.16097941703146, 452.8093518916921, 352.0704023534811, 466.83418753815045, 350.90166604960956, 478.22936650089787, 347.9798252899307, 488.74799323574166, 345.05798453025193, 499.5588040465533, 343.5970641504125, 511.83053523720434, 340.49203767123, 554.8703339041192, 344.80941780822525, 581.1846746575327, 347.5437928082255, 588.6065496575334, 348.7156678082256, 601.4971746575345, 352.23129280822593, 614.3877996575357, 357.3094178082264, 629.231549657537, 362.38754280822684, 644.8565496575384, 365.5125428082271, 658.9190496575397, 367.8562928082273, 667.9034246575405, 368.6375428082274, 680.0127996575416, 371.7625428082277, 690.5596746575426, 374.887542808228, 706.9659246575441, 377.6219178082282, 721.8096746575454, 379.1844178082283, 728.450299657546, 386.215667808229, 729.2315496575461, 397.15316780822997, 730.0127996575461, 400.66879280823025, 728.0596746575459, 413.1687928082314, 721.4190496575453, 427.2310787671221, 716.2354452054776, 438.5592037671231, 713.1104452054773, 449.1060787671241, 708.8135702054769, 453.7935787671245, 705.6885702054766, 455.74670376712464, 704.1260702054765, 461.60607876712515, 702.1729452054764, 464.7310787671255, 701.3916952054763, 463.9498287671254, 708.4229452054769, 462.38732876712527, 716.2354452054776, 466.2935787671256, 719.751070205478, 471.7623287671261, 715.4541952054775, 471.7623287671261, 708.8135702054769, 473.7154537671263, 704.5166952054766, 480.35607876712686, 701.7823202054763, 479.96545376712686, 694.7510702054757, 482.3092037671271, 681.0791952054744, 481.527953767127, 664.672945205473, 482.3092037671271, 651.7823202054718, 490.9029537671278, 644.7510702054711, 495.9810787671283, 632.64169520547, 500.2779537671287, 620.532320205469, 500.04353595890655, 600.9061643835634, 500.8247859589066, 589.5780393835623, 498.87166095890643, 575.5155393835611, 498.4810359589064, 565.3592893835602, 496.91853595890626, 557.1561643835594, 494.57478595890603, 540.3592893835579, 489.88728595890564, 520.0467893835561, 483.246660958905, 494.65616438355374, 476.99666095890444, 475.515539383552, 469.57478595890376, 456.76553938355033, 465.10637501626087, 446.00714049851723, 469.781320231747, 444.25403604270997, 475.04063359916887, 442.50093158690265, 475.62500175110466, 424.9698870288297, 476.18729763387256, 404.3781727612404, 477.3781062069119, 387.86250938090865, 479.0274273258543, 372.3630155777306, 479.8504725933441, 367.1503955502955, 485.8514444099805, 358.3519177081525, 482.9480576630039, 358.9569157302051, 480.16428843226737, 362.7048896499263, 478.42817732115617, 365.13544520548203, 477.23717128584707, 357.76714773496406, 473.9058208991722, 339.4447206082525, 474.61968169631683, 321.8361542786855, 485.56554725253415, 314.69754630723946, 491.7523408277874, 313.50777831199844, 496.51141280875146, 312.79391751485383, 499.12890239828164, 313.26982471295025, 501.5084383887637, 314.4595927081912, 504.12592797829393, 320.4084326843963, 506.0295567706795, 320.6463862834445, 502.2222991859083, 312.0800567177092, 499.60480959637806, 307.7968919348416, 496.2734592097032, 306.13121674150415, 492.2282480258838, 302.0860055576847, 487.4691760449197, 299.7064695672027, 478.6648928801363, 298.9926087700581, 460.58041935247286, 295.4233047843351, 453.679764980075, 307.55893833579336, 449.8725073953038, 310.8902887224682, 443.4477602210023, 313.50777831199844, 435.8332450514598, 313.98368551009486, 423.9355650990497, 313.98368551009486, 415.1312819342662, 313.031871113902, 407.0408595666273, 308.5107527319862, 401.0920195904223, 304.46554154816675, 396.09499401041, 297.32693357672065]], "scale": 1, "viewpoint": 2, "zoom_in": 1, "landmarks": [424, 292, 1, 393, 290, 1, 401, 306, 2, 427, 314, 2, 451, 311, 2, 461, 297, 1, 353, 294, 1, 364, 355, 2, 365, 391, 2, 358, 436, 2, 346, 584, 2, 379, 724, 2, 426, 714, 2, 473, 708, 2, 499, 585, 2, 471, 442, 2, 476, 403, 2, 479, 368, 2, 500, 309, 2], "style": 1, "bounding_box": [340, 288, 508, 733], "category_id": 12, "occlusion": 2, "category_name": "vest dress"}}