{"source": "shop", "pair_id": 2152, "item1": {"segmentation": [[293.0402083323181, 281.57947985194244, 259.149143896574, 282.0066781431493, 264.9875205430677, 322.163317516594, 266.2691154166883, 339.1088497344661, 264.2755233910563, 348.36481271061473, 264.28721838559846, 356.7728518057321, 263.25416053435873, 369.3761575908569, 262.221102683119, 380.1199592437502, 262.928506736106, 393.5557341786462, 262.3086720253621, 399.7540812860846, 257.34999433941135, 412.5639986414574, 253.01115136420447, 425.5805275670781, 256.3169364881716, 426.6135854183178, 260.6557794633785, 427.0268085588137, 260.0359447526347, 431.98548624476445, 257.14338276916345, 441.2830069059221, 254.870655496436, 454.09292426129485, 252.39131665346065, 464.42350277369223, 249.49875466998935, 473.5144118646019, 247.22602739726193, 484.2582135174952, 243.5556672864586, 522.4721967138541, 240.50857587371598, 535.2145789853233, 238.98358061700944, 549.1538155048778, 239.6417864825098, 557.9689233555987, 238.81534020151798, 573.4647911241948, 237.04452244526414, 585.1648958372905, 237.5985390657628, 595.9682199370144, 238.487811634346, 609.9686031950746, 238.21080332409667, 623.5420103972917, 239.59584487534332, 629.9132015330263, 239.318836565094, 639.8855007020021, 239.04182825484466, 644.3176336659914, 240.70387811634063, 649.8577998709779, 241.2578947368393, 661.4921489014498, 241.81191135733795, 669.2483815884309, 243.1969529085846, 677.0046142754122, 242.91994459833526, 687.2539217546373, 249.0141274238205, 688.9159716161333, 259.540443213295, 691.4090464083772, 276.43795013850405, 694.1791295108706, 288.3493074792252, 696.3951959928652, 297.2100645307404, 696.8877957658782, 310.5099722991715, 696.9492126133639, 320.48227146814736, 697.2262209236131, 330.4545706371232, 696.1181876826158, 338.764819944603, 695.5641710621172, 346.5210526315842, 692.7940879596239, 352.6152354570695, 691.132038098128, 359.6666930827541, 690.9309973961272, 364.24958448754126, 688.3619549956346, 376.40223027283787, 685.7657081399285, 387.228767123288, 681.273972602738, 387.72876712328804, 665.7739726027369, 387.97876712328804, 646.2739726027354, 388.7287671232881, 621.0239726027336, 388.1575342465749, 598.0260273972606, 388.1575342465749, 580.0260273972593, 387.15753424657487, 567.7760273972584, 385.90753424657476, 555.2760273972575, 385.4075342465747, 542.5260273972566, 384.40753424657464, 532.2760273972558, 383.1575342465745, 519.2760273972549, 380.88325047971176, 506.5221615534527, 376.55658741859736, 493.7585055231652, 372.22992435748296, 476.6681864317633, 369.20126021470287, 464.5535298606429, 364.441930847477, 451.35720752424396, 359.8989346333069, 440.10788356534647, 356.8702704905268, 432.1035569022848, 360.76426724552977, 430.37289167783905, 365.3072634596999, 429.29122591256044, 367.2542618372014, 428.6422264533933, 367.68692814331285, 418.90723456588586, 366.8114916286161, 403.77625570776434, 366.29065829528275, 392.1443112633192, 364.3809360730604, 382.42208904109634, 362.297602739727, 362.8040334855396, 360.0406582952824, 350.30403348553887, 361.60315829528247, 343.35958904109395, 363.86010273972704, 337.630422374427, 367.3323249619495, 330.6859779299821, 369.24204718417184, 328.0818112633153, 375.56033071249016, 323.56239766556206, 380.14612952905844, 320.75174677798793, 384.7319283456268, 318.23695387857947, 388.61738354285245, 316.7398199823392, 390.9449460971064, 317.4973089081652, 393.1638810083491, 317.4973089081652, 393.1638810083491, 320.0121018075737, 393.0159520142663, 322.08310772473357, 394.49524195509474, 321.78724973656784, 395.82660290184043, 319.27245683715944, 394.79109994326046, 313.6511550620112, 392.1839130353081, 306.72610256121385, 386.0632892923724, 299.89375861230627, 382.4445440366793, 297.53543040757825, 374.3768987598273, 296.9351787306493, 369.0514549728448, 294.56831482532374, 361.95086325686805, 293.68074086082663, 356.7733484639684, 292.64523790224666, 354.55441355272563, 299.00618464780916, 351.00411769473726, 302.4085515117147, 347.60175083083175, 305.5150603874545, 339.4672691902435, 308.2908162438206, 327.48502066953273, 310.0659641728148, 319.94064197130746, 309.91803517873194, 313.4317662316621, 307.40324227932354, 308.2542514387624, 304.8884493799151, 301.74537569911706, 299.2671476047668, 297.45543487071444, 294.08963281186715]], "scale": 1, "viewpoint": 2, "zoom_in": 1, "landmarks": [323, 304, 1, 293, 282, 1, 301, 298, 2, 319, 310, 2, 344, 305, 1, 356, 292, 1, 259, 282, 1, 267, 342, 2, 263, 382, 2, 257, 425, 2, 239, 535, 1, 245, 685, 2, 322, 696, 2, 386, 682, 2, 384, 541, 2, 366, 426, 2, 365, 387, 1, 364, 350, 1, 395, 318, 2], "style": 1, "bounding_box": [235, 275, 398, 700], "category_id": 12, "occlusion": 2, "category_name": "vest dress"}}