{"source": "shop", "pair_id": 2152, "item1": {"segmentation": [[330.3030008905624, 358.95554199145613, 305.1751703573244, 365.9679598146853, 304.00643405345284, 390.21923812001967, 306.63609073716384, 415.9314368051934, 308.9735633449069, 420.6063820206795, 308.681379268939, 429.07972022374815, 309.5579314968426, 438.4296106547204, 311.89540410458574, 450.4091577694037, 311.7028527972644, 455.0647808119111, 310.241932417425, 464.4146712428834, 310.5341164933929, 475.2254820536951, 311.4106687212966, 482.82226802886004, 311.7028527972644, 490.7112380799929, 309.94974834145717, 500.06112851096515, 308.19664388564985, 509.41101894193747, 308.7810120375856, 516.1312526891987, 309.6995620165846, 520.6136737800125, 309.019289907741, 531.7247848911244, 307.4319883204393, 542.6091386326218, 304.4841425154504, 553.9470071133483, 300.85602460161795, 565.0581182244601, 293.0540361188817, 582.7162155756639, 286.4796416552133, 621.1245200739372, 284.0574963264933, 638.4255581362224, 283.01943404275625, 649.1522017348393, 281.6353509977734, 669.9134474095816, 281.6353509977734, 687.9065269943584, 282.3273925202648, 708.321751907855, 282.3273925202648, 726.3148314926317, 282.4594543315757, 749.3848897658715, 283.2904792623237, 772.6535878268153, 283.84449588282234, 790.3821196827723, 284.398512503321, 807.0026182977322, 286.63628739166995, 821.3810455689193, 286.96617622188336, 827.4214442753263, 289.5340774564515, 829.3967529173018, 292.8921021478097, 831.1745306950796, 298.6204972095385, 832.1621850160674, 301.78099103669916, 832.359715880265, 303.9538305428722, 833.5449010654502, 307.90444782682306, 833.9399627938453, 312.0525959749715, 834.7300862506354, 312.6451885675641, 837.6930492135986, 319.3612379502806, 839.0757652629815, 333.9785219008989, 840.6560121765617, 339.31185523423255, 840.6560121765617, 344.8427194317638, 840.6560121765617, 348.20074412312204, 839.4708269913765, 354.91679350583854, 838.8782343987839, 366.1163537967173, 838.9937426010473, 374.6101809572117, 838.2036191442571, 383.4990698461012, 837.6110265516645, 393.37561305597836, 837.6110265516645, 401.0793167596826, 837.6110265516645, 405.0299340436335, 837.6110265516645, 423.00524268561, 837.0184339590719, 432.4867241670921, 836.6233722306768, 439.00524268561105, 835.6357179096891, 444.14104515474725, 835.4381870454915, 447.1040081177104, 834.2530018603062, 448.0916624386981, 822.0060882800585, 449.4743784880809, 811.7344833417862, 449.4743784880809, 798.1048537121557, 451.05986808726567, 767.3301200744162, 451.36851006257433, 755.9103669879955, 451.05986808726567, 743.2560460003401, 450.4425841366483, 727.8239472349067, 450.13394216133963, 712.0832064941646, 448.899374260105, 692.3301200744099, 447.6648063588703, 677.2066632842851, 447.35616438356163, 660.8486385929258, 445.8129545070183, 643.873329950949, 443.6524606798576, 625.354811432429, 440.2573989514623, 603.4412311855135, 441.24961948249387, 584.3781498393405, 438.1631997294072, 572.3411128023024, 434.1508540503945, 558.4522239134124, 429.5212244207645, 541.4769152714357, 425.5088787417518, 527.8966683578543, 422.42245898866514, 517.4028411973595, 428.9039404701472, 517.4028411973595, 432.60764417385116, 514.3164214442729, 433.22492812446853, 509.0695078640255, 428.9039404701472, 496.72382885167883, 427.6693725689125, 480.98308811093676, 424.8915947911345, 467.71148317266403, 424.8915947911345, 454.7485202097, 425.6849315068493, 441.34517165567746, 425.99357348215796, 437.6414679519735, 425.6849315068493, 432.7031963470348, 425.6849315068493, 421.28344326061404, 430.623203111788, 408.32048029765, 435.8701166920353, 400.913072890242, 438.64789446981337, 394.74023338406863, 441.7343142229, 390.4192457297473, 446.6725858278387, 387.3328259766606, 452.4293858582569, 384.7195158196277, 449.7995370745618, 379.72280313060696, 445.32879414228006, 371.044302144413, 438.2282024263032, 368.67743823908734, 433.7574594940214, 366.83654409050075, 421.66015508902376, 365.5216196986532, 415.34851800815545, 364.2066953068056, 409.82583556239564, 362.6287860365885, 407.45897165707004, 361.5768465231105, 402.9882287247883, 369.4663928741959, 398.0549386218511, 375.16536525177327, 393.0582259328303, 379.110138427316, 386.746588851962, 381.4770023326416, 381.7498761629412, 383.3178964812282, 374.1233146902253, 384.1068511163367, 365.70779858240087, 383.84386623796723, 359.9221312582715, 383.5808813595977, 354.1364639341422, 381.7399872110111, 348.0878117316434, 379.636108184055, 344.6690083128397, 377.2692442787294, 340.4612502589275, 372.2725315897086]], "scale": 2, "viewpoint": 2, "zoom_in": 1, "landmarks": [370, 361, 1, 331, 360, 1, 346, 376, 2, 369, 384, 2, 398, 378, 2, 409, 362, 2, 305, 366, 1, 310, 430, 2, 313, 470, 2, 310, 513, 2, 282, 660, 2, 292, 829, 2, 373, 838, 2, 446, 834, 2, 446, 659, 2, 427, 513, 2, 427, 472, 2, 425, 429, 2, 452, 385, 2], "style": 2, "bounding_box": [279, 359, 455, 845], "category_id": 12, "occlusion": 1, "category_name": "vest dress"}}