{"source": "shop", "pair_id": 2152, "item1": {"segmentation": [[363.9894858381032, 375.338058244119, 325.27980841874455, 382.41402078314155, 336.93433495360523, 406.1393069433936, 338.98801654460465, 430.01097408264553, 340.09604978560196, 440.5372898721201, 339.5420331651033, 448.01651424885193, 338.433999924106, 456.60377186658116, 338.433999924106, 465.74504610480903, 337.87998330360733, 472.1162372405436, 337.3259666831087, 479.3184533070262, 338.433999924106, 485.96665275301007, 338.15699161385663, 492.8918605092433, 337.3259666831087, 500.9251015064739, 335.940925131862, 508.95834250370444, 329.2927256858781, 517.5456001214336, 326.5226425833848, 525.0248244981656, 326.7996508936341, 530.5649907031521, 328.73870906537945, 534.4431070466428, 330.9547755473741, 536.1051569081387, 325.603134368009, 546.9383675482816, 318.4009183015265, 562.7278412324933, 312.86075209653984, 577.686289985957, 309.81366068379725, 590.7056805676756, 305.10451940955863, 606.218145941638, 294.85521193033344, 641.3982013433028, 287.09897924335223, 661.0657913710053, 287.01881379729, 668.3045194095507, 283.6947140742981, 682.4319432322666, 282.58668083330076, 695.7283421242344, 280.64762266155543, 704.3155997419635, 280.0936060410568, 714.5649072211887, 278.70856448981016, 730.0773725951512, 277.3235229385635, 734.5095055591405, 277.60053124881284, 741.1577050051244, 277.3235229385635, 747.5288961408589, 277.0465146283142, 755.5621371380895, 275.3844647668182, 761.9333282738241, 275.10745645656885, 773.0136606837973, 273.52336356392044, 790.0018593708488, 272.6923386331725, 803.2982582628166, 271.58430539217517, 809.9464577088005, 271.3072970819258, 816.3176488445351, 278.23250483815906, 819.3647402572777, 291.25189541987754, 822.134823359771, 299.56214472735746, 823.796873221267, 315.0746101013199, 827.9519978750069, 332.2491253367783, 830.7220809775002, 341.94441619550486, 832.6611391492455, 352.47073198497935, 834.3231890107415, 361.31984263986004, 834.6802714536531, 369.32416930292175, 835.3292709128202, 384.4674900168222, 834.8966046067087, 396.9778621029862, 835.3079194019701, 406.95016127196203, 836.1389443327181, 421.07758509467783, 835.3079194019701, 432.43492581490034, 835.3079194019701, 441.2991917428789, 835.3079194019701, 448.7784161196108, 834.4768944712221, 451.27149091185476, 832.5378362994768, 452.10251584260277, 826.1666451637423, 453.4875573938494, 815.0863127537691, 454.3185823245974, 809.8231548590318, 454.3185823245974, 797.357780897812, 454.3185823245974, 786.8314651083374, 456.8116571168414, 760.5156756346512, 457.64268204758935, 746.111243501686, 458.196698668088, 730.3217698174742, 457.64268204758935, 717.8563958562544, 458.196698668088, 705.9450385155333, 457.64268204758935, 684.8924069365842, 455.83355215725663, 664.4330284977038, 456.110560467506, 648.9205631237414, 456.3875687777553, 631.746047888283, 456.110560467506, 621.7737487193072, 455.279535536758, 611.524441240082, 452.2324441240154, 593.5189010738756, 450.13526353736034, 575.2214093272104, 445.9801388836204, 561.0939855044945, 444.0410807118751, 553.891769438012, 442.9330474708778, 547.243569992028, 448.4732136758644, 544.1964785792854, 451.7973133988563, 541.9804120972908, 454.84440481159896, 537.8252874435509, 453.4593632603523, 523.4208553105857, 453.4593632603523, 509.29343148786995, 453.4593632603523, 495.7200242856528, 453.33385193336886, 483.57752058589625, 454.99590179486484, 471.6661632451751, 455.8269267256128, 463.6329222479445, 456.10393503586215, 455.8766895609633, 456.10393503586215, 447.84344856373275, 458.3200015178568, 436.7631161537596, 461.09008462035007, 429.00688346677833, 466.6302508253367, 422.0816757105451, 471.33939209957526, 416.81851781580787, 477.1565666148112, 412.6633931620679, 481.8657078890498, 409.8933100595746, 484.35878268129375, 408.7852768185773, 483.8047660607951, 412.38638485181855, 486.85185747353773, 411.27835161082123, 489.06792395553236, 408.50826850832794, 488.790915645283, 405.184168785336, 485.7438242325404, 397.15092778810543, 479.4288137979105, 390.29912948131664, 472.72443365082194, 386.62461199863094, 462.47512617159674, 383.5775205858883, 455.2729101051142, 381.08444579364436, 448.9017189693796, 377.48333776040306, 442.80753614389437, 381.9154707243923, 437.8213865594064, 388.5636701703762, 431.1731871134225, 392.99580313436553, 424.24797935718925, 396.87391947785613, 416.04319995258425, 398.9524556035455, 405.87554175896537, 399.1687887566012, 395.7161234015083, 397.4279360983548, 386.8518574735298, 394.6578529958615, 380.4806663377952, 391.33375327286956, 375.156234025053, 386.18879957325794, 371.0459041169943, 382.5111359713107]], "scale": 2, "viewpoint": 2, "zoom_in": 1, "landmarks": [404, 379, 1, 366, 375, 1, 378, 391, 2, 401, 399, 2, 431, 395, 2, 443, 380, 2, 323, 384, 1, 341, 444, 2, 339, 479, 2, 330, 526, 2, 289, 650, 1, 274, 819, 2, 366, 838, 2, 451, 836, 2, 456, 666, 2, 450, 541, 2, 452, 491, 2, 456, 449, 2, 484, 405, 2], "style": 1, "bounding_box": [269, 373, 492, 841], "category_id": 12, "occlusion": 2, "category_name": "vest dress"}}