{"source": "shop", "pair_id": 2156, "item1": {"segmentation": [[240.1966002747252, 216.85525412087875, 249.96222527472537, 230.52712912087898, 257.3841002747255, 239.12087912087912, 266.0290402118664, 245.32647407993724, 272.9542479680992, 246.15749901068517, 279.6497252747258, 237.9490041208791, 287.071600274726, 225.4490041208789, 287.071600274726, 215.68337912087873, 295.2747252747261, 218.80837912087878, 302.3059752747262, 219.19900412087878, 307.77472527472634, 226.23025412087893, 312.2894280235014, 229.8140087059758, 314.0247252747264, 234.82400412087907, 315.97785027472645, 244.1990041208792, 314.4153502747264, 259.82400412087947, 314.0247252747264, 271.54275412087964, 316.36847527472645, 278.96462912087975, 317.9309752747265, 287.1677541208799, 321.0559752747265, 303.5740041208802, 320.2747252747265, 314.9021291208804, 318.3216002747265, 317.24587912088043, 318.82984203296695, 325.08070054945046, 318.82984203296695, 332.11195054945057, 327.42359203296706, 357.893200549451, 334.4548420329672, 381.3307005494514, 339.5329670329673, 400.4713255494517, 341.1023351648349, 427.84512362637327, 343.836710164835, 467.6888736263739, 345.789835164835, 513.0013736263746, 347.5455013736264, 564.1019917582418, 346.7642513736264, 607.4613667582425, 345.2017513736264, 622.3051167582428, 343.63925137362634, 627.7738667582428, 339.3423763736263, 628.5551167582429, 338.6076527350768, 630.7375726766306, 335.83756963258367, 634.3386807098717, 328.35834525585227, 633.7846640893731, 324.75723722261125, 632.3996225381266, 319.4940793278743, 632.3996225381266, 311.46083833064426, 634.3386807098717, 299.5494809899239, 636.2777388816169, 286.53009040820626, 636.5547471918662, 277.9428327904776, 637.9397887431128, 274.6187330674859, 633.7846640893731, 267.97053362150245, 630.4605643663813, 259.10626769352444, 634.3386807098717, 257.9982344525272, 637.6627804328634, 257.1672095217793, 643.4799549480989, 254.12011810903687, 647.6350796018386, 248.30294359380133, 650.4051627043317, 238.33064442482612, 650.4051627043317, 237.7766278043275, 642.3719217071017, 230.2974034275961, 641.5408967763537, 224.2586222641622, 640.048095948373, 217.88743112842803, 633.9539131228881, 210.40820675169664, 632.2918632613923, 203.48299899546384, 628.6907552281513, 195.72676630848315, 625.9206721256581, 192.67967489574073, 623.150589023165, 192.1256582752421, 617.3334145079294, 197.94283279047764, 586.8625003805053, 204.5910322364611, 546.696295394355, 212.12200541840446, 496.94742930200044, 214.06106359014964, 472.57069800006104, 215.44610514139617, 442.0997838726368, 220.9862713463824, 401.93357888648666, 224.31037106937416, 373.1247146205583, 223.91038324556322, 356.70938479802794, 225.01841648656048, 330.116587014094, 226.40345803780704, 321.25232108611607, 226.40345803780704, 319.0362546041216, 223.91038324556322, 308.50993881464774, 221.41730845331944, 295.4905482329301, 218.64722535082632, 280.8091077897166, 217.8162004200784, 263.9116008645086, 215.8771422483332, 238.9808529420706, 215.3231256278346, 219.59027122461885, 215.85424688339597, 215.44423452811307, 223.36976043347246, 214.57855164226368, 235.55812608444216, 214.57855164226368]], "scale": 2, "viewpoint": 2, "zoom_in": 1, "landmarks": [265, 216, 1, 240, 217, 1, 250, 236, 1, 269, 248, 2, 283, 236, 2, 289, 216, 2, 216, 216, 2, 220, 265, 2, 222, 294, 2, 226, 331, 2, 216, 462, 2, 194, 622, 2, 278, 638, 2, 343, 628, 2, 343, 459, 2, 316, 329, 2, 318, 294, 2, 314, 260, 2, 301, 220, 2], "style": 1, "bounding_box": [189, 207, 349, 655], "category_id": 12, "occlusion": 1, "category_name": "vest dress"}}