{"source": "shop", "pair_id": 2152, "item1": {"segmentation": [[191.62548805747778, 17.616136165785736, 179.6459409427946, 21.414529153368207, 167.08202567617568, 23.752001761111266, 160.0696078529465, 27.550394748693737, 150.42753334600636, 34.27062849595503, 147.21350851035965, 39.822125939344794, 150.1353492700385, 48.0032800664455, 151.11428571428627, 43.056220296338594, 154.68571428571502, 45.73479172491017, 157.43995116923554, 50.048568598220676, 163.10408163265424, 58.87254682695166, 166.4976575242399, 70.79363799194033, 169.7116823598866, 81.02008065081623, 169.7116823598866, 88.32468255001328, 170.88041866375812, 95.04491629727457, 172.34133904359754, 103.51825450034316, 172.34133904359754, 107.9010156398614, 169.9239034681338, 111.26341282626144, 169.09143728707232, 136.23739825810557, 167.84273801548014, 160.795150599419, 167.62740581301026, 180.0856984020665, 164.29754108876438, 228.7849699941626, 163.04884181717216, 277.06800849572795, 165.5462403603566, 309.1179564665946, 166.98157170755283, 327.5044773566269, 166.5653386170221, 349.1485980642252, 164.06794007383766, 367.04662095704685, 164.06794007383766, 378.7011474919075, 162.40300771171474, 392.8530725699525, 161.986774621184, 411.16732855330486, 162.81924080224547, 434.47638162302604, 163.23547389277618, 456.5367354211551, 166.14910552649135, 471.9373597707923, 165.31663934542988, 480.262021581407, 169.47897025073723, 474.018525223446, 176.97116588029047, 473.60229213291524, 188.6256924151511, 474.018525223446, 199.86398585948095, 474.85099140450745, 206.93994839850347, 475.2672244950382, 210.6860462132801, 475.68345758556893, 209.85358003221862, 483.5918863056529, 217.7620087523026, 483.17565321512217, 224.42173820079438, 481.5107208529992, 234.82756546406276, 479.0133223098148, 243.5684603652082, 478.18085612875336, 258.136618533784, 478.18085612875336, 271.45607743076755, 477.76462303822257, 275.6184083360749, 477.76462303822257, 278.94827306032073, 476.9321568571611, 288.93786723305845, 476.9321568571611, 301.4248599489805, 476.9321568571611, 310.9982210311874, 476.9321568571611, 317.24171738914845, 478.18085612875336, 321.8202813849865, 477.3483899476919, 323.90144683764026, 474.018525223446, 331.80987555772424, 474.85099140450745, 330.56117628613197, 451.5419383347862, 328.97244218867377, 436.6192298728538, 327.0820830204317, 416.2033508558393, 324.8136520185412, 398.8120465080121, 323.1123287671233, 377.64002382370074, 321.7890773493538, 363.0842582282367, 319.8413962762507, 342.67449050936, 317.1948934407118, 326.9845094129507, 315.9215081087899, 313.34041058847504, 320.2481711699043, 307.932081762082, 322.1951695474058, 297.54809041540744, 320.68083747601577, 280.02510501789413, 320.2481711699043, 272.2371115078882, 320.46450432296007, 261.6367870081579, 317.0031738740685, 243.68113530453314, 312.6765108129541, 229.4031472028556, 308.133514598784, 211.2311623461751, 304.59664683612925, 202.51573082821773, 302.00064899946057, 191.91540632848742, 298.1066522444576, 179.58441660431137, 294.2126554894547, 169.2004252576368, 299.40465116279194, 165.955427961801, 302.8659816116835, 160.76343228846372, 300.0536506219591, 154.70610400290354, 296.15965386695615, 146.91811049289763, 296.9286752557855, 137.1476607125685, 296.0633426435626, 121.78800684561237, 294.981676878284, 111.18768234588208, 295.8470094905069, 104.26502144809903, 298.4430073271755, 91.50136541781154, 300.390005704677, 78.73770938752406, 302.63034294731654, 68.94061210428806, 305.22634078398517, 57.90762129844634, 307.82233862065385, 49.254295176217525, 309.7693369981553, 43.84596634982452, 309.7693369981553, 40.60096905398872, 300.68334456981506, 34.54364076842855, 290.5156863761962, 26.97198041147835, 275.80503196840726, 19.40032005452814, 270.61303629506995, 29.56797824814699, 261.95971017284114, 39.951969594821556, 255.80534627093135, 43.17627473364005, 248.51367960426424, 44.56516362252902, 241.7428462709305, 45.78044140030687, 232.7150684931522, 45.78044140030687, 222.99284627092936, 44.56516362252902, 211.1872907153731, 40.74571917808435, 207.1942351598173, 37.44710806697304, 201.11784627092806, 31.891552511417153, 197.12479071537226, 27.37766362252799, 191.56923515981637, 23.3846080669722]], "scale": 2, "viewpoint": 2, "zoom_in": 1, "landmarks": [232, 23, 1, 192, 18, 2, 203, 33, 2, 232, 44, 2, 259, 39, 2, 277, 20, 1, 149, 37, 2, 171, 92, 2, 168, 133, 2, 165, 171, 2, 167, 307, 2, 168, 475, 2, 255, 481, 2, 329, 474, 2, 316, 313, 2, 297, 165, 2, 295, 127, 2, 295, 93, 2, 307, 40, 2], "style": 1, "bounding_box": [146, 16, 334, 487], "category_id": 12, "occlusion": 1, "category_name": "vest dress"}}