{"source": "shop", "pair_id": 2158, "item1": {"segmentation": [[274.8642517975827, 277.8632478632419, 268.16561622334564, 317.3105460797171, 272.3279471286526, 333.1274035198837, 262.75458604644655, 342.70076460208986, 265.25198458963075, 347.69556168845827, 264.00328531803865, 367.67475003393196, 271.91171403812194, 371.42084784870826, 277.73897730555177, 377.6643442066688, 278.5714434866132, 386.82147219834417, 286.0636391161658, 392.2325023752433, 292.723368564657, 398.05976564267314, 292.723368564657, 407.6331267248793, 297.3019325604947, 407.21689363434854, 302.2967296468631, 408.46559290594064, 305.210361280578, 421.7850518029231, 312.7025569101307, 415.54155544496257, 322.6921510828675, 411.79545763018626, 336.8440761609113, 414.70908926390115, 346.8336703336482, 408.46559290594064, 358.9044299590385, 400.1409310953266, 367.6453248601832, 399.7246980047959, 372.22388885602095, 391.81626928471263, 380.5485506666349, 384.32407365515996, 389.2894455677797, 379.32927656879156, 398.8628066499858, 368.09098312446264, 401.7620132953461, 357.0423823090495, 409.2686339132533, 346.0306293263355, 411.4410256410264, 326.6226292226257, 417.1770626333366, 324.386508618739, 452.14064223791553, 338.95466678731356, 476.31178759129057, 349.8587127158558, 461.51586922394347, 365.16483516483555, 452.3321957545556, 383.0219780219786, 449.78117534639233, 400.368916797489, 449.2709712647596, 412.10361067504016, 445.69954269333107, 433.53218210361183, 448.760767183127, 489.6546310832042, 449.7728937728923, 506.3667345000698, 443.649436982768, 523.9469814136525, 418.60214353547644, 585.2589065255697, 410.70090896757415, 602.4440917107572, 403.7873287206596, 619.0366843033521, 392.16374983041663, 654.7394654727981, 387.6205399538728, 673.1098358431709, 383.08850902184275, 711.0882648215945, 378.1502374169038, 729.6561660561649, 384.5380002713343, 743.5612806946162, 388.61378374711745, 757.0905982905979, 388.2187220187223, 764.596771130105, 380.31748745082, 773.6831908831927, 378.214217880884, 778.448785782116, 379.00434133767425, 783.9796499796477, 380.9796499796498, 786.942612942611, 378.4117487450816, 797.214217880884, 374.8561931895255, 802.9426129426132, 372.16312576312527, 808.9297245963917, 370.19340659340656, 837.0, 118.4623253289917, 835.8299552299553, 104.63516483516267, 825.1632885632872, 83.54128340795066, 815.2423280423282, 66.55362908696071, 810.8966490299819, 43.80154660154581, 808.5346628679965, 50.912657712657875, 787.3988603988579, 55.455867589201695, 779.300094966758, 60.39413919414063, 771.0037986704606, 64.34475647809178, 767.0531813865094, 64.93734907068445, 759.5470085470023, 70.2706824040185, 752.6334283000878, 81.96103649437019, 737.688156288156, 88.28202414869203, 726.6264278930929, 89.8622710622725, 721.4906254239564, 96.38078958079188, 716.9474155474126, 92.82523402523586, 707.2684032017322, 99.5412834079528, 701.9350698683982, 104.47955501289175, 700.9474155474104, 108.4301722968429, 685.1449464116058, 109.81288834622579, 679.8116130782718, 116.13387600054763, 679.4165513498766, 124.11835571835532, 666.8220865554164, 125.1060100393431, 657.5381359381312, 133.79736806403562, 653.192456925785, 140.11835571835746, 644.69862976529, 140.71094831095013, 635.4146791480048, 149.79736806403778, 632.0566544566464, 157.2088183421519, 625.6887532220888, 161.15943562610303, 613.0467779134452, 170.6409171075858, 607.5159137159136, 184.86313932980994, 593.6887532220845, 187.23350970018063, 584.7998643331945, 187.62857142857575, 561.4912223578827, 188.8137566137611, 548.4541853208439, 186.41264414597754, 526.0083299416618, 184.83239723239708, 497.9589472256087, 182.51762311762127, 466.6686202686176, 183.3077465744115, 437.4340523673791, 185.3610093610095, 423.37083163750225, 184.96594763261442, 408.5560168226854, 194.44742911409716, 391.37083163749793, 195.43508343508495, 383.07453534120054, 201.16347849681412, 370.6300908967544, 202.54619454619703, 362.92638719304966, 198.0029846696532, 362.1362637362594, 198.59557726224585, 357.7905847239132, 191.08940442273868, 350.87700447699865, 196.81779948446786, 347.71651064983774, 201.36100936101167, 348.11157237823284, 204.0456925790266, 341.3874372541045, 195.3543345543341, 327.5602767602755, 201.87285307285347, 326.77015330348524, 203.45309998643393, 315.5108940442245, 200.29260615927302, 294.5726224392834, 228.38081671415043, 284.0258309591643]], "scale": 3, "viewpoint": 2, "zoom_in": 2, "landmarks": [323, 394, 1, 274, 278, 1, 265, 363, 2, 316, 420, 2, 378, 388, 1, 411, 327, 1, 200, 295, 1, 188, 504, 2, 188, 559, 2, 170, 614, 2, 119, 682, 2, 46, 798, 1, 0, 0, 0, 0, 0, 0, 379, 733, 2, 388, 672, 2, 409, 613, 2, 432, 551, 2, 477, 350, 2], "style": 2, "bounding_box": [38, 269, 479, 837], "category_id": 12, "occlusion": 2, "category_name": "vest dress"}}