{"source": "shop", "pair_id": 2156, "item1": {"segmentation": [[208.8939733675008, 221.38627583005942, 218.65007092847654, 221.14832223101124, 224.83686450372943, 223.28990462244494, 227.21640049421134, 226.85920860816776, 228.88207568754865, 239.23279575867357, 231.26161167803053, 245.89549653202286, 235.30682286184975, 251.13047571108302, 244.1111060266327, 251.6063829091794, 253.3912963895121, 246.84731092821562, 264.57511554477696, 236.6153061691435, 275.2830275019454, 226.1453478110232, 280.5180066810056, 222.33809022625218, 284.0873106667284, 223.28990462244494, 295.27112982199327, 225.43148701387864, 293.8434082277041, 232.3321413862761, 294.7952226238969, 261.1245268711069, 292.27814422341476, 276.2887083172626, 290.8504226291256, 296.0388570382623, 290.37451543102924, 308.1744905897199, 287.0431650443546, 316.5028665564065, 284.1877218557763, 320.3101241411775, 284.96329605288446, 326.90034205772713, 287.6843844882586, 335.5171221030786, 290.85898766286175, 343.68038740920105, 293.8068334678504, 351.61689534570894, 298.7954955993697, 362.0477343479765, 302.0342417843905, 368.3767511489116, 305.06174372920344, 376.4159219721384, 308.8690013139745, 386.6479267312105, 310.77263010635994, 409.0155650417402, 314.579887691131, 431.1452497532218, 317.19737728066104, 443.51883690372756, 320.6809133757379, 477.76637401860444, 323.06044936621976, 497.2785691405559, 327.34361414908716, 515.8389498663146, 330.4370109367136, 549.3904073321092, 333.53040772434, 578.6587000150364, 335.43403651672554, 592.9359159579277, 334.561714311863, 596.5005131691624, 330.2785495289956, 601.7354923482226, 322.4260807604054, 604.3529819377526, 315.28747278895975, 607.2084251263309, 314.8115655908633, 618.8681514796922, 311.7181688032369, 630.2899242340052, 305.2934216289358, 638.6183002006918, 293.63369527557455, 640.5219289930773, 270.0762889698039, 636.7146714083063, 262.69972739931006, 635.5249034130653, 262.4617738002619, 625.7688058520896, 261.7479130031173, 621.9615482673186, 258.65451621549084, 620.2958730739813, 247.47069706022597, 619.1061050787404, 246.7568362630814, 626.9585738473305, 243.76123578979008, 630.0456949356412, 238.05034941263355, 632.6631845251712, 227.1044838564169, 632.6631845251712, 221.63155107830855, 631.7113701289785, 222.3454118754531, 635.0427205156532, 221.15564388021215, 636.4704421099423, 216.87247909734475, 634.5668133175568, 214.49294310686287, 630.0456949356412, 214.0170359087665, 625.5245765537256, 212.11340711638098, 625.5245765537256, 210.2097783239955, 628.1420661432556, 204.73684554588715, 626.7143445489666, 202.35730955540527, 624.5727621575328, 197.83619117348968, 624.3348085584846, 194.26688718776686, 620.2895973746654, 186.6523720182248, 619.813690176569, 182.13125363630922, 614.3407573984607, 184.27283602774293, 599.587634257473, 187.398134286891, 570.8998437612357, 192.63311346595114, 518.0741447725379, 193.82288146119208, 491.89924887723714, 195.90536768407065, 461.8621830281558, 195.0921416477633, 449.3426858685637, 196.04395604395606, 415.5532748037209, 200.08916722777528, 367.24869419693863, 201.27893522301622, 342.97742709402337, 201.79458851677768, 323.82033195834526, 201.5566349177295, 313.8262807983213, 199.1770989272476, 311.9226520059358, 200.12891332344037, 286.22366330873143, 201.5566349177295, 264.33193219629806, 201.15342123670501, 256.8680338103305, 202.0325421158259, 246.96131946578032, 204.41207810630777, 227.92503154192522, 204.96067882147602, 224.03043714168044]], "scale": 2, "viewpoint": 2, "zoom_in": 1, "landmarks": [251, 226, 1, 227, 226, 1, 231, 245, 1, 245, 253, 2, 265, 239, 2, 282, 223, 1, 209, 222, 2, 202, 264, 2, 201, 290, 2, 202, 325, 2, 197, 460, 2, 183, 614, 2, 263, 635, 2, 334, 595, 2, 316, 448, 2, 285, 326, 2, 291, 293, 2, 293, 267, 2, 296, 227, 2], "style": 1, "bounding_box": [176, 213, 336, 644], "category_id": 12, "occlusion": 2, "category_name": "vest dress"}}