{"source": "shop", "pair_id": 2159, "item1": {"segmentation": [[245.3265306122449, 217.26938775510203, 242.01020408163265, 216.24897959183673, 238.4387755102041, 218.034693877551, 232.44387755102042, 222.11632653061224, 226.44897959183675, 224.79489795918366, 218.2857142857143, 226.96326530612245, 212.8010204081633, 227.4734693877551, 210.88775510204084, 229.25918367346938, 209.61224489795921, 230.78979591836733, 206.04285714285712, 229.26632653061228, 203.3642857142857, 228.24591836734695, 199.92040816326528, 230.66938775510206, 191.11938775510203, 231.05204081632655, 185.76224489795916, 231.05204081632655, 183.72142857142856, 231.05204081632655, 180.91530612244898, 228.5010204081633, 177.21632653061224, 229.64897959183676, 173.77244897959184, 232.5826530612245, 170.20102040816326, 232.71020408163267, 167.65, 233.09285714285716, 163.31326530612245, 235.6438775510204, 159.48673469387757, 236.91938775510206, 152.15918367346939, 238.11632653061224, 147.43979591836737, 239.90204081632652, 144.88877551020408, 242.32551020408164, 140.16938775510206, 242.58061224489796, 137.2357142857143, 244.23877551020408, 132.89897959183676, 247.42755102040815, 127.5418367346939, 250.61632653061224, 122.05714285714288, 250.48877551020408, 111.77755102040817, 251.2, 102.33877551020409, 252.09285714285716, 96.34387755102043, 255.28163265306122, 101.06326530612246, 254.77142857142857, 104.25204081632654, 254.77142857142857, 108.97142857142858, 257.19489795918366, 112.92551020408163, 261.6591836734694, 118.15510204081632, 270.0775510204081, 123.12959183673469, 281.93979591836734, 126.82857142857142, 294.0571428571428, 131.69591836734693, 307.8122448979592, 130.16530612244898, 309.34285714285716, 121.1091836734694, 310.36326530612246, 113.08979591836734, 311.2744897959183, 104.67142857142858, 312.55, 103.65102040816326, 312.80510204081634, 106.71224489795918, 317.269387755102, 110.15612244897959, 321.4785714285714, 116.40612244897959, 327.60102040816327, 121.50816326530611, 330.534693877551, 127.63061224489795, 330.534693877551, 134.72755102040819, 326.5469387755102, 141.615306122449, 320.8071428571429, 145.8244897959184, 317.1081632653062, 150.2887755102041, 316.47040816326535, 155.64591836734695, 316.980612244898, 160.49285714285716, 319.53163265306125, 166.74285714285713, 325.1438775510204, 171.20714285714286, 330.88367346938776, 173.1204081632653, 340.19489795918366, 174.52346938775509, 351.2918367346939, 174.9061224489796, 362.5163265306122, 175.9265306122449, 377.31224489795915, 177.07448979591837, 391.4704081632653, 180.3561224489796, 417.9622448979592, 183.41734693877552, 442.19693877551015, 185.07551020408164, 459.0336734693877, 186.06020408163266, 474.5948979591837, 186.82551020408164, 493.47244897959183, 186.9530612244898, 517.834693877551, 186.44285714285715, 543.8551020408163, 185.66530612244898, 596.5632653061225, 185.15510204081633, 610.7214285714286, 182.98673469387757, 618.8846938775511, 180.28979591836733, 627.2642857142857, 180.4173469387755, 633.0040816326531, 183.6061224489796, 636.1928571428572, 194.5755102040816, 642.6979591836736, 207.33061224489794, 646.2693877551021, 220.9785714285714, 648.1826530612245, 239.63061224489797, 649.05, 252.0836734693878, 650.0224489795919, 271.5989795918368, 652.445918367347, 298.8948979591837, 653.7214285714286, 323.5122448979592, 653.3387755102041, 347.27040816326536, 651.3775510204082, 369.3367346938776, 648.4438775510205, 378.9030612244898, 647.0408163265307, 393.2877551020408, 643.9295918367347, 392.1397959183674, 635.3836734693878, 390.35408163265305, 627.8581632653062, 387.8030612244898, 614.8479591836735, 385.1244897959184, 604.8989795918368, 383.59387755102046, 596.0979591836735, 383.01734693877546, 582.6244897959184, 383.01734693877546, 566.4255102040817, 382.76224489795914, 557.241836734694, 383.2418367346939, 534.3989795918368, 382.3489795918367, 514.5010204081633, 383.1142857142857, 499.9602040816327, 382.8591836734694, 483.88877551020414, 383.7765306122449, 457.6275510204082, 384.03163265306125, 435.9438775510205, 385.05204081632655, 420.5102040816327, 390.2510204081633, 403.33061224489796, 392.1642857142857, 390.57551020408164, 392.80204081632655, 382.0295918367347, 406.8326530612245, 381.6469387755102, 424.05204081632655, 382.0295918367347, 430.4214285714286, 382.68367346938777, 430.16632653061225, 391.61224489795916, 443.30408163265304, 387.7857142857143, 457.2071428571428, 381.6632653061224, 454.5285714285714, 367.76020408163265, 449.42653061224485, 347.98979591836735, 445.61224489795916, 330.16530612244895, 443.57142857142856, 314.22142857142853, 440.51020408163265, 293.6857142857143, 437.1020408163265, 277.3918367346939, 433.53061224489795, 266.16734693877555, 423.4540816326531, 257.111224489796, 409.0408163265306, 246.77959183673474, 396.795918367347, 241.6775510204082, 388.6326530612245, 236.06530612244904, 377.6173469387755, 231.30714285714288, 370.984693877551, 227.7357142857143, 368.5612244897959, 224.2918367346939, 363.5867346938776, 219.82755102040818, 355.67857142857144, 220.21020408163267, 350.57653061224494, 221.35816326530616, 356.82653061224494, 223.52653061224493, 361.4183673469388, 225.43979591836737, 361.4183673469388, 231.9448979591837, 355.67857142857144, 243.16938775510204, 349.1734693877551, 254.26632653061225, 333.86734693877554, 271.23061224489794, 319.23163265306124, 280.6112244897959, 308.3897959183673, 284.6928571428571, 301.884693877551, 286.2234693877551, 283.3897959183674, 275.1265306122449, 272.2928571428572, 265.56020408163266, 262.0408163265306, 256.1183673469388, 251.96428571428572, 241.57755102040815, 246.8622448979592, 231.62857142857143, 243.54591836734696, 223.21020408163267]], "scale": 3, "viewpoint": 2, "zoom_in": 1, "landmarks": [298, 228, 1, 245, 220, 2, 264, 259, 2, 302, 287, 2, 344, 265, 2, 366, 227, 2, 176, 234, 2, 135, 247, 2, 101, 255, 2, 138, 327, 2, 155, 322, 2, 174, 328, 2, 176, 343, 2, 189, 476, 2, 182, 636, 2, 302, 653, 2, 393, 644, 1, 383, 486, 2, 396, 372, 2, 397, 336, 2, 395, 360, 2, 397, 379, 2, 456, 383, 2, 446, 329, 2, 433, 268, 2], "style": 12, "bounding_box": [94, 214, 458, 656], "category_id": 1, "occlusion": 1, "category_name": "short sleeve top"}}