{"source": "shop", "pair_id": 2159, "item1": {"segmentation": [[266.8544405997693, 209.17103311913, 265.00899653979235, 207.32558905915306, 263.3061224489796, 205.58265306122448, 260.1173469387755, 205.71020408163264, 255.6530612244898, 208.38877551020406, 247.87244897959184, 211.57755102040815, 237.92346938775512, 213.87346938775508, 225.29591836734696, 216.04183673469385, 218.66326530612247, 217.06224489795918, 209.784693877551, 216.87448979591835, 196.90204081632652, 216.87448979591835, 188.22857142857143, 217.76734693877552, 181.0857142857143, 220.5734693877551, 174.58061224489796, 224.27244897959181, 169.86122448979592, 228.09897959183672, 167.31020408163266, 233.58367346938775, 161.06020408163266, 241.10918367346937, 159.27448979591838, 246.21122448979588, 157.4887755102041, 251.31326530612242, 153.02857142857144, 258.8897959183673, 150.73265306122448, 268.4561224489796, 147.16122448979593, 278.7877551020408, 142.44183673469388, 287.5887755102041, 136.3173469387755, 295.03877551020406, 131.59795918367345, 305.49795918367346, 127.26122448979592, 310.9826530612245, 122.03163265306122, 315.82959183673466, 118.07755102040817, 323.7377551020408, 117.69489795918368, 330.7530612244898, 118.84285714285716, 335.59999999999997, 122.66938775510205, 328.584693877551, 125.98571428571428, 323.86530612244894, 130.7051020408163, 321.82448979591834, 138.23061224489794, 322.84489795918364, 145.75612244897957, 326.6714285714285, 153.66428571428568, 331.0081632653061, 161.9551020408163, 336.8755102040816, 170.11836734693873, 345.2938775510204, 172.669387755102, 349.2479591836734, 173.50612244897962, 352.43163265306123, 173.43163265306123, 356.28061224489795, 175.9826530612245, 353.7295918367347, 175.34489795918367, 363.93367346938777, 173.68673469387755, 388.42346938775506, 173.81428571428572, 407.93877551020404, 172.28367346938776, 430.77040816326524, 172.02244897959184, 454.4683673469388, 171.38469387755103, 465.31020408163266, 169.59897959183675, 482.01938775510206, 167.48469387755102, 509.1969387755102, 165.31632653061223, 527.3091836734694, 159.78367346938776, 557.8153061224489, 155.5744897959184, 577.3306122448979, 149.87551020408165, 601.2969387755102, 147.45204081632653, 615.965306122449, 155.10510204081632, 625.0214285714286, 162.88571428571427, 635.0979591836734, 173.98265306122448, 643.5163265306122, 187.24591836734695, 649.1795918367346, 208.03673469387755, 657.0877551020408, 227.80714285714282, 664.4857142857143, 245.15408163265303, 669.8428571428572, 289.81428571428575, 679.8714285714286, 309.9673469387755, 681.784693877551, 324.76326530612243, 681.784693877551, 344.8285714285714, 674.2285714285714, 344.0571428571429, 624.8571428571429, 344.0571428571429, 582.4285714285714, 346.37142857142857, 529.2, 347.95418245729667, 513.9942220025265, 353.9518756522217, 492.61782830779373, 356.87382874718514, 479.85350689295325, 363.9480309770967, 468.9346295380898, 372.8676772669852, 446.7893008183666, 381.0857142857143, 422.74285714285713, 382.4102040816327, 417.1, 396.31326530612245, 419.9061224489796, 411.23673469387757, 423.47755102040816, 414.29795918367347, 424.7530612244898, 412.25714285714287, 435.2122448979592, 420.93061224489793, 435.08469387755105, 432.28265306122444, 434.1918367346939, 437.0020408163265, 432.53367346938774, 438.8704081632653, 429.6183673469388, 438.7428571428572, 418.77653061224487, 437.2122448979592, 400.6642857142857, 437.2122448979592, 386.5061224489796, 437.1265306122449, 358.1551020408163, 438.01938775510206, 334.5581632653061, 438.5295918367347, 317.46632653061226, 440.16326530612247, 307.7571428571428, 437.2295918367347, 301.12448979591835, 431.7448979591837, 291.04795918367347, 422.43367346938777, 281.0989795918367, 408.53061224489795, 267.4510204081633, 400.62244897959187, 258.90510204081636, 391.64285714285717, 248.3091836734694, 384.6275510204082, 241.16632653061225, 379.27040816326536, 237.46734693877553, 373.65816326530614, 239.50816326530614, 366.2602040816327, 241.16632653061225, 364.47448979591843, 241.42142857142858, 368.3010204081633, 244.22755102040819, 373.2755102040817, 247.79897959183674, 367.40816326530614, 260.8091836734694, 358.6071428571429, 271.5234693877551, 349.9336734693878, 279.0489795918367, 333.9928571428572, 288.56836734693877, 317.411224489796, 294.3081632653061, 303.8908163265307, 297.1142857142857, 292.77755102040817, 293.7397959183674, 282.44591836734696, 284.3010204081633, 270.98979591836735, 269.7204081632653, 264.2295918367347, 259.13367346938776, 260.530612244898, 243.70000000000002, 258.3071428571428, 228.24591836734695, 258.94489795918366, 217.27653061224493, 260.85674740484427, 210.86269017410885]], "scale": 3, "viewpoint": 2, "zoom_in": 1, "landmarks": [315, 238, 1, 264, 210, 2, 268, 263, 2, 301, 298, 2, 356, 279, 2, 382, 242, 2, 183, 220, 2, 151, 275, 2, 121, 321, 2, 176, 353, 2, 184, 332, 2, 189, 304, 2, 182, 344, 2, 172, 462, 2, 148, 614, 2, 245, 670, 2, 346, 676, 1, 347, 513, 2, 389, 399, 2, 394, 354, 1, 393, 386, 1, 388, 420, 2, 439, 431, 2, 437, 369, 2, 439, 308, 2], "style": 2, "bounding_box": [111, 204, 442, 687], "category_id": 1, "occlusion": 1, "category_name": "short sleeve top"}}