{"source": "shop", "pair_id": 2168, "item1": {"segmentation": [[327.42119309262165, 365.86446886446885, 318.5776556776557, 365.86446886446885, 313.8157509157509, 369.71934414791554, 308.3735740450026, 375.38827838827837, 304.74545613117044, 379.0163963021106, 301.79761032618177, 381.0572126286412, 296.8089481946625, 383.0980289551718, 289.7794697366126, 384.45857317285885, 281.3894470608756, 386.272632129775, 272.9994243851387, 388.3134484563056, 262.9015349729636, 390.7252572824001, 251.33690912262344, 396.62094889237744, 244.53418803418805, 401.1560962846677, 242.72012907727196, 403.1969126111983, 241.52534449677307, 406.6800802372231, 245.83373451944883, 405.0927786499215, 249.2350950636665, 405.0927786499215, 252.6364556078842, 408.49413919413917, 255.35754404325834, 413.9363160648875, 258.98566195709054, 420.2855224140938, 262.6137798709227, 429.8093319379034, 266.24189778475494, 442.054229897087, 266.46865515436946, 452.9385836385836, 268.7362288505146, 464.9567242281528, 271.95030525030523, 476.4345368916797, 273.7643642072214, 486.6386185243328, 273.7643642072214, 499.110273853131, 273.0840920983778, 515.8903192046049, 273.51751264608407, 534.5217512646084, 274.65129949415666, 556.9707308564451, 275.3315716030002, 584.8618873190302, 275.55832897261473, 599.6011163439734, 279.8868131868132, 682.4637362637362, 268.38461538461536, 724.6384615384616, 254.32637362637362, 764.2571428571429, 243.17435897435897, 800.7636490493634, 239.77299843014129, 830.9223792080935, 237.36118960404676, 860.0269841269841, 237.36118960404676, 881.1154195011338, 238.04146171289028, 899.4827664399093, 236.72325135182277, 943.1185068899355, 236.26973661259376, 962.6196406767835, 237.1767660910518, 978.7194139194139, 237.13443223443224, 1013.615663701378, 235.54713064713064, 1022.4592011163439, 233.50631432060004, 1029.7154369440084, 231.23874062445492, 1036.0646432932147, 238.2682190825048, 1037.1984301412872, 288.8128728414443, 1038.5783533926392, 294.0282923425781, 1039.0318681318681, 295.1620791906506, 1040.1656549799407, 297.42965288679574, 1040.1656549799407, 298.5634397348683, 1037.8980812837956, 300.83101343101345, 1036.9910518053375, 302.87182975754405, 1036.5375370661086, 304.68588871446013, 1036.9910518053375, 308.9942787371359, 1040.3924123495551, 318.47289377289377, 1040.4749345892203, 321.4207395778824, 1043.1960230245943, 324.36858538287106, 1039.7946624803767, 328.6769754055468, 1035.486272457701, 332.53185068899353, 1035.486272457701, 331.62482121053546, 1029.1370661084945, 334.3459096459096, 1030.2708529565673, 338.65429966858534, 1036.1665445665444, 342.9626896912611, 1036.393301936159, 345.0035060177917, 1037.3003314146172, 347.7245944531659, 1040.2481772196056, 354.0738008023722, 1040.2481772196056, 355.8878597592883, 1037.9806035234606, 359.289220303506, 1037.9806035234606, 360.87652189080757, 1038.8876330019186, 360.42300715157853, 1043.876295133438, 363.3708529565672, 1044.1030525030524, 365.86518402232684, 1044.1030525030524, 368.586272457701, 1042.7425082853654, 371.08060352346064, 1042.515750915751, 375.16223617652184, 1042.7425082853654, 377.883324611896, 1046.5973835688121, 377.4685679399965, 1051.9347985347986, 387.8994069422641, 1051.4812837955697, 390.1669806384092, 1048.98695272981, 392.88806907378336, 1046.9461364032793, 395.382400139543, 1046.4926216640504, 398.7837606837607, 1045.3588348159776, 402.6386359672074, 1046.4926216640504, 405.58648177219607, 1047.8531658817374, 409.44135705564275, 1046.2658642944357, 414.65677655677655, 1046.4926216640504, 415.5638060352346, 1048.98695272981, 418.73840920983776, 1048.98695272981, 423.5003139717425, 1046.9461364032793, 425.76788766788763, 1045.1320774463632, 425.31437292865866, 1040.596930054073, 423.5003139717425, 1036.0617826617827, 423.04679923251354, 1030.846363160649, 424.18058608058607, 1026.0844583987441, 431.21006453863595, 1028.1252747252747, 437.55927088784233, 1029.7125763125764, 450.97671376242806, 1029.280586080586, 459.59349380777957, 1029.5073434502006, 465.0356706785278, 1029.9608581894297, 470.2510901796616, 1033.8157334728764, 478.18759811616957, 1034.949520320949, 490.8860108145823, 1034.2692482121054, 492.47331240188385, 1028.8270713413572, 498.1422466422467, 1026.105982905983, 498.5957613814757, 1023.1581371009943, 502.90415140415143, 1023.6116518402233, 508.34632827489975, 1026.5594976452119, 516.5095935810222, 1027.46652712367, 519.4574393860108, 1024.5186813186813, 519.9109541252399, 1020.2102912960056, 517.1898656898657, 1016.8089307517879, 517.1898656898657, 1015.4483865341009, 519.2306820163963, 1016.355416012559, 523.9925867783011, 1019.7567765567766, 531.022065236351, 1021.1173207744637, 537.3712715855573, 1022.0243502529217, 543.2669631955347, 1021.1173207744637, 542.1080760509332, 1015.7167626024769, 540.5207744636316, 1010.7281004709577, 539.8405023547881, 999.843746729461, 539.1602302459446, 989.6396650968079, 536.7900401186116, 940.3773242630385, 535.6971568114426, 898.5319727891157, 535.016884702599, 876.3097505668934, 534.7901273329845, 855.6748299319728, 530.7501133786848, 802.7635618349905, 529.3895691609977, 781.9018838304553, 526.2149659863945, 760.8134484563057, 521.6798185941043, 733.3758067329496, 517.144671201814, 712.9676434676435, 513.9700680272109, 702.0832897261469, 507.12715855573, 680.9180533751962, 511.4355485784057, 680.6912960055818, 515.0636664922379, 676.6096633525206, 518.69178440607, 673.6618175475319, 519.8255712541427, 670.9407291121577, 514.1566370137798, 664.5915227629514, 507.8074306645735, 655.7479853479854, 500.7779522065236, 646.4509331937903, 497.60334903192046, 631.0314320600035, 494.6555032269318, 617.8795046223618, 493.5217163788592, 610.3965114250828, 493.97523111808823, 599.0586429443572, 494.42874585731727, 587.9475318332461, 492.63621140763996, 564.7637188208616, 489.6883656026513, 547.5301587301587, 489.0080934938078, 536.6458049886621, 489.0080934938078, 525.534693877551, 489.6883656026513, 513.9700680272109, 490.59539508110936, 503.9927437641723, 489.2348508634223, 499.45759637188206, 486.51376242804815, 493.78866213151923, 484.69970347113207, 489.93378684807254, 485.8334903192046, 477.0086167800453, 489.9151229722658, 466.0668410954125, 489.9151229722658, 454.9557299843014, 486.9672771672772, 444.2981336124193, 484.47294610151755, 436.8151404151404, 482.4321297749869, 431.37296354439206, 481.29834292691436, 427.9716030001744, 478.3504971219257, 422.7561834990406, 475.6294086865515, 420.71536717251, 470.04585731728594, 415.02848421419856, 458.4812314669458, 411.85388103959536, 451.22499563928136, 410.9468515611373, 445.6385836385836, 406.8444095586953, 442.4639804639805, 404.5768358625502, 438.15559044130475, 402.98953427524856, 433.62044304901445, 400.72196057910344, 428.8585382871097, 397.09384266527127, 424.09663352520494, 388.7038199895343, 423.6431187859759, 383.26164311878597, 420.46851561137277, 384.16867259724404, 416.3868829583115, 385.9827315541601, 414.1193092621664, 387.1165184022327, 412.98552241409385, 394.1459968602826, 411.3982208267922, 400.2684458398744, 408.6771323914181, 408.43171114599687, 404.36874236874235, 414.1006453863597, 399.8335949764521, 418.4090354090354, 396.20547706261993, 424.3047270190127, 393.25763125763126, 429.06663178091753, 390.7633001918716, 432.24123495552067, 387.3619396476539, 435.8693528693529, 382.1465201465202, 436.0961102389674, 378.0648874934589, 434.0552939124368, 373.7564974707832, 427.0258154543869, 368.08756323042036, 418.1822780394209, 361.284842141985, 409.56549799406946, 347.7267399267399, 397.52583289726147, 340.243746729461, 390.26959706959707, 334.3480551194837, 383.01336124193267, 329.8129077271935, 377.57118437118436, 323.9172161172161, 371.22197802197803, 322.7834292691436, 369.4079190650619]], "scale": 2, "viewpoint": 2, "zoom_in": 1,