{"source": "shop", "pair_id": 2159, "item1": {"segmentation": [[249.4387755102041, 218.27142857142857, 246.37755102040816, 218.27142857142857, 239.61734693877554, 219.67448979591836, 235.02551020408166, 221.5877551020408, 230.17857142857144, 224.64897959183673, 222.27040816326533, 224.7765306122449, 219.20918367346943, 225.03163265306122, 216.40306122448982, 226.1795918367347, 204.48877551020408, 227.5469387755102, 196.0704081632653, 226.5265306122449, 187.1418367346939, 227.1642857142857, 184.08061224489796, 228.95000000000002, 180.25408163265308, 228.95000000000002, 177.3204081632653, 230.60816326530613, 172.85612244897962, 232.52142857142857, 165.9683673469388, 234.1795918367347, 161.93265306122447, 235.79591836734693, 156.9581632653061, 236.17857142857142, 155.68265306122447, 238.984693877551, 151.34591836734694, 242.04591836734693, 147.00918367346938, 243.70408163265304, 143.05510204081634, 243.57653061224488, 141.0142857142857, 243.57653061224488, 139.9938775510204, 246.38265306122446, 137.315306122449, 249.69897959183672, 133.36122448979592, 251.22959183673467, 131.065306122449, 249.4438775510204, 129.15204081632655, 249.31632653061223, 128.09897959183672, 250.18571428571428, 126.95102040816326, 252.22653061224491, 118.7877551020408, 252.09897959183672, 111.38979591836734, 252.86428571428573, 103.35408163265306, 253.88469387755103, 98.63469387755103, 254.52244897959184, 94.31428571428572, 255.4948979591837, 87.55408163265307, 257.28061224489795, 85.76836734693879, 258.42857142857144, 89.97755102040817, 259.3214285714286, 94.44183673469388, 261.7448979591837, 99.03367346938775, 267.484693877551, 103.88061224489795, 276.9234693877551, 108.98265306122448, 288.40306122448976, 114.084693877551, 301.92346938775506, 117.38469387755102, 309.05102040816325, 118.02244897959183, 311.6020408163265, 111.00714285714285, 312.11224489795916, 103.73673469387755, 313.0051020408163, 97.74183673469389, 314.0255102040816, 97.10408163265308, 314.40816326530614, 99.65510204081633, 321.2959183673469, 103.35408163265306, 328.94897959183675, 107.0530612244898, 334.05102040816325, 111.77244897959184, 338.3877551020408, 117.7673469387755, 338.0051020408163, 122.74183673469386, 336.09183673469386, 129.5020408163265, 333.7959183673469, 136.38979591836733, 331.88265306122446, 144.55306122448977, 329.4591836734694, 149.0173469387755, 329.2040816326531, 151.95102040816323, 329.3316326530612, 158.58367346938772, 338.89795918367344, 164.9826530612245, 347.9877551020408, 168.29897959183674, 353.47244897959183, 169.95714285714286, 359.5948979591837, 169.06428571428572, 370.9469387755102, 171.7734693877551, 399.4020408163265, 174.45204081632653, 422.1061224489796, 178.7887755102041, 442.25918367346935, 181.33979591836734, 458.2030612244898, 182.5061224489796, 469.94693877551026, 182.88877551020408, 499.4112244897959, 181.35816326530613, 519.6918367346939, 178.2, 552.3428571428572, 173.91734693877552, 581.3061224489795, 169.8357142857143, 601.204081632653, 166.13673469387757, 612.938775510204, 161.67244897959185, 619.954081632653, 159.80714285714285, 625.7571428571429, 163.76122448979592, 632.0071428571429, 171.7969387755102, 640.9357142857143, 184.29693877551017, 648.2061224489796, 201.51632653061222, 654.5836734693877, 236.82244897959183, 663.823469387755, 261.0571428571428, 668.4153061224489, 282.9030612244898, 671.6714285714286, 308.41326530612247, 674.7326530612246, 329.58673469387753, 675.115306122449, 339.6632653061224, 673.5846938775511, 353.80204081632655, 667.5887755102041, 367.62645136485963, 662.8408524193992, 381.15970780469047, 658.688603284451, 381.77485582468273, 648.692447959576, 381.77485582468273, 634.0826824847586, 379.54285714285714, 583.2, 379.54285714285714, 540.0, 380.31428571428575, 498.34285714285716, 379.54285714285714, 463.62857142857143, 383.9765306122449, 448.7540816326531, 388.9510204081633, 430.3867346938776, 389.46122448979594, 420.43775510204085, 389.57142857142856, 411.19591836734696, 389.69897959183675, 403.67040816326534, 414.18877551020404, 401.3744897959184, 427.454081632653, 400.60918367346943, 426.94387755102036, 405.71122448979594, 433.5765306122448, 403.92551020408166, 442.8979591836735, 401.80510204081634, 453.73979591836735, 398.361224489796, 456.03571428571433, 396.70306122448983, 452.4642857142857, 383.0551020408164, 448.1275510204082, 363.4122448979592, 440.2551020408163, 320.84693877551024, 435.6632653061224, 294.5714285714286, 434.12448979591835, 284.454081632653, 431.82857142857137, 278.969387755102, 425.0683673469387, 273.73979591836735, 415.7571428571428, 266.34183673469386, 410.4, 261.4948979591837, 400.06836734693877, 258.05102040816325, 388.5887755102041, 250.90816326530611, 376.98163265306124, 242.10714285714286, 368.0530612244898, 236.49489795918367, 361.930612244898, 231.77551020408163, 359.21836734693875, 231.02142857142857, 355.519387755102, 231.02142857142857, 359.0908163265306, 233.0622448979592, 362.0244897959183, 234.84795918367348, 363.5551020408163, 237.5265306122449, 361.25918367346935, 242.7561224489796, 354.8816326530612, 249.26122448979592, 345.1877551020408, 255.2561224489796, 332.6877551020408, 258.7, 320.4428571428572, 259.21020408163264, 304.78061224489795, 258.5255102040816, 287.3061224489796, 255.2091836734694, 277.484693877551, 251.765306122449, 266.7704081632653, 245.13265306122452, 258.7346938775511, 238.50000000000003, 254.65306122448982, 231.9948979591837, 251.20918367346943, 222.81122448979596]], "scale": 3, "viewpoint": 2, "zoom_in": 1, "landmarks": [298, 231, 1, 250, 220, 2, 266, 246, 2, 304, 260, 2, 339, 260, 2, 363, 235, 2, 182, 232, 2, 133, 253, 2, 88, 263, 1, 126, 335, 2, 139, 327, 2, 163, 319, 2, 171, 336, 2, 181, 465, 2, 162, 626, 2, 271, 668, 2, 381, 659, 1, 380, 501, 2, 390, 399, 2, 407, 338, 2, 397, 369, 2, 397, 404, 2, 452, 399, 2, 445, 336, 2, 430, 278, 2], "style": 14, "bounding_box": [84, 210, 457, 679], "category_id": 1, "occlusion": 1, "category_name": "short sleeve top"}}