{"source": "shop", "pair_id": 2168, "item1": {"segmentation": [[339.4005071851226, 410.0558748943364, 329.9330515638208, 418.4878275570583, 323.42417582417585, 424.9967032967033, 316.17565511411664, 430.6180050718512, 310.1105663567202, 432.9848689771767, 301.08689771766694, 435.79551986475064, 291.4715131022823, 437.12688081149616, 280.3768385460693, 439.3458157227388, 269.7259509721048, 440.82510566356723, 255.69399830938292, 445.24877430262046, 248.00169061707524, 448.3552831783601, 243.56382079459001, 449.8345731191885, 241.49281487743025, 451.60972104818256, 238.23837700760777, 456.1955198647506, 241.93660185967877, 455.7517328825021, 245.04311073541842, 457.37895181741334, 247.8537616229924, 465.071259509721, 251.55198647506342, 473.6511411665258, 254.36263736263737, 482.67480980557906, 256.83617920540996, 500.1916314454776, 258.16754015215554, 513.653169907016, 259.35097210481825, 524.3040574809805, 261.12612003381236, 535.3987320371936, 263.511836692054, 544.1380884394011, 265.2121576835862, 558.9082155939299, 265.43891505320073, 572.9671725100296, 265.2121576835862, 585.2120704692132, 263.86956218384785, 600.5074306645737, 267.8284842141985, 625.1135007849291, 270.9822780394209, 649.9592011163439, 272.34282225710797, 660.3900401186115, 273.7643642072214, 674.0715681144253, 273.53760683760686, 685.6361939647654, 274.8981510552939, 702.1894819466248, 275.991749520321, 726.0205302633874, 267.1065934065934, 771.9252747252747, 263.2725274725275, 785.9835164835165, 245.44264782836208, 820.1621664050235, 242.49480202337344, 830.5930054072911, 241.1758765044479, 882.4946275946277, 241.85614861329145, 903.1295482295483, 242.30966335252046, 918.5490493633351, 239.7514739229025, 957.0317983603697, 239.07120181405898, 976.0794174079888, 238.84444444444446, 991.0454038025466, 238.92768184196757, 1013.1212454212454, 239.1544392115821, 1033.302651316937, 240.86588173731033, 1072.7347636490492, 242.22642595499738, 1089.0612942612943, 245.83373451944883, 1119.443206000349, 246.06049188906331, 1129.647287633002, 245.3802197802198, 1134.182435025292, 242.65913134484563, 1138.2640676783535, 241.29858712715856, 1140.3048840048841, 239.711285539857, 1141.665428222571, 239.711285539857, 1143.025972440258, 242.20561660561663, 1144.6132740275598, 246.06049188906331, 1146.8808477237048, 249.91536717251003, 1147.5611198325485, 252.18294086865515, 1147.5611198325485, 251.95618349904063, 1151.4159951159952, 254.96502703645564, 1152.3639281353567, 255.19178440607016, 1156.899075527647, 249.21428571428572, 1162.0, 540.6032967032967, 1161.721978021978, 541.7987964416535, 1155.785382871097, 537.7171637885923, 1151.0234781091924, 534.7693179836036, 1144.674271759986, 534.0890458747601, 1138.3250654107796, 534.0890458747601, 1127.440711669283, 536.1714809000523, 1093.100593057736, 540.026356183499, 1076.5473050758765, 542.2939298796442, 1067.2502529216815, 542.9742019884877, 1053.1912960055818, 544.1079888365603, 1036.4112506541078, 545.0150183150183, 1017.3636316064889, 546.684126984127, 985.9117913832199, 548.0446712018141, 974.3471655328798, 548.7249433106576, 959.1544217687075, 547.3643990929705, 939.1997732426304, 546.4573696145125, 919.4718820861679, 546.0038548752834, 905.8664399092971, 543.035914878772, 879.815157858015, 529.1010989010989, 830.7142857142857, 523.989010989011, 806.4318681318681, 518.876923076923, 779.5934065934066, 518.876923076923, 748.300889586604, 518.1966509680796, 720.1829757544044, 517.7431362288505, 700.4550845979418, 517.8873713587999, 633.9814233385662, 518.5676434676435, 602.6889063317634, 520.6084597941741, 586.3623757195186, 522.4225187510903, 573.2104482818769, 522.4225187510903, 561.1923076923077, 524.0098203383918, 553.2557997557998, 524.6900924472353, 547.586865515437, 527.1219954648526, 515.6398918541776, 528.7092970521542, 488.6557648700506, 529.8430839002267, 473.4630211058782, 531.2036281179138, 459.8575789290075, 533.924716553288, 456.45621838478985, 531.4303854875284, 453.73512994941564, 520.7727891156462, 449.1999825571254, 504.2195011337869, 444.66483516483515, 494.69569160997736, 442.39726146869003, 471.01603000174424, 435.6827838827839, 462.1724925867783, 431.37439386010817, 455.1430141287284, 424.7984301412873, 446.7529914529914, 417.0886795743939, 443.12487353915924, 413.46056166056167, 440.6305424733996, 408.4718995290424, 439.95027036455605, 408.4718995290424, 440.8572998430141, 413.9140763997907, 442.21784406070117, 418.44922379208094, 444.7121751264608, 420.71679748822606, 441.9910866910867, 429.78709227280655, 436.5489098203384, 443.1657770800628, 431.3334903192046, 454.73040293040293, 424.9842839699983, 466.52178615035757, 416.8210186638758, 477.63289726146866, 409.3380254665969, 486.2496773068201, 400.4959183673469, 499.5006453863596, 398.2283446712018, 502.2217338217338, 397.77482993197276, 504.4893075178789, 397.77482993197276, 506.5301238444095, 394.82698412698414, 510.8385138670853, 390.7453514739229, 512.6525728240014, 388.0242630385487, 513.5596023024594, 383.4891156462585, 513.5596023024594, 380.31451247165535, 511.9723007151578, 379.18072562358276, 510.15824175824173, 377.8201814058957, 506.98363858363854, 377.3666666666667, 501.76821908250474, 376.91315192743764, 495.64577010291293, 372.6047619047619, 484.9881737310309, 365.121768707483, 471.83624629338914, 356.73174603174607, 459.81810570382, 350.1557823129252, 451.65484039769757, 343.12630385487535, 438.27615559044136, 340.85873015873017, 430.1128902843189, 339.2714285714286, 425.80450026164317, 339.0446712018141, 420.36232339089486, 339.72494331065764, 417.1877202162917]], "scale": 2, "viewpoint": 2, "zoom_in": 2, "landmarks": [386, 433, 1, 336, 420, 2, 362, 469, 2, 384, 513, 2, 416, 478, 2, 445, 428, 2, 245, 450, 2, 264, 582, 2, 273, 682, 2, 265, 786, 1, 244, 972, 2, 0, 0, 0, 0, 0, 0, 0, 0, 0, 549, 978, 2, 522, 789, 1, 516, 681, 2, 514, 578, 2, 531, 452, 2], "style": 1, "bounding_box": [227, 409, 558, 1161], "category_id": 12, "occlusion": 1, "category_name": "vest dress"}}