{"source": "shop", "pair_id": 2178, "item1": {"segmentation": [[196.72451093496082, 116.21104536489152, 214.08151290734745, 119.62984878369494, 238.27612171734089, 123.83760683760684, 254.31819929788003, 123.31163708086785, 271.6752012702666, 119.62984878369494, 288.5062334859142, 129.36028928336623, 302.2088248793618, 142.76488903774825, 311.41329562229413, 149.0765261186161, 346.39028444543686, 162.7517397938298, 377.15951521466764, 176.95292322578248, 382.15622790368803, 198.51768325208099, 397.305384987533, 243.45474055053154, 411.76955329785517, 285.0063513329116, 423.6038728244824, 318.1424460074678, 435.1752074727401, 344.44093384441726, 443.72715318869166, 354.91709773857815, 440.8343195266272, 361.754704576185, 431.10387902695595, 374.6409636162902, 414.7988165680473, 390.6830411968293, 397.9677843523997, 396.7316933993277, 387.97435897435895, 396.20572364258874, 379.0328731097961, 385.4233436294395, 379.07610435041494, 449.75546127795764, 380.1280438638929, 489.46617791175123, 377.498195080198, 527.0730155185888, 378.27952067284434, 562.2443278379417, 377.22758115936637, 588.8058005532606, 371.4419138352375, 607.4777269174947, 362.4549514346321, 607.43703869103, 350.6206319080049, 597.7065981913587, 347.2018284892015, 589.5540669619044, 329.05587188170637, 582.7164601242976, 309.06902112562483, 576.6678079217992, 282.2445635319365, 576.6678079217992, 245.73573741207994, 576.9107464056666, 232.32350861523574, 574.8068673787106, 230.2196295882798, 577.9626859191445, 222.85605299393396, 576.9107464056666, 209.70680907545926, 570.3361244464292, 200.76532321089647, 565.3394117574088, 189.9829431977472, 566.9173210276258, 174.99280513068604, 571.1250790815377, 159.4254500502213, 573.9630533879314, 150.7981963206926, 576.647761527297, 132.5994318534231, 583.4348058005532, 108.40482304342967, 585.8016697058787, 101.19323186086612, 587.1544415913066, 93.3036855097813, 591.8881694019575, 76.73563817250319, 591.0992147668491, 76.47265329413369, 578.4759406051132, 73.57981963206926, 547.443724957513, 74.10578938880825, 512.9927058911093, 74.84926748787416, 473.0876657611055, 77.74210114993859, 435.7438130326373, 81.9498592038505, 401.55577884460314, 76.58140746529716, 405.50084973887584, 70.00678550605981, 407.0787590090928, 62.64320891171398, 403.13398583355035, 49.75694987160877, 388.66981752322823, 35.533177030999965, 375.37905796831774, 24.487812139481218, 369.3304057658194, 33.955267760783, 345.39878183419546, 48.94540582784416, 305.4250803220324, 63.43724957513055, 262.4224132584074, 74.74559934501879, 230.86422785406813, 83.1611154528426, 201.6729063550543, 88.93152469204719, 182.00244377457727, 110.49628471834569, 169.90513936958055, 134.42790864996965, 158.59678959969233, 160.46341160854956, 145.9735154379566, 169.70543212633194, 138.92632701921528, 192.58511654447793, 115.25768796596081]], "scale": 3, "viewpoint": 1, "zoom_in": 1, "landmarks": [237, 125, 1, 196, 118, 2, 213, 148, 2, 233, 174, 2, 257, 144, 2, 272, 123, 2, 94, 184, 2, 62, 281, 2, 26, 371, 2, 83, 406, 2, 90, 350, 1, 94, 295, 1, 93, 329, 2, 82, 428, 2, 77, 592, 2, 228, 575, 2, 373, 612, 2, 379, 445, 2, 383, 337, 2, 376, 301, 1, 377, 369, 1, 390, 398, 2, 444, 356, 2, 407, 270, 2, 376, 179, 2], "style": 4, "bounding_box": [20, 104, 446, 618], "category_id": 1, "occlusion": 1, "category_name": "short sleeve top"}}