{"source": "shop", "pair_id": 2203, "item1": {"segmentation": [[392.66625786935, 222.86759054860798, 394.04897391873243, 213.58363993132573, 396.6168751532999, 207.06512141280842, 398.5921837952748, 200.54660289429108, 400.96255416564475, 196.2009238819462, 405.3082331779896, 192.6453683263913, 410.246504782927, 190.27499795602137, 416.17243070885183, 192.0527757337988, 413.2094677458894, 188.29968931404642, 409.6539121903345, 186.91697326466397, 403.5304554002122, 187.31203499305894, 396.0242825607074, 189.68240536342887, 389.11070231379506, 192.6453683263913, 383.38230725206773, 196.0033930177487, 375.8761344125629, 198.57129425231614, 370.74033194342803, 199.36141770910612, 364.8144060175032, 199.5589485733036, 359.2835418199734, 199.5589485733036, 353.95020848664103, 199.16388684490863, 353.35761589404854, 194.42314610416875, 358.2958874989859, 190.67005968441634, 362.44403564713326, 186.32438067207147, 363.7614128035286, 184.9820750551888, 360.24141280352916, 184.02207505518894, 355.9214128035299, 184.3420750551889, 350.3214128035308, 184.9820750551888, 343.76141280353187, 184.9820750551888, 340.4014128035324, 189.94207505518796, 336.881412803533, 197.94207505518665, 334.1614128035335, 203.0620750551858, 333.20141280353363, 209.62207505518472, 332.4014128035338, 215.38207505518378, 330.00141280353415, 220.50207505518293, 326.32141280353477, 226.90207505518188, 322.4814128035354, 232.50207505518097, 319.6014128035359, 238.26207505518, 319.28141280353594, 246.10207505517872, 318.67967592650183, 256.2376761518467, 318.86871184332597, 263.610076907989, 321.3261787620401, 270.604405830483, 326.05207668264416, 276.8425910856804, 324.5397893480509, 281.9465608399328, 323.5103452329583, 285.4784626705098, 320.35452669252504, 294.1569636567013, 316.40975351698347, 303.8874041563705, 312.4649803414419, 313.88082953440914, 313.2539349765502, 321.5073910071228, 309.04617692263923, 330.18589199331427, 304.31244911198934, 340.96827200646123, 299.8417061797089, 354.643485681672, 295.39866809479474, 371.1321651405756, 290.66494028414485, 381.38857539698364, 288.0350915004505, 392.9599100452389, 285.4052427167561, 400.06050176121374, 284.35330320327836, 405.05721445023306, 288.0350915004505, 407.16109347718856, 291.4538949192532, 409.26497250414405, 294.8726983380559, 409.5279573825135, 298.02851687848914, 409.26497250414405, 298.29150175685857, 414.5246700715328, 303.02522956750846, 416.6285490984883, 305.65507835120286, 416.6285490984883, 308.8108968916361, 417.4175037335966, 309.5998515267444, 421.6252617875076, 313.7245817598057, 423.58785324649494, 318.8898710160031, 424.62091109773445, 322.6088792804652, 424.62091109773445, 329.6336726688936, 425.03413423823025, 335.21218506558677, 426.2738036597176, 338.9311933300489, 426.0671920894697, 341.6171437432715, 428.54653093244445, 347.6088792804605, 429.5795887836839, 353.18739167715364, 429.5795887836839, 357.73284622260735, 429.372977213436, 362.6915239085568, 428.54653093244445, 368.27003630524996, 430.4060350646755, 376.7411106854137, 432.47215076715446, 386.86507762756054, 434.5382664696334, 397.1956561399553, 434.5382664696334, 408.5592925035895, 434.1250433291376, 413.16857582335393, 433.02068674476084, 419.3326741157311, 433.52047849819684, 425.4967724081082, 432.1877004890342, 428.49552292872414, 428.8557554661276, 428.3289256775788, 425.35721319207573, 426.32975866383487, 416.19436437908274, 423.16441089207365, 405.69873755692703, 421.831632882911, 393.03734646988215, 419.17273730683877, 373.54028697570527, 412.9227373068401, 359.54028697570817, 408.9227373068409, 347.0402869757108, 405.4227373068416, 331.290286975714, 401.6727373068424, 320.04028697571636, 397.42273730684326, 308.04028697571886, 395.0618101545254, 304.65068834961437, 393.2163660945488, 299.2681431746825, 391.67849604456825, 294.65453302474094, 391.9860700545643, 290.34849688479545, 395.52317116951957, 284.81216470486555, 399.52163329946893, 277.8917494799532, 404.75039146940196, 268.126274662579, 408.5566198431034, 255.32350649649217, 408.5566198431034, 248.05707051033477, 401.29018385694604, 245.9809459428612, 396.0998724382622, 239.406551479195, 394.3697686320342, 231.4480739705464]], "scale": 1, "viewpoint": 3, "zoom_in": 1, "landmarks": [366, 195, 1, 361, 184, 2, 355, 195, 2, 359, 202, 2, 386, 196, 2, 405, 188, 2, 344, 185, 1, 324, 236, 2, 323, 266, 2, 320, 294, 2, 309, 340, 2, 288, 403, 2, 361, 426, 2, 426, 427, 2, 409, 349, 1, 392, 296, 2, 392, 272, 2, 397, 247, 2, 409, 191, 2], "style": 2, "bounding_box": [279, 173, 437, 441], "category_id": 12, "occlusion": 1, "category_name": "vest dress"}}