{"source": "shop", "pair_id": 2202, "item1": {"segmentation": [[185.96991903964286, 181.81926996091573, 177.04485172392248, 187.90566418652776, 173.83082688827594, 190.82750494620643, 165.94185683714355, 194.91808200975655, 155.42323010230035, 198.71647499733882, 148.70299635503943, 202.22268390895323, 136.61562010197107, 204.29654481318212, 127.26572967099935, 206.92620149689293, 119.37675961986696, 208.97149002866797, 121.42204815164202, 213.93861932012172, 120.54549592373843, 217.44482823173612, 124.05170483535282, 221.53540529528624, 127.55791374696722, 222.11977344722197, 127.55791374696722, 229.71655942238652, 130.18757043067802, 236.7289772456153, 136.03125195003534, 241.9882906130369, 135.73906787406747, 252.21473327191222, 137.5350308885554, 256.8760750428551, 143.0865283319449, 262.42757248624457, 141.91779202807342, 266.81033362576255, 138.99595126839475, 272.361831069152, 139.28813534436262, 277.6211444365736, 143.37871240791276, 282.2960896520595, 148.0536576233986, 286.6788507915775, 151.26768245904515, 294.56782084270986, 152.56499443895888, 302.2295773975795, 153.44154666686248, 318.0075174998443, 153.44154666686248, 328.23396015871964, 151.68844221105527, 337.58385058969134, 149.35096960331234, 348.10247732453456, 148.47441737540873, 361.5429448190564, 146.1369447676658, 384.91767089648573, 143.7066119494479, 421.9128072796412, 142.8300597215443, 438.5672996098096, 139.32385080992992, 456.6827123198173, 135.52545782234765, 480.05743839724664, 132.60361706266897, 496.41974665144716, 129.0974081510546, 530.6066490230554, 125.46451005025095, 568.5988536432171, 122.70210427135662, 595.1070979899489, 122.31147927135662, 611.1227229899494, 122.31147927135662, 626.7477229899498, 130.12397927135683, 627.9195979899498, 138.32710427135706, 631.8258479899499, 146.13960427135726, 631.4352229899499, 155.5146042713575, 631.8258479899499, 157.07710427135757, 627.1383479899498, 158.47996888016377, 628.6439076323219, 160.4718203966871, 628.6439076323219, 162.10151709202438, 628.2817528111359, 166.44737494625716, 627.7385205793568, 170.0689231581178, 627.5574431687637, 170.97431021108295, 631.1789913806244, 171.69861985345509, 634.9816170030781, 172.9661617276063, 638.7842426255318, 174.23370360175753, 639.8707070890899, 178.21740663480423, 641.1382489632412, 180.75249038310668, 640.7760941420551, 181.2957226148858, 638.7842426255318, 183.64972895259518, 639.1463974467177, 184.37403859496732, 640.595016731462, 185.64158046911854, 643.3111778903575, 185.51845237959833, 645.8327763762226, 187.69138130671473, 646.3760086080017, 191.31292951857534, 646.5570860185948, 194.3912454986569, 646.5570860185948, 196.38309701518025, 646.5570860185948, 197.8317162999245, 644.7463119126644, 198.01279371051754, 642.0301507537689, 198.3749485317036, 640.0382992372456, 200.54787745881998, 639.8572218266526, 202.72080638593638, 641.1247637008038, 204.35050308127364, 641.8490733431759, 206.52343200839005, 642.0301507537689, 207.97205129313429, 639.1329121842804, 208.15312870372733, 635.3302865618267, 209.23959316728553, 630.4411964758149, 214.12868325329737, 630.6222738864079, 217.0259218227859, 630.803351297001, 219.01777333930926, 633.3384350453034, 222.09608931939079, 635.6924413830128, 225.89871494184445, 638.7707573630944, 229.88241797489115, 641.3058411113968, 233.5039661867518, 642.0301507537689, 234.77150806090302, 640.2193766478385, 234.95258547149604, 637.8653703101292, 235.13366288208908, 634.2438220982685, 234.22827582912393, 632.2519705817451, 237.66874663039152, 633.1573576347104, 240.56598519988003, 631.8898157605591, 241.10921743165915, 627.9061127275124, 242.37675930581037, 623.3791774626866, 243.8253785905546, 621.9305581779423, 246.90369457063616, 621.2062485355702, 249.80093314012467, 622.4737904097215, 251.43062983546196, 623.3791774626866, 252.1549394778341, 623.1981000520935, 253.16948254172618, 620.8485888018633, 257.15318557477286, 620.6675113912703, 261.3179660184126, 620.4864339806772, 262.7665853031569, 623.9269047819448, 263.671972356122, 627.1862981726194, 265.66382387264537, 628.8159948679568, 266.56921092561055, 628.9970722785497, 267.6556753891687, 626.4619885302473, 268.1989076209478, 625.013369245503, 271.09614619043634, 627.0052207620264, 271.8204558328085, 629.9024593315149, 273.0879977069597, 633.1618527221895, 274.5366169917039, 634.6104720069337, 276.7095459188203, 634.7915494175268, 278.8824748459367, 634.4293945963407, 280.693248951867, 631.3510786162592, 280.87432636246007, 628.9970722785497, 281.96079082601824, 626.4619885302473, 282.6851004683904, 624.1079821925379, 284.13371975313464, 622.6593629077936, 287.21203573321617, 622.6593629077936, 290.47142912389074, 622.2972080866076, 291.73897099804196, 619.9432017488981, 292.28220322982105, 616.6838083582236, 292.28220322982105, 614.5108794311072, 293.0065128721932, 612.3379505039908, 294.6362095675305, 610.8893312192465, 298.43883518998416, 610.8893312192465, 301.15499634887965, 609.6217893450953, 301.69822858065874, 608.7164022921302, 304.5954671501472, 608.173170060351, 305.86300902429844, 613.2433375569559, 306.7683960772636, 615.9594987158514, 309.30347982556606, 615.9594987158514, 311.2953313420894, 614.1487246099211, 312.3817958056476, 612.1568730933977, 313.28718285861277, 611.4325634510257, 315.46011178572917, 613.2433375569559, 317.0898084810664, 618.4945824641538, 318.35735035521765, 620.3053565700842, 320.349201871741, 621.7539758548285, 322.70320820945045, 618.8567372853399, 323.0653630306365, 614.3298020205142, 321.9788985670783, 610.1650215768744, 321.43566633529923, 606.5434733650138, 320.8924341035201, 602.5597703319671, 320.349201871741, 598.0328350671413, 320.349201871741, 596.2220609612109, 320.53364042434396, 590.1018285873815, 320.8924341035201, 584.8141840938499, 321.43566633529923, 580.2872488290242, 321.9788985670783, 572.8630749947099, 322.6984509323476, 555.7957971676567, 321.66539308110794, 535.1346401428628, 321.87200465135584, 514.4734831180691, 322.0786162216038, 496.70488807674644, 324.3513434943311, 485.5478632833578, 321.8900701856391, 461.3246397275633, 320.65040076415147, 439.010590140786, 321.31627962915525, 421.33968489690903, 316.3214825427869, 404.2741281851504, 309.245520003765, 371.80794712375587, 305.4994221889887, 347.6664278729753, 303.4182567363352, 325.1898409843176, 300.6937580464308, 296.4824951202295, 300.6937580464308, 288.011420740064, 306.8407325885626, 278.0483408779435, 313.2456912662487, 273.9161094729847, 318.6175920926951, 267.0979276548028, 321.9233772166621, 256.5607375721579, 322.9564350679018, 249.12272104323216, 327.91511275385227, 244.16404335728166, 330.6010631670755, 237.55247310934766, 327.81519166078317, 222.4020931101792, 326.1622990987997, 219.50953112670805, 327.81519166078317, 214.34424187050962, 327.4019685202873, 211.24506831679054, 323.4763486855765, 211.0384567465426, 318.93089414012184, 209.59217575480704, 313.1457701731796, 209.38556418455912, 304.88130736326207, 205.66655592009622, 299.71601810706363, 203.18721707712098, 289.7128618298104, 198.23136342871388, 278.7624486066697, 193.0660741725154, 271.9442667884877, 188.1073964865649, 260.16740728435525, 181.49582623863088, 258.7211262926197, 187.0743386353252, 258.51451472237176, 194.51235516425098, 256.6550105901403, 200.91731384193707, 254.17567174716507, 203.8098758254082, 252.31616761493362, 204.84293367664787, 249.63021720171042, 204.63632210639994, 246.53104364799137, 202.7768179741685, 242.8120353835285, 201.74376012292882, 240.95253125129705, 202.36359483367264, 238.26658083807385, 203.60326425516024, 235.9938535653465, 206.0826030981355, 232.89468001162746, 203.3966526849123, 227.54931683209443, 200.36126915569594, 224.0369201378795, 200.154657585448, 219.078242451929, 200.154657585448, 214.94601104697023, 201.39432700693564, 212.26006063374703, 198.29515345321659, 209.75464126186552, 197.0970477386938, 205.935196817421, 196.57621440536045, 200.72686348408757, 196.92343662758267, 196.55758129490374, 197.4687071722248, 195.731135013912, 