{"source": "shop", "pair_id": 2202, "item1": {"segmentation": [[285.43245151376715, 275.43070725528446, 282.3911291997175, 272.3893849412348, 277.4703145356411, 276.19132700539734, 273.32216638749287, 279.74688256095294, 269.9641416961348, 284.88268503008885, 266.2110552763816, 287.4505862646568, 260.8777219430482, 290.8086109560149, 254.95179601712215, 295.3518208325582, 250.6061170047764, 295.9444134251508, 245.85247223773226, 298.4200012407716, 236.17345989205307, 300.0002481543519, 227.48210186736156, 302.7656802531174, 218.98827470686757, 304.34592716669766, 213.25987964513908, 306.5187666728705, 197.9447856566785, 311.35330975866987, 189.253427631987, 312.7360258080526, 179.37688442211027, 313.9212109932378, 181.9844903530001, 317.13431354302355, 179.81165084682723, 321.67752341956685, 183.36720640238286, 327.4059184812954, 187.71288541472862, 333.924436999814, 190.28078664929654, 336.2948073701844, 190.67584837769164, 341.62814070351783, 190.67584837769164, 349.5293752714192, 193.4412804764571, 359.01085675290085, 195.61411998262997, 364.3441900862343, 199.36720640238315, 369.6775234195677, 199.95979899497576, 372.83801724672827, 199.1696755381856, 379.55406662944443, 199.7622681307782, 386.4676468763582, 201.540045908556, 393.97381971586447, 205.9810161920717, 401.82542341336347, 207.7587939698495, 405.57850983311664, 206.17854705626922, 410.31925057385746, 203.21558409330623, 415.6525839071909, 202.62299150071362, 420.7883863763268, 202.42546063651608, 427.50443575904296, 204.00570755009636, 433.430361684969, 208.74644829083718, 439.15875674669746, 212.16700787890096, 447.7578013524419, 215.92009429865413, 456.0540976487383, 218.29046466902454, 462.37508530305945, 218.44680191078874, 484.40920652645906, 219.2369253675789, 495.86599664991604, 220.22457968856656, 506.5326633165829, 219.4344562317764, 513.8413052918917, 215.87890067622078, 522.3351324523857, 211.73075252807257, 534.5820460326328, 209.36038215770216, 551.3721694894232, 204.62956759104182, 576.9107264718646, 200.08635771449855, 601.7996153607539, 197.5184564799306, 615.6267758545813, 195.9382095663503, 642.2934425212485, 193.96290092437496, 670.7378869656934, 192.7563744649174, 701.7135058006072, 190.5835349587445, 724.6270860475213, 190.97859668713957, 729.367826788262, 191.17612755133712, 739.6394317265339, 189.9909423661519, 748.3307897512254, 190.386004094547, 753.0715304919662, 187.22551026738643, 768.873999627769, 176.20993858179816, 815.4773869346711, 163.3210496929089, 867.4773869346725, 154.08844430267897, 890.7563833736838, 147.0124817636571, 922.3900982540168, 145.13038565609043, 963.342749249204, 143.94695370342765, 988.7865362314533, 148.08896553774733, 1007.1297314977261, 174.85177366120547, 1007.6381909547738, 196.35265172744712, 1005.3697599528833, 203.15794473311843, 1002.3451852836961, 222.0615364155388, 1010.662765623961, 230.37911675580375, 1013.6873402931483, 235.3615734924625, 1009.9819409547739, 239.26782349246258, 1012.3256909547739, 239.26782349246258, 1019.7475659547741, 244.73657349246272, 1026.7788159547742, 252.93969849246295, 1026.7788159547742, 254.50219849246298, 1022.8725659547741, 256.84594849246304, 1015.450690954774, 259.1896984924631, 1013.4975659547739, 264.65844849246326, 1017.403815954774, 269.7365734924634, 1018.185065954774, 273.6428234924635, 1011.1538159547739, 274.4240734924635, 1000.6069409547736, 278.7209484924636, 999.4350659547736, 288.09594849246383, 1001.3881909547737, 293.564698492464, 999.8256909547736, 298.2521984924641, 995.9194409547734, 302.54907349246423, 994.7475659547734, 302.93969849246423, 999.8256909547736, 304.11157349246423, 1007.2475659547738, 306.0646984924643, 1011.5444409547739, 311.53344849246446, 1013.8881909547739, 315.4396984924646, 1011.5444409547739, 319.34594849246463, 1008.0288159547738, 322.86157349246474, 1010.7631909547739, 323.25219849246474, 1017.013190954774, 331.0646984924649, 1021.7006909547741, 340.4396984924652, 1019.7475659547741, 343.8210584170853, 1011.6885207286433, 348.1179334170854, 1008.5635207286433, 355.5398084170856, 1003.8760207286432, 361.7898084170858, 996.454145728643, 365.30543341708585, 989.8135207286427, 372.727308417086, 992.1572707286429, 377.8054334170862, 991.7666457286429, 385.61793341708636, 991.3760207286429, 389.5241834170865, 991.3760207286429, 389.9148084170865, 997.235395728643, 393.4304334170866, 1001.5322707286431, 395.38355841708665, 1006.2197707286432, 399.28980841708676, 1005.8291457286432, 402.8054334170868, 998.016645728643, 405.1491834170869, 1000.3603957286431, 405.1491834170869, 1005.8291457286432, 408.274183417087, 1011.6885207286433, 412.9616834170871, 1014.0322707286434, 418.0398084170872, 1014.4228957286434, 422.33668341708733, 1010.1260207286433, 425.0710584170874, 1001.9228957286431, 427.02418341708744, 995.672895728643, 429.7585584170875, 994.1103957286429, 435.61793341708767, 995.282270728643, 441.86793341708784, 990.2041457286427, 442.25855841708784, 982.7822707286426, 444.2116834170879, 977.3135207286425, 443.03980841708784, 974.5791457286424, 452.02418341708807, 974.5791457286424, 455.1491834170882, 974.9697707286424, 461.78980841708835, 970.2822707286423, 465.48743718592885, 974.7488462721772, 467.12009024715337, 981.2794585170753, 471.36498820633716, 982.9121115782998, 480.83437596143943, 982.9121115782998, 484.42621269613335, 977.3610911701364, 484.42621269613335, 984.2182340272794, 487.0384575940926, 987.8100707619734, 489.65070249205183, 992.3814993334021, 492.589478002256, 993.3610911701368, 498.1404984104194, 987.8100707619734, 499.44662085939905, 981.9325197415651, 500.7527433083786, 968.8712952517689, 503.3649882063379, 953.5243564762583, 504.67111065531753, 948.2998666803398, 505.32417187980735, 928.3814993334006, 504.67111065531753, 904.8712952517674, 503.03845759409296, 878.748846272175, 500.8836180904521, 821.4866331658317, 500.8836180904521, 760.6866331658296, 499.6036180904521, 721.6466331658283, 491.2836180904518, 659.5666331658263, 482.3236180904515, 596.8466331658242, 479.7636180904514, 574.4466331658234, 470.4636606549921, 517.5149420358819, 466.6056609791935, 475.378766883324, 481.59005223829865, 468.3028043443021, 487.9454504572819, 462.57217408582835, 491.6877734075536, 458.63013573981334, 493.49854751348397, 453.0167360114294, 491.86885081814665, 444.50609771355687, 487.88514778509995, 438.3494657533938, 488.7905348380651, 424.5875825483234, 488.6094574274721, 405.7555318466481, 492.9553152817048, 403.4015255089387, 499.1003015075379, 394.85748743718375, 503.580301507538, 382.05748743718334, 497.853049766715, 372.3011617617285, 502.19890762094775, 368.3174587286818, 505.4583010116223, 362.1608267685187, 508.7176944022969, 351.6583369541229, 507.32040367124887, 346.39976743220245, 506.3947838365381, 342.1683624735247, 510.09726317538116, 330.6642302421196, 510.3982723535033, 324.75036338718377, 510.4235225715359, 324.5533452385899, 503.2830267037672, 318.3384692055319, 493.2334399269075, 315.826072511317, 482.39046472029577, 312.6525187923087, 471.28302670376667, 310.5368163129698, 459.0951451472238, 307.8921882137962, 444.75767266082545, 305.9705137256534, 435.63370571867654, 300.1523319074715, 423.071722247602, 298.96224926284333, 419.89816852859366, 292.35067901490936, 417.6502346442961, 288.5159682711077, 414.7411437352051, 285.34241455209934, 409.9808131566927, 286.00357157689274, 403.6337057186761, 290.6316707504465, 400.32792059470904, 295.12753851904165, 394.2452759666098, 296.7143153785458, 391.83122222683704, 310.0979276548029, 389.18659412766345, 314.197101208522, 385.5334947369525, 315.14262258221373, 378.8737652884613, 316.39132185380583, 371.3353544582417, 308.7756136052161, 364.4593214003903, 305.0731342663731, 355.0370031978075, 307.4532995556293, 347.76427592508014, 310.0979276548029, 342.6072511316916, 310.891316084555, 335.0700610490469, 308.2466879853814, 327.1361767515261, 305.4698284812491, 321.7651895842854, 307.00876282237635, 316.8726276008142, 308.99223389675655, 314.492462311558, 