{"source": "shop", "pair_id": 2222, "item1": {"segmentation": [[217.83589418917296, 449.44846226897374, 160.4394444850292, 484.3597048725251, 108.36843856786786, 522.2295273577333, 97.12583501757165, 535.8389948133552, 92.39210720692061, 561.2827817956044, 92.98382318325199, 584.9514208488596, 95.3506870885775, 614.5372196654286, 100.67613087555992, 639.9810066476778, 110.14358649686199, 668.9750894879154, 112.5104504021875, 683.7679888961999, 112.5104504021875, 704.4780480677981, 110.14358649686199, 722.8212433340709, 111.11111111111084, 733.6419753086424, 113.58024691358004, 746.9135802469143, 116.66666666666653, 758.3333333333343, 118.20987654320977, 738.8888888888895, 122.53086419753085, 723.7654320987656, 129.62962962962976, 714.1975308641976, 137.34567901234598, 709.2592592592591, 150.30864197530923, 702.4691358024688, 161.72839506172923, 697.5308641975305, 170.67901234568006, 694.444444444444, 181.7901234567914, 694.7530864197527, 191.04938271605087, 698.7654320987651, 197.53086419753248, 702.4691358024688, 207.40740740740927, 709.8765432098764, 216.97530864197736, 720.3703703703706, 227.16049382716278, 736.7283950617289, 229.69679012346018, 746.1293827160504, 230.4753483204663, 763.7134532757414, 233.41382398621477, 786.486639685292, 236.71960911018178, 798.6078518065044, 250.31005906426842, 794.9347572243188, 261.69665226904374, 790.1597342674776, 275.2615644353552, 841.1733670992935, 287.09588396198274, 883.1852014188215, 302.3919753086418, 922.3652906378588, 316.06385030864215, 956.7402906378597, 322.5957004458159, 972.8281249999993, 331.97070044581614, 999.0, 749.0, 999.0, 749.0, 842.469032079055, 732.0886523995113, 828.8584460677123, 719.9903537227623, 812.9794290544792, 706.3797677114196, 795.5881247066525, 688.2323196962961, 776.6845330242322, 670.8410153484695, 759.2932286764055, 657.2304293371268, 746.4387863323597, 641.3514123238938, 724.5106199807522, 629.2531136471447, 710.1438903021126, 613.3740966339117, 696.53330429077, 599.0073669552722, 687.4595802832082, 583.1283499420391, 673.8489942718656, 571.7861949325869, 660.9945519278199, 567.2493329288061, 644.35939124729, 558.7292310939036, 616.3683736333322, 553.4037873069212, 604.5340541067046, 567.6049707388744, 598.6168943433909, 580.0310062418333, 585.0074268877692, 590.0901778394668, 567.2559475978277, 596.599053579112, 546.5458884262295, 613.1671009163906, 527.019261207294, 618.5768996344417, 504.99436886302715, 607.3386061901126, 494.5885415997595, 593.1866811120685, 487.51257906073744, 586.1107185730465, 472.11195471110125, 566.963996408634, 453.3814656372194, 564.8828309559805, 446.7217361887281, 551.1471389684671, 435.89967583492967, 540.3250786146687, 424.6613823906005, 524.091988083971, 409.26075804096433, 509.5238299153963, 395.525066053451, 492.874506294168, 385.1192387901833, 472.895317948694, 379.7082086132841, 452.4998965126893, 377.62704316063054, 436.2668059819917, 378.45950934169196, 421.69864781341687, 380.9569078848762, 368.49207133058394, 388.38650205761314, 353.13207133058347, 390.30650205761316, 365.2920713305839, 400.5465020576135, 367.85207133058395, 419.10650205761414, 365.2920713305839, 431.90650205761455, 350.5720713305834, 447.90650205761506, 339.54936610325575, 456.6164010992936, 329.22912653085984, 460.8411325042088, 307.0234145461616, 466.9970239366641, 293.87462561882563, 469.76519002662957, 271.3832761378562, 471.1492730716123, 247.46017748663002, 467.54430167128777, 231.13364687438465, 466.01368942638976, 220.9295652417313, 463.9728730998591]], "scale": 3, "viewpoint": 2, "zoom_in": 2, "landmarks": [280, 420, 1, 221, 452, 2, 277, 471, 2, 331, 459, 2, 361, 430, 2, 352, 392, 2, 109, 523, 2, 101, 622, 2, 108, 731, 2, 261, 791, 2, 251, 729, 2, 235, 675, 2, 254, 743, 2, 286, 880, 2, 0, 0, 0, 0, 0, 0, 0, 0, 0, 678, 762, 2, 546, 575, 2, 522, 512, 2, 540, 556, 2, 555, 601, 2, 617, 510, 2, 561, 436, 2, 493, 381, 2], "style": 1, "bounding_box": [94, 374, 749, 999], "category_id": 1, "occlusion": 1, "category_name": "short sleeve top"}}