{"source": "shop", "pair_id": 2226, "item1": {"segmentation": [[339.83203883495145, 0.0, 363.46796116504856, 0.0, 370.821359223301, 3.151456310679612, 392.3563106796117, 12.605825242718447, 399.18446601941747, 19.959223300970876, 418.09320388349516, 18.38349514563107, 434.90097087378643, 23.635922330097088, 434.90097087378643, 28.363106796116508, 432.27475728155343, 34.140776699029125, 416.5174757281554, 50.42330097087379, 419.66893203883495, 53.0495145631068, 428.5980582524272, 59.87766990291262, 432.27475728155343, 65.13009708737864, 453.2844660194175, 70.90776699029126, 477.4456310679612, 80.3621359223301, 481.64757281553403, 84.03883495145631, 485.835545868833, 95.11188825044579, 490.7335050525064, 115.35678620962936, 494.6518723994452, 141.15270457697616, 493.6722805627105, 161.39760253615975, 496.28452546066967, 171.84658212799644, 497.59064790964925, 177.39760253615967, 492.36615811373093, 183.6016841688127, 485.5090152565881, 192.41801069942488, 485.49399643352496, 205.114265900535, 489.0858331682188, 215.56324549237166, 490.0654250049535, 225.03263324747368, 495.2899148008718, 230.9101842678818, 497.2490984743412, 241.0326332474736, 500.5144045967902, 256.3795720229837, 496.5960372498514, 261.930592431147, 501.49399643352484, 297.52242916584066, 489.96300130491517, 297.50673336233143, 476.5332492387995, 297.30012179208353, 481.6894788983555, 311.72561917971063, 484.95688527838314, 338.84057856152157, 492.46708936001573, 373.7793540717255, 499.1503071131366, 431.26827818506035, 505.3543887457896, 481.22746185852947, 508.3919952446999, 539.0149791955616, 299.3883495145631, 540.0, 295.1864077669903, 485.8495145631068, 294.1359223300971, 447.50679611650486, 299.91359223300975, 418.6184466019418, 307.2669902912622, 365.04368932038835, 316.1961165048544, 311.9941747572816, 321.4485436893204, 298.3378640776699, 322.4281355260551, 284.62357836338424, 318.1832375668714, 275.80725183277207, 312.5194174757282, 266.2980582524272, 304.14242124034087, 238.90929264909877, 299.24446205666743, 223.88888448583356, 310.9436893203884, 203.26893203883498, 314.09514563106796, 181.20873786407768, 309.8932038834952, 149.16893203883495, 307.2669902912622, 115.55339805825244, 272.6009708737864, 79.3116504854369, 264.2250247671885, 73.97436100653852, 277.8533980582524, 53.0495145631068, 294.6611650485437, 49.372815533980585, 318.8223300970874, 44.64563106796117, 323.02427184466023, 34.140776699029125, 334.57961165048545, 23.635922330097088], [264.2250247671885, 74.30089161878341, 278.9189023182088, 82.46415692490582, 303.0821676243311, 104.34170794531387, 312.878085991678, 124.26007529225255, 314.09409550227866, 201.33768575391326, 301.3594016247277, 222.56217554983152, 295.1553199920747, 227.13360412126008, 294.82878937982974, 227.78666534574987, 297.76756489003384, 239.21523677432123, 296.78797305329914, 249.01115514166813, 297.76756489003384, 254.88870616207626, 299.72674856350324, 258.4805428967701, 298.4206261145236, 266.3172775906476, 292.8696057063604, 271.8682979988109, 294.50225876758486, 276.4397265702394, 306.583891420646, 286.5621755498312, 315.40021795125824, 287.5417673865659, 318.9920546859521, 288.84788983554546, 321.2777689716664, 298.97033881513727, 317.35940162472764, 304.52135922330046, 311.4818506043195, 312.358093917178, 308.1588342757721, 317.40214006089604, 299.89437146585476, 315.74924749891255, 290.59685080469774, 325.04676816006963, 280.26627229230104, 339.3029665071771, 282.5389995650283, 344.88147890387125, 272.62164419312745, 345.2947020443671, 267.1617000198139, 338.72357836338426, 257.69231226471186, 326.6419457103231, 251.48823063205884, 319.7848028531803, 246.91680206063032, 311.9480681593028, 242.99843471369155, 311.9480681593028, 230.5902714483855, 306.39704775113955, 222.753536754508, 294.6419457103233, 216.22292450961004, 278.31541509807846, 217.20251634634474, 268.84602734297647, 221.7739449177733, 261.98888448583364, 224.05965920348757, 245.00929264909905, 218.83516940756923, 237.49908856746643, 215.89639389736516, 234.23378244501748, 216.66960570636024, 218.48700217951256, 220.9145036655439, 209.67067564890036, 226.79205468595202, 203.46659401624734, 227.4451159104418, 195.30332871012493, 224.50634040023775, 182.568634832574, 227.77164652268672, 168.85434911828833, 235.28185060431932, 154.4870021795129, 240.50634040023766, 145.9972062611456, 242.46552407370706, 144.3645531999211, 240.50634040023766, 129.67067564890078, 242.13899346146215, 113.67067564890085, 248.99613631860498, 98.32373687339073, 256.00588468397075, 86.56621755498313, 259.27119080641967, 79.38254408559541]], "scale": 2, "viewpoint": 2, "zoom_in": 2, "landmarks": [393, 6, 1, 0, 0, 0, 371, 4, 2, 392, 15, 2, 415, 22, 2, 435, 28, 2, 278, 61, 2, 243, 140, 2, 224, 240, 2, 233, 305, 2, 275, 343, 2, 322, 296, 2, 296, 269, 2, 296, 237, 2, 311, 201, 2, 313, 154, 2, 312, 170, 2, 303, 225, 2, 326, 286, 1, 299, 419, 1, 0, 0, 0, 0, 0, 0, 0, 0, 0, 496, 402, 2, 464, 278, 2, 475, 231, 2, 480, 177, 2, 481, 159, 1, 481, 199, 1, 475, 238, 1, 468, 267, 1, 477, 297, 1, 503, 296, 2, 499, 261, 2, 493, 231, 2, 496, 167, 2, 480, 85, 2], "style": 1, "bounding_box": [211, 0, 510, 540], "category_id": 11, "occlusion": 2, "category_name": "long sleeve dress"}}