{"source": "shop", "pair_id": 2235, "item1": {"segmentation": [[267.46214896215463, 476.93711843710554, 279.9065934066052, 490.7148962148901, 302.1288156288384, 500.93711843711736, 317.23992673995696, 506.714896214898, 349.6843711844174, 508.9371184371213, 354.5732600733087, 516.4926739926806, 356.3510378510873, 533.8260073260225, 358.128815628866, 542.270451770471, 364.7954822955359, 552.937118437143, 375.46214896220783, 576.4926739927101, 383.9065934066565, 594.2704517704967, 397.23992673999635, 629.8260073260698, 397.68437118444103, 615.1593406593959, 391.46214896221574, 585.3815628816034, 390.5732600733264, 563.1593406593702, 391.0177045177711, 547.603785103807, 386.57326007332443, 538.7148962149138, 384.3510378511011, 532.9371184371331, 383.4621489622118, 520.9371184371272, 389.2399267399924, 515.6037851037912, 399.90659340666434, 515.6037851037912, 415.46214896222756, 509.38156288156597, 426.57326007334416, 493.38156288155807, 428.6770451770487, 484.9322344322449, 428.232600732604, 475.1544566544623, 439.7881562881653, 479.598901098909, 450.4548229548372, 480.0433455433536, 473.121489621515, 479.598901098909, 487.34371184374425, 482.7100122100216, 504.67704517708614, 490.2655677655809, 520.2326007326493, 505.37667887669943, 541.1214896215486, 533.8211233211579, 555.3437118437778, 571.5989010989542, 563.3437118437816, 582.7100122100709, 566.899267399339, 585.8211233211836, 568.6770451771176, 609.3766788767507, 578.4548229549002, 640.4877899878771, 590.8577533577808, 670.984737484741, 594.8577533577827, 691.4291819291956, 594.413308913338, 704.7625152625354, 597.5244200244507, 734.5402930403279, 594.413308913338, 750.0958485958911, 586.8577533577788, 765.6514041514544, 582.8577533577768, 782.9847374847961, 566.4133089133243, 816.318070818146, 551.7466422466504, 822.9847374848159, 542.8577533577571, 822.5402930403712, 530.8489478385591, 835.7529757576278, 524.9389499389542, 846.5201465200823, 521.4667277167298, 859.714590964535, 526.327838827844, 919.436813186794, 537.4389499389619, 994.4368131868401, 537.4389499389619, 1018.0479242979658, 525.633394383399, 1025.6868131868594, 469.3833943833644, 1044.436813186871, 433.6691086691557, 1056.2728937728757, 426.03021978026214, 1060.439560439545, 414.9191086691442, 1077.8006715506667, 412.1413308913647, 1082.661782661781, 412.1413308913647, 1108.3562271062412, 396.16910866913264, 1113.9117826618, 357.2802197802198, 1115.30067155069, 310.0579975579685, 1104.189560439572, 285.75244200239797, 1097.2451159951233, 265.61355311349666, 1079.8840048840013, 248.94688644681975, 1053.4951159950963, 234.36355311347742, 1034.7451159950847, 225.33577533569408, 1027.1062271061912, 210.75244200235178, 976.4117826617155, 203.11355311345818, 949.3284493283654, 195.47466422456458, 907.6617826616731, 189.22466422456074, 855.5784493283077, 188.53021978011586, 787.5228937727102, 194.08577533567484, 745.161782661573, 198.6492673992687, 724.2750305250054, 191.0103785103751, 724.2750305250054, 186.149267399261, 721.4972527472258, 163.9270451770251, 743.7194749694618, 128.5103785103366, 774.2750305250361, 96.56593406587248, 806.2194749695002, 33.43253968255038, 839.5757020757029, 0.0, 856.2423687423799, 0.0, 663.1791819291815, 11.973443223444507, 656.2347374847328, 23.77899877900733, 655.5402930402879, 31.417887667900928, 652.7625152625085, 46.001221001243245, 640.9569597069456, 68.91788766792402, 628.4569597069379, 93.22344322349454, 599.9847374846981, 93.22344322349454, 588.8736263735802, 97.39010989016379, 575.6791819291276, 115.44566544573047, 572.9014041513482, 159.8901098902023, 519.4291819290929, 187.66788766799718, 501.37362637352635, 215.44566544579206, 492.34584859574295, 241.14010989025232, 488.1791819290737]], "scale": 3, "viewpoint": 2, "zoom_in": 2, "landmarks": [360, 482, 1, 267, 478, 1, 354, 516, 2, 399, 617, 2, 391, 524, 2, 431, 485, 2, 190, 504, 2, 122, 575, 2, 51, 646, 2, 0, 0, 0, 0, 0, 0, 0, 0, 0, 0, 0, 0, 77, 819, 2, 139, 768, 2, 190, 726, 2, 199, 745, 2, 195, 876, 2, 226, 1028, 2, 416, 1106, 2, 539, 1020, 1, 519, 859, 1, 504, 711, 2, 505, 672, 2, 510, 692, 2, 522, 702, 2, 509, 729, 2, 499, 750, 2, 538, 830, 2, 583, 779, 2, 596, 695, 2, 567, 590, 2, 513, 499, 2], "style": 1, "bounding_box": [2, 467, 601, 1117], "category_id": 2, "occlusion": 1, "category_name": "long sleeve top"}}