{"source": "shop", "pair_id": 2252, "item1": {"segmentation": [[196.71768392158899, 75.94259523007999, 211.27344951705226, 99.19401299945636, 221.48138902555894, 110.34713209208405, 228.09764611440588, 121.87832301836013, 222.6465857005982, 138.78962633037244, 221.7014061164772, 149.37563767252755, 218.67683144729003, 165.065618768936, 215.46322086127867, 192.66486262526894, 213.00575394256407, 221.39832198254703, 211.24067120698152, 232.82758370665763, 209.72838387238792, 249.27370847036286, 204.2463422844862, 261.75007898075995, 205.56959370225556, 270.63476707149727, 205.56959370225556, 291.0506460885107, 203.14490509361173, 306.3203459616232, 198.98611492347936, 328.6265841468786, 195.2053965869954, 350.17667866483714, 188.23217235932384, 383.200486832224, 178.9694124349381, 426.111639951317, 171.78604759561858, 456.54642256001284, 160.94544371649783, 505.5130072247971, 152.8168992930573, 541.6188673382189, 145.82257037056198, 571.8646140300907, 142.61839086412743, 589.9352772095189, 131.46527177149974, 639.4626874174587, 121.3228888831345, 685.2655048294794, 113.66895408757789, 727.9261050832536, 110.18907734935391, 741.7508713778905, 115.67111893725566, 745.9096615480229, 126.25713027941075, 749.879415801331, 148.56336846466613, 753.0930263873424, 169.73539114897633, 751.3917031359246, 173.51610948546028, 749.6903798845068, 189.0287282802915, 749.4357873475411, 209.7207499287878, 751.1043322888883, 220.8738690214155, 757.1534816272626, 241.28974803842888, 767.5504570525935, 262.3616386565502, 779.5234792966827, 280.6981225884974, 791.6217779734314, 289.77184659605894, 795.4024963099154, 299.22364243726884, 796.9147836445089, 308.86447419530293, 795.7805681435638, 330.03649687961314, 784.8164849677603, 338.566460367196, 781.0299298236529, 350.4757231271205, 776.8711396535205, 358.2261957169126, 775.9259600693995, 368.6231711422435, 778.5724629049383, 380.72550949063896, 781.7398244296553, 398.4948856721136, 784.0082554315456, 410.9712561825107, 783.6301835978973, 418.5326928554786, 775.6906750912809, 420.80112385736896, 761.7020172462902, 427.03930911256754, 756.9761193256853, 440.76978014863926, 753.991956910169, 459.10626408058647, 749.07702307274, 471.0155268405109, 742.2717300670688, 481.22346634901766, 731.6857187249137, 484.43707693502904, 718.4532045472198, 489.16297485563393, 713.1601988761423, 493.51080094259055, 707.3000854545921, 500.12705803143746, 702.9522593676356, 510.7130693735926, 698.4153973638548, 516.4770904006006, 696.2026465028355, 527.8192454100525, 691.854820415879, 538.4052567522076, 684.293383742911, 538.4052567522076, 675.9758034026463, 535.7587539166689, 651.7792060491489, 531.4109278297123, 619.0759924385627, 522.4413755599865, 554.6856928295826, 516.0141543879637, 520.0921200507544, 505.0577051557604, 458.95584328145645, 495.9839811481989, 406.40385840432936, 492.2243675065386, 379.76685915529436, 480.69317658026256, 343.0938912913999, 466.6465960587306, 269.36180438666906, 469.5207499287878, 169.285925887563, 468.0084625941942, 137.7169277779219, 462.1483491726441, 116.92297692726011, 450.5089468368855, 94.63200662920502, 444.8378693321596, 60.22746976720095, 440.81602920993356, 60.8794416966621, 440.248921459461, 63.904016365849266, 441.8132946629724, 76.67359453090619, 442.5173524613514, 96.60722997643555, 441.00506512675776, 104.73577439987606, 437.41338270709804, 106.81516948494225, 429.0612269207859, 110.64617655436737, 423.20111349923576, 112.15846388896097, 422.82304166558737, 115.18303855814813, 418.664251495455, 116.31725405909332, 415.6396768262678, 119.71990056192888, 393.14440272418824, 128.2265168190178, 344.07948312919183, 142.01087085998395, 335.7619027889271, 143.52315819457755, 291.5504000828651, 136.09283476189253, 283.799927493073, 132.50115234223276, 260.804899396639, 125.72280083900887, 241.71227179739495, 114.94775358002957, 228.47975761970108, 102.84945490328089, 221.82488541315993, 99.09747520522085, 213.31826915607104, 88.70049977988995, 204.2445451485095, 75.27894968537188]], "scale": 3, "viewpoint": 2, "zoom_in": 1, "landmarks": [331, 123, 1, 241, 115, 2, 284, 132, 1, 337, 143, 1, 393, 128, 1, 437, 107, 2, 197, 76, 2, 205, 270, 2, 194, 350, 2, 175, 426, 2, 141, 589, 2, 112, 738, 2, 368, 779, 2, 538, 684, 2, 518, 556, 2, 491, 408, 2, 480, 343, 1, 467, 270, 1, 440, 61, 2], "style": 2, "bounding_box": [106, 37, 549, 803], "category_id": 13, "occlusion": 2, "category_name": "sling dress"}}