{"source": "shop", "pair_id": 2265, "item1": {"segmentation": [[363.61749119631094, 169.89521043293473, 366.7733097367448, 175.943862635433, 371.2440526690262, 181.4665450811923, 376.50375023641595, 187.2522124053211, 382.2894175605448, 192.24892509434142, 387.2861302495651, 196.45668314825326, 393.07179757369386, 195.1417587564058, 398.3314951410837, 194.35280412129734, 403.5911927084735, 193.3008646078194, 408.0619356407548, 191.19698558086344, 410.42879954608026, 188.04116704042957, 411.21775418118875, 185.14833337836518, 411.7437239379277, 181.7295299595618, 415.16252735673106, 185.14833337836518, 416.21446687020904, 188.30415191879905, 418.58133077553447, 189.09310655390752, 420.9481946808599, 190.93400070249396, 422.7890888294463, 194.08981924292786, 424.36699809966325, 196.19369826988378, 427.5228166400972, 196.71966802662274, 433.0454990858565, 202.24235047238207, 439.3571361667242, 206.1871236479244, 444.0908639773751, 208.55398755324984, 444.8798186124835, 211.7098060936837, 444.0908639773751, 218.284428052921, 441.72400007204965, 225.38501976889722, 439.8831059234632, 231.4336719713955, 437.7792268965073, 238.00829393063276, 435.14937811281237, 244.58291588987004, 432.51952932911746, 248.5276890654124, 431.73057469400896, 252.47246224095477, 430.15266542379203, 259.8360388353005, 427.5228166400972, 270.6184188484496, 425.4189376131412, 277.71901056442584, 424.89296785640227, 288.2384056992055, 423.44569362261706, 307.5363945853936, 422.3937541091391, 322.78951753082407, 421.0788297172916, 341.1984590166884, 420.02689020381365, 355.6626273270104, 418.4489809335967, 371.4417200291798, 417.13405654174926, 385.9058883395018, 416.1533823277762, 398.54357623409254, 415.89039744940675, 418.2674421118043, 415.62741257103727, 436.93936847603817, 414.5754730575593, 449.8256275161432, 413.26054866571184, 462.97487143461774, 412.57912152243006, 480.65571496762266, 410.47524249547416, 488.80824619707687, 408.8973332252572, 492.4900344942497, 408.3713634685182, 503.5353993857683, 407.47488134158306, 522.8102807273514, 403.2671232876712, 525.9660992677852, 399.5853349904983, 528.5959480514801, 394.32563742310856, 531.2257968351751, 389.5919096124577, 531.751766591914, 383.8062422883289, 533.0666909837614, 376.17968081561366, 533.329675862131, 366.71222519431205, 533.85564561887, 355.4038754244239, 533.85564561887, 344.3585105329053, 533.329675862131, 333.57613051975625, 531.4887817135445, 323.58270514171556, 529.3849026865886, 315.2225536552194, 526.7855961741101, 304.70315852043973, 524.6817171471542, 292.6058541154432, 522.0518683634593, 278.9306404402297, 518.1070951879169, 264.72945700827717, 513.6363522556356, 256.57692577882295, 510.4805337152017, 248.42439454936877, 506.79874541802883, 240.53484819828407, 502.3280024857475, 229.48948330676546, 496.0163654048797, 232.64530184719933, 490.4936829591204, 236.0641052660027, 483.39309124314417, 237.11604477948066, 473.13668098673406, 241.06081795502303, 460.776391703368, 244.21663649545692, 454.4647546225002, 246.05753064404337, 448.15311754163247, 247.37245503589082, 441.84148046076467, 252.36916772491114, 429.4811911773986, 259.1719993155184, 414.0509902461426, 262.5908027343218, 407.73935316527485, 265.4836363963862, 401.953685841146, 267.3245305449726, 397.4829429088647, 269.42840957192857, 389.3304116794105, 270.217364207037, 384.3336989903902, 276.0030315311658, 366.9766970180038, 278.8958651932302, 355.9313321264852, 285.73347203083694, 341.9931335729022, 290.99316959822676, 332.5256779516005, 297.56779155746403, 316.4836003710616, 301.5125647330064, 301.4934623040007, 303.09047400322333, 294.1298857096549, 304.93136815180975, 289.3961578990041, 307.0352471787657, 284.39944520998375, 311.94902686588665, 266.3205209262108, 313.78992101447307, 261.32380823719046, 314.3158907712121, 255.80112579143116, 315.1048454063205, 245.01874577828207, 316.1567849197985, 232.13248673817702, 318.26066394675445, 227.92472868426518, 319.57558833860185, 222.66503111687535, 320.6275278520798, 203.20415011753306, 320.36454297371034, 180.85043545612638, 320.10155809534086, 177.69461691569248, 323.78334639251375, 177.1686471589535, 328.2540893247951, 177.957601794062, 332.7248322570764, 178.22058667243147, 337.1955751893577, 178.22058667243147, 341.1403483649001, 177.69461691569248, 345.34810641881194, 176.64267740221453, 351.9227283780492, 173.22387398341112, 359.28630497239493, 170.85701007808572]], "scale": 2, "viewpoint": 2, "zoom_in": 1, "landmarks": [392, 183, 1, 365, 171, 2, 374, 186, 2, 387, 197, 2, 404, 195, 2, 413, 184, 2, 321, 180, 2, 319, 242, 2, 313, 267, 2, 303, 298, 2, 270, 388, 2, 232, 496, 2, 324, 530, 2, 407, 526, 2, 415, 408, 2, 423, 321, 2, 425, 290, 2, 431, 257, 2, 445, 211, 2], "style": 1, "bounding_box": [225, 167, 448, 538], "category_id": 12, "occlusion": 1, "category_name": "vest dress"}}