{"source": "shop", "pair_id": 2265, "item1": {"segmentation": [[317.6029126475913, 28.232588509722305, 321.81067070150317, 35.07019534732906, 326.018428755415, 43.22272657678326, 329.9632019309574, 52.42719731971543, 336.80080876856414, 62.15763781938658, 342.5864760926929, 72.15106319742722, 351.2649770788861, 81.88150369709838, 357.05064440301487, 88.71911053470512, 362.5733268487742, 92.66388371024749, 369.14794880801145, 92.400898831878, 378.6154044293131, 92.1379139535085, 386.24196590202837, 90.56000468329155, 391.76464834778767, 86.8782163861187, 394.92046688822154, 85.03732223753227, 395.183451766591, 82.40747345383735, 395.70942152333, 75.04389685949162, 396.235391280069, 64.524501724712, 398.60225518539437, 66.62838075166792, 400.9691190907198, 72.67703295416621, 403.8619527527842, 77.93673052155602, 405.70284690137066, 78.98867003503398, 407.80672592832656, 80.04060954851194, 409.3846351985435, 82.93344321057634, 410.43657471202147, 87.66717102122716, 411.48851422549944, 90.03403492655258, 415.6962722794113, 91.61194419676953, 419.90403033332313, 94.50477785883392, 423.8488035088655, 99.23850566948475, 433.68208820801067, 106.94106707015032, 443.67551358605135, 114.83061342123504, 446.30536236974626, 117.72344708329943, 445.77939261300725, 123.77209928579771, 444.2014833427903, 130.60970612340446, 442.3605891942039, 137.9732827177502, 441.04566480235644, 142.96999540677052, 437.62686138355303, 150.07058712274676, 433.68208820801067, 160.0640125007874, 429.4743301540988, 168.7425134869806, 424.740602343448, 177.42101447317378, 420.79582916790565, 185.047575945889, 417.3770257491023, 195.30398620229914, 410.7366134392475, 211.22676141327378, 405.73990075022715, 222.27212630479238, 402.5840822097933, 229.37271802076862, 399.1652787909899, 238.84017364207028, 396.79841488566444, 251.46344780380582, 393.6425963452306, 263.5607522088024, 389.17185341294925, 279.60282978934134, 382.86021633208145, 304.58639323444294, 377.9994407068164, 321.1079255716778, 374.84362216638254, 339.51686705754213, 370.37287923410116, 360.2926724487319, 366.9540758152978, 375.28281051579285, 363.79825727486394, 390.5359334612233, 355.3827411670402, 409.7338295821961, 352.2269226266063, 418.67531544675876, 351.70095286986736, 427.09083155458245, 350.12304359965043, 436.5582871758841, 348.28214945106396, 447.07768231066376, 348.5451343294335, 459.7009564723993, 346.21211171453547, 477.8431286194196, 343.58226293084056, 491.25535741626356, 340.4264443904067, 501.24878279430425, 337.2706258499728, 510.9792232939754, 335.95570145812536, 518.3427998883211, 334.3777921879084, 530.7030891716872, 334.3777921879084, 537.5406960092939, 332.1009222483407, 543.9385425954448, 328.9451037079068, 549.7242099195736, 318.327397260274, 575.2082191780822, 308.9397260273973, 594.8369863013698, 278.2164383561644, 591.4232876712329, 251.76027397260276, 588.0095890410959, 221.03698630136986, 585.4493150684932, 202.26164383561644, 582.8890410958904, 189.46027397260275, 580.3287671232877, 164.7109589041096, 577.768493150685, 136.54794520547946, 572.6479452054795, 112.65205479452055, 568.3808219178082, 100.6498491439481, 562.4917384921599, 95.91612133329727, 558.0209955598785, 91.44537840101593, 551.4463736006413, 88.55254473895154, 547.7645853034684, 84.87075644177867, 544.6087667630345, 82.76687741482274, 543.5568272495566, 81.45195302297529, 539.6120540740142, 79.34807399601937, 535.6672808984719, 78.5591193609109, 533.037432114777, 81.71493790134478, 526.9887799122787, 84.3447866850397, 520.9401277097804, 89.867469130799, 510.4207325750008, 93.02328767123288, 499.90133744022114, 95.0218583664319, 490.8295912026151, 97.65170715012681, 483.7289994866389, 99.22961642034375, 478.46930191924906, 103.96334423099458, 474.5245287437067, 111.8528905820793, 459.5343906766457, 116.06064863599114, 448.4890257851271, 118.95348229805553, 439.02157016382546, 122.10930083848943, 428.5021750290458, 123.1612403519674, 419.56068916448316, 124.73914962218433, 414.30099159709334, 127.36899840587924, 406.14846036763913, 131.3137715814216, 395.892050111229, 135.78451451370293, 388.0025037601443, 138.67734817576732, 379.06101789558164, 141.57018183783174, 372.48639593634437, 146.56689452685205, 360.9150612880868, 154.2898750821832, 344.9348130735901, 162.4424063116374, 328.89273549305113, 170.59493754109158, 312.5876730341427, 177.43254437869834, 299.7014139940377, 180.58836291913224, 291.81186764295296, 183.21821170282715, 284.44829104860725, 187.95193951347798, 276.5587446975225, 191.10775805391185, 271.5620320085022, 195.5785009861932, 262.883531022309, 198.99730440499658, 252.10115100915988, 201.89013806706097, 237.37399782046842, 205.8349112426033, 226.32863292894982, 211.3575936883626, 212.39043437536682, 215.30236686390498, 200.81909972710923, 219.99015157655828, 189.52474399502853, 223.40895499536165, 179.2683337386184, 227.09074329253454, 167.17102933362182, 231.2985013464464, 154.8107400502558, 233.4023803734023, 142.9764205236287, 241.13746273630355, 121.0439391892496, 247.7120846955408, 97.11231525762597, 251.39387299271368, 77.65143425828366, 251.91984274945264, 60.29443228589729, 249.44767051237034, 48.5705258796935, 244.7139427017195, 37.525160988174896, 249.9736402691093, 37.78814586654438, 254.18139832302114, 38.840085380022344, 259.1781110120415, 39.892024893500306, 267.0676573631262, 40.417994650239294, 274.6942188358414, 40.943964406978274, 281.2688407950787, 39.892024893500306, 285.47659884899053, 38.57710050165286, 290.99928129474984, 37.525160988174896, 296.7849486188786, 35.15829708284948, 302.61277458053036, 32.971421109039525, 308.92441166139815, 31.393511838822583]], "scale": 3, "viewpoint": 2, "zoom_in": 1, "landmarks": [363, 60, 1, 318, 29, 2, 339, 66, 2, 362, 93, 2, 392, 89, 2, 398, 65, 2, 246, 39, 2, 227, 173, 2, 209, 224, 2, 188, 275, 2, 134, 394, 2, 79, 535, 2, 192, 579, 1, 309, 592, 1, 348, 444, 2, 380, 318, 2, 395, 259, 2, 417, 194, 2, 445, 116, 2], "style": 1, "bounding_box": [75, 26, 448, 593], "category_id": 12, "occlusion": 1, "category_name": "vest dress"}}