{"source": "shop", "pair_id": 2266, "item1": {"segmentation": [[339.15769230769234, 115.7, 315.3230769230769, 91.96923076923076, 304.0615384615384, 71.32307692307691, 295.6153846153846, 66.63076923076923, 286.2307692307692, 40.35384615384615, 270.2769230769231, 23.46153846153846, 230.86153846153846, 25.338461538461537, 190.50769230769228, 18.769230769230766, 163.29230769230767, 15.953846153846152, 130.44615384615383, 6.569230769230769, 110.73846153846154, 0.0, 102.29230769230769, 10.323076923076922, 98.53846153846153, 21.584615384615383, 86.33846153846153, 27.215384615384615, 86.33846153846153, 40.35384615384615, 96.66153846153846, 59.123076923076916, 94.78461538461538, 70.38461538461539, 74.13846153846153, 73.19999999999999, 70.38461538461539, 90.09230769230768, 77.89230769230768, 116.36923076923077, 68.50769230769231, 122.93846153846152, 63.81538461538461, 127.63076923076922, 60.99999999999999, 145.46153846153845, 68.50769230769231, 156.72307692307692, 69.44615384615385, 159.53846153846152, 74.13846153846153, 176.43076923076922, 64.75384615384615, 188.63076923076923, 68.50769230769231, 202.7076923076923, 78.83076923076922, 210.2153846153846, 85.39999999999999, 210.2153846153846, 81.64615384615384, 237.43076923076922, 71.32307692307691, 274.96923076923076, 42.16153846153845, 358.6076923076923, 26.661538461538463, 394.6076923076922, 11.51153846153846, 436.0038461538461, 3.2615384615384677, 453.7538461538461, 0.0, 538.676923076923, 0.0, 564.0153846153846, 6.946153846153848, 576.7230769230769, 12.946153846153843, 596.7230769230769, 16.19615384615384, 607.9730769230769, 30.946153846153827, 624.7230769230769, 33.542307692307695, 634.9307692307692, 44.29230769230769, 656.9307692307692, 61.04230769230767, 674.1807692307692, 81.79230769230765, 690.9307692307692, 97.79230769230765, 703.9307692307692, 124.79230769230762, 717.1807692307692, 167.54999999999998, 734.0, 184.04999999999998, 740.25, 200.29999999999995, 744.0, 209.79999999999995, 742.75, 216.04999999999995, 739.0, 246.2999999999999, 739.0, 272.00769230769237, 738.5653846153846, 283.7576923076923, 737.8153846153846, 306.5076923076923, 728.8153846153846, 316.0076923076923, 725.3153846153846, 330.0076923076923, 716.3153846153846, 349.00769230769225, 713.5653846153846, 370.25769230769225, 706.5653846153846, 386.25769230769225, 698.0653846153846, 399.75769230769225, 684.8153846153846, 404.7576923076922, 673.0653846153846, 411.1884615384615, 660.5384615384615, 410.1884615384615, 629.7884615384615, 411.1884615384615, 615.5384615384615, 413.1884615384615, 605.5384615384615, 410.9384615384615, 584.5384615384617, 410.1884615384615, 573.2884615384617, 418.9384615384615, 565.5384615384617, 420.6884615384615, 561.0384615384617, 419.4384615384615, 556.7884615384617, 426.2076923076923, 541.3576923076922, 428.9576923076923, 534.3576923076922, 431.7076923076923, 525.6076923076922, 435.7076923076923, 521.1076923076922, 445.2076923076923, 495.6076923076923, 444.2076923076923, 486.8576923076923, 448.2076923076923, 481.3576923076923, 454.4576923076923, 479.6076923076923, 469.2076923076923, 454.8576923076923, 478.95769230769224, 440.60769230769233, 487.63461538461536, 415.0538461538461, 494.13461538461536, 413.3038461538461, 498.13461538461536, 416.3038461538461, 506.13461538461536, 414.3038461538461, 509.13461538461536, 409.8038461538461, 517.8846153846154, 407.5538461538461, 520.8846153846154, 402.5538461538461, 530.6346153846154, 397.8038461538461, 538.3846153846154, 389.8038461538461, 547.8846153846154, 376.80384615384617, 555.3846153846154, 372.30384615384617, 560.3846153846152, 365.05384615384617, 568.6346153846152, 353.80384615384617, 574.1346153846152, 358.55384615384617, 578.6346153846152, 358.55384615384617, 581.1346153846152, 350.05384615384617, 589.8846153846152, 348.30384615384617, 589.6346153846152, 342.05384615384617, 586.6346153846152, 336.80384615384617, 590.3846153846152, 330.80384615384617, 589.6346153846152, 324.30384615384617, 594.6346153846152, 318.80384615384617, 605.0038461538461, 316.5653846153846, 609.0038461538461, 309.5653846153846, 615.7538461538461, 306.0653846153846, 618.5038461538461, 297.3153846153846, 620.0038461538461, 286.5653846153846, 619.0038461538461, 280.8153846153846, 624.2538461538461, 283.3153846153846, 628.0038461538461, 281.8153846153846, 628.5038461538461, 276.5653846153846, 634.2538461538461, 275.5653846153846, 632.5038461538461, 269.81538461538463, 626.5038461538461, 265.56538461538463, 628.7280637154624, 262.1967469474219, 623.2538461538461, 254.56538461538463, 630.2538461538461, 255.31538461538463, 628.5038461538461, 249.06538461538463, 618.7538461538461, 247.81538461538463, 609.0038461538461, 239.06538461538463, 600.5038461538461, 234.31538461538463, 593.2538461538461, 228.31538461538463, 561.1807692307692, 189.28076923076918, 531.4307692307692, 165.7807692307692, 523.6807692307692, 153.5307692307692, 511.1807692307692, 132.78076923076924, 507.4307692307692, 134.28076923076924, 505.9307692307693, 143.2807692307692, 496.6807692307693, 141.5307692307692, 485.6807692307693, 147.5307692307692, 477.1807692307693, 142.5307692307692, 462.4307692307693, 147.5307692307692, 459.4307692307693, 151.2807692307692, 454.9307692307693, 147.0307692307692, 429.1576923076923, 146.95, 424.4076923076923, 149.45, 414.4076923076923, 144.95, 401.4076923076923, 141.95, 390.4076923076923, 139.45, 382.1576923076923, 138.95, 379.1576923076923, 134.95, 359.40769230769234, 124.45, 346.65769230769234, 123.2, 340.65769230769234, 123.2]], "scale": 3, "viewpoint": 2, "zoom_in": 2, "landmarks": [380, 102, 1, 271, 29, 1, 313, 94, 2, 374, 137, 2, 458, 149, 2, 511, 139, 2, 109, 6, 2, 84, 232, 1, 40, 367, 1, 0, 0, 0, 0, 0, 0, 0, 0, 0, 431, 529, 2, 488, 416, 2, 632, 263, 2], "style": 2, "bounding_box": [0, 1, 638, 787], "category_id": 5, "occlusion": 2, "category_name": "vest"}}