{"source": "shop", "pair_id": 2278, "item1": {"segmentation": [[441.6709555266868, 211.76789021255425, 438.98500511346367, 211.76789021255425, 437.951947262224, 214.4538406257774, 440.6378976754471, 224.37119599767817, 442.9106249481744, 231.3959893861079, 445.5965753613975, 237.5943364935459, 456.1337654440421, 243.99929517123184, 466.46434395643877, 246.68524558445498, 474.1089720556123, 246.27202244395912, 480.51393073329825, 243.7926836009839, 489.6048398242073, 238.83400591503352, 496.42302164238913, 233.2554935183393, 501.1750877580916, 228.29681583238892, 504.6874844523065, 224.78441913817403, 506.54698858453787, 221.27202244395917, 512.33211255148, 220.44557616296746, 521.1335443212914, 221.94811907460132, 530.2244534122005, 225.25390419856828, 534.5632963874071, 226.7001851903038, 539.1087509328617, 229.59274717377488, 536.0095773791427, 235.58448271096495, 533.7368501064153, 243.64233395063434, 529.3980071312087, 254.79935874402275, 525.8856104369939, 265.1299372564194, 523.8194947345146, 277.3200199010475, 521.7533790320352, 289.92332568617144, 521.1335443212914, 296.32828436385734, 521.1335443212914, 301.7001851903036, 522.2646977528401, 311.94389010199285, 520.6118051908567, 323.5141380358771, 517.5126316371376, 338.1835595234804, 516.2729622156501, 345.82818762265396, 515.0332927941624, 359.87777439951344, 512.9671770916831, 367.7290140689349, 509.60913789767557, 383.701581027668, 507.7496337654442, 395.0652173913043, 511.46864202990696, 398.1643909450233, 520.3529395505681, 411.59414301113895, 528.2041792199896, 424.8172835070067, 534.2023273169519, 436.4550153403909, 543.9130711186048, 459.8021227784074, 546.39240996158, 471.5789822825396, 548.6651372343073, 481.9095607949363, 551.2489842173636, 487.0868736007077, 555.7944387628182, 500.9298488073193, 560.1332817380248, 516.2191050056663, 564.6787362834793, 530.0620802122778, 569.2273971088201, 551.0930235772133, 572.6376903728683, 563.2895187816137, 574.9104176455955, 580.6448906824401, 573.9794632245225, 584.6750186572322, 565.3017772741093, 586.0, 520.053843389812, 586.0, 457.3227839354322, 586.0, 442.6533624478289, 582.8669670250699, 426.12443682799426, 580.5942397523427, 416.62030459658934, 581.0074628928385, 407.11617236518435, 584.1066364465574, 402.7773293899778, 586.0, 381.49633765444065, 586.0, 379.01699881146544, 580.1810166118468, 371.9922054230357, 573.362834793665, 359.42111445866385, 565.1466182039305, 341.2392962768457, 561.0143867989719, 322.64425495453173, 559.7747173774843, 310.45417230990364, 559.1548826667405, 287.726899582631, 550.2705851460794, 286.48723016114343, 547.9978578733521, 277.3963210702343, 542.4193454766579, 263.2245916139197, 533.2183172558667, 266.32376516763867, 524.1274081649577, 272.7287238453246, 511.5241023798338, 287.6047569031758, 487.14393709057765, 302.480789961027, 464.8298875038008, 320.3643135520606, 441.5704552364632, 343.918032560325, 415.74400895547154, 360.6535697504076, 396.9423560629096, 371.3040852428204, 384.8938057989442, 383.28755631720054, 374.76983885679545, 384.7338373089361, 373.3235578650599, 387.8330108626551, 353.07562398076243, 390.7303822659554, 333.73940683822104, 394.8626136709141, 314.9377539456591, 398.58162193537686, 293.65676221012194, 401.4741839188479, 281.6732911357418, 404.7799690428149, 271.755935763841, 408.60589015727356, 256.55996572597365, 409.0191132977695, 241.68393266812245, 406.3331628845463, 222.88227977556053, 404.06043561181906, 211.10542027142833, 404.06043561181906, 209.03930456894898, 412.94473313248017, 208.21285828795726, 427.61415462008347, 208.83269299870105, 435.8786174300008, 209.45252770944484]], "scale": 2, "viewpoint": 2, "zoom_in": 2, "landmarks": [475, 222, 1, 439, 212, 2, 448, 236, 1, 468, 250, 1, 495, 239, 1, 508, 223, 1, 406, 211, 2, 405, 272, 1, 395, 324, 2, 385, 376, 2, 320, 446, 2, 266, 535, 2, 423, 581, 2, 0, 0, 0, 551, 489, 2, 506, 395, 2, 516, 346, 2, 521, 294, 1, 538, 232, 2], "style": 1, "bounding_box": [260, 202, 580, 586], "category_id": 12, "occlusion": 2, "category_name": "vest dress"}}