{"source": "shop", "pair_id": 2272, "item1": {"segmentation": [[260.45588628499524, 233.58532557407986, 259.7638447625039, 238.775636992765, 262.18599009122363, 250.88636363636363, 269.45242607738277, 263.68913180245363, 276.71886206354196, 269.2254639823844, 286.40744337842085, 272.68567159484115, 315.8192080843032, 274.0697546398239, 330.3520800566216, 269.2254639823844, 345.92301431267697, 262.3050487574709, 354.5735333438189, 256.0766750550488, 362.5320108524694, 246.73411450141552, 368.0683430324002, 236.00747090279958, 370.14446759987425, 227.7029726329034, 370.14446759987425, 221.8206196917269, 367.37630150990884, 220.09051588549855, 367.72232227115455, 218.36041207927016, 373.604675212331, 219.39847436300718, 378.10294510852475, 221.47459893048125, 383.98529804970127, 221.8206196917269, 389.17560946838637, 224.24276502044665, 391.2517340358604, 228.04899339414908, 402.6704191569677, 231.50920100660582, 407.1686890531615, 230.12511796162312, 413.051041994338, 231.8552217678515, 419.76121815036174, 234.44431031770998, 426.6816333752752, 235.1363518402013, 436.37021469015417, 236.8664556464297, 445.02073372129604, 237.21247640767538, 448.1349205725071, 237.21247640767538, 460.83863636363634, 243.62386363636364, 474.0431818181818, 262.1102272727273, 476.6840909090909, 274.6545454545454, 478.6647727272727, 303.0443181818182, 479.98522727272723, 364.44545454545454, 473.38295454545454, 357.8431818181818, 460.1784090909091, 356.52272727272725, 448.29431818181814, 359.16363636363633, 445.1801313306071, 364.0079270210758, 441.02788219565895, 368.8522176785152, 439.9898199119219, 373.69650833595466, 444.83411056936137, 384.7691726958163, 443.10400676313304, 385.8072349795533, 442.06594447939597, 385.8072349795533, 441.37390295690466, 392.38162944322113, 439.29777838943056, 402.41623151934573, 440.6818614344133, 407.2605221767852, 436.87563306071087, 414.87297892419, 436.87563306071087, 424.9075810003146, 439.17839336269265, 442.18926549229315, 444.0226840201321, 486.47992293173957, 445.9676156023907, 510.22842481912545, 449.08180245360177, 544.1384594212016, 449.96472947467754, 547.7938148788927, 345.6963785781693, 547.1057093425604, 201.05970037747707, 547.4517301038062, 202.44378342245977, 539.8392733564013, 203.82786646744248, 526.3444636678199, 204.5199079899338, 503.8531141868511, 203.4818457061968, 489.6662629757784, 204.8659287511795, 473.057266435986, 206.2500117961622, 459.216435986159, 207.19985058194405, 450.9709775086505, 207.19985058194405, 438.8602508650519, 207.89189210443539, 432.2858564013841, 208.23791286568107, 426.74952422145327, 207.19985058194405, 417.40696366782004, 206.85382982069837, 413.94675605536327, 205.7099774221396, 414.95701324789167, 204.24905704230028, 422.8459832990239, 202.4959525864931, 429.56621704628463, 199.57411182681452, 442.4223163888705, 197.82100737100737, 444.75978899661334, 194.02261438342518, 445.3441571485491, 195.77571883923233, 440.0848437811276, 196.36008699116806, 436.8708189454811, 188.17893286406797, 438.6239234012883, 177.660306129225, 440.0848437811276, 156.33086858357123, 437.163003021449, 141.1372966332425, 434.5333463377383, 134.93063035394118, 432.92652317550966, 134.34626220200548, 438.18583654293116, 134.0540781260376, 440.52330915067404, 120.61361063151605, 434.38744355534897, 117.10740171990173, 429.12813018792747, 116.23084949199816, 424.4531849724417, 115.64648134006242, 417.44076714921306, 118.27613802377317, 411.5970856298559, 120.32142655554819, 403.70811557872366, 122.3667150873232, 392.605120691945, 125.87292399893752, 381.79430988113415, 127.91821253071255, 373.02878760209836, 130.84005329039115, 363.9710812470947, 133.76189405006974, 350.822797828541, 139.8977596453948, 337.6745144099873, 145.9439844943223, 319.85052875356934, 151.49548193771165, 304.0725886513049, 155.29387492529384, 290.63212115678334, 163.4750290523939, 281.2822307258118, 169.3187105717511, 276.0229173583903, 174.87020801514043, 273.9776288266153, 183.9279143701441, 270.7636039909688, 206.13390414370147, 259.66060910419014, 223.95713277774092, 250.01853459725078, 232.72265505677672, 245.92795753370075, 238.56633657613392, 245.63577345773288, 245.57875439936257, 240.08427601434354, 251.1302518427519, 236.57806710272922]], "scale": 2, "viewpoint": 2, "zoom_in": 2, "landmarks": [316, 245, 1, 262, 234, 2, 278, 270, 2, 320, 274, 2, 354, 257, 2, 370, 221, 2, 170, 277, 2, 134, 351, 2, 116, 423, 2, 200, 438, 2, 203, 423, 2, 204, 408, 2, 208, 434, 2, 0, 0, 0, 0, 0, 0, 0, 0, 0, 0, 0, 0, 0, 0, 0, 441, 406, 2, 433, 366, 2, 440, 374, 2, 444, 385, 2, 480, 365, 1, 479, 303, 1, 448, 237, 1], "style": 1, "bounding_box": [112, 217, 482, 550], "category_id": 1, "occlusion": 1, "category_name": "short sleeve top"}}