{"source": "shop", "pair_id": 2294, "item1": {"segmentation": [[290.741095890411, 167.54992389649925, 296.0744292237443, 173.32770167427702, 302.2966514459665, 181.77214611872145, 306.741095890411, 191.1054794520548, 308.9633181126332, 195.54992389649925, 316.9633181126332, 205.77214611872145, 321.40776255707766, 209.77214611872145, 325.40776255707766, 213.32770167427702, 329.85220700152206, 206.66103500761034, 338.2966514459665, 195.54992389649925, 345.85220700152206, 187.99436834094368, 353.40776255707766, 173.77214611872145, 356.9633181126332, 167.99436834094368, 359.6299847792999, 162.2165905631659, 362.741095890411, 159.99436834094368, 367.18554033485543, 167.1054794520548, 371.6299847792999, 171.54992389649925, 377.85220700152206, 176.43881278538814, 387.18554033485543, 179.99436834094368, 399.6299847792999, 184.43881278538814, 412.9633181126332, 188.43881278538814, 421.85220700152206, 189.77214611872145, 427.6299847792999, 200.43881278538814, 432.9633181126332, 207.99436834094368, 433.85220700152206, 213.77214611872145, 437.85220700152206, 222.66103500761034, 438.741095890411, 229.77214611872145, 442.741095890411, 238.2165905631659, 444.9633181126332, 244.88325722983257, 448.9633181126332, 254.2165905631659, 452.51887366818875, 259.99436834094365, 453.85220700152206, 264.4388127853881, 458.2966514459665, 273.327701674277, 464.51887366818875, 279.99436834094365, 472.07442922374435, 288.88325722983257, 474.2966514459665, 294.21659056316594, 473.85220700152206, 301.7721461187215, 471.6299847792999, 309.7721461187215, 468.51887366818875, 313.327701674277, 468.51887366818875, 323.99436834094365, 466.741095890411, 330.21659056316594, 464.07442922374435, 333.7721461187215, 457.4077625570776, 339.54992389649925, 450.741095890411, 341.7721461187215, 444.07442922374435, 340.88325722983257, 437.40776255707766, 336.4388127853881, 427.6299847792999, 331.1054794520548, 420.9633181126332, 329.327701674277, 414.2966514459665, 324.4388127853881, 412.9633181126332, 317.7721461187215, 412.9633181126332, 311.99436834094365, 411.18554033485543, 303.54992389649925, 408.9633181126332, 300.4388127853881, 405.40776255707766, 300.4388127853881, 404.51887366818875, 313.7721461187215, 404.0744292237443, 328.4388127853881, 402.741095890411, 339.99436834094365, 401.85220700152206, 348.88325722983257, 401.85220700152206, 355.99436834094365, 402.2403348554034, 372.89756468797566, 404.4625570776256, 389.7864535768645, 406.68477929984783, 408.00867579908675, 408.4625570776256, 424.89756468797566, 409.35144596651446, 436.4531202435312, 412.01811263318115, 450.67534246575343, 413.7958904109589, 459.1197869101979, 413.7958904109589, 463.5642313546423, 412.01811263318115, 469.7864535768646, 403.5736681887367, 478.67534246575343, 392.01811263318115, 485.7864535768646, 379.2561643835616, 493.3668188736682, 366.81171993911715, 499.5890410958904, 353.9228310502283, 503.14459665144597, 345.9228310502283, 504.92237442922374, 341.47838660578384, 504.92237442922374, 339.70060882800607, 499.14459665144597, 337.0339421613394, 476.92237442922374, 336.14505327245047, 460.92237442922374, 333.0339421613394, 460.4779299847793, 332.5894977168949, 467.5890410958904, 329.0339421613394, 478.2557077625571, 325.9228310502283, 489.3668188736682, 321.47838660578384, 497.81126331811265, 316.14505327245047, 498.2557077625571, 304.14505327245047, 492.0334855403349, 291.70060882800607, 483.5890410958904, 277.9228310502283, 477.3668188736682, 265.0339421613394, 471.5890410958904, 254.36727549467273, 465.3668188736682, 252.1450532724505, 463.14459665144597, 249.47838660578384, 458.2557077625571, 252.58949771689495, 444.4779299847793, 253.47838660578384, 415.5890410958904, 258.36727549467275, 387.5890410958904, 258.36727549467275, 370.2557077625571, 260.0426179604261, 358.02389649923896, 260.0426179604261, 347.80167427701673, 257.82039573820396, 339.80167427701673, 257.82039573820396, 330.4683409436834, 254.26484018264838, 320.2461187214612, 253.3759512937595, 306.4683409436834, 252.04261796042616, 297.5794520547945, 249.3759512937595, 295.80167427701673, 245.82039573820393, 298.9127853881278, 248.93150684931504, 302.9127853881278, 250.26484018264838, 306.02389649923896, 251.5981735159817, 312.2461187214612, 252.1846308665736, 316.96625281457165, 250.34808357548087, 319.90472848032005, 248.93150684931504, 323.80167427701673, 248.04261796042616, 326.4683409436834, 244.48706240487058, 326.4683409436834, 244.48706240487058, 330.02389649923896, 244.93150684931504, 333.13500761035004, 242.7092846270928, 337.5794520547945, 241.82039573820393, 342.9127853881278, 244.93150684931504, 346.9127853881278, 251.15372907153727, 348.2461187214612, 254.26484018264838, 349.5794520547945, 256.0426179604261, 352.2461187214612, 256.4870624048706, 356.2461187214612, 254.7092846270928, 360.2461187214612, 252.48706240487058, 366.4683409436834, 249.82039573820393, 372.2461187214612, 245.82039573820393, 375.80167427701673, 236.48706240487058, 376.2461187214612, 221.82039573820393, 375.80167427701673, 207.15372907153727, 380.6905631659056, 204.48706240487058, 380.6905631659056, 201.82039573820393, 373.13500761035004, 198.7092846270928, 363.3572298325723, 193.82039573820393, 353.5794520547945, 196.48706240487058, 350.4683409436834, 200.93150684931504, 350.02389649923896, 201.82039573820393, 347.80167427701673, 200.48706240487058, 340.2461187214612, 201.3759512937595, 333.13500761035004, 201.3759512937595, 324.2461187214612, 199.15372907153727, 320.2461187214612, 200.04261796042616, 315.3572298325723, 202.7092846270928, 312.2461187214612, 202.26484018264838, 307.3572298325723, 201.82739726027395, 303.5359208523592, 203.1607305936073, 301.31369863013697, 202.71628614916284, 298.2025875190259, 202.2718417047184, 295.09147640791474, 202.2718417047184, 293.31369863013697, 204.93850837138507, 290.6470319634703, 204.93850837138507, 285.7581430745814, 206.71628614916284, 279.09147640791474, 210.2718417047184, 270.2025875190259, 212.4940639269406, 263.98036529680365, 213.3829528158295, 248.8692541856925, 217.82739726027395, 230.20258751902585, 221.3829528158295, 216.8692541856925, 225.82739726027395, 205.31369863013697, 230.27184170471838, 198.64703196347028, 238.71628614916284, 194.20258751902585, 250.27184170471838, 190.64703196347028, 260.4940639269406, 187.98036529680365, 269.827397260274, 183.09147640791474, 275.1607305936073, 182.6470319634703, 283.1607305936073, 175.98036529680363, 290.741095890411, 167.54992389649925]], "scale": 2, "viewpoint": 2, "zoom_in": 1, "landmarks": [322, 163, 1, 291, 169, 1, 308, 194, 2, 326, 221, 2, 347, 190, 1, 362, 160, 1, 229, 202, 2, 213, 264, 2, 201, 337, 2, 197, 364, 2, 205, 382, 2, 245, 378, 2, 255, 360, 2, 241, 343, 2, 247, 314, 2, 248, 277, 2, 249, 294, 2, 259, 370, 2, 250, 462, 1, 344, 505, 2, 416, 462, 2, 401, 356, 2, 409, 277, 1, 406, 270, 1, 409, 300, 1, 419, 328, 1, 442, 330, 2, 423, 322, 2, 445, 266, 2, 458, 283, 2, 475, 292, 2, 445, 245, 2, 424, 189, 2], "style": 2, "bounding_box": [189, 151, 476, 509], "category_id": 2, "occlusion": 2, "category_name": "long sleeve top"}}