{"item2": {"segmentation": [[114.96067083357102, 544.0188749358258, 112.1052276449928, 544.9706893320187, 110.91545964975187, 548.5399933177414, 110.2015988526073, 553.299065298705, 109.24978445641457, 563.531070057777, 109.01183085736639, 570.4317244301744, 108.53592365927001, 578.7601003968609, 107.58410926307727, 587.3264299625956, 105.48389168221786, 598.5966670197942, 103.81821648888055, 605.4973213921916, 102.39049489459144, 615.2534189531672, 103.104355691736, 624.5336093160464, 100.96277330030233, 632.8619852827328, 100.24891250315777, 638.8108252589375, 100.04044722238068, 654.2245678941921, 100.75430801952523, 671.1192734266133, 98.55374899154938, 688.8240870975366, 97.60193459535664, 701.0, 316.3808219178082, 701.0, 316.58928719858534, 695.6854237122392, 316.58928719858534, 688.3088621417454, 318.01700879287444, 679.0286717788662, 318.2549623919226, 670.9382494112278, 318.2549623919226, 667.8448526236015, 318.87831118137444, 650.6769698401962, 318.87831118137444, 639.7311042839797, 318.87831118137444, 629.2611459258595, 317.9264967851817, 614.9839299829683, 317.9264967851817, 605.2278324219927, 317.21263598803716, 589.9988020829089, 315.2520776119889, 577.5547676285316, 314.062309616748, 568.2745772656524, 313.11049522055526, 560.8980156951586, 312.3966344234107, 553.9973613227613, 309.54119123483247, 552.8075933275203, 308.11346964054337, 552.5696397284721, 303.830304857676, 553.5214541246648, 293.3013698630137, 556.7917808219178, 282.72328767123287, 563.5232876712329, 270.2219178082192, 567.3698630136986, 256.758904109589, 569.2931506849314, 250.98125870934618, 570.7995077946101, 245.98423312933429, 570.7995077946101, 241.93902194551512, 571.7513221908029, 236.22813556835868, 572.2272293888993, 230.75520279025042, 573.1790437850921, 226.70999160643126, 573.8929045822366, 219.5713836349857, 574.8447189784293, 214.33640445592562, 576.0344869736703, 208.14961088067278, 576.2724405727184, 201.48691010732358, 577.7001621670075, 189.44383561643835, 573.1397260273973, 182.7123287671233, 572.1780821917808, 172.13424657534247, 568.331506849315, 160.5945205479452, 566.4082191780822, 153.86301369863014, 564.4849315068493, 141.36164383561643, 558.7150684931506, 134.63013698630138, 555.8301369863013, 131.74520547945207, 552.945205479452, 128.41385509277748, 550.0799328514502, 126.2722727013438, 547.7003968609683, 123.65478311181376, 545.7967680685828, 121.5132007203801, 544.6070000733419, 118.65775753180186, 544.1310928752455]], "scale": 2, "viewpoint": 2, "zoom_in": 3, "landmarks": [112, 546, 1, 201, 578, 1, 313, 555, 1, 0, 0, 0, 0, 0, 0, 0, 0, 0, 0, 0, 0, 0, 0, 0, 0, 0, 0, 0, 0, 0, 0, 0, 0, 0, 0, 0, 0, 0, 0, 0, 0, 0], "style": 0, "bounding_box": [95, 529, 327, 701], "category_id": 8, "occlusion": 3, "category_name": "trousers"}, "source": "shop", "pair_id": 2294, "item1": {"segmentation": [[183.23943021521762, 208.96586017781328, 181.57375502188032, 214.67674655496972, 179.67012622949483, 221.10149372927074, 178.4803582342539, 224.43284411594533, 174.91105424853112, 226.81238010642718, 173.7212862532902, 229.19191609690904, 167.77244627708555, 231.5714520873909, 161.9751419979953, 234.589901640413, 155.31244122464614, 236.49353043279848, 148.88769405034512, 240.06283441852128, 141.74908607889955, 242.68032400805131, 135.08638530555035, 243.39418480519586, 124.61642694743018, 246.72553519187045, 114.6223757874064, 251.24665357378598, 106.06996976685437, 259.116734168344, 101.31089778589066, 264.1137597483559, 97.97954739921606, 267.9210173331269, 94.41024341349328, 272.6800893140906, 90.12707863062593, 278.6289292902952, 86.55777464490315, 286.2434444598372, 77.99144507916847, 299.80679960558376, 72.45380033085328, 312.7406648032401, 69.83631074132325, 319.1654119775411, 66.50496035464865, 324.162437557553, 57.70067718986577, 341.77100388711875, 51.98979081270932, 351.2891478490462, 49.84820842127566, 354.6204982357208, 46.51685803460106, 366.04227099003367, 38.18848206791456, 384.1267445176958, 37.95052846886638, 387.6960485034185, 39.85415726125186, 390.0755844939004, 41.99573965268553, 390.5514916919968, 45.08913644031195, 392.21716688533405, 47.706626029841985, 393.6448884796232, 50.800022817468395, 402.92507884250244, 54.60728040223937, 412.44322280442987, 61.03202757654037, 416.96434118634534, 66.74291395369683, 419.5818307758754, 74.11947552419058, 421.9613667663573, 85.30329467945529, 421.24750596921274, 90.77622745756356, 417.9161555825381, 94.10757784423816, 414.5848051958635, 98.62869622615368, 412.2052692053817, 103.38776820711739, 408.87391881870707, 107.19502579188837, 406.4943828282252, 110.28842257951477, 404.8287076348879, 111.95409777285208, 403.4009860405988, 115.16708906146863, 398.4469664990669, 115.16708906146863, 393.92584811715136, 116.11890345766136, 388.92882253713947, 117.3086714529023, 384.8836113533203, 118.9743466462396, 383.217936159983, 123.25751142910693, 384.16975055617576, 125.3990938205406, 386.31133294760946, 126.35090821673334, 389.16677613618765, 127.30272261292609, 393.449940919055, 126.58886181578153, 403.2060384800306, 124.6794976897313, 427.6325295608452, 123.96563689258676, 449.5242606732783, 123.96563689258676, 464.2773838142658, 123.96563689258676, 473.3196205780969, 122.53791529829763, 478.55459975715695, 121.16712328767123, 489.1167113508756, 119.73940169338212, 500.7764377042367, 119.26349449528574, 509.3427672699714, 117.59781930194845, 519.0988648309469, 114.87220587875775, 523.9189605013323, 113.92039148256501, 529.6298468784888, 113.20653068542045, 535.5786868546934, 109.85552141989847, 544.9530775060507, 107.7139390284648, 557.8025718546528, 106.0482638351275, 573.2695557927848, 107.00007823132024, 579.932256566134, 113.18687180657307, 587.4542126751037, 122.22910857040411, 596.9723566370311, 135.79246371615068, 604.8248254056211, 149.83172605999363, 612.4393405751631, 168.6300603848003, 616.4845517589823, 184.5729515210287, 619.1020413485123, 196.7085850724862, 621.9574845370905, 197.84880004563496, 620.1599325254864, 199.27652163992406, 613.0213245540408, 200.70424323421318, 604.9309021864025, 201.6560576304059, 594.2229902292341, 203.32173282374322, 603.2652269930652, 204.03559362088777, 615.4008605445226, 203.79764002183958, 622.0635613178719, 204.03559362088777, 624.6810509074019, 210.46034079518878, 624.91900450645, 227.83095352570632, 623.7292365112091, 245.67747345432025, 620.6358397235828, 265.6655757743678, 616.3526749407154, 277.56325572677713, 611.3556493607035, 289.3270118080399, 604.5258481171514, 299.3210629680637, 598.3390545418986, 305.7458101423647, 594.2938433580795, 311.9326037176175, 591.6763537685493, 316.6916756985812, 588.8209105799712, 319.3091652881113, 586.2034209904411, 320.0230260852558, 584.5377457971039, 317.1675828966776, 579.7786738161401, 316.453722099533, 574.5436946370801, 314.78804690619575, 564.5496434770562, 313.28947218306126, 550.0897622908739, 311.623796989724, 535.8125463479827, 309.2442609992421, 522.7250984003325, 308.29244660304937, 508.92378965553775, 307.816539404953, 494.6465737126466, 306.2983058029712, 479.219313357183, 306.060352203923, 471.6047981876411, 305.58444500582664, 461.8487006266655, 306.060352203923, 453.2823710609308, 306.53625940201937, 445.66785589138885, 309.1537489915494, 434.0081295380278, 311.2953313829831, 424.2520319770522, 312.0091921801276, 414.73388801512476, 312.0091921801276, 406.64346564748644, 312.485099378224, 400.6946256712818, 314.15077457156127, 394.0319248979326, 315.34054256680224, 390.4626209122098, 317.0062177601395, 385.9415025302943, 318.19598575538043, 385.70354893124613, 321.52733614205505, 386.4174097283907, 322.95505773634414, 387.13127052553523, 323.9068721325369, 388.7969457188725, 323.6689185334887, 390.700574511258, 322.51775415755475, 393.643940395667, 320.5241621319229, 397.6311244469308, 318.6718929534768, 401.40848646842636, 317.95803215633225, 403.7880224589082, 317.96097238468184, 408.3110817271017, 319.24256725830236, 412.8678634999746, 321.2361592839343, 417.4246452728475, 322.2411969391996,