{"source": "shop", "pair_id": 2311, "item1": {"segmentation": [[307.9813277631486, 278.3022977023006, 309.2209971846365, 281.81469439651624, 316.8656252838117, 290.0791572064354, 328.02265007720257, 303.302297702306, 334.2209971846419, 311.1535373717292, 340.0061211515853, 317.3518844791686, 349.92347652348826, 323.9634547271039, 356.5350467714236, 326.44279357007963, 364.1796748705988, 326.44279357007963, 371.824302969774, 322.930396875864, 378.4358732177093, 322.10395059487206, 384.84083189539666, 313.426264644457, 392.07223685407587, 302.88907456181005, 393.04491871764833, 294.671274180362, 390.5655798746726, 290.53904277540244, 387.25979475070494, 288.6795386431706, 391.3920261556645, 288.47292707292263, 398.8300426845917, 293.2249931886261, 413.4994641721982, 296.5307783125938, 432.50772863501226, 308.1010262464806, 442.21847243666724, 315.3324312051598, 448.2102079738586, 321.7373898828472, 454.7714648987377, 344.94848787575825, 464.68882027064063, 374.70055399146713, 469.8541095268401, 392.2625374625453, 476.29185360094334, 417.9429116338208, 481.4571428571428, 434.0586141131631, 484.76292798111047, 446.0420851875459, 487.8621015348301, 453.48010171647314, 482.4902007083827, 455.5462174189529, 463.68854781581666, 461.74456452639225, 446.5397874852344, 467.73630006358366, 428.15135773316433, 472.0751430387912, 426.29185360093254, 472.2817546090392, 431.94340205248886, 501.1659068204495, 437.9351375896802, 532.9840886386382, 441.8607574243918, 564.182435746083, 436.86416213543646, 636.7076238640236, 427.608996539797, 701.3916955017194, 422.4186851211104, 732.187543252593, 419.65051903114426, 749.4885813148816, 417.5743944636696, 755.3709342560596, 404.0795847750845, 761.2532871972378, 386.08650519030436, 765.7515570934328, 373.6297577854566, 767.135640138416, 355.29065743943073, 764.7134948096955, 330.37716262973515, 761.5993079584836, 294.39100346017494, 757.4470588235343, 266.0173010380216, 749.1425605536358, 251.48442906569926, 742.9141868512119, 238.16437126887146, 734.09247499905, 220.5173124453371, 726.8260390128888, 212.55883493668435, 723.7118521616768, 212.21281417543858, 718.867561504236, 220.17129168409133, 684.2654853796589, 227.7837484314983, 649.317388493836, 234.0121221339222, 606.4108140993603, 236.08824670139683, 588.0717137533344, 244.7751929731181, 533.0397581657079, 249.61948363055888, 490.13318377123227, 254.46377428799968, 460.7214190653417, 257.2319403779659, 421.2750522833237, 258.2700026617032, 390.1331837712043, 254.51841514886513, 373.96847028404574, 246.90595840145815, 353.20722460929943, 235.14125251910193, 331.4079166508158, 229.2588995779238, 316.18300315600186, 223.72256739799147, 306.84044260236607, 219.22429750179646, 297.843902809976, 216.1101106505845, 290.5774668238148, 212.99592379937255, 279.8508232251959, 211.95786151563524, 272.9304080002804, 211.26581999314368, 267.7400965815939, 219.22429750179646, 280.8888855089332, 228.56685805543228, 298.8819650937133, 237.56339784782233, 311.6847332598069, 241.3696262215258, 313.7608578272815, 245.86789611772085, 305.45635955738294, 245.86789611772085, 287.46327997260283, 247.59799992394971, 270.8542834328058, 251.05820753640742, 260.1276398341869, 250.71218677516165, 247.67089242933912, 249.67412449142432, 243.86466405563561, 256.24851895509397, 254.24528689300877, 260.0547473287975, 266.009992775365, 266.9751625537129, 277.0826571352297, 273.5495570173826, 279.5048024639501, 278.3938476748234, 282.618989315162, 286.3523251834761, 291.26950834630634, 290.15855355717963, 289.88542530132327, 297.5889121259372, 281.38421232746197]], "scale": 2, "viewpoint": 2, "zoom_in": 1, "landmarks": [351, 301, 1, 309, 281, 2, 331, 309, 2, 364, 330, 2, 386, 314, 2, 390, 290, 2, 287, 292, 2, 268, 278, 2, 249, 244, 2, 234, 322, 2, 241, 341, 2, 258, 377, 2, 259, 389, 2, 246, 533, 2, 214, 724, 2, 331, 762, 2, 419, 754, 2, 441, 555, 1, 433, 397, 2, 433, 385, 2, 429, 432, 2, 426, 472, 2, 487, 454, 2, 466, 381, 2, 441, 315, 2], "style": 1, "bounding_box": [204, 233, 491, 764], "category_id": 1, "occlusion": 1, "category_name": "short sleeve top"}}