{"source": "shop", "pair_id": 2317, "item1": {"segmentation": [[349.14681392299065, 227.45238132857241, 339.1506585981155, 235.29551858347443, 327.4628462182615, 239.1401937084264, 321.7727270333326, 240.5242767534091, 312.69929373844593, 248.82877502330535, 306.0150152997004, 252.9630753187658, 296.4802209898195, 256.80775044371774, 295.2499249498349, 262.65165663364473, 298.32566504979644, 264.6508876986198, 302.4779141847446, 266.18875774860055, 305.55365428470617, 270.03343287355256, 310.47483844464466, 271.7250899285314, 312.78164351961584, 272.18645094352564, 310.01347742965044, 274.6470430234949, 309.7059034196543, 276.6462740884699, 312.3202825046216, 278.799292158443, 314.6270875795928, 279.5682271834334, 316.0111706245755, 283.2591153033873, 317.7028276795544, 284.7969853533681, 319.7020587445294, 286.0272813933527, 320.3172067645217, 287.56515144333355, 315.70359661457934, 290.02574352330276, 316.1649576295736, 294.7931406782432, 318.0104016895505, 298.17645478820094, 322.31643782949675, 301.09840788316444, 327.39140899443333, 302.4824909281472, 324.8136280566483, 306.30288139967234, 323.12197100166946, 309.532408504632, 322.50682298167715, 312.91572261458975, 326.04392409663296, 315.9914627145513, 330.042386226583, 318.14448078452443, 332.1954042965561, 319.0672028145129, 330.96510825657145, 323.3732389544591, 328.96587719159646, 325.064896009438, 329.8885992215849, 329.2171451443861, 332.04161729155805, 331.9853112343515, 335.5787184065139, 334.1383293043246, 338.0393104864831, 336.13756036929965, 338.1930974914812, 338.13679143427464, 335.88629241651, 340.751170519242, 336.3476534315042, 345.2109936641863, 340.65368957145046, 348.28673376414787, 342.96049464642164, 349.0556687891382, 344.8059387063986, 350.43975183412095, 343.05163978027406, 358.4634202861913, 341.5137697302933, 364.1535394711202, 341.8213437402894, 368.45957561106644, 346.12737988023565, 371.07395469603375, 349.3569069851953, 371.68910271602607, 349.04933297519915, 368.45957561106644, 348.1266109452107, 365.691409521101, 351.0485640401742, 364.61490048611444, 353.8167301301396, 367.0754925660837, 357.2000442400973, 371.535315711028, 360.42957134505696, 377.07164789095884, 363.50531144501855, 382.1466190558954, 366.58105154498014, 387.3753772258301, 368.7340696149532, 392.4503483907667, 370.8870876849263, 397.83289356569946, 373.2850378937499, 410.19567816382533, 380.6668141336577, 420.8069815086928, 380.8206011386558, 433.1099419085391, 386.9291473774575, 461.2733722014186, 392.31169255239024, 465.11804732637063, 388.7745914374345, 474.19148062125726, 379.7011581425478, 500.33527147093065, 368.3835616438356, 544.7299171317426, 363.13664806358867, 590.7175714527307, 360.35887028581084, 643.8039912058176, 360.9761542364281, 688.8657196008799, 359.7850498900725, 722.4446135633349, 370.5875190258751, 727.0742431929646, 368.42702519871455, 744.9754777608659, 390.649247420937, 748.6791814645696, 427.6862844579744, 752.3828851682734, 478.30356840859224, 748.6791814645696, 522.7588364620334, 745.5188567562997, 547.1415525114164, 739.3460172501267, 549.8899036022316, 713.6928800947064, 564.3960764417379, 712.4583121934719, 591.5565702688987, 710.2978183663114, 605.1368171824791, 702.8904109589039, 603.2849653306272, 692.7052257737186, 598.9639776763062, 675.7299171317432, 607.6059529849482, 674.4953492305085, 617.7911381701335, 666.7792998477923, 616.2479282935903, 659.6805344156935, 601.741755454084, 617.3965837984092, 582.3201420598679, 560.6434973786571, 570.900388973448, 523.6064603416197, 554.8510062573985, 485.6434973786564, 534.4806358870279, 443.6681887366807, 531.7126670049043, 433.6732623033993, 523.3793336715709, 393.5498055132755, 520.601555893793, 379.66091662438646, 522.7620497209535, 363.30289193302826, 526.8614916286152, 330.5555555555567, 522.4170471841707, 306.55555555555634, 516.1948249619484, 288.3333333333339, 521.1579528364091, 284.5991539299288, 523.9702838261334, 281.13782348103746, 523.1049512139105, 275.9458278077004, 523.1049512139105, 275.7294946546447, 522.023285448632, 273.99882943019907, 522.023285448632, 269.67216636908495, 524.186616979189, 266.21083592019363, 526.1336153566904, 262.53317231824656, 526.3499485097461, 260.3698407876895, 525.0519495914119, 257.5575097979653, 523.7539506730776, 254.96151196129682, 523.1049512139105, 253.01451358379546, 524.186616979189, 250.41851574712695, 525.0333272910892, 248.53787192169307, 526.1675427920344, 238.32993241318636, 526.5456146256828, 235.4943936608234, 529.9482611285184, 235.4943936608234, 530.7044047958152, 233.4149985757572, 530.3263329621668, 228.68910065515226, 527.8688660434523, 223.3960949840747, 525.9785068752102, 218.67019706346974, 525.9785068752102, 215.07851464381, 529.0030815443974, 210.54165264002924, 506.8858792759662, 205.8157547194243, 492.14107776367877, 204.3034673848307, 457.81490017349915, 201.05725457699984, 449.6863557500586, 199.16689540875788, 442.6920268275633, 198.59978765828527, 437.3990211564858, 199.54496724240627, 440.2345599088487, 202.38050599476924, 445.7166014967505, 206.1612243312532, 449.8753916668828, 217.12530750705668, 451.76575083512483, 222.98542092860683, 450.82057125100386, 231.68107310251995, 446.2837092472231, 241.51094077737824, 437.7770929901342, 249.26141336717035, 429.08144081622106, 252.09695211953334, 420.57482455913214, 253.4202035373027, 401.29316104306395, 253.23116762047852, 391.27425745138146, 251.34080845223656, 375.3952404381488, 243.77937177926862, 360.65043892586135, 235.0837196053555]], "scale": 2, "viewpoint": 2, "zoom_in": 1, "landmarks": [394, 211, 1, 351, 230, 2, 387, 251, 2, 433, 251, 2, 453, 224, 2, 443, 196, 2, 303, 259, 2, 360, 375, 2, 378, 416, 2, 392, 473, 2, 363, 595, 2, 370, 748, 2, 534, 741, 2, 626, 665, 2, 580, 545, 2, 532, 434, 1, 521, 382, 1, 529, 334, 2, 529, 211, 2], "style": 1, "bounding_box": [289, 177, 650, 774], "category_id": 12, "occlusion": 1, "category_name": "vest dress"}}