{"source": "shop", "pair_id": 2317, "item1": {"segmentation": [[367.9226265615972, 122.51616809387072, 354.6990496413496, 126.13122717973958, 343.92400238237025, 130.85712510034455, 337.30774529352334, 135.2049511873011, 332.01473962244575, 138.22952585648827, 329.7463086205554, 140.30892094155445, 329.368236786907, 142.76638786026902, 331.06956003832477, 143.90060336121422, 333.3379910402152, 144.656747028511, 334.47220654116035, 145.0348188621594, 333.90509879068776, 148.62650128181917, 334.09413470751196, 149.94975269958854, 335.7954579589297, 150.89493228370955, 337.8748530439959, 151.46204003418214, 338.2529248776443, 152.21818370147892, 337.8748530439959, 154.4866147033693, 337.68581712717173, 155.4317942874903, 337.8748530439959, 157.70022528938068, 340.52135587953467, 159.59058445762264, 342.4117150477767, 159.59058445762264, 341.08846363000725, 164.50551829505181, 344.30207421601864, 167.53009296423897, 346.75954113473324, 169.23141621565676, 347.13761296838163, 171.87791905119553, 345.43628971696387, 174.5244218867343, 347.7047207188542, 177.17092472227307, 352.241582722635, 178.87224797369086, 354.13194189087693, 183.03103814382322, 355.64422922547055, 183.97621772794423, 358.8578398114819, 184.16525364476843, 359.6139834787787, 187.1898283139556, 362.00545873578994, 200.72079136131748, 365.2190693218013, 216.03270062407753, 369.3778594919337, 239.2841183934539, 371.83532641064824, 252.13856073749938, 374.29279332936284, 254.78506357303814, 370.70111090970306, 257.80963824222533, 367.4875003236917, 258.1877100758737, 365.2190693218013, 259.5109614936431, 364.65196157132874, 260.83421291141246, 367.2984644068675, 264.04782349742385, 369.7559313255821, 265.93818266566586, 371.45725457699984, 266.50529041613845, 368.8107517414611, 278.0364813424145, 366.50953725043377, 289.9725613071963, 361.21653157935623, 317.5718051635293, 357.05774140922387, 340.06707926560887, 353.83561643835617, 359.5573555687906, 348.920682600927, 389.42503042701395, 345.89610793173983, 411.16416086179674, 346.6522515990366, 416.0790946992259, 361.5860890281483, 418.7255975347647, 379.16642929279874, 421.5611362871276, 390.1305124686022, 425.1528187067874, 404.70415620063704, 429.8710516093949, 424.17485563352943, 429.4929797757465, 443.26748323277343, 426.84647694020776, 464.817577750732, 421.5534712691302, 489.427153844162, 411.7069995079887, 513.4347152808351, 399.4196649144158, 525.9110857912323, 393.5595514928657, 542.92431830541, 384.6748634021284, 540.2778154698713, 375.0340316440943, 534.228666131497, 359.1550146308616, 519.2628945801072, 336.46815651138115, 506.78652406971014, 316.8084211616645, 497.71280006214863, 300.7403682316077, 482.2118548825644, 280.5135251314185, 464.0644068674414, 260.09764611440505, 452.7222518579895, 247.05416785353543, 454.6602998679338, 231.147908952016, 452.7699406996918, 203.35962917885885, 455.0383717015822, 185.77928891420842, 459.57523370536296, 185.40121708056003, 462.97788020819854, 182.75471424502126, 462.59980837455015, 178.4068881580647, 464.1120957091437, 176.7055649066469, 466.72047964178654, 176.08682292127827, 467.459168469118, 175.34813409394678, 467.5822832736733, 173.3782972210628, 467.33605366456277, 171.28534554362358, 466.966709250897, 170.0541974980711, 468.07474249189426, 169.19239386618437, 470.0445793647782, 168.57681984340812, 471.0294978012202, 166.9763273841899, 470.53703858299923, 165.0064905113059, 469.6752349511125, 164.0215720748639, 468.1978572964495, 163.52911285664294, 467.459168469118, 163.03665363842194, 468.32097210100477, 161.55927598375894, 469.6752349511125, 161.06681676553796, 470.78326819210974, 160.20501313365122, 471.0294978012202, 157.98894665165673, 471.15261260577546, 155.77288016966227, 471.15261260577546, 152.8181248603363, 470.78326819210974, 151.21763240111807, 469.921464560223, 150.72517318289707, 470.90638299666495, 150.35582876923132, 472.62999026043843, 148.87845111456835, 472.9993346741042, 145.92369580524237, 472.87621986954895, 143.83074412780314, 472.383760651328, 140.50664440481145, 472.383760651328, 137.67500390004074, 469.84427157776713, 127.90810744718102, 458.1483651450185, 126.5538445970733, 447.5604919532671, 122.12171163308435, 434.5103226704108, 116.33531581898765, 426.0154011560986, 115.96597140532191, 430.8168785337533, 119.41318593286887, 430.93999333830857, 123.35285967863683, 429.2163860745351, 129.26237029728875, 424.30920704790105, 135.81256698583758, 415.6911707290337, 141.96830721359999, 405.47264195094806, 143.69191447737347, 391.93001344987067, 142.46076643182099, 382.2039438900061, 138.64420749060827, 373.0934483529177, 132.24223765373534]], "scale": 2, "viewpoint": 2, "zoom_in": 1, "landmarks": [401, 122, 1, 368, 123, 1, 379, 135, 2, 405, 143, 2, 428, 133, 2, 434, 117, 2, 334, 140, 2, 363, 198, 2, 367, 226, 2, 370, 258, 2, 358, 339, 2, 347, 417, 2, 452, 423, 2, 546, 384, 2, 506, 315, 2, 458, 251, 2, 456, 228, 2, 455, 199, 2, 473, 139, 2], "style": 1, "bounding_box": [316, 108, 552, 436], "category_id": 12, "occlusion": 1, "category_name": "vest dress"}}