{"source": "shop", "pair_id": 2317, "item1": {"segmentation": [[307.2623287671235, 187.9616438356165, 297.51232876712345, 191.96164383561654, 282.01232876712334, 198.4616438356166, 275.0123287671233, 202.96164383561666, 268.5123287671232, 205.71164383561666, 257.2623287671231, 207.46164383561668, 251.51232876712308, 208.21164383561668, 252.5244101978694, 213.3102739726029, 255.1285768645361, 215.046385083714, 254.08691019786943, 218.17138508371403, 254.43413242009166, 220.7755517503807, 256.3438546423139, 222.68527397260294, 258.07996575342503, 223.3797184170474, 260.16329908675834, 223.3797184170474, 259.4688546423139, 225.28944063926963, 257.55913242009166, 225.98388508371409, 258.07996575342503, 228.24082952815854, 259.64246575342503, 229.4561073059363, 260.6841324200917, 229.97694063926966, 263.8091324200917, 234.31721841704746, 263.8091324200917, 235.35888508371414, 261.72579908675834, 239.17832952815863, 262.4202435312028, 244.03944063926977, 265.3716324200917, 246.81721841704757, 268.3230213089806, 247.85888508371423, 267.10774353120286, 251.33110730593648, 266.23968797564726, 253.76166286149206, 266.23968797564726, 255.32416286149206, 266.4132990867584, 256.8866628614921, 268.14941019786954, 258.6227739726032, 271.27441019786954, 260.53249619482546, 272.3160768645362, 261.22694063926986, 273.87726407914755, 262.24575722983263, 273.1828196347031, 265.37075722983263, 270.92587519025864, 267.28047945205486, 270.0578196347031, 269.36381278538823, 271.0994863013698, 270.4054794520549, 273.70365296803647, 273.87770167427715, 277.3494863013698, 275.44020167427715, 278.39115296803647, 276.1346461187216, 277.00226407914755, 278.9124238964994, 276.48143074581424, 281.16936834094383, 277.3494863013698, 284.2943683409439, 278.7383751902587, 286.8985350076106, 281.1689307458143, 288.63464611872166, 284.1203196347032, 288.9818683409439, 284.46754185692544, 290.54436834094395, 282.2105974124809, 292.28047945205503, 281.5161529680365, 295.9263127853884, 282.38420852359206, 298.18325722983286, 284.46754185692544, 299.22492389649955, 286.898097412481, 300.61381278538846, 288.8078196347032, 300.9610350076107, 291.7592085235921, 300.9610350076107, 292.28004185692544, 303.044368340944, 292.28004185692544, 305.1277016742774, 293.3217085235921, 307.0374238964996, 295.7522640791477, 308.77353500761075, 298.18281963470326, 309.120757229833, 300.26615296803664, 309.120757229833, 303.39115296803664, 308.77353500761075, 304.60643074581446, 309.29436834094406, 305.3762557077625, 315.8467656012175, 311.7998668188736, 339.9787100456621, 318.570700152207, 361.68009893455115, 323.43181126331814, 376.4370433789957, 330.0290334855404, 385.2912100456624, 323.41027397260285, 385.5186643835618, 317.85471841704725, 387.9492199391174, 316.6394406392695, 390.37977549467297, 322.5422184170473, 393.3311643835619, 327.0561073059362, 397.49783105022857, 322.5422184170473, 405.831164383562, 316.29221841704725, 421.6297754946732, 310.31362252663627, 444.84796423135435, 300.4177891933029, 479.91740867579904, 293.2997336377473, 506.82713089802144, 286.3552891933028, 525.4035197869105, 276.1346461187216, 555.761738964992, 270.0582572298327, 572.9492389649921, 264.15547945205486, 588.4006278538811, 263.9818683409437, 599.8589611872145, 263.9818683409437, 610.9700722983257, 260.5096461187215, 621.7339611872147, 275.7874238964994, 625.5534056316592, 294.71103500761063, 629.0256278538815, 313.6346461187219, 630.4145167427703, 344.0785574503758, 633.6311993290468, 383.87447581772324, 633.6311993290468, 433.8744758177239, 629.0393625943528, 493.6179448260162, 619.3853716844383, 509.1304101999775, 615.7842636511972, 513.0085265434678, 611.6291389974575, 523.2578340226924, 610.5211057564603, 540.1553409479003, 605.2579478617234, 551.512681668122, 600.5488065874852, 546.2495237733851, 581.1582248700335, 536.8312412249086, 546.809194399119, 513.3791902250218, 486.3521610442839, 492.8805752665729, 444.80091450688735, 477.0911015823622, 418.4851250332029, 460.4706029674036, 391.6153189390198, 449.6672788676805, 376.65687018555707, 449.9442871779298, 358.6513300193519, 449.63492960953187, 335.83903540393914, 447.972879748036, 302.3210298637726, 452.5270595378136, 257.5966872841804, 455.85115926080533, 226.84876484650695, 453.9121010890602, 222.416631882518, 460.00628391454495, 219.6465487800249, 457.7902174325505, 211.3362994725456, 463.05337532728737, 207.18117481880594, 465.5464501195312, 201.91801692406904, 465.5464501195312, 196.37785071908286, 464.77446969984516, 182.52347740295264, 444.5528630516455, 179.75339430045955, 425.71629795469244, 176.98331119796643, 413.80494061397206, 175.04425302622127, 404.94067468599417, 174.21322809547334, 401.0625583425038, 176.42929457746783, 403.5556331347476, 180.03040261070885, 403.8326414449969, 186.67860205669228, 401.0625583425038, 194.71184305392228, 392.7523090350245, 204.40713391264813, 378.901893522559, 210.77832504838227, 358.95729518460865, 211.3323416688809, 342.33679656965006, 208.5622585663878, 329.3174059879325, 204.13012560239883, 315.95630857966836, 195.88287860964618]], "scale": 2, "viewpoint": 2, "zoom_in": 1, "landmarks": [355, 183, 1, 313, 192, 2, 337, 208, 2, 372, 214, 2, 401, 197, 2, 406, 175, 2, 252, 214, 2, 306, 314, 2, 318, 355, 2, 328, 397, 2, 292, 501, 2, 262, 622, 2, 413, 631, 2, 551, 600, 2, 513, 495, 2, 458, 392, 2, 448, 348, 2, 448, 304, 1, 463, 198, 2], "style": 1, "bounding_box": [226, 171, 563, 675], "category_id": 12, "occlusion": 1, "category_name": "vest dress"}}