{"source": "shop", "pair_id": 2317, "item1": {"segmentation": [[195.04926467796673, 187.7058056099151, 191.0180225514865, 192.14017194904335, 178.72273406572174, 193.24876353382544, 171.16415507857127, 193.95423090595946, 165.0165108356889, 197.8846919792777, 161.92942634182046, 202.55833945957886, 155.58021999261408, 204.27161736333298, 149.6341378560557, 205.38020894811504, 146.2075820485475, 206.5895815860591, 144.29274203846938, 208.0005163303272, 143.58727466633533, 210.41926160621534, 144.29274203846938, 212.63644477577947, 145.90523888906148, 213.94659846688555, 147.8200788991396, 214.34972267953358, 150.23882417502773, 215.05519005166764, 151.34741575980982, 218.58252691233784, 152.55678839775388, 220.49736692241595, 155.98334420526209, 221.70673956036003, 156.99115473688215, 222.10986377300804, 156.2856873647481, 224.93173326154422, 156.0841252584241, 227.35047853743237, 158.20052737482624, 229.4668806538345, 159.91380527858033, 231.38172066391263, 161.52630212917242, 235.71530594987888, 163.64270424557455, 237.529364906795, 161.52630212917242, 239.1418617573871, 160.01458633174235, 240.14967228900716, 159.93129148158496, 244.16127246433825, 163.45862834225517, 248.79720090979055, 166.88518414976338, 251.4175082920027, 167.69143257505942, 252.42531882362277, 165.27268729917128, 254.23937778053886, 162.1484746511491, 258.0690578006951, 162.55159886379712, 260.58858412974524, 165.97815467130533, 263.1081104587954, 169.20314837248952, 265.82919889416956, 171.52111259521567, 268.5502873295437, 169.40471047881354, 271.0698136585939, 167.2883083624114, 274.1940263066161, 168.29611889403148, 279.5354221242024, 173.33517155213178, 281.7526052937666, 174.84688734956188, 282.6596347722246, 173.9398578711038, 285.6830663670848, 172.52892312683574, 287.1947821645149, 171.97433189409716, 290.769467482579, 174.3930771699853, 294.4983664495732, 176.4086982332254, 295.9093011938413, 179.02900561543757, 297.0178927786234, 179.93603509389564, 299.63820016083554, 177.9204140306555, 303.8710043936398, 176.61026033954943, 308.003027573282, 177.21494665852146, 312.03426969976226, 177.8196329774935, 315.15848234778446, 178.72666245595155, 316.67019814521456, 180.03681614705764, 316.1662928794045, 180.54072141286767, 313.64676655035436, 180.6415024660297, 311.8327075934383, 182.5563424761078, 312.3366128592483, 186.78914670891206, 316.0655118262425, 191.63174741230839, 329.10516848038037, 196.06611375143666, 338.0746822117989, 197.47704849570474, 341.40045696614516, 197.57782954886676, 348.9590359532956, 198.88798323997284, 355.005899143016, 201.10516640953696, 359.0371412694962, 204.38008272509106, 372.1649429172064, 206.55301165220743, 389.7294517447303, 206.73408906280045, 404.5777994133588, 206.73408906280045, 407.65611539344025, 202.38823120856773, 420.5126115455454, 195.32621219543955, 435.90419144595296, 188.0057733927832, 456.0670408106309, 177.32220616779443, 483.9529620419575, 167.90618081695686, 520.1684441605635, 161.93062626738688, 548.7786750342623, 158.22820714759663, 583.6211017196149, 155.14989116751514, 615.8528808051742, 151.70942036624757, 638.1254023081169, 160.58221348530603, 645.5495761424312, 156.4227115722109, 658.6820776772482, 165.83873692304846, 663.752245173853, 184.48971021413053, 667.9170256174928, 213.37241794154676, 673.5567894727051, 235.64493944448944, 675.5486409892284, 267.8767185300488, 677.1783376845657, 298.53327917547773, 677.5527995683908, 313.74378166529226, 675.1987932306814, 321.1679554996065, 673.0258643035651, 325.5138133538392, 664.5152260056926, 325.15165853265313, 659.4450585090879, 323.3408844267228, 650.5722653900293, 336.55953540001406, 652.5641169065527, 353.05513683126924, 653.13021326206, 370.9818004799792, 652.4059036196879, 377.86274208251433, 645.8871168383388, 376.77627761895616, 636.1089366663152, 375.3276583342119, 623.6145953353962, 382.7518321685261, 622.347053461245, 393.978631625294, 614.1985699845586, 389.6327737710613, 596.9962159782208, 384.0193740426773, 568.9292173363011, 371.39493355327204, 514.7167862480388, 365.6004564142951, 478.5013041294328, 355.46012142108543, 443.73444129557106, 341.95843653298766, 400.8666017599238, 339.2422753740922, 373.7049901709693, 339.9665850164643, 348.8973849197242, 340.14766242705736, 329.15994716508396, 347.22198850282473, 300.66578691157645, 347.58414332401077, 285.63636183235496, 343.05720805918503, 260.2855243493308, 348.3084529663829, 256.3018213162841, 349.5759948405341, 253.2235053362026, 349.93814966172016, 249.0587248925629, 349.213840019348, 245.4371766807023, 347.9462981451968, 244.7128670383302, 351.5678463570574, 241.27239623706262, 353.1975430523947, 236.02115132986475, 353.3786204629877, 232.0374482968181, 353.0164656418017, 230.2266741908878, 356.2758590324762, 226.60512597902718, 358.2677105489995, 223.7078874095387, 358.2677105489995, 220.08633919767811, 358.2677105489995, 215.7404813434454, 356.09478162188316, 211.5757008998057, 355.7326268006971, 211.5757008998057, 360.25956206552286, 211.93785572099176, 362.07033617145316, 212.30001054217783, 362.61356840323225, 209.76492679387542, 361.34602652908103, 202.70290778074724, 360.80279429730194, 199.4435143900727, 359.8974072443368, 196.72735323117723, 341.9197653435201, 181.6381713662043, 323.8120242842171, 176.20584904841337, 310.7744507215189, 174.5761523530761, 297.7368771588208, 170.59244932002946, 280.896677973669, 171.31675896240156, 287.23438734442504, 175.84369422722733, 289.4073162715414, 184.1732551145067, 290.49378073509956, 195.40005457127455, 287.053309933832, 203.72961545855395, 281.8020650266341, 211.69702152464725, 273.59735329319074, 215.92508728303287, 262.0083990152368, 217.73586138896317, 246.2546642936432, 217.01155174659104, 232.3117036779799, 211.76030683939317, 218.73089788350265, 203.97397818389288, 200.62315682419967, 191.2985594423808]], "scale": 3, "viewpoint": 2, "zoom_in": 1, "landmarks": [247, 177, 1, 200, 190, 2, 226, 209, 2, 266, 217, 2, 289, 195, 2, 289, 171, 2, 148, 212, 2, 187, 317, 2, 203, 356, 2, 207, 407, 1, 170, 518, 2, 161, 662, 2, 296, 678, 2, 391, 615, 2, 365, 502, 2, 342, 400, 1, 341, 349, 1, 348, 305, 2, 360, 197, 2], "style": 1, "bounding_box": [118, 160, 406, 688], "category_id": 12, "occlusion": 2, "category_name": "vest dress"}}