{"item2": {"segmentation": [[286.4077209484617, 335.83639035861256, 308.653357392406, 334.79147694552154, 329.076012592621, 334.5131800207318, 345.955157983645, 333.8239950858064, 359.82239797289526, 333.60899911698084, 380.70024187046494, 335.662510077936, 394.4599838753024, 336.0925020155872, 412.92857142857144, 336.7857142857143, 424.55941951088425, 337.4899758129535, 434.56298255927885, 337.8460905349794, 436.8949441504997, 349.91742112482854, 438.4038604742309, 362.40027434842256, 440.0499510092103, 365.55528120713313, 445.86219526241024, 376.3219449456751, 450.488320595728, 384.4615716245346, 452.74206626482896, 391.4791607478789, 454.05485008818346, 397.08159905937686, 456.1407993242984, 404.1398625561485, 458.71877327062515, 410.113149127964, 461.73069451376364, 419.40457634276504, 463.75287086027834, 426.8964530668234, 466.6335292964923, 436.9101704879483, 467.5937487752303, 442.67148736037626, 463.06699980403687, 445.14062316284543, 456.3454634528709, 446.5123652753283, 447.97783656672544, 448.1584558103077, 433.64844209288657, 449.2603174603174, 425.5551636292377, 450.2205369390554, 416.50166568685086, 450.90640799529683, 410.328826180678, 451.0435822065451, 407.9968645894572, 449.2603174603174, 407.8596903782089, 447.20270429159314, 404.2931608857534, 448.7116206153243, 401.41250244953943, 452.415324319028, 397.84597295708403, 454.1985890652557, 387.1419165196943, 457.48420536939057, 378.6371154223006, 457.62137958063886, 364.3709974524789, 457.48420536939057, 356.2339996080737, 457.11626494219087, 353.2161669606114, 456.0188712522046, 349.64963746815596, 456.704742308446, 343.20244953948657, 458.07648442092886, 335.3856163041349, 458.7210072506369, 321.53102096805804, 457.6236135606506, 311.6544777581815, 454.3314324906917, 302.30260631001374, 452.5720556535371, 293.79780521262006, 452.2977072310406, 283.9320203801686, 450.9629825592788, 278.9480697628846, 450.6407211444249, 276.3417597491672, 449.9548500881835, 276.2045855379189, 447.21136586321774, 270.71761708798743, 447.07419165196944, 264.27042915931804, 446.25114638447974, 258.7834607093866, 444.60505584950033, 254.66823437193804, 442.9589653145209, 255.62845385067604, 436.92330001959635, 258.8942386831277, 424.77346658828145, 263.749249433716, 409.6292816831113, 267.6191847932589, 396.89874583578285, 275.9345679012346, 373.77497550460515, 280.73566529492456, 362.663864393494, 285.2127039582294, 350.39582677467655, 287.45720164609054, 341.6762100725063]], "scale": 1, "viewpoint": 2, "zoom_in": 1, "landmarks": [286, 336, 1, 360, 334, 1, 435, 338, 1, 271, 387, 2, 258, 444, 2, 355, 457, 2, 467, 444, 2, 453, 388, 2], "style": 0, "bounding_box": [251, 330, 470, 460], "category_id": 9, "occlusion": 2, "category_name": "skirt"}, "source": "shop", "pair_id": 2318, "item1": {"segmentation": [[320.8960456098592, 156.1074173609245, 317.4561101086498, 158.47237301800595, 318.04928473447, 163.57981579463058, 324.0849500293946, 170.71287477954144, 329.42398589065255, 175.1024495394866, 339.0261806780326, 180.58941798941802, 348.0796786204194, 182.78420536939058, 360.83688026651, 182.78420536939058, 368.93015873015884, 181.13811483441117, 379.0899862825789, 177.16439349402316, 387.32043895747603, 170.0313345091123, 393.6304526748972, 163.03544973544973, 394.1791495198903, 158.64587497550457, 392.4918723845356, 157.03472952739278, 387.0094751794832, 155.5297577456137, 383.2470457250355, 153.91728797942181, 385.94869684499315, 153.43325494806973, 390.7497942386832, 153.98195179306288, 396.0995884773663, 154.94217127180087, 402.27242798353916, 158.23435234175972, 406.38765432098774, 161.252184989222, 411.325925925926, 161.80088183421515, 421.06529492455434, 164.81871448167743, 431.9675680971977, 172.31971389378802, 438.2775818146189, 184.9397413286303, 440.60954340583976, 195.09063296100342, 447.90380168528316, 213.47867920830888, 451.4703311777386, 224.31544189692343, 454.6253380364492, 237.8956888105037, 459.76168920243, 262.31940035273374, 464.97430922986484, 277.6829120125417, 468.70203801685284, 287.48332353517543, 473.9146580442877, 298.32008622379, 475.1492259455223, 304.21857730746626, 467.70047031158146, 310.04317068391146, 458.7841465804429, 313.88404859886344, 451.65108759553203, 318.8223202038017, 445.7617191999079, 322.2393058701578, 438.6195375269449, 325.5438565549677, 430.11473642955116, 327.8758181461886, 432.01324710954344, 334.68884969625714, 435.0310797570057, 341.6847344699197, 435.0310797570057, 348.13192239858915, 437.6373897707232, 352.5214971585343, 440.1065255731923, 358.8315108759554, 437.6832610281415, 360.2444388989135, 428.44671761708804, 358.5571624534589, 415.4151675485009, 355.67650401724484, 395.709856946894, 350.2789339604155, 375.95677052714086, 347.8097981579463, 362.5611701923446, 346.26061350635393, 349.29692337840487, 346.36402116402115, 336.12819909856944, 349.38185381148344, 324.0568685087203, 353.3599059376837, 299.38926121889085, 360.0139721732314, 293.9663032211003, 361.17474565209045, 286.01145237455364, 363.1097093715207, 278.53878110915144, 363.85485008818347, 278.40160689790315, 356.447442680776, 279.773349010386, 350.00025475210657, 280.87074270037226, 340.8095825984715, 284.02574955908284, 333.6765236135606, 288.9640211640211, 326.8178130511463, 297.03550852439747, 313.57268273564574, 301.4509924367489, 301.74126770837336, 301.7734863899873, 297.8713402695128, 301.55745767266865, 274.51112988060044, 299.91616696061146, 281.3367430922986, 298.8710408108419, 294.4314047683035, 297.25857104465, 301.41877375513496, 294.7035469331766, 310.28050166568687, 293.12232502783434, 317.8208392521211, 290.00488347986334, 324.37821630130145, 287.29613952576915, 325.7811875367431, 282.2206937095826, 326.3298843817363, 274.8132863021752, 323.1748775230257, 263.34538334549086, 317.0683533612316, 260.54716833235346, 312.61246325690774, 259.3126004311189, 318.09943170683914, 255.60889672741519, 315.49312169312174, 245.8695277287869, 309.868979031942, 239.42233980011747, 303.2846168920243, 232.9857219641417, 302.3601297654241, 229.76078243175795, 300.31766806158106, 233.2495002939446, 289.8415441896923, 236.2673329414069, 282.8456594160297, 244.9591808739957, 261.84473838918285, 248.52571036645114, 253.06558886929258, 251.68071722516171, 241.26860670194003, 257.79698216735255, 221.95302763080542, 257.65980795610426, 217.5634528708603, 260.67764060356654, 213.99692337840486, 261.63786008230454, 210.704742308446, 264.8125612384872, 206.72878698804627, 269.3393102096806, 190.95375269449343, 272.3571428571429, 179.43111894963744, 277.70693709582605, 170.78914364099543, 290.3269645306683, 164.47912992357428, 303.9072114442486, 162.42151675485, 314.6611625139172, 156.85990325181405]], "scale": 2, "viewpoint": 2, "zoom_in": 1, "landmarks": [353, 155, 1, 316, 159, 2, 333, 179, 2, 360, 185, 2, 383, 176, 2, 393, 155, 2, 280, 172, 2, 262, 224, 2, 244, 268, 2, 236, 287, 2, 231, 303, 2, 290, 327, 2, 293, 310, 2, 298, 293, 2, 301, 260, 2, 291, 227, 2, 296, 241, 2, 303, 300, 2, 280, 363, 2, 360, 345, 2, 441, 359, 2, 417, 290, 2, 417, 236, 2, 423, 221, 2, 418, 252, 2, 422, 292, 2, 426, 309, 2, 434, 330, 2, 479, 303, 2, 472, 287, 2, 468, 274, 2, 453, 223, 2, 429, 168, 2], "style": 1, "bounding_box": [227, 144, 479, 367], "category_id": 2, "occlusion": 1, "category_name": "long sleeve top"}}