{"source": "shop", "pair_id": 2316, "item1": {"segmentation": [[191.13319134917433, 133.3066038100629, 194.85711721874685, 130.69395446620865, 201.61732130037956, 131.2041585478413, 198.9387498718081, 136.68885242539238, 198.6836478309918, 138.4745667111067, 199.8994974874372, 141.10552763819095, 220.27136915726678, 150.36429299467483, 223.63549975175977, 150.29644683868713, 230.61301273990762, 146.6708488580174, 239.0248503211658, 142.293984542596, 243.4070351758794, 138.7537688442211, 257.1669458403127, 128.07705192629817, 270.500279173646, 142.2992741485204, 286.0558347292016, 145.41038525963148, 308.27805695142376, 151.6326074818537, 315.8336125069793, 157.85482970407594, 323.3891680625349, 171.18816303740928, 329.61139028475714, 192.5214963707426, 333.61139028475714, 208.96594081518705, 335.3891680625349, 222.2992741485204, 338.0558347292016, 234.74371859296483, 333.58534861809045, 245.8530935929648, 337.4915986180904, 258.7437185929648, 334.75722361809045, 268.1187185929648, 337.8822236180904, 280.2280935929648, 334.36659861809045, 295.4624685929648, 334.3440635641335, 305.43918274687786, 328.9040635641332, 316.47918274687834, 326.3440635641331, 321.11918274687855, 326.5476226933374, 325.71859296482415, 321.429726758794, 329.60882537688445, 317.1908975471386, 331.25875916981033, 304.8818749394355, 328.2970961326375, 299.164101758794, 326.87445037688445, 298.913096243384, 328.2970961326375, 300.2905067117036, 332.24567280848686, 303.851601758794, 345.62445037688445, 314.3344064070352, 389.60670540201005, 317.4594064070352, 404.45045540201005, 320.1937814070352, 422.02858040201005, 326.4437814070352, 447.41920540201005, 331.1312814070352, 470.85670540201005, 333.4750314070352, 489.99733040201005, 342.9541457286432, 588.3062971105528, 341.10914572864317, 607.7644221105528, 335.9891457286432, 610.9644221105528, 339.8291457286432, 640.4044221105528, 341.10914572864317, 644.8844221105528, 339.41630097226266, 646.0730004476007, 331.3354928914546, 645.7975183539369, 326.6522972991681, 646.1648278121554, 323.7138216334197, 647.8177203741388, 316.54639589130227, 652.5415599577318, 312.5978192154529, 655.1127261652616, 310.57761719525087, 657.5002376436822, 309.10914572864317, 664.0844221105529, 296.3091457286432, 672.4044221105528, 266.9246231155779, 673.7788944723618, 258.7113436789088, 673.5058580321257, 252.19160079552952, 675.2505779586638, 245.39637581848635, 677.5462620725298, 241.05527638190955, 678.4824120603015, 219.8894472361809, 673.7788944723618, 205.72846786734414, 675.3602816654438, 178.54756795917146, 675.819418488217, 166.9748743718593, 673.7788944723618, 149.33668341708542, 669.0753768844221, 138.7537688442211, 658.4924623115578, 96.69759264642774, 651.990595770404, 92.74620254241353, 650.4396899857861, 90.77636566952955, 649.0854271356784, 90.92789936828311, 605.6672711583631, 92.30530983660267, 593.1787495789323, 101.12562814070353, 533.8492462311558, 106.04366183534756, 509.2858045969055, 111.18599425040728, 495.41987254915523, 114.06030150753769, 483.28643216080405, 132.98490915643157, 414.9825087270764, 142.20098337176805, 382.3944561217909, 151.92705293163263, 356.6280277967245, 153.35437185929646, 350.0136683417086, 150.0803308633039, 349.1180247188544, 145.77131270387022, 350.8290544752077, 143.9245906355415, 349.967250843321, 142.69344258998905, 346.1506919021083, 135.43437185929648, 330.81366834170854, 127.75437185929647, 313.53366834170856, 121.35437185929648, 292.41366834170856, 119.43437185929648, 287.29366834170855, 123.27437185929648, 270.65366834170857, 127.11437185929647, 253.37366834170854, 128.39437185929648, 241.21366834170854, 127.63497487437186, 202.77185929648243, 133.39497487437185, 180.37185929648243, 139.15497487437187, 172.05185929648243, 160.27497487437188, 159.89185929648244, 173.71497487437188, 152.85185929648242]], "scale": 3, "viewpoint": 2, "zoom_in": 1, "landmarks": [228, 139, 1, 193, 138, 2, 207, 148, 2, 224, 150, 2, 244, 141, 2, 258, 130, 2, 139, 175, 2, 129, 243, 2, 122, 293, 2, 129, 309, 2, 139, 320, 2, 163, 315, 2, 163, 302, 2, 160, 287, 2, 163, 264, 2, 166, 237, 2, 165, 252, 2, 164, 300, 2, 149, 363, 2, 115, 484, 2, 92, 651, 2, 220, 676, 2, 341, 645, 2, 334, 489, 2, 307, 362, 2, 302, 301, 1, 300, 239, 2, 300, 228, 2, 301, 255, 2, 308, 269, 2, 300, 283, 2, 287, 292, 2, 325, 323, 2, 334, 293, 2, 337, 267, 2, 337, 221, 2, 312, 159, 2], "style": 1, "bounding_box": [88, 123, 348, 682], "category_id": 11, "occlusion": 1, "category_name": "long sleeve dress"}}